INFO - 2025-10-14 15:57:04 --> Session: Class initialized using 'CodeIgniter\Session\Handlers\FileHandler' driver.
INFO - 2025-10-14 15:57:04 --> Session: Class initialized using 'CodeIgniter\Session\Handlers\FileHandler' driver.
INFO - 2025-10-14 16:00:26 --> Session: Class initialized using 'CodeIgniter\Session\Handlers\FileHandler' driver.
INFO - 2025-10-14 16:01:24 --> Session: Class initialized using 'CodeIgniter\Session\Handlers\FileHandler' driver.
INFO - 2025-10-14 16:01:39 --> Session: Class initialized using 'CodeIgniter\Session\Handlers\FileHandler' driver.
INFO - 2025-10-14 16:01:40 --> Session: Class initialized using 'CodeIgniter\Session\Handlers\FileHandler' driver.
INFO - 2025-10-14 16:01:40 --> Session: Class initialized using 'CodeIgniter\Session\Handlers\FileHandler' driver.
INFO - 2025-10-14 16:01:41 --> Session: Class initialized using 'CodeIgniter\Session\Handlers\FileHandler' driver.
INFO - 2025-10-14 16:01:42 --> Session: Class initialized using 'CodeIgniter\Session\Handlers\FileHandler' driver.
INFO - 2025-10-14 16:02:50 --> Session: Class initialized using 'CodeIgniter\Session\Handlers\FileHandler' driver.
INFO - 2025-10-14 16:04:50 --> Session: Class initialized using 'CodeIgniter\Session\Handlers\FileHandler' driver.
INFO - 2025-10-14 16:05:11 --> Session: Class initialized using 'CodeIgniter\Session\Handlers\FileHandler' driver.
INFO - 2025-10-14 16:05:27 --> Session: Class initialized using 'CodeIgniter\Session\Handlers\FileHandler' driver.
INFO - 2025-10-14 16:06:26 --> Session: Class initialized using 'CodeIgniter\Session\Handlers\FileHandler' driver.
INFO - 2025-10-14 16:06:27 --> Session: Class initialized using 'CodeIgniter\Session\Handlers\FileHandler' driver.
INFO - 2025-10-14 16:06:36 --> Session: Class initialized using 'CodeIgniter\Session\Handlers\FileHandler' driver.
INFO - 2025-10-14 16:06:40 --> Session: Class initialized using 'CodeIgniter\Session\Handlers\FileHandler' driver.
INFO - 2025-10-14 16:06:40 --> Session: Class initialized using 'CodeIgniter\Session\Handlers\FileHandler' driver.
INFO - 2025-10-14 16:06:54 --> Session: Class initialized using 'CodeIgniter\Session\Handlers\FileHandler' driver.
DEBUG - 2025-10-14 16:06:54 --> Intento de login para compra adicional - Email: salchi@gmail.com
DEBUG - 2025-10-14 16:06:54 --> Usuario encontrado para compra adicional: {"id":"88","email":"salchi@gmail.com","estado":"activo","rol":"1"}
DEBUG - 2025-10-14 16:06:54 --> Contraseña incorrecta para compra adicional - Email: salchi@gmail.com
INFO - 2025-10-14 16:06:54 --> Session: Class initialized using 'CodeIgniter\Session\Handlers\FileHandler' driver.
INFO - 2025-10-14 16:07:04 --> Session: Class initialized using 'CodeIgniter\Session\Handlers\FileHandler' driver.
DEBUG - 2025-10-14 16:07:04 --> Intento de login para compra adicional - Email: salchi@gmail.com
DEBUG - 2025-10-14 16:07:04 --> Usuario encontrado para compra adicional: {"id":"88","email":"salchi@gmail.com","estado":"activo","rol":"1"}
DEBUG - 2025-10-14 16:07:04 --> Login exitoso para compra adicional - Email: salchi@gmail.com
DEBUG - 2025-10-14 16:07:04 --> Redirigiendo a compra adicional para usuario: salchi@gmail.com
INFO - 2025-10-14 16:07:04 --> Session: Class initialized using 'CodeIgniter\Session\Handlers\FileHandler' driver.
DEBUG - 2025-10-14 16:07:04 --> Buscando usuario ID: 88
DEBUG - 2025-10-14 16:07:04 --> Resultado de la búsqueda: Array
(
    [id_usuario] => 88
    [nombre] => salchi
    [apellido] => kaka
    [email] => salchi@gmail.com
    [contrasena] => $2y$10$x98KNlOVqATq9yQRFO3T0.x2Im33MsWTiIsa/v1d0Cb1iabXrhXgq
    [direccion_id] => 0
    [id_rol] => 1
    [created_at] => 2025-10-13 18:26:18
    [updated_at] => 2025-10-13 18:38:46
    [invitado_por] => 
    [estado] => activo
    [token_activacion] => 
)

INFO - 2025-10-14 16:07:09 --> Session: Class initialized using 'CodeIgniter\Session\Handlers\FileHandler' driver.
INFO - 2025-10-14 16:07:09 --> Session: Class initialized using 'CodeIgniter\Session\Handlers\FileHandler' driver.
DEBUG - 2025-10-14 16:07:09 --> Buscando usuario ID: 88
DEBUG - 2025-10-14 16:07:09 --> Resultado de la búsqueda: Array
(
    [id_usuario] => 88
    [nombre] => salchi
    [apellido] => kaka
    [email] => salchi@gmail.com
    [contrasena] => $2y$10$x98KNlOVqATq9yQRFO3T0.x2Im33MsWTiIsa/v1d0Cb1iabXrhXgq
    [direccion_id] => 0
    [id_rol] => 1
    [created_at] => 2025-10-13 18:26:18
    [updated_at] => 2025-10-13 18:38:46
    [invitado_por] => 
    [estado] => activo
    [token_activacion] => 
)

INFO - 2025-10-14 16:07:39 --> Session: Class initialized using 'CodeIgniter\Session\Handlers\FileHandler' driver.
DEBUG - 2025-10-14 16:07:39 --> === INICIO PROCESAR PAGO USUARIO EXISTENTE ===
DEBUG - 2025-10-14 16:07:39 --> Payment data recibido: {"id":"1P44562454028032P","intent":"CAPTURE","status":"COMPLETED","purchase_units":[{"reference_id":"default","amount":{"currency_code":"USD","value":"150.00","breakdown":{"item_total":{"currency_code":"USD","value":"150.00"},"shipping":{"currency_code":"USD","value":"0.00"},"handling":{"currency_code":"USD","value":"0.00"},"insurance":{"currency_code":"USD","value":"0.00"},"shipping_discount":{"currency_code":"USD","value":"0.00"}}},"payee":{"email_address":"sb-hgsm4739665145@business.example.com","merchant_id":"RLNSU5SN9HKR2"},"description":"EcoVolt Pro Premium - Dispositivo Adicional","soft_descriptor":"PAYPAL *TEST STORE","items":[{"name":"EcoVolt Pro Premium Adicional","unit_amount":{"currency_code":"USD","value":"150.00"},"tax":{"currency_code":"USD","value":"0.00"},"quantity":"1","description":"Dispositivo adicional para cuenta premium existente"}],"shipping":{"name":{"full_name":"Enzo Guerreiro"},"address":{"address_line_1":"Free Trade Zone","admin_area_2":"Buenos Aires","admin_area_1":"Buenos Aires","postal_code":"B1675","country_code":"AR"}},"payments":{"captures":[{"id":"7TD49495005485704","status":"COMPLETED","amount":{"currency_code":"USD","value":"150.00"},"final_capture":true,"seller_protection":{"status":"ELIGIBLE","dispute_categories":["ITEM_NOT_RECEIVED","UNAUTHORIZED_TRANSACTION"]},"create_time":"2025-10-14T19:07:36Z","update_time":"2025-10-14T19:07:36Z"}]}}],"payer":{"name":{"given_name":"Enzo","surname":"Guerreiro"},"email_address":"enzoguerreiro@alumnos.itr3.edu.ar","payer_id":"5SYG3QNM343Y2","address":{"country_code":"AR"}},"create_time":"2025-10-14T19:07:15Z","update_time":"2025-10-14T19:07:36Z","links":[{"href":"https:\/\/api.sandbox.paypal.com\/v2\/checkout\/orders\/1P44562454028032P","rel":"self","method":"GET"}]}
DEBUG - 2025-10-14 16:07:39 --> Datos de sesión: {"id_usuario":"88","id_dispositivo":"1","tipo_compra":"usuario_existente"}
DEBUG - 2025-10-14 16:07:39 --> Buscando usuario ID: 88
DEBUG - 2025-10-14 16:07:39 --> Resultado de la búsqueda: Array
(
    [id_usuario] => 88
    [nombre] => salchi
    [apellido] => kaka
    [email] => salchi@gmail.com
    [contrasena] => $2y$10$x98KNlOVqATq9yQRFO3T0.x2Im33MsWTiIsa/v1d0Cb1iabXrhXgq
    [direccion_id] => 0
    [id_rol] => 1
    [created_at] => 2025-10-13 18:26:18
    [updated_at] => 2025-10-13 18:38:46
    [invitado_por] => 
    [estado] => activo
    [token_activacion] => 
)

DEBUG - 2025-10-14 16:07:39 --> Creando compra: {"id_usuario":"88","id_dispositivo":"1","direccion_envio":"Direcci\u00f3n del usuario existente","estado":"completada","fecha_compra":"2025-10-14 16:07:39","payment_id":"1P44562454028032P"}
DEBUG - 2025-10-14 16:07:43 --> Compra procesada exitosamente, redirigiendo...
INFO - 2025-10-14 16:07:43 --> Session: Class initialized using 'CodeIgniter\Session\Handlers\FileHandler' driver.
DEBUG - 2025-10-14 16:07:43 --> Buscando usuario ID: 88
DEBUG - 2025-10-14 16:07:43 --> Resultado de la búsqueda: Array
(
    [id_usuario] => 88
    [nombre] => salchi
    [apellido] => kaka
    [email] => salchi@gmail.com
    [contrasena] => $2y$10$x98KNlOVqATq9yQRFO3T0.x2Im33MsWTiIsa/v1d0Cb1iabXrhXgq
    [direccion_id] => 0
    [id_rol] => 1
    [created_at] => 2025-10-13 18:26:18
    [updated_at] => 2025-10-13 18:38:46
    [invitado_por] => 
    [estado] => activo
    [token_activacion] => 
)

DEBUG - 2025-10-14 16:07:50 --> Ruta actual: /Tesina/public/admin/dashboard
INFO - 2025-10-14 16:07:50 --> Session: Class initialized using 'CodeIgniter\Session\Handlers\FileHandler' driver.
DEBUG - 2025-10-14 16:07:50 --> Datos en sesión: Array
(
    [__ci_last_regenerate] => 1760468570
    [_ci_previous_url] => http://192.168.0.138/Tesina/public/compra-existente/pago-exitoso
    [id_usuario] => 88
    [nombre] => salchi
    [email] => salchi@gmail.com
    [id_rol] => 1
    [logged_in] => 1
)

DEBUG - 2025-10-14 16:07:55 --> Ruta actual: /Tesina/public/admin/energia
INFO - 2025-10-14 16:07:55 --> Session: Class initialized using 'CodeIgniter\Session\Handlers\FileHandler' driver.
DEBUG - 2025-10-14 16:07:55 --> Datos en sesión: Array
(
    [__ci_last_regenerate] => 1760468875
    [_ci_previous_url] => http://192.168.0.138/Tesina/public/admin/dashboard
    [id_usuario] => 88
    [nombre] => salchi
    [email] => salchi@gmail.com
    [id_rol] => 1
    [logged_in] => 1
)

INFO - 2025-10-14 16:08:00 --> Session: Class initialized using 'CodeIgniter\Session\Handlers\FileHandler' driver.
INFO - 2025-10-14 16:08:00 --> Session: Class initialized using 'CodeIgniter\Session\Handlers\FileHandler' driver.
DEBUG - 2025-10-14 16:08:00 --> Buscando usuario ID: 88
DEBUG - 2025-10-14 16:08:00 --> Resultado de la búsqueda: Array
(
    [id_usuario] => 88
    [nombre] => salchi
    [apellido] => kaka
    [email] => salchi@gmail.com
    [contrasena] => $2y$10$x98KNlOVqATq9yQRFO3T0.x2Im33MsWTiIsa/v1d0Cb1iabXrhXgq
    [direccion_id] => 0
    [id_rol] => 1
    [created_at] => 2025-10-13 18:26:18
    [updated_at] => 2025-10-13 18:38:46
    [invitado_por] => 
    [estado] => activo
    [token_activacion] => 
)

INFO - 2025-10-14 16:08:10 --> Session: Class initialized using 'CodeIgniter\Session\Handlers\FileHandler' driver.
INFO - 2025-10-14 16:08:10 --> Session: Class initialized using 'CodeIgniter\Session\Handlers\FileHandler' driver.
INFO - 2025-10-14 16:08:25 --> Session: Class initialized using 'CodeIgniter\Session\Handlers\FileHandler' driver.
DEBUG - 2025-10-14 16:08:25 --> Intento de inicio de sesión para email: salchi@gmail.com
DEBUG - 2025-10-14 16:08:25 --> Longitud de la contraseña ingresada: 13
DEBUG - 2025-10-14 16:08:25 --> Usuario encontrado: {"id":"88","email":"salchi@gmail.com","estado":"activo","rol":"1"}
DEBUG - 2025-10-14 16:08:25 --> Resultado de verificación de contraseña: true
DEBUG - 2025-10-14 16:08:25 --> Hash almacenado en la base de datos: $2y$10$x98KNlOVqATq9yQRFO3T0.x2Im33MsWTiIsa/v1d0Cb1iabXrhXgq
DEBUG - 2025-10-14 16:08:25 --> Inicio de sesión exitoso para usuario: salchi@gmail.com
DEBUG - 2025-10-14 16:08:25 --> Datos de sesión guardados: {"id_usuario":"88","nombre":"salchi","apellido":"kaka","email":"salchi@gmail.com","rol":"admin","logged_in":true}
DEBUG - 2025-10-14 16:08:26 --> Ruta actual: /Tesina/public/admin
INFO - 2025-10-14 16:08:26 --> Session: Class initialized using 'CodeIgniter\Session\Handlers\FileHandler' driver.
DEBUG - 2025-10-14 16:08:26 --> Datos en sesión: Array
(
    [__ci_last_regenerate] => 1760468890
    [_ci_previous_url] => http://192.168.0.138/Tesina/public/autenticacion/login
    [id_usuario] => 88
    [nombre] => salchi
    [apellido] => kaka
    [email] => salchi@gmail.com
    [rol] => admin
    [logged_in] => 1
)

DEBUG - 2025-10-14 16:08:29 --> Ruta actual: /Tesina/public/admin/dispositivos
INFO - 2025-10-14 16:08:29 --> Session: Class initialized using 'CodeIgniter\Session\Handlers\FileHandler' driver.
DEBUG - 2025-10-14 16:08:29 --> Datos en sesión: Array
(
    [__ci_last_regenerate] => 1760468890
    [_ci_previous_url] => http://192.168.0.138/Tesina/public/admin
    [id_usuario] => 88
    [nombre] => salchi
    [apellido] => kaka
    [email] => salchi@gmail.com
    [rol] => admin
    [logged_in] => 1
)

DEBUG - 2025-10-14 16:08:29 --> Buscando usuario ID: 88
DEBUG - 2025-10-14 16:08:29 --> Resultado de la búsqueda: Array
(
    [id_usuario] => 88
    [nombre] => salchi
    [apellido] => kaka
    [email] => salchi@gmail.com
    [contrasena] => $2y$10$x98KNlOVqATq9yQRFO3T0.x2Im33MsWTiIsa/v1d0Cb1iabXrhXgq
    [direccion_id] => 0
    [id_rol] => 1
    [created_at] => 2025-10-13 18:26:18
    [updated_at] => 2025-10-13 18:38:46
    [invitado_por] => 
    [estado] => activo
    [token_activacion] => 
)

INFO - 2025-10-14 16:09:22 --> Session: Class initialized using 'CodeIgniter\Session\Handlers\FileHandler' driver.
INFO - 2025-10-14 16:09:22 --> Session: Class initialized using 'CodeIgniter\Session\Handlers\FileHandler' driver.
INFO - 2025-10-14 16:11:04 --> Session: Class initialized using 'CodeIgniter\Session\Handlers\FileHandler' driver.
INFO - 2025-10-14 16:11:04 --> Session: Class initialized using 'CodeIgniter\Session\Handlers\FileHandler' driver.
INFO - 2025-10-14 16:11:06 --> Session: Class initialized using 'CodeIgniter\Session\Handlers\FileHandler' driver.
INFO - 2025-10-14 16:11:06 --> Session: Class initialized using 'CodeIgniter\Session\Handlers\FileHandler' driver.
INFO - 2025-10-14 16:11:14 --> Session: Class initialized using 'CodeIgniter\Session\Handlers\FileHandler' driver.
INFO - 2025-10-14 16:11:25 --> Session: Class initialized using 'CodeIgniter\Session\Handlers\FileHandler' driver.
INFO - 2025-10-14 16:11:33 --> Session: Class initialized using 'CodeIgniter\Session\Handlers\FileHandler' driver.
INFO - 2025-10-14 16:11:33 --> Session: Class initialized using 'CodeIgniter\Session\Handlers\FileHandler' driver.
INFO - 2025-10-14 16:11:48 --> Session: Class initialized using 'CodeIgniter\Session\Handlers\FileHandler' driver.
DEBUG - 2025-10-14 16:11:48 --> Intento de login para compra adicional - Email: julito@gmail.com
DEBUG - 2025-10-14 16:11:48 --> Usuario encontrado para compra adicional: {"id":"86","email":"julito@gmail.com","estado":"activo","rol":"1"}
DEBUG - 2025-10-14 16:11:48 --> Login exitoso para compra adicional - Email: julito@gmail.com
DEBUG - 2025-10-14 16:11:48 --> Redirigiendo a compra adicional para usuario: julito@gmail.com
INFO - 2025-10-14 16:11:48 --> Session: Class initialized using 'CodeIgniter\Session\Handlers\FileHandler' driver.
DEBUG - 2025-10-14 16:11:48 --> Buscando usuario ID: 86
DEBUG - 2025-10-14 16:11:48 --> Resultado de la búsqueda: Array
(
    [id_usuario] => 86
    [nombre] => julito
    [apellido] => kaka
    [email] => julito@gmail.com
    [contrasena] => $2y$10$x4e5d5SIXvCwuUR5e/vbk.YWMJ9.U.XA/cbGNwZ4kWcgsfErs3lbK
    [direccion_id] => 0
    [id_rol] => 1
    [created_at] => 2025-10-13 18:14:09
    [updated_at] => 2025-10-13 18:14:09
    [invitado_por] => 
    [estado] => activo
    [token_activacion] => 
)

INFO - 2025-10-14 16:11:51 --> Session: Class initialized using 'CodeIgniter\Session\Handlers\FileHandler' driver.
INFO - 2025-10-14 16:11:51 --> Session: Class initialized using 'CodeIgniter\Session\Handlers\FileHandler' driver.
INFO - 2025-10-14 16:11:51 --> Session: Class initialized using 'CodeIgniter\Session\Handlers\FileHandler' driver.
DEBUG - 2025-10-14 16:11:51 --> Buscando usuario ID: 86
DEBUG - 2025-10-14 16:11:51 --> Resultado de la búsqueda: Array
(
    [id_usuario] => 86
    [nombre] => julito
    [apellido] => kaka
    [email] => julito@gmail.com
    [contrasena] => $2y$10$x4e5d5SIXvCwuUR5e/vbk.YWMJ9.U.XA/cbGNwZ4kWcgsfErs3lbK
    [direccion_id] => 0
    [id_rol] => 1
    [created_at] => 2025-10-13 18:14:09
    [updated_at] => 2025-10-13 18:14:09
    [invitado_por] => 
    [estado] => activo
    [token_activacion] => 
)

INFO - 2025-10-14 16:12:04 --> Session: Class initialized using 'CodeIgniter\Session\Handlers\FileHandler' driver.
DEBUG - 2025-10-14 16:12:04 --> === INICIO PROCESAR PAGO USUARIO EXISTENTE ===
DEBUG - 2025-10-14 16:12:04 --> Payment data recibido: {"id":"8Y579896M8768020U","intent":"CAPTURE","status":"COMPLETED","purchase_units":[{"reference_id":"default","amount":{"currency_code":"USD","value":"150.00","breakdown":{"item_total":{"currency_code":"USD","value":"150.00"},"shipping":{"currency_code":"USD","value":"0.00"},"handling":{"currency_code":"USD","value":"0.00"},"insurance":{"currency_code":"USD","value":"0.00"},"shipping_discount":{"currency_code":"USD","value":"0.00"}}},"payee":{"email_address":"sb-hgsm4739665145@business.example.com","merchant_id":"RLNSU5SN9HKR2"},"description":"EcoVolt Pro Premium - Dispositivo Adicional","soft_descriptor":"PAYPAL *TEST STORE","items":[{"name":"EcoVolt Pro Premium Adicional","unit_amount":{"currency_code":"USD","value":"150.00"},"tax":{"currency_code":"USD","value":"0.00"},"quantity":"1","description":"Dispositivo adicional para cuenta premium existente"}],"shipping":{"name":{"full_name":"Enzo Guerreiro"},"address":{"address_line_1":"Free Trade Zone","admin_area_2":"Buenos Aires","admin_area_1":"Buenos Aires","postal_code":"B1675","country_code":"AR"}},"payments":{"captures":[{"id":"21D563062T155781N","status":"COMPLETED","amount":{"currency_code":"USD","value":"150.00"},"final_capture":true,"seller_protection":{"status":"ELIGIBLE","dispute_categories":["ITEM_NOT_RECEIVED","UNAUTHORIZED_TRANSACTION"]},"create_time":"2025-10-14T19:12:02Z","update_time":"2025-10-14T19:12:02Z"}]}}],"payer":{"name":{"given_name":"Enzo","surname":"Guerreiro"},"email_address":"enzoguerreiro@alumnos.itr3.edu.ar","payer_id":"5SYG3QNM343Y2","address":{"country_code":"AR"}},"create_time":"2025-10-14T19:11:54Z","update_time":"2025-10-14T19:12:02Z","links":[{"href":"https:\/\/api.sandbox.paypal.com\/v2\/checkout\/orders\/8Y579896M8768020U","rel":"self","method":"GET"}]}
DEBUG - 2025-10-14 16:12:04 --> Datos de sesión: {"id_usuario":"86","id_dispositivo":"1","tipo_compra":"usuario_existente"}
DEBUG - 2025-10-14 16:12:04 --> Buscando usuario ID: 86
DEBUG - 2025-10-14 16:12:04 --> Resultado de la búsqueda: Array
(
    [id_usuario] => 86
    [nombre] => julito
    [apellido] => kaka
    [email] => julito@gmail.com
    [contrasena] => $2y$10$x4e5d5SIXvCwuUR5e/vbk.YWMJ9.U.XA/cbGNwZ4kWcgsfErs3lbK
    [direccion_id] => 0
    [id_rol] => 1
    [created_at] => 2025-10-13 18:14:09
    [updated_at] => 2025-10-13 18:14:09
    [invitado_por] => 
    [estado] => activo
    [token_activacion] => 
)

DEBUG - 2025-10-14 16:12:04 --> Creando compra: {"id_usuario":"86","id_dispositivo":"1","direccion_envio":"Direcci\u00f3n del usuario existente","estado":"completada","fecha_compra":"2025-10-14 16:12:04","payment_id":"8Y579896M8768020U"}
DEBUG - 2025-10-14 16:12:09 --> Compra procesada exitosamente, redirigiendo...
INFO - 2025-10-14 16:12:09 --> Session: Class initialized using 'CodeIgniter\Session\Handlers\FileHandler' driver.
DEBUG - 2025-10-14 16:12:09 --> Buscando usuario ID: 86
DEBUG - 2025-10-14 16:12:09 --> Resultado de la búsqueda: Array
(
    [id_usuario] => 86
    [nombre] => julito
    [apellido] => kaka
    [email] => julito@gmail.com
    [contrasena] => $2y$10$x4e5d5SIXvCwuUR5e/vbk.YWMJ9.U.XA/cbGNwZ4kWcgsfErs3lbK
    [direccion_id] => 0
    [id_rol] => 1
    [created_at] => 2025-10-13 18:14:09
    [updated_at] => 2025-10-13 18:14:09
    [invitado_por] => 
    [estado] => activo
    [token_activacion] => 
)

INFO - 2025-10-14 16:13:10 --> Session: Class initialized using 'CodeIgniter\Session\Handlers\FileHandler' driver.
INFO - 2025-10-14 16:13:10 --> Session: Class initialized using 'CodeIgniter\Session\Handlers\FileHandler' driver.
DEBUG - 2025-10-14 16:13:10 --> Buscando usuario ID: 86
DEBUG - 2025-10-14 16:13:10 --> Resultado de la búsqueda: Array
(
    [id_usuario] => 86
    [nombre] => julito
    [apellido] => kaka
    [email] => julito@gmail.com
    [contrasena] => $2y$10$x4e5d5SIXvCwuUR5e/vbk.YWMJ9.U.XA/cbGNwZ4kWcgsfErs3lbK
    [direccion_id] => 0
    [id_rol] => 1
    [created_at] => 2025-10-13 18:14:09
    [updated_at] => 2025-10-13 18:14:09
    [invitado_por] => 
    [estado] => activo
    [token_activacion] => 
)

INFO - 2025-10-14 16:13:14 --> Session: Class initialized using 'CodeIgniter\Session\Handlers\FileHandler' driver.
INFO - 2025-10-14 16:13:15 --> Session: Class initialized using 'CodeIgniter\Session\Handlers\FileHandler' driver.
DEBUG - 2025-10-14 16:13:15 --> Buscando usuario ID: 86
DEBUG - 2025-10-14 16:13:15 --> Resultado de la búsqueda: Array
(
    [id_usuario] => 86
    [nombre] => julito
    [apellido] => kaka
    [email] => julito@gmail.com
    [contrasena] => $2y$10$x4e5d5SIXvCwuUR5e/vbk.YWMJ9.U.XA/cbGNwZ4kWcgsfErs3lbK
    [direccion_id] => 0
    [id_rol] => 1
    [created_at] => 2025-10-13 18:14:09
    [updated_at] => 2025-10-13 18:14:09
    [invitado_por] => 
    [estado] => activo
    [token_activacion] => 
)

INFO - 2025-10-14 16:13:19 --> Session: Class initialized using 'CodeIgniter\Session\Handlers\FileHandler' driver.
INFO - 2025-10-14 16:13:19 --> Session: Class initialized using 'CodeIgniter\Session\Handlers\FileHandler' driver.
DEBUG - 2025-10-14 16:13:19 --> Buscando usuario ID: 86
DEBUG - 2025-10-14 16:13:19 --> Resultado de la búsqueda: Array
(
    [id_usuario] => 86
    [nombre] => julito
    [apellido] => kaka
    [email] => julito@gmail.com
    [contrasena] => $2y$10$x4e5d5SIXvCwuUR5e/vbk.YWMJ9.U.XA/cbGNwZ4kWcgsfErs3lbK
    [direccion_id] => 0
    [id_rol] => 1
    [created_at] => 2025-10-13 18:14:09
    [updated_at] => 2025-10-13 18:14:09
    [invitado_por] => 
    [estado] => activo
    [token_activacion] => 
)

INFO - 2025-10-14 16:13:32 --> Session: Class initialized using 'CodeIgniter\Session\Handlers\FileHandler' driver.
DEBUG - 2025-10-14 16:13:32 --> === INICIO PROCESAR PAGO USUARIO EXISTENTE ===
DEBUG - 2025-10-14 16:13:32 --> Payment data recibido: {"id":"0X290464BU211500N","intent":"CAPTURE","status":"COMPLETED","purchase_units":[{"reference_id":"default","amount":{"currency_code":"USD","value":"150.00","breakdown":{"item_total":{"currency_code":"USD","value":"150.00"},"shipping":{"currency_code":"USD","value":"0.00"},"handling":{"currency_code":"USD","value":"0.00"},"insurance":{"currency_code":"USD","value":"0.00"},"shipping_discount":{"currency_code":"USD","value":"0.00"}}},"payee":{"email_address":"sb-hgsm4739665145@business.example.com","merchant_id":"RLNSU5SN9HKR2"},"description":"EcoVolt Pro Premium - Dispositivo Adicional","soft_descriptor":"PAYPAL *TEST STORE","items":[{"name":"EcoVolt Pro Premium Adicional","unit_amount":{"currency_code":"USD","value":"150.00"},"tax":{"currency_code":"USD","value":"0.00"},"quantity":"1","description":"Dispositivo adicional para cuenta premium existente"}],"shipping":{"name":{"full_name":"Enzo Guerreiro"},"address":{"address_line_1":"Free Trade Zone","admin_area_2":"Buenos Aires","admin_area_1":"Buenos Aires","postal_code":"B1675","country_code":"AR"}},"payments":{"captures":[{"id":"84P69041XB7906457","status":"COMPLETED","amount":{"currency_code":"USD","value":"150.00"},"final_capture":true,"seller_protection":{"status":"ELIGIBLE","dispute_categories":["ITEM_NOT_RECEIVED","UNAUTHORIZED_TRANSACTION"]},"create_time":"2025-10-14T19:13:29Z","update_time":"2025-10-14T19:13:29Z"}]}}],"payer":{"name":{"given_name":"Enzo","surname":"Guerreiro"},"email_address":"enzoguerreiro@alumnos.itr3.edu.ar","payer_id":"5SYG3QNM343Y2","address":{"country_code":"AR"}},"create_time":"2025-10-14T19:13:21Z","update_time":"2025-10-14T19:13:29Z","links":[{"href":"https:\/\/api.sandbox.paypal.com\/v2\/checkout\/orders\/0X290464BU211500N","rel":"self","method":"GET"}]}
DEBUG - 2025-10-14 16:13:32 --> Datos de sesión: {"id_usuario":"86","id_dispositivo":"1","tipo_compra":"usuario_existente"}
DEBUG - 2025-10-14 16:13:32 --> Buscando usuario ID: 86
DEBUG - 2025-10-14 16:13:32 --> Resultado de la búsqueda: Array
(
    [id_usuario] => 86
    [nombre] => julito
    [apellido] => kaka
    [email] => julito@gmail.com
    [contrasena] => $2y$10$x4e5d5SIXvCwuUR5e/vbk.YWMJ9.U.XA/cbGNwZ4kWcgsfErs3lbK
    [direccion_id] => 0
    [id_rol] => 1
    [created_at] => 2025-10-13 18:14:09
    [updated_at] => 2025-10-13 18:14:09
    [invitado_por] => 
    [estado] => activo
    [token_activacion] => 
)

DEBUG - 2025-10-14 16:13:32 --> Creando compra: {"id_usuario":"86","id_dispositivo":"1","direccion_envio":"Direcci\u00f3n del usuario existente","estado":"completada","fecha_compra":"2025-10-14 16:13:32","payment_id":"0X290464BU211500N"}
DEBUG - 2025-10-14 16:13:36 --> Compra procesada exitosamente, redirigiendo...
INFO - 2025-10-14 16:13:37 --> Session: Class initialized using 'CodeIgniter\Session\Handlers\FileHandler' driver.
DEBUG - 2025-10-14 16:13:37 --> Buscando usuario ID: 86
DEBUG - 2025-10-14 16:13:37 --> Resultado de la búsqueda: Array
(
    [id_usuario] => 86
    [nombre] => julito
    [apellido] => kaka
    [email] => julito@gmail.com
    [contrasena] => $2y$10$x4e5d5SIXvCwuUR5e/vbk.YWMJ9.U.XA/cbGNwZ4kWcgsfErs3lbK
    [direccion_id] => 0
    [id_rol] => 1
    [created_at] => 2025-10-13 18:14:09
    [updated_at] => 2025-10-13 18:14:09
    [invitado_por] => 
    [estado] => activo
    [token_activacion] => 
)

DEBUG - 2025-10-14 16:13:44 --> Ruta actual: /Tesina/public/admin/dispositivos
INFO - 2025-10-14 16:13:44 --> Session: Class initialized using 'CodeIgniter\Session\Handlers\FileHandler' driver.
DEBUG - 2025-10-14 16:13:44 --> Datos en sesión: Array
(
    [__ci_last_regenerate] => 1760468962
    [_ci_previous_url] => http://192.168.0.138/Tesina/public/compra-existente/pago-exitoso
    [id_usuario] => 86
    [nombre] => julito
    [email] => julito@gmail.com
    [id_rol] => 1
    [logged_in] => 1
)

DEBUG - 2025-10-14 16:13:44 --> Buscando usuario ID: 86
DEBUG - 2025-10-14 16:13:44 --> Resultado de la búsqueda: Array
(
    [id_usuario] => 86
    [nombre] => julito
    [apellido] => kaka
    [email] => julito@gmail.com
    [contrasena] => $2y$10$x4e5d5SIXvCwuUR5e/vbk.YWMJ9.U.XA/cbGNwZ4kWcgsfErs3lbK
    [direccion_id] => 0
    [id_rol] => 1
    [created_at] => 2025-10-13 18:14:09
    [updated_at] => 2025-10-13 18:14:09
    [invitado_por] => 
    [estado] => activo
    [token_activacion] => 
)

INFO - 2025-10-14 16:14:06 --> Session: Class initialized using 'CodeIgniter\Session\Handlers\FileHandler' driver.
INFO - 2025-10-14 16:14:06 --> Session: Class initialized using 'CodeIgniter\Session\Handlers\FileHandler' driver.
DEBUG - 2025-10-14 16:14:11 --> Ruta actual: /Tesina/public/admin/dashboard
INFO - 2025-10-14 16:14:11 --> Session: Class initialized using 'CodeIgniter\Session\Handlers\FileHandler' driver.
DEBUG - 2025-10-14 16:14:11 --> Datos en sesión: Array
(
    [__ci_last_regenerate] => 1760469246
    [_ci_previous_url] => http://192.168.0.138/Tesina/public/autenticacion/login
)

INFO - 2025-10-14 16:14:11 --> Session: Class initialized using 'CodeIgniter\Session\Handlers\FileHandler' driver.
INFO - 2025-10-14 16:23:53 --> Session: Class initialized using 'CodeIgniter\Session\Handlers\FileHandler' driver.
INFO - 2025-10-14 16:23:53 --> Session: Class initialized using 'CodeIgniter\Session\Handlers\FileHandler' driver.
INFO - 2025-10-14 16:24:03 --> Session: Class initialized using 'CodeIgniter\Session\Handlers\FileHandler' driver.
DEBUG - 2025-10-14 16:24:03 --> Intento de inicio de sesión para email: brunocameille@alumnos.itr3.edu.ar
DEBUG - 2025-10-14 16:24:03 --> Longitud de la contraseña ingresada: 17
DEBUG - 2025-10-14 16:24:03 --> Usuario encontrado: {"id":"1","email":"brunocameille@alumnos.itr3.edu.ar","estado":"activo","rol":"1"}
DEBUG - 2025-10-14 16:24:03 --> Resultado de verificación de contraseña: true
DEBUG - 2025-10-14 16:24:03 --> Hash almacenado en la base de datos: $2y$10$DfVf5j75GUow.8KQIROrQ.HgppT0Rq0gHjnl3td.ZZBDLZAYggz.u
DEBUG - 2025-10-14 16:24:03 --> Inicio de sesión exitoso para usuario: brunocameille@alumnos.itr3.edu.ar
DEBUG - 2025-10-14 16:24:03 --> Datos de sesión guardados: {"id_usuario":"1","nombre":"brunito","apellido":"barber","email":"brunocameille@alumnos.itr3.edu.ar","rol":"admin","logged_in":true}
DEBUG - 2025-10-14 16:24:03 --> Ruta actual: /Tesina/public/admin
INFO - 2025-10-14 16:24:03 --> Session: Class initialized using 'CodeIgniter\Session\Handlers\FileHandler' driver.
DEBUG - 2025-10-14 16:24:03 --> Datos en sesión: Array
(
    [__ci_last_regenerate] => 1760469833
    [_ci_previous_url] => http://192.168.0.138/Tesina/public/autenticacion/login
    [id_usuario] => 1
    [nombre] => brunito
    [apellido] => barber
    [email] => brunocameille@alumnos.itr3.edu.ar
    [rol] => admin
    [logged_in] => 1
)

DEBUG - 2025-10-14 16:24:59 --> Ruta actual: /Tesina/public/admin/gestionarUsuarios
INFO - 2025-10-14 16:24:59 --> Session: Class initialized using 'CodeIgniter\Session\Handlers\FileHandler' driver.
DEBUG - 2025-10-14 16:24:59 --> Datos en sesión: Array
(
    [__ci_last_regenerate] => 1760469833
    [_ci_previous_url] => http://192.168.0.138/Tesina/public/admin
    [id_usuario] => 1
    [nombre] => brunito
    [apellido] => barber
    [email] => brunocameille@alumnos.itr3.edu.ar
    [rol] => admin
    [logged_in] => 1
)

DEBUG - 2025-10-14 16:24:59 --> Ruta actual: /Tesina/public/admin/dispositivos
INFO - 2025-10-14 16:24:59 --> Session: Class initialized using 'CodeIgniter\Session\Handlers\FileHandler' driver.
DEBUG - 2025-10-14 16:24:59 --> Datos en sesión: Array
(
    [__ci_last_regenerate] => 1760469833
    [_ci_previous_url] => http://192.168.0.138/Tesina/public/admin/gestionarUsuarios
    [id_usuario] => 1
    [nombre] => brunito
    [apellido] => barber
    [email] => brunocameille@alumnos.itr3.edu.ar
    [rol] => admin
    [logged_in] => 1
)

DEBUG - 2025-10-14 16:24:59 --> Buscando usuario ID: 1
DEBUG - 2025-10-14 16:24:59 --> Resultado de la búsqueda: Array
(
    [id_usuario] => 1
    [nombre] => brunito
    [apellido] => barber
    [email] => brunocameille@alumnos.itr3.edu.ar
    [contrasena] => $2y$10$DfVf5j75GUow.8KQIROrQ.HgppT0Rq0gHjnl3td.ZZBDLZAYggz.u
    [direccion_id] => 0
    [id_rol] => 1
    [created_at] => 2025-04-07 13:37:30
    [updated_at] => 2025-10-13 19:57:07
    [invitado_por] => 
    [estado] => activo
    [token_activacion] => 
)

DEBUG - 2025-10-14 16:25:58 --> Ruta actual: /Tesina/public/admin/dispositivos/actualizar
INFO - 2025-10-14 16:25:58 --> Session: Class initialized using 'CodeIgniter\Session\Handlers\FileHandler' driver.
DEBUG - 2025-10-14 16:25:58 --> Datos en sesión: Array
(
    [__ci_last_regenerate] => 1760469833
    [_ci_previous_url] => http://192.168.0.138/Tesina/public/admin/dispositivos
    [id_usuario] => 1
    [nombre] => brunito
    [apellido] => barber
    [email] => brunocameille@alumnos.itr3.edu.ar
    [rol] => admin
    [logged_in] => 1
)

DEBUG - 2025-10-14 16:25:58 --> Buscando usuario ID: 1
DEBUG - 2025-10-14 16:25:58 --> Resultado de la búsqueda: Array
(
    [id_usuario] => 1
    [nombre] => brunito
    [apellido] => barber
    [email] => brunocameille@alumnos.itr3.edu.ar
    [contrasena] => $2y$10$DfVf5j75GUow.8KQIROrQ.HgppT0Rq0gHjnl3td.ZZBDLZAYggz.u
    [direccion_id] => 0
    [id_rol] => 1
    [created_at] => 2025-04-07 13:37:30
    [updated_at] => 2025-10-13 19:57:07
    [invitado_por] => 
    [estado] => activo
    [token_activacion] => 
)

DEBUG - 2025-10-14 16:26:05 --> Ruta actual: /Tesina/public/admin/dispositivos/actualizar
INFO - 2025-10-14 16:26:05 --> Session: Class initialized using 'CodeIgniter\Session\Handlers\FileHandler' driver.
DEBUG - 2025-10-14 16:26:05 --> Datos en sesión: Array
(
    [__ci_last_regenerate] => 1760469833
    [_ci_previous_url] => http://192.168.0.138/Tesina/public/admin/dispositivos
    [id_usuario] => 1
    [nombre] => brunito
    [apellido] => barber
    [email] => brunocameille@alumnos.itr3.edu.ar
    [rol] => admin
    [logged_in] => 1
)

DEBUG - 2025-10-14 16:26:05 --> Buscando usuario ID: 1
DEBUG - 2025-10-14 16:26:05 --> Resultado de la búsqueda: Array
(
    [id_usuario] => 1
    [nombre] => brunito
    [apellido] => barber
    [email] => brunocameille@alumnos.itr3.edu.ar
    [contrasena] => $2y$10$DfVf5j75GUow.8KQIROrQ.HgppT0Rq0gHjnl3td.ZZBDLZAYggz.u
    [direccion_id] => 0
    [id_rol] => 1
    [created_at] => 2025-04-07 13:37:30
    [updated_at] => 2025-10-13 19:57:07
    [invitado_por] => 
    [estado] => activo
    [token_activacion] => 
)

DEBUG - 2025-10-14 16:26:06 --> Ruta actual: /Tesina/public/admin/dispositivos
INFO - 2025-10-14 16:26:06 --> Session: Class initialized using 'CodeIgniter\Session\Handlers\FileHandler' driver.
DEBUG - 2025-10-14 16:26:06 --> Datos en sesión: Array
(
    [__ci_last_regenerate] => 1760469833
    [_ci_previous_url] => http://192.168.0.138/Tesina/public/admin/dispositivos
    [id_usuario] => 1
    [nombre] => brunito
    [apellido] => barber
    [email] => brunocameille@alumnos.itr3.edu.ar
    [rol] => admin
    [logged_in] => 1
)

DEBUG - 2025-10-14 16:26:06 --> Buscando usuario ID: 1
DEBUG - 2025-10-14 16:26:06 --> Resultado de la búsqueda: Array
(
    [id_usuario] => 1
    [nombre] => brunito
    [apellido] => barber
    [email] => brunocameille@alumnos.itr3.edu.ar
    [contrasena] => $2y$10$DfVf5j75GUow.8KQIROrQ.HgppT0Rq0gHjnl3td.ZZBDLZAYggz.u
    [direccion_id] => 0
    [id_rol] => 1
    [created_at] => 2025-04-07 13:37:30
    [updated_at] => 2025-10-13 19:57:07
    [invitado_por] => 
    [estado] => activo
    [token_activacion] => 
)

DEBUG - 2025-10-14 16:26:15 --> Ruta actual: /Tesina/public/admin
INFO - 2025-10-14 16:26:15 --> Session: Class initialized using 'CodeIgniter\Session\Handlers\FileHandler' driver.
DEBUG - 2025-10-14 16:26:15 --> Datos en sesión: Array
(
    [__ci_last_regenerate] => 1760469833
    [_ci_previous_url] => http://192.168.0.138/Tesina/public/admin/dispositivos
    [id_usuario] => 1
    [nombre] => brunito
    [apellido] => barber
    [email] => brunocameille@alumnos.itr3.edu.ar
    [rol] => admin
    [logged_in] => 1
)

DEBUG - 2025-10-14 16:27:50 --> Ruta actual: /Tesina/public/admin/dispositivos
INFO - 2025-10-14 16:27:50 --> Session: Class initialized using 'CodeIgniter\Session\Handlers\FileHandler' driver.
DEBUG - 2025-10-14 16:27:50 --> Datos en sesión: Array
(
    [__ci_last_regenerate] => 1760469833
    [_ci_previous_url] => http://192.168.0.138/Tesina/public/admin
    [id_usuario] => 1
    [nombre] => brunito
    [apellido] => barber
    [email] => brunocameille@alumnos.itr3.edu.ar
    [rol] => admin
    [logged_in] => 1
)

DEBUG - 2025-10-14 16:27:50 --> Buscando usuario ID: 1
DEBUG - 2025-10-14 16:27:50 --> Resultado de la búsqueda: Array
(
    [id_usuario] => 1
    [nombre] => brunito
    [apellido] => barber
    [email] => brunocameille@alumnos.itr3.edu.ar
    [contrasena] => $2y$10$DfVf5j75GUow.8KQIROrQ.HgppT0Rq0gHjnl3td.ZZBDLZAYggz.u
    [direccion_id] => 0
    [id_rol] => 1
    [created_at] => 2025-04-07 13:37:30
    [updated_at] => 2025-10-13 19:57:07
    [invitado_por] => 
    [estado] => activo
    [token_activacion] => 
)

DEBUG - 2025-10-14 16:27:58 --> Ruta actual: /Tesina/public/energia/dispositivo/2
INFO - 2025-10-14 16:27:58 --> Session: Class initialized using 'CodeIgniter\Session\Handlers\FileHandler' driver.
DEBUG - 2025-10-14 16:27:58 --> Datos en sesión: Array
(
    [__ci_last_regenerate] => 1760469833
    [_ci_previous_url] => http://192.168.0.138/Tesina/public/admin/dispositivos
    [id_usuario] => 1
    [nombre] => brunito
    [apellido] => barber
    [email] => brunocameille@alumnos.itr3.edu.ar
    [rol] => admin
    [logged_in] => 1
)

INFO - 2025-10-14 16:28:00 --> Session: Class initialized using 'CodeIgniter\Session\Handlers\FileHandler' driver.
INFO - 2025-10-14 16:28:04 --> Session: Class initialized using 'CodeIgniter\Session\Handlers\FileHandler' driver.
INFO - 2025-10-14 16:28:09 --> Session: Class initialized using 'CodeIgniter\Session\Handlers\FileHandler' driver.
INFO - 2025-10-14 16:28:14 --> Session: Class initialized using 'CodeIgniter\Session\Handlers\FileHandler' driver.
INFO - 2025-10-14 16:28:19 --> Session: Class initialized using 'CodeIgniter\Session\Handlers\FileHandler' driver.
INFO - 2025-10-14 16:28:24 --> Session: Class initialized using 'CodeIgniter\Session\Handlers\FileHandler' driver.
INFO - 2025-10-14 16:28:27 --> Session: Class initialized using 'CodeIgniter\Session\Handlers\FileHandler' driver.
INFO - 2025-10-14 16:28:27 --> Session: Class initialized using 'CodeIgniter\Session\Handlers\FileHandler' driver.
INFO - 2025-10-14 16:28:27 --> Session: Class initialized using 'CodeIgniter\Session\Handlers\FileHandler' driver.
INFO - 2025-10-14 16:28:28 --> Session: Class initialized using 'CodeIgniter\Session\Handlers\FileHandler' driver.
INFO - 2025-10-14 16:28:29 --> Session: Class initialized using 'CodeIgniter\Session\Handlers\FileHandler' driver.
DEBUG - 2025-10-14 16:28:31 --> Ruta actual: /Tesina/public/energia/generarPDF/2
INFO - 2025-10-14 16:28:31 --> Session: Class initialized using 'CodeIgniter\Session\Handlers\FileHandler' driver.
DEBUG - 2025-10-14 16:28:31 --> Datos en sesión: Array
(
    [__ci_last_regenerate] => 1760469833
    [_ci_previous_url] => http://192.168.0.138/Tesina/public/energia/dispositivo/2
    [id_usuario] => 1
    [nombre] => brunito
    [apellido] => barber
    [email] => brunocameille@alumnos.itr3.edu.ar
    [rol] => admin
    [logged_in] => 1
    [tarifa_kwh] => 124
)

INFO - 2025-10-14 16:28:34 --> Session: Class initialized using 'CodeIgniter\Session\Handlers\FileHandler' driver.
INFO - 2025-10-14 16:28:40 --> Session: Class initialized using 'CodeIgniter\Session\Handlers\FileHandler' driver.
INFO - 2025-10-14 16:28:45 --> Session: Class initialized using 'CodeIgniter\Session\Handlers\FileHandler' driver.
INFO - 2025-10-14 16:28:50 --> Session: Class initialized using 'CodeIgniter\Session\Handlers\FileHandler' driver.
INFO - 2025-10-14 16:28:55 --> Session: Class initialized using 'CodeIgniter\Session\Handlers\FileHandler' driver.
INFO - 2025-10-14 16:28:59 --> Session: Class initialized using 'CodeIgniter\Session\Handlers\FileHandler' driver.
INFO - 2025-10-14 16:29:04 --> Session: Class initialized using 'CodeIgniter\Session\Handlers\FileHandler' driver.
INFO - 2025-10-14 16:29:09 --> Session: Class initialized using 'CodeIgniter\Session\Handlers\FileHandler' driver.
INFO - 2025-10-14 16:29:11 --> Session: Class initialized using 'CodeIgniter\Session\Handlers\FileHandler' driver.
INFO - 2025-10-14 16:29:14 --> Session: Class initialized using 'CodeIgniter\Session\Handlers\FileHandler' driver.
INFO - 2025-10-14 16:29:19 --> Session: Class initialized using 'CodeIgniter\Session\Handlers\FileHandler' driver.
DEBUG - 2025-10-14 16:29:22 --> Ruta actual: /Tesina/public/admin/gestionarUsuarios
INFO - 2025-10-14 16:29:22 --> Session: Class initialized using 'CodeIgniter\Session\Handlers\FileHandler' driver.
DEBUG - 2025-10-14 16:29:22 --> Datos en sesión: Array
(
    [__ci_last_regenerate] => 1760470135
    [_ci_previous_url] => http://192.168.0.138/Tesina/public/energia/generarPDF/2
    [id_usuario] => 1
    [nombre] => brunito
    [apellido] => barber
    [email] => brunocameille@alumnos.itr3.edu.ar
    [rol] => admin
    [logged_in] => 1
    [tarifa_kwh] => 124
)

DEBUG - 2025-10-14 16:29:26 --> Ruta actual: /Tesina/public/admin/invitar
INFO - 2025-10-14 16:29:26 --> Session: Class initialized using 'CodeIgniter\Session\Handlers\FileHandler' driver.
DEBUG - 2025-10-14 16:29:26 --> Datos en sesión: Array
(
    [__ci_last_regenerate] => 1760470135
    [_ci_previous_url] => http://192.168.0.138/Tesina/public/admin/gestionarUsuarios
    [id_usuario] => 1
    [nombre] => brunito
    [apellido] => barber
    [email] => brunocameille@alumnos.itr3.edu.ar
    [rol] => admin
    [logged_in] => 1
    [tarifa_kwh] => 124
)

DEBUG - 2025-10-14 16:29:47 --> Ruta actual: /Tesina/public/admin/enviarInvitacion
INFO - 2025-10-14 16:29:50 --> Session: Class initialized using 'CodeIgniter\Session\Handlers\FileHandler' driver.
DEBUG - 2025-10-14 16:29:50 --> Datos en sesión: Array
(
    [__ci_last_regenerate] => 1760470135
    [_ci_previous_url] => http://192.168.0.138/Tesina/public/admin/invitar
    [id_usuario] => 1
    [nombre] => brunito
    [apellido] => barber
    [email] => brunocameille@alumnos.itr3.edu.ar
    [rol] => admin
    [logged_in] => 1
    [tarifa_kwh] => 124
)

DEBUG - 2025-10-14 16:29:54 --> Ruta actual: /Tesina/public/admin/invitar
INFO - 2025-10-14 16:29:54 --> Session: Class initialized using 'CodeIgniter\Session\Handlers\FileHandler' driver.
DEBUG - 2025-10-14 16:29:54 --> Datos en sesión: Array
(
    [__ci_last_regenerate] => 1760470135
    [_ci_previous_url] => http://192.168.0.138/Tesina/public/admin/invitar
    [id_usuario] => 1
    [nombre] => brunito
    [apellido] => barber
    [email] => brunocameille@alumnos.itr3.edu.ar
    [rol] => admin
    [logged_in] => 1
    [tarifa_kwh] => 124
)

DEBUG - 2025-10-14 16:29:56 --> Ruta actual: /Tesina/public/usuario/perfil
INFO - 2025-10-14 16:29:56 --> Session: Class initialized using 'CodeIgniter\Session\Handlers\FileHandler' driver.
DEBUG - 2025-10-14 16:29:56 --> Datos en sesión: Array
(
    [__ci_last_regenerate] => 1760470135
    [_ci_previous_url] => http://192.168.0.138/Tesina/public/admin/invitar
    [id_usuario] => 1
    [nombre] => brunito
    [apellido] => barber
    [email] => brunocameille@alumnos.itr3.edu.ar
    [rol] => admin
    [logged_in] => 1
    [tarifa_kwh] => 124
)

DEBUG - 2025-10-14 16:29:56 --> Buscando usuario ID: 1
DEBUG - 2025-10-14 16:29:56 --> Resultado de la búsqueda: Array
(
    [id_usuario] => 1
    [nombre] => brunito
    [apellido] => barber
    [email] => brunocameille@alumnos.itr3.edu.ar
    [contrasena] => $2y$10$DfVf5j75GUow.8KQIROrQ.HgppT0Rq0gHjnl3td.ZZBDLZAYggz.u
    [direccion_id] => 0
    [id_rol] => 1
    [created_at] => 2025-04-07 13:37:30
    [updated_at] => 2025-10-13 19:57:07
    [invitado_por] => 
    [estado] => activo
    [token_activacion] => 
)

INFO - 2025-10-14 16:30:03 --> Session: Class initialized using 'CodeIgniter\Session\Handlers\FileHandler' driver.
INFO - 2025-10-14 16:30:15 --> Session: Class initialized using 'CodeIgniter\Session\Handlers\FileHandler' driver.
INFO - 2025-10-14 16:31:04 --> Session: Class initialized using 'CodeIgniter\Session\Handlers\FileHandler' driver.
INFO - 2025-10-14 16:31:04 --> Session: Class initialized using 'CodeIgniter\Session\Handlers\FileHandler' driver.
DEBUG - 2025-10-14 16:31:39 --> Ruta actual: /Tesina/public/admin
INFO - 2025-10-14 16:31:39 --> Session: Class initialized using 'CodeIgniter\Session\Handlers\FileHandler' driver.
DEBUG - 2025-10-14 16:31:39 --> Datos en sesión: Array
(
    [__ci_last_regenerate] => 1760470135
    [_ci_previous_url] => http://192.168.0.138/Tesina/public/usuario/perfil
    [id_usuario] => 1
    [nombre] => brunito
    [apellido] => barber
    [email] => brunocameille@alumnos.itr3.edu.ar
    [rol] => admin
    [logged_in] => 1
    [tarifa_kwh] => 124
)

DEBUG - 2025-10-14 16:31:47 --> Ruta actual: /Tesina/public/admin/dispositivos
INFO - 2025-10-14 16:31:47 --> Session: Class initialized using 'CodeIgniter\Session\Handlers\FileHandler' driver.
DEBUG - 2025-10-14 16:31:47 --> Datos en sesión: Array
(
    [__ci_last_regenerate] => 1760470135
    [_ci_previous_url] => http://192.168.0.138/Tesina/public/admin
    [id_usuario] => 1
    [nombre] => brunito
    [apellido] => barber
    [email] => brunocameille@alumnos.itr3.edu.ar
    [rol] => admin
    [logged_in] => 1
    [tarifa_kwh] => 124
)

DEBUG - 2025-10-14 16:31:47 --> Buscando usuario ID: 1
DEBUG - 2025-10-14 16:31:47 --> Resultado de la búsqueda: Array
(
    [id_usuario] => 1
    [nombre] => brunito
    [apellido] => barber
    [email] => brunocameille@alumnos.itr3.edu.ar
    [contrasena] => $2y$10$DfVf5j75GUow.8KQIROrQ.HgppT0Rq0gHjnl3td.ZZBDLZAYggz.u
    [direccion_id] => 0
    [id_rol] => 1
    [created_at] => 2025-04-07 13:37:30
    [updated_at] => 2025-10-13 19:57:07
    [invitado_por] => 
    [estado] => activo
    [token_activacion] => 
)

DEBUG - 2025-10-14 16:34:48 --> Ruta actual: /Tesina/public/admin
INFO - 2025-10-14 16:34:48 --> Session: Class initialized using 'CodeIgniter\Session\Handlers\FileHandler' driver.
DEBUG - 2025-10-14 16:34:48 --> Datos en sesión: Array
(
    [__ci_last_regenerate] => 1760470488
    [_ci_previous_url] => http://192.168.0.138/Tesina/public/admin/dispositivos
    [id_usuario] => 1
    [nombre] => brunito
    [apellido] => barber
    [email] => brunocameille@alumnos.itr3.edu.ar
    [rol] => admin
    [logged_in] => 1
    [tarifa_kwh] => 124
)

INFO - 2025-10-14 16:34:49 --> Session: Class initialized using 'CodeIgniter\Session\Handlers\FileHandler' driver.
INFO - 2025-10-14 16:34:50 --> Session: Class initialized using 'CodeIgniter\Session\Handlers\FileHandler' driver.
INFO - 2025-10-14 16:34:51 --> Session: Class initialized using 'CodeIgniter\Session\Handlers\FileHandler' driver.
INFO - 2025-10-14 16:34:51 --> Session: Class initialized using 'CodeIgniter\Session\Handlers\FileHandler' driver.
INFO - 2025-10-14 16:35:37 --> Session: Class initialized using 'CodeIgniter\Session\Handlers\FileHandler' driver.
INFO - 2025-10-14 16:35:55 --> Session: Class initialized using 'CodeIgniter\Session\Handlers\FileHandler' driver.
INFO - 2025-10-14 16:36:05 --> Session: Class initialized using 'CodeIgniter\Session\Handlers\FileHandler' driver.
DEBUG - 2025-10-14 16:36:05 --> Intento de inicio de sesión para email: brunocameille@alumnos.itr3.edu.ar
DEBUG - 2025-10-14 16:36:05 --> Longitud de la contraseña ingresada: 17
DEBUG - 2025-10-14 16:36:05 --> Usuario encontrado: {"id":"1","email":"brunocameille@alumnos.itr3.edu.ar","estado":"activo","rol":"1"}
DEBUG - 2025-10-14 16:36:05 --> Resultado de verificación de contraseña: true
DEBUG - 2025-10-14 16:36:05 --> Hash almacenado en la base de datos: $2y$10$DfVf5j75GUow.8KQIROrQ.HgppT0Rq0gHjnl3td.ZZBDLZAYggz.u
DEBUG - 2025-10-14 16:36:05 --> Inicio de sesión exitoso para usuario: brunocameille@alumnos.itr3.edu.ar
DEBUG - 2025-10-14 16:36:05 --> Datos de sesión guardados: {"id_usuario":"1","nombre":"brunito","apellido":"barber","email":"brunocameille@alumnos.itr3.edu.ar","rol":"admin","logged_in":true}
DEBUG - 2025-10-14 16:36:05 --> Ruta actual: /Tesina/public/admin
INFO - 2025-10-14 16:36:05 --> Session: Class initialized using 'CodeIgniter\Session\Handlers\FileHandler' driver.
DEBUG - 2025-10-14 16:36:05 --> Datos en sesión: Array
(
    [__ci_last_regenerate] => 1760470490
    [_ci_previous_url] => http://192.168.0.138/Tesina/public/autenticacion/login
    [id_usuario] => 1
    [nombre] => brunito
    [apellido] => barber
    [email] => brunocameille@alumnos.itr3.edu.ar
    [rol] => admin
    [logged_in] => 1
)

DEBUG - 2025-10-14 16:36:12 --> Ruta actual: /Tesina/public/admin/dispositivos
INFO - 2025-10-14 16:36:12 --> Session: Class initialized using 'CodeIgniter\Session\Handlers\FileHandler' driver.
DEBUG - 2025-10-14 16:36:12 --> Datos en sesión: Array
(
    [__ci_last_regenerate] => 1760470490
    [_ci_previous_url] => http://192.168.0.138/Tesina/public/admin
    [id_usuario] => 1
    [nombre] => brunito
    [apellido] => barber
    [email] => brunocameille@alumnos.itr3.edu.ar
    [rol] => admin
    [logged_in] => 1
)

DEBUG - 2025-10-14 16:36:12 --> Buscando usuario ID: 1
DEBUG - 2025-10-14 16:36:12 --> Resultado de la búsqueda: Array
(
    [id_usuario] => 1
    [nombre] => brunito
    [apellido] => barber
    [email] => brunocameille@alumnos.itr3.edu.ar
    [contrasena] => $2y$10$DfVf5j75GUow.8KQIROrQ.HgppT0Rq0gHjnl3td.ZZBDLZAYggz.u
    [direccion_id] => 0
    [id_rol] => 1
    [created_at] => 2025-04-07 13:37:30
    [updated_at] => 2025-10-13 19:57:07
    [invitado_por] => 
    [estado] => activo
    [token_activacion] => 
)

DEBUG - 2025-10-14 16:36:23 --> Ruta actual: /Tesina/public/energia/dispositivo/2
INFO - 2025-10-14 16:36:23 --> Session: Class initialized using 'CodeIgniter\Session\Handlers\FileHandler' driver.
DEBUG - 2025-10-14 16:36:23 --> Datos en sesión: Array
(
    [__ci_last_regenerate] => 1760470490
    [_ci_previous_url] => http://192.168.0.138/Tesina/public/admin/dispositivos
    [id_usuario] => 1
    [nombre] => brunito
    [apellido] => barber
    [email] => brunocameille@alumnos.itr3.edu.ar
    [rol] => admin
    [logged_in] => 1
)

INFO - 2025-10-14 16:36:25 --> Session: Class initialized using 'CodeIgniter\Session\Handlers\FileHandler' driver.
INFO - 2025-10-14 16:36:29 --> Session: Class initialized using 'CodeIgniter\Session\Handlers\FileHandler' driver.
INFO - 2025-10-14 16:36:34 --> Session: Class initialized using 'CodeIgniter\Session\Handlers\FileHandler' driver.
INFO - 2025-10-14 16:36:39 --> Session: Class initialized using 'CodeIgniter\Session\Handlers\FileHandler' driver.
INFO - 2025-10-14 16:36:44 --> Session: Class initialized using 'CodeIgniter\Session\Handlers\FileHandler' driver.
INFO - 2025-10-14 16:36:49 --> Session: Class initialized using 'CodeIgniter\Session\Handlers\FileHandler' driver.
INFO - 2025-10-14 16:36:52 --> Session: Class initialized using 'CodeIgniter\Session\Handlers\FileHandler' driver.
INFO - 2025-10-14 16:36:52 --> Session: Class initialized using 'CodeIgniter\Session\Handlers\FileHandler' driver.
INFO - 2025-10-14 16:36:52 --> Session: Class initialized using 'CodeIgniter\Session\Handlers\FileHandler' driver.
INFO - 2025-10-14 16:36:54 --> Session: Class initialized using 'CodeIgniter\Session\Handlers\FileHandler' driver.
INFO - 2025-10-14 16:36:55 --> Session: Class initialized using 'CodeIgniter\Session\Handlers\FileHandler' driver.
DEBUG - 2025-10-14 16:36:56 --> Ruta actual: /Tesina/public/energia/generarPDF/2
INFO - 2025-10-14 16:36:56 --> Session: Class initialized using 'CodeIgniter\Session\Handlers\FileHandler' driver.
DEBUG - 2025-10-14 16:36:56 --> Datos en sesión: Array
(
    [__ci_last_regenerate] => 1760470490
    [_ci_previous_url] => http://192.168.0.138/Tesina/public/energia/dispositivo/2
    [id_usuario] => 1
    [nombre] => brunito
    [apellido] => barber
    [email] => brunocameille@alumnos.itr3.edu.ar
    [rol] => admin
    [logged_in] => 1
    [tarifa_kwh] => 124
)

INFO - 2025-10-14 16:36:58 --> Session: Class initialized using 'CodeIgniter\Session\Handlers\FileHandler' driver.
INFO - 2025-10-14 16:37:04 --> Session: Class initialized using 'CodeIgniter\Session\Handlers\FileHandler' driver.
INFO - 2025-10-14 16:37:09 --> Session: Class initialized using 'CodeIgniter\Session\Handlers\FileHandler' driver.
INFO - 2025-10-14 16:37:14 --> Session: Class initialized using 'CodeIgniter\Session\Handlers\FileHandler' driver.
INFO - 2025-10-14 16:37:19 --> Session: Class initialized using 'CodeIgniter\Session\Handlers\FileHandler' driver.
INFO - 2025-10-14 16:37:24 --> Session: Class initialized using 'CodeIgniter\Session\Handlers\FileHandler' driver.
INFO - 2025-10-14 16:37:25 --> Session: Class initialized using 'CodeIgniter\Session\Handlers\FileHandler' driver.
INFO - 2025-10-14 16:37:29 --> Session: Class initialized using 'CodeIgniter\Session\Handlers\FileHandler' driver.
INFO - 2025-10-14 16:37:33 --> Session: Class initialized using 'CodeIgniter\Session\Handlers\FileHandler' driver.
INFO - 2025-10-14 16:37:38 --> Session: Class initialized using 'CodeIgniter\Session\Handlers\FileHandler' driver.
DEBUG - 2025-10-14 16:37:40 --> Ruta actual: /Tesina/public/admin/gestionarUsuarios
INFO - 2025-10-14 16:37:40 --> Session: Class initialized using 'CodeIgniter\Session\Handlers\FileHandler' driver.
DEBUG - 2025-10-14 16:37:40 --> Datos en sesión: Array
(
    [__ci_last_regenerate] => 1760470490
    [_ci_previous_url] => http://192.168.0.138/Tesina/public/energia/generarPDF/2
    [id_usuario] => 1
    [nombre] => brunito
    [apellido] => barber
    [email] => brunocameille@alumnos.itr3.edu.ar
    [rol] => admin
    [logged_in] => 1
    [tarifa_kwh] => 124
)

DEBUG - 2025-10-14 16:37:47 --> Ruta actual: /Tesina/public/admin/invitar
INFO - 2025-10-14 16:37:47 --> Session: Class initialized using 'CodeIgniter\Session\Handlers\FileHandler' driver.
DEBUG - 2025-10-14 16:37:47 --> Datos en sesión: Array
(
    [__ci_last_regenerate] => 1760470490
    [_ci_previous_url] => http://192.168.0.138/Tesina/public/admin/gestionarUsuarios
    [id_usuario] => 1
    [nombre] => brunito
    [apellido] => barber
    [email] => brunocameille@alumnos.itr3.edu.ar
    [rol] => admin
    [logged_in] => 1
    [tarifa_kwh] => 124
)

DEBUG - 2025-10-14 16:37:53 --> Ruta actual: /Tesina/public/usuario/perfil
INFO - 2025-10-14 16:37:53 --> Session: Class initialized using 'CodeIgniter\Session\Handlers\FileHandler' driver.
DEBUG - 2025-10-14 16:37:53 --> Datos en sesión: Array
(
    [__ci_last_regenerate] => 1760470490
    [_ci_previous_url] => http://192.168.0.138/Tesina/public/admin/invitar
    [id_usuario] => 1
    [nombre] => brunito
    [apellido] => barber
    [email] => brunocameille@alumnos.itr3.edu.ar
    [rol] => admin
    [logged_in] => 1
    [tarifa_kwh] => 124
)

DEBUG - 2025-10-14 16:37:53 --> Buscando usuario ID: 1
DEBUG - 2025-10-14 16:37:53 --> Resultado de la búsqueda: Array
(
    [id_usuario] => 1
    [nombre] => brunito
    [apellido] => barber
    [email] => brunocameille@alumnos.itr3.edu.ar
    [contrasena] => $2y$10$DfVf5j75GUow.8KQIROrQ.HgppT0Rq0gHjnl3td.ZZBDLZAYggz.u
    [direccion_id] => 0
    [id_rol] => 1
    [created_at] => 2025-04-07 13:37:30
    [updated_at] => 2025-10-13 19:57:07
    [invitado_por] => 
    [estado] => activo
    [token_activacion] => 
)

INFO - 2025-10-14 16:38:05 --> Session: Class initialized using 'CodeIgniter\Session\Handlers\FileHandler' driver.
INFO - 2025-10-14 16:38:05 --> Session: Class initialized using 'CodeIgniter\Session\Handlers\FileHandler' driver.
INFO - 2025-10-14 16:38:07 --> Session: Class initialized using 'CodeIgniter\Session\Handlers\FileHandler' driver.
INFO - 2025-10-14 19:03:55 --> Session: Class initialized using 'CodeIgniter\Session\Handlers\FileHandler' driver.
INFO - 2025-10-14 19:03:55 --> Session: Class initialized using 'CodeIgniter\Session\Handlers\FileHandler' driver.
INFO - 2025-10-14 19:04:10 --> Session: Class initialized using 'CodeIgniter\Session\Handlers\FileHandler' driver.
DEBUG - 2025-10-14 19:04:10 --> Intento de inicio de sesión para email: brunocameille@alumnos.itr3.edu.ar
DEBUG - 2025-10-14 19:04:10 --> Longitud de la contraseña ingresada: 17
DEBUG - 2025-10-14 19:04:10 --> Usuario encontrado: {"id":"1","email":"brunocameille@alumnos.itr3.edu.ar","estado":"activo","rol":"1"}
DEBUG - 2025-10-14 19:04:10 --> Resultado de verificación de contraseña: true
DEBUG - 2025-10-14 19:04:10 --> Hash almacenado en la base de datos: $2y$10$DfVf5j75GUow.8KQIROrQ.HgppT0Rq0gHjnl3td.ZZBDLZAYggz.u
DEBUG - 2025-10-14 19:04:10 --> Inicio de sesión exitoso para usuario: brunocameille@alumnos.itr3.edu.ar
DEBUG - 2025-10-14 19:04:10 --> Datos de sesión guardados: {"id_usuario":"1","nombre":"brunito","apellido":"barber","email":"brunocameille@alumnos.itr3.edu.ar","rol":"admin","logged_in":true}
DEBUG - 2025-10-14 19:04:11 --> Ruta actual: /Tesina/public/admin
INFO - 2025-10-14 19:04:11 --> Session: Class initialized using 'CodeIgniter\Session\Handlers\FileHandler' driver.
DEBUG - 2025-10-14 19:04:11 --> Datos en sesión: Array
(
    [__ci_last_regenerate] => 1760479435
    [_ci_previous_url] => http://192.168.0.138/Tesina/public/autenticacion/login
    [id_usuario] => 1
    [nombre] => brunito
    [apellido] => barber
    [email] => brunocameille@alumnos.itr3.edu.ar
    [rol] => admin
    [logged_in] => 1
)

DEBUG - 2025-10-14 19:04:13 --> Ruta actual: /Tesina/public/admin/dispositivos
INFO - 2025-10-14 19:04:13 --> Session: Class initialized using 'CodeIgniter\Session\Handlers\FileHandler' driver.
DEBUG - 2025-10-14 19:04:13 --> Datos en sesión: Array
(
    [__ci_last_regenerate] => 1760479435
    [_ci_previous_url] => http://192.168.0.138/Tesina/public/admin
    [id_usuario] => 1
    [nombre] => brunito
    [apellido] => barber
    [email] => brunocameille@alumnos.itr3.edu.ar
    [rol] => admin
    [logged_in] => 1
)

DEBUG - 2025-10-14 19:04:13 --> Buscando usuario ID: 1
DEBUG - 2025-10-14 19:04:13 --> Resultado de la búsqueda: Array
(
    [id_usuario] => 1
    [nombre] => brunito
    [apellido] => barber
    [email] => brunocameille@alumnos.itr3.edu.ar
    [contrasena] => $2y$10$DfVf5j75GUow.8KQIROrQ.HgppT0Rq0gHjnl3td.ZZBDLZAYggz.u
    [direccion_id] => 0
    [id_rol] => 1
    [created_at] => 2025-04-07 13:37:30
    [updated_at] => 2025-10-13 19:57:07
    [invitado_por] => 
    [estado] => activo
    [token_activacion] => 
)

DEBUG - 2025-10-14 19:04:16 --> Ruta actual: /Tesina/public/energia/dispositivo/2
INFO - 2025-10-14 19:04:16 --> Session: Class initialized using 'CodeIgniter\Session\Handlers\FileHandler' driver.
DEBUG - 2025-10-14 19:04:16 --> Datos en sesión: Array
(
    [__ci_last_regenerate] => 1760479435
    [_ci_previous_url] => http://192.168.0.138/Tesina/public/admin/dispositivos
    [id_usuario] => 1
    [nombre] => brunito
    [apellido] => barber
    [email] => brunocameille@alumnos.itr3.edu.ar
    [rol] => admin
    [logged_in] => 1
)

INFO - 2025-10-14 19:04:17 --> Session: Class initialized using 'CodeIgniter\Session\Handlers\FileHandler' driver.
INFO - 2025-10-14 19:04:21 --> Session: Class initialized using 'CodeIgniter\Session\Handlers\FileHandler' driver.
INFO - 2025-10-14 19:04:26 --> Session: Class initialized using 'CodeIgniter\Session\Handlers\FileHandler' driver.
INFO - 2025-10-14 19:04:31 --> Session: Class initialized using 'CodeIgniter\Session\Handlers\FileHandler' driver.
INFO - 2025-10-14 19:04:37 --> Session: Class initialized using 'CodeIgniter\Session\Handlers\FileHandler' driver.
INFO - 2025-10-14 19:04:42 --> Session: Class initialized using 'CodeIgniter\Session\Handlers\FileHandler' driver.
INFO - 2025-10-14 19:04:47 --> Session: Class initialized using 'CodeIgniter\Session\Handlers\FileHandler' driver.
INFO - 2025-10-14 19:04:52 --> Session: Class initialized using 'CodeIgniter\Session\Handlers\FileHandler' driver.
INFO - 2025-10-14 19:04:57 --> Session: Class initialized using 'CodeIgniter\Session\Handlers\FileHandler' driver.
INFO - 2025-10-14 19:05:02 --> Session: Class initialized using 'CodeIgniter\Session\Handlers\FileHandler' driver.
INFO - 2025-10-14 19:05:07 --> Session: Class initialized using 'CodeIgniter\Session\Handlers\FileHandler' driver.
INFO - 2025-10-14 19:05:11 --> Session: Class initialized using 'CodeIgniter\Session\Handlers\FileHandler' driver.
INFO - 2025-10-14 19:05:16 --> Session: Class initialized using 'CodeIgniter\Session\Handlers\FileHandler' driver.
INFO - 2025-10-14 19:05:17 --> Session: Class initialized using 'CodeIgniter\Session\Handlers\FileHandler' driver.
INFO - 2025-10-14 19:05:22 --> Session: Class initialized using 'CodeIgniter\Session\Handlers\FileHandler' driver.
INFO - 2025-10-14 19:05:22 --> Session: Class initialized using 'CodeIgniter\Session\Handlers\FileHandler' driver.
DEBUG - 2025-10-14 19:05:22 --> Ruta actual: /Tesina/public/admin
INFO - 2025-10-14 19:05:22 --> Session: Class initialized using 'CodeIgniter\Session\Handlers\FileHandler' driver.
DEBUG - 2025-10-14 19:05:22 --> Datos en sesión: Array
(
    [__ci_last_regenerate] => 1760479435
    [_ci_previous_url] => http://192.168.0.138/Tesina/public/autenticacion/login
    [id_usuario] => 1
    [nombre] => brunito
    [apellido] => barber
    [email] => brunocameille@alumnos.itr3.edu.ar
    [rol] => admin
    [logged_in] => 1
)

INFO - 2025-10-14 19:05:27 --> Session: Class initialized using 'CodeIgniter\Session\Handlers\FileHandler' driver.
INFO - 2025-10-14 19:05:32 --> Session: Class initialized using 'CodeIgniter\Session\Handlers\FileHandler' driver.
DEBUG - 2025-10-14 19:05:33 --> Ruta actual: /Tesina/public/admin
INFO - 2025-10-14 19:05:33 --> Session: Class initialized using 'CodeIgniter\Session\Handlers\FileHandler' driver.
DEBUG - 2025-10-14 19:05:33 --> Datos en sesión: Array
(
    [__ci_last_regenerate] => 1760479435
    [_ci_previous_url] => http://192.168.0.138/Tesina/public/admin
    [id_usuario] => 1
    [nombre] => brunito
    [apellido] => barber
    [email] => brunocameille@alumnos.itr3.edu.ar
    [rol] => admin
    [logged_in] => 1
)

INFO - 2025-10-14 19:05:36 --> Session: Class initialized using 'CodeIgniter\Session\Handlers\FileHandler' driver.
INFO - 2025-10-14 19:05:37 --> Session: Class initialized using 'CodeIgniter\Session\Handlers\FileHandler' driver.
INFO - 2025-10-14 19:05:42 --> Session: Class initialized using 'CodeIgniter\Session\Handlers\FileHandler' driver.
INFO - 2025-10-14 19:05:56 --> Session: Class initialized using 'CodeIgniter\Session\Handlers\FileHandler' driver.
INFO - 2025-10-14 19:06:01 --> Session: Class initialized using 'CodeIgniter\Session\Handlers\FileHandler' driver.
INFO - 2025-10-14 19:06:01 --> Session: Class initialized using 'CodeIgniter\Session\Handlers\FileHandler' driver.
INFO - 2025-10-14 19:06:02 --> Session: Class initialized using 'CodeIgniter\Session\Handlers\FileHandler' driver.
INFO - 2025-10-14 19:06:11 --> Session: Class initialized using 'CodeIgniter\Session\Handlers\FileHandler' driver.
INFO - 2025-10-14 19:06:13 --> Session: Class initialized using 'CodeIgniter\Session\Handlers\FileHandler' driver.
INFO - 2025-10-14 19:07:13 --> Session: Class initialized using 'CodeIgniter\Session\Handlers\FileHandler' driver.
INFO - 2025-10-14 19:08:14 --> Session: Class initialized using 'CodeIgniter\Session\Handlers\FileHandler' driver.
INFO - 2025-10-14 19:09:15 --> Session: Class initialized using 'CodeIgniter\Session\Handlers\FileHandler' driver.
INFO - 2025-10-14 19:10:15 --> Session: Class initialized using 'CodeIgniter\Session\Handlers\FileHandler' driver.
INFO - 2025-10-14 19:11:15 --> Session: Class initialized using 'CodeIgniter\Session\Handlers\FileHandler' driver.
INFO - 2025-10-14 19:12:15 --> Session: Class initialized using 'CodeIgniter\Session\Handlers\FileHandler' driver.
INFO - 2025-10-14 19:13:15 --> Session: Class initialized using 'CodeIgniter\Session\Handlers\FileHandler' driver.
INFO - 2025-10-14 19:14:15 --> Session: Class initialized using 'CodeIgniter\Session\Handlers\FileHandler' driver.
INFO - 2025-10-14 19:15:15 --> Session: Class initialized using 'CodeIgniter\Session\Handlers\FileHandler' driver.
INFO - 2025-10-14 19:16:15 --> Session: Class initialized using 'CodeIgniter\Session\Handlers\FileHandler' driver.
INFO - 2025-10-14 19:17:15 --> Session: Class initialized using 'CodeIgniter\Session\Handlers\FileHandler' driver.
INFO - 2025-10-14 19:18:15 --> Session: Class initialized using 'CodeIgniter\Session\Handlers\FileHandler' driver.
INFO - 2025-10-14 19:19:16 --> Session: Class initialized using 'CodeIgniter\Session\Handlers\FileHandler' driver.
INFO - 2025-10-14 19:20:15 --> Session: Class initialized using 'CodeIgniter\Session\Handlers\FileHandler' driver.
INFO - 2025-10-14 19:21:15 --> Session: Class initialized using 'CodeIgniter\Session\Handlers\FileHandler' driver.
INFO - 2025-10-14 19:22:15 --> Session: Class initialized using 'CodeIgniter\Session\Handlers\FileHandler' driver.
INFO - 2025-10-14 19:23:15 --> Session: Class initialized using 'CodeIgniter\Session\Handlers\FileHandler' driver.
INFO - 2025-10-14 19:24:15 --> Session: Class initialized using 'CodeIgniter\Session\Handlers\FileHandler' driver.
INFO - 2025-10-14 19:25:15 --> Session: Class initialized using 'CodeIgniter\Session\Handlers\FileHandler' driver.
INFO - 2025-10-14 19:26:15 --> Session: Class initialized using 'CodeIgniter\Session\Handlers\FileHandler' driver.
INFO - 2025-10-14 19:27:15 --> Session: Class initialized using 'CodeIgniter\Session\Handlers\FileHandler' driver.
INFO - 2025-10-14 19:28:15 --> Session: Class initialized using 'CodeIgniter\Session\Handlers\FileHandler' driver.
INFO - 2025-10-14 19:29:15 --> Session: Class initialized using 'CodeIgniter\Session\Handlers\FileHandler' driver.
INFO - 2025-10-14 19:30:15 --> Session: Class initialized using 'CodeIgniter\Session\Handlers\FileHandler' driver.
INFO - 2025-10-14 19:31:15 --> Session: Class initialized using 'CodeIgniter\Session\Handlers\FileHandler' driver.
INFO - 2025-10-14 19:32:15 --> Session: Class initialized using 'CodeIgniter\Session\Handlers\FileHandler' driver.
INFO - 2025-10-14 19:33:15 --> Session: Class initialized using 'CodeIgniter\Session\Handlers\FileHandler' driver.
INFO - 2025-10-14 19:34:15 --> Session: Class initialized using 'CodeIgniter\Session\Handlers\FileHandler' driver.
INFO - 2025-10-14 19:34:54 --> Session: Class initialized using 'CodeIgniter\Session\Handlers\FileHandler' driver.
INFO - 2025-10-14 19:34:54 --> Session: Class initialized using 'CodeIgniter\Session\Handlers\FileHandler' driver.
INFO - 2025-10-14 19:35:08 --> Session: Class initialized using 'CodeIgniter\Session\Handlers\FileHandler' driver.
INFO - 2025-10-14 19:35:11 --> Session: Class initialized using 'CodeIgniter\Session\Handlers\FileHandler' driver.
INFO - 2025-10-14 19:35:16 --> Session: Class initialized using 'CodeIgniter\Session\Handlers\FileHandler' driver.
INFO - 2025-10-14 19:35:20 --> Session: Class initialized using 'CodeIgniter\Session\Handlers\FileHandler' driver.
INFO - 2025-10-14 19:35:20 --> Session: Class initialized using 'CodeIgniter\Session\Handlers\FileHandler' driver.
INFO - 2025-10-14 19:36:07 --> Session: Class initialized using 'CodeIgniter\Session\Handlers\FileHandler' driver.
DEBUG - 2025-10-14 19:36:07 --> Intento de inicio de sesión para email: brunocameille@alumnos.itr3.edu.ar
DEBUG - 2025-10-14 19:36:07 --> Longitud de la contraseña ingresada: 17
DEBUG - 2025-10-14 19:36:07 --> Usuario encontrado: {"id":"1","email":"brunocameille@alumnos.itr3.edu.ar","estado":"activo","rol":"1"}
DEBUG - 2025-10-14 19:36:07 --> Resultado de verificación de contraseña: true
DEBUG - 2025-10-14 19:36:07 --> Hash almacenado en la base de datos: $2y$10$DfVf5j75GUow.8KQIROrQ.HgppT0Rq0gHjnl3td.ZZBDLZAYggz.u
DEBUG - 2025-10-14 19:36:07 --> Inicio de sesión exitoso para usuario: brunocameille@alumnos.itr3.edu.ar
DEBUG - 2025-10-14 19:36:07 --> Datos de sesión guardados: {"id_usuario":"1","nombre":"brunito","apellido":"barber","email":"brunocameille@alumnos.itr3.edu.ar","rol":"admin","logged_in":true}
DEBUG - 2025-10-14 19:36:07 --> Ruta actual: /Tesina/public/admin
INFO - 2025-10-14 19:36:07 --> Session: Class initialized using 'CodeIgniter\Session\Handlers\FileHandler' driver.
DEBUG - 2025-10-14 19:36:07 --> Datos en sesión: Array
(
    [__ci_last_regenerate] => 1760481320
    [_ci_previous_url] => http://192.168.0.138/Tesina/public/autenticacion/login
    [id_usuario] => 1
    [nombre] => brunito
    [apellido] => barber
    [email] => brunocameille@alumnos.itr3.edu.ar
    [rol] => admin
    [logged_in] => 1
)

DEBUG - 2025-10-14 19:36:09 --> Ruta actual: /Tesina/public/admin/dispositivos
INFO - 2025-10-14 19:36:09 --> Session: Class initialized using 'CodeIgniter\Session\Handlers\FileHandler' driver.
DEBUG - 2025-10-14 19:36:09 --> Datos en sesión: Array
(
    [__ci_last_regenerate] => 1760481320
    [_ci_previous_url] => http://192.168.0.138/Tesina/public/admin
    [id_usuario] => 1
    [nombre] => brunito
    [apellido] => barber
    [email] => brunocameille@alumnos.itr3.edu.ar
    [rol] => admin
    [logged_in] => 1
)

DEBUG - 2025-10-14 19:36:09 --> Buscando usuario ID: 1
DEBUG - 2025-10-14 19:36:09 --> Resultado de la búsqueda: Array
(
    [id_usuario] => 1
    [nombre] => brunito
    [apellido] => barber
    [email] => brunocameille@alumnos.itr3.edu.ar
    [contrasena] => $2y$10$DfVf5j75GUow.8KQIROrQ.HgppT0Rq0gHjnl3td.ZZBDLZAYggz.u
    [direccion_id] => 0
    [id_rol] => 1
    [created_at] => 2025-04-07 13:37:30
    [updated_at] => 2025-10-13 19:57:07
    [invitado_por] => 
    [estado] => activo
    [token_activacion] => 
)

DEBUG - 2025-10-14 19:36:11 --> Ruta actual: /Tesina/public/energia/dispositivo/2
INFO - 2025-10-14 19:36:11 --> Session: Class initialized using 'CodeIgniter\Session\Handlers\FileHandler' driver.
DEBUG - 2025-10-14 19:36:11 --> Datos en sesión: Array
(
    [__ci_last_regenerate] => 1760481320
    [_ci_previous_url] => http://192.168.0.138/Tesina/public/admin/dispositivos
    [id_usuario] => 1
    [nombre] => brunito
    [apellido] => barber
    [email] => brunocameille@alumnos.itr3.edu.ar
    [rol] => admin
    [logged_in] => 1
)

INFO - 2025-10-14 19:36:13 --> Session: Class initialized using 'CodeIgniter\Session\Handlers\FileHandler' driver.
INFO - 2025-10-14 19:36:17 --> Session: Class initialized using 'CodeIgniter\Session\Handlers\FileHandler' driver.
INFO - 2025-10-14 19:36:22 --> Session: Class initialized using 'CodeIgniter\Session\Handlers\FileHandler' driver.
INFO - 2025-10-14 19:36:27 --> Session: Class initialized using 'CodeIgniter\Session\Handlers\FileHandler' driver.
INFO - 2025-10-14 19:36:32 --> Session: Class initialized using 'CodeIgniter\Session\Handlers\FileHandler' driver.
INFO - 2025-10-14 19:36:37 --> Session: Class initialized using 'CodeIgniter\Session\Handlers\FileHandler' driver.
INFO - 2025-10-14 19:36:43 --> Session: Class initialized using 'CodeIgniter\Session\Handlers\FileHandler' driver.
INFO - 2025-10-14 19:36:48 --> Session: Class initialized using 'CodeIgniter\Session\Handlers\FileHandler' driver.
INFO - 2025-10-14 19:36:53 --> Session: Class initialized using 'CodeIgniter\Session\Handlers\FileHandler' driver.
INFO - 2025-10-14 19:36:58 --> Session: Class initialized using 'CodeIgniter\Session\Handlers\FileHandler' driver.
INFO - 2025-10-14 19:37:03 --> Session: Class initialized using 'CodeIgniter\Session\Handlers\FileHandler' driver.
INFO - 2025-10-14 19:37:08 --> Session: Class initialized using 'CodeIgniter\Session\Handlers\FileHandler' driver.
INFO - 2025-10-14 19:37:13 --> Session: Class initialized using 'CodeIgniter\Session\Handlers\FileHandler' driver.
INFO - 2025-10-14 19:37:18 --> Session: Class initialized using 'CodeIgniter\Session\Handlers\FileHandler' driver.
INFO - 2025-10-14 19:37:23 --> Session: Class initialized using 'CodeIgniter\Session\Handlers\FileHandler' driver.
INFO - 2025-10-14 19:37:28 --> Session: Class initialized using 'CodeIgniter\Session\Handlers\FileHandler' driver.
INFO - 2025-10-14 19:37:33 --> Session: Class initialized using 'CodeIgniter\Session\Handlers\FileHandler' driver.
INFO - 2025-10-14 19:37:38 --> Session: Class initialized using 'CodeIgniter\Session\Handlers\FileHandler' driver.
INFO - 2025-10-14 19:38:15 --> Session: Class initialized using 'CodeIgniter\Session\Handlers\FileHandler' driver.
INFO - 2025-10-14 19:39:15 --> Session: Class initialized using 'CodeIgniter\Session\Handlers\FileHandler' driver.
INFO - 2025-10-14 19:40:15 --> Session: Class initialized using 'CodeIgniter\Session\Handlers\FileHandler' driver.
INFO - 2025-10-14 19:41:15 --> Session: Class initialized using 'CodeIgniter\Session\Handlers\FileHandler' driver.
INFO - 2025-10-14 19:42:15 --> Session: Class initialized using 'CodeIgniter\Session\Handlers\FileHandler' driver.
INFO - 2025-10-14 19:43:15 --> Session: Class initialized using 'CodeIgniter\Session\Handlers\FileHandler' driver.
INFO - 2025-10-14 19:44:15 --> Session: Class initialized using 'CodeIgniter\Session\Handlers\FileHandler' driver.
INFO - 2025-10-14 19:45:15 --> Session: Class initialized using 'CodeIgniter\Session\Handlers\FileHandler' driver.
INFO - 2025-10-14 19:46:15 --> Session: Class initialized using 'CodeIgniter\Session\Handlers\FileHandler' driver.
DEBUG - 2025-10-14 19:47:14 --> Ruta actual: /Tesina/public/energia/dispositivo/2
INFO - 2025-10-14 19:47:14 --> Session: Class initialized using 'CodeIgniter\Session\Handlers\FileHandler' driver.
INFO - 2025-10-14 19:47:14 --> Session: Class initialized using 'CodeIgniter\Session\Handlers\FileHandler' driver.
DEBUG - 2025-10-14 19:47:14 --> Datos en sesión: Array
(
    [__ci_last_regenerate] => 1760482034
    [_ci_previous_url] => http://192.168.0.138/Tesina/public/energia/dispositivo/2
    [id_usuario] => 1
    [nombre] => brunito
    [apellido] => barber
    [email] => brunocameille@alumnos.itr3.edu.ar
    [rol] => admin
    [logged_in] => 1
)

INFO - 2025-10-14 19:47:15 --> Session: Class initialized using 'CodeIgniter\Session\Handlers\FileHandler' driver.
INFO - 2025-10-14 19:47:17 --> Session: Class initialized using 'CodeIgniter\Session\Handlers\FileHandler' driver.
INFO - 2025-10-14 19:47:21 --> Session: Class initialized using 'CodeIgniter\Session\Handlers\FileHandler' driver.
INFO - 2025-10-14 19:47:26 --> Session: Class initialized using 'CodeIgniter\Session\Handlers\FileHandler' driver.
INFO - 2025-10-14 19:47:31 --> Session: Class initialized using 'CodeIgniter\Session\Handlers\FileHandler' driver.
INFO - 2025-10-14 19:47:36 --> Session: Class initialized using 'CodeIgniter\Session\Handlers\FileHandler' driver.
INFO - 2025-10-14 19:47:41 --> Session: Class initialized using 'CodeIgniter\Session\Handlers\FileHandler' driver.
INFO - 2025-10-14 19:47:46 --> Session: Class initialized using 'CodeIgniter\Session\Handlers\FileHandler' driver.
INFO - 2025-10-14 19:47:51 --> Session: Class initialized using 'CodeIgniter\Session\Handlers\FileHandler' driver.
INFO - 2025-10-14 19:47:56 --> Session: Class initialized using 'CodeIgniter\Session\Handlers\FileHandler' driver.
INFO - 2025-10-14 19:48:01 --> Session: Class initialized using 'CodeIgniter\Session\Handlers\FileHandler' driver.
INFO - 2025-10-14 19:48:06 --> Session: Class initialized using 'CodeIgniter\Session\Handlers\FileHandler' driver.
INFO - 2025-10-14 19:48:11 --> Session: Class initialized using 'CodeIgniter\Session\Handlers\FileHandler' driver.
INFO - 2025-10-14 19:48:16 --> Session: Class initialized using 'CodeIgniter\Session\Handlers\FileHandler' driver.
INFO - 2025-10-14 19:48:21 --> Session: Class initialized using 'CodeIgniter\Session\Handlers\FileHandler' driver.
INFO - 2025-10-14 19:48:26 --> Session: Class initialized using 'CodeIgniter\Session\Handlers\FileHandler' driver.
INFO - 2025-10-14 19:48:31 --> Session: Class initialized using 'CodeIgniter\Session\Handlers\FileHandler' driver.
INFO - 2025-10-14 19:48:36 --> Session: Class initialized using 'CodeIgniter\Session\Handlers\FileHandler' driver.
INFO - 2025-10-14 19:48:41 --> Session: Class initialized using 'CodeIgniter\Session\Handlers\FileHandler' driver.
INFO - 2025-10-14 19:48:46 --> Session: Class initialized using 'CodeIgniter\Session\Handlers\FileHandler' driver.
INFO - 2025-10-14 19:48:51 --> Session: Class initialized using 'CodeIgniter\Session\Handlers\FileHandler' driver.
INFO - 2025-10-14 19:48:56 --> Session: Class initialized using 'CodeIgniter\Session\Handlers\FileHandler' driver.
INFO - 2025-10-14 19:49:01 --> Session: Class initialized using 'CodeIgniter\Session\Handlers\FileHandler' driver.
INFO - 2025-10-14 19:49:06 --> Session: Class initialized using 'CodeIgniter\Session\Handlers\FileHandler' driver.
INFO - 2025-10-14 19:49:11 --> Session: Class initialized using 'CodeIgniter\Session\Handlers\FileHandler' driver.
INFO - 2025-10-14 19:49:16 --> Session: Class initialized using 'CodeIgniter\Session\Handlers\FileHandler' driver.
INFO - 2025-10-14 19:49:21 --> Session: Class initialized using 'CodeIgniter\Session\Handlers\FileHandler' driver.
INFO - 2025-10-14 19:49:26 --> Session: Class initialized using 'CodeIgniter\Session\Handlers\FileHandler' driver.
INFO - 2025-10-14 19:49:31 --> Session: Class initialized using 'CodeIgniter\Session\Handlers\FileHandler' driver.
INFO - 2025-10-14 19:49:36 --> Session: Class initialized using 'CodeIgniter\Session\Handlers\FileHandler' driver.
INFO - 2025-10-14 19:49:41 --> Session: Class initialized using 'CodeIgniter\Session\Handlers\FileHandler' driver.
INFO - 2025-10-14 19:49:46 --> Session: Class initialized using 'CodeIgniter\Session\Handlers\FileHandler' driver.
INFO - 2025-10-14 19:49:51 --> Session: Class initialized using 'CodeIgniter\Session\Handlers\FileHandler' driver.
INFO - 2025-10-14 19:49:56 --> Session: Class initialized using 'CodeIgniter\Session\Handlers\FileHandler' driver.
INFO - 2025-10-14 19:50:01 --> Session: Class initialized using 'CodeIgniter\Session\Handlers\FileHandler' driver.
INFO - 2025-10-14 19:50:06 --> Session: Class initialized using 'CodeIgniter\Session\Handlers\FileHandler' driver.
INFO - 2025-10-14 19:50:11 --> Session: Class initialized using 'CodeIgniter\Session\Handlers\FileHandler' driver.
INFO - 2025-10-14 19:50:16 --> Session: Class initialized using 'CodeIgniter\Session\Handlers\FileHandler' driver.
INFO - 2025-10-14 19:50:21 --> Session: Class initialized using 'CodeIgniter\Session\Handlers\FileHandler' driver.
INFO - 2025-10-14 19:50:26 --> Session: Class initialized using 'CodeIgniter\Session\Handlers\FileHandler' driver.
INFO - 2025-10-14 19:50:31 --> Session: Class initialized using 'CodeIgniter\Session\Handlers\FileHandler' driver.
INFO - 2025-10-14 19:50:36 --> Session: Class initialized using 'CodeIgniter\Session\Handlers\FileHandler' driver.
INFO - 2025-10-14 19:50:41 --> Session: Class initialized using 'CodeIgniter\Session\Handlers\FileHandler' driver.
INFO - 2025-10-14 19:50:46 --> Session: Class initialized using 'CodeIgniter\Session\Handlers\FileHandler' driver.
INFO - 2025-10-14 19:50:51 --> Session: Class initialized using 'CodeIgniter\Session\Handlers\FileHandler' driver.
INFO - 2025-10-14 19:50:56 --> Session: Class initialized using 'CodeIgniter\Session\Handlers\FileHandler' driver.
INFO - 2025-10-14 19:51:01 --> Session: Class initialized using 'CodeIgniter\Session\Handlers\FileHandler' driver.
INFO - 2025-10-14 19:51:06 --> Session: Class initialized using 'CodeIgniter\Session\Handlers\FileHandler' driver.
INFO - 2025-10-14 19:51:11 --> Session: Class initialized using 'CodeIgniter\Session\Handlers\FileHandler' driver.
INFO - 2025-10-14 19:51:16 --> Session: Class initialized using 'CodeIgniter\Session\Handlers\FileHandler' driver.
INFO - 2025-10-14 19:51:21 --> Session: Class initialized using 'CodeIgniter\Session\Handlers\FileHandler' driver.
INFO - 2025-10-14 19:51:26 --> Session: Class initialized using 'CodeIgniter\Session\Handlers\FileHandler' driver.
INFO - 2025-10-14 19:51:31 --> Session: Class initialized using 'CodeIgniter\Session\Handlers\FileHandler' driver.
INFO - 2025-10-14 19:51:36 --> Session: Class initialized using 'CodeIgniter\Session\Handlers\FileHandler' driver.
INFO - 2025-10-14 19:51:41 --> Session: Class initialized using 'CodeIgniter\Session\Handlers\FileHandler' driver.
INFO - 2025-10-14 19:51:46 --> Session: Class initialized using 'CodeIgniter\Session\Handlers\FileHandler' driver.
INFO - 2025-10-14 19:51:51 --> Session: Class initialized using 'CodeIgniter\Session\Handlers\FileHandler' driver.
INFO - 2025-10-14 19:51:56 --> Session: Class initialized using 'CodeIgniter\Session\Handlers\FileHandler' driver.
INFO - 2025-10-14 19:52:01 --> Session: Class initialized using 'CodeIgniter\Session\Handlers\FileHandler' driver.
INFO - 2025-10-14 19:52:06 --> Session: Class initialized using 'CodeIgniter\Session\Handlers\FileHandler' driver.
INFO - 2025-10-14 19:52:11 --> Session: Class initialized using 'CodeIgniter\Session\Handlers\FileHandler' driver.
INFO - 2025-10-14 19:52:16 --> Session: Class initialized using 'CodeIgniter\Session\Handlers\FileHandler' driver.
INFO - 2025-10-14 19:52:22 --> Session: Class initialized using 'CodeIgniter\Session\Handlers\FileHandler' driver.
INFO - 2025-10-14 19:52:27 --> Session: Class initialized using 'CodeIgniter\Session\Handlers\FileHandler' driver.
INFO - 2025-10-14 19:52:32 --> Session: Class initialized using 'CodeIgniter\Session\Handlers\FileHandler' driver.
INFO - 2025-10-14 19:52:37 --> Session: Class initialized using 'CodeIgniter\Session\Handlers\FileHandler' driver.
INFO - 2025-10-14 19:52:42 --> Session: Class initialized using 'CodeIgniter\Session\Handlers\FileHandler' driver.
INFO - 2025-10-14 19:52:47 --> Session: Class initialized using 'CodeIgniter\Session\Handlers\FileHandler' driver.
INFO - 2025-10-14 19:52:52 --> Session: Class initialized using 'CodeIgniter\Session\Handlers\FileHandler' driver.
INFO - 2025-10-14 19:52:57 --> Session: Class initialized using 'CodeIgniter\Session\Handlers\FileHandler' driver.
INFO - 2025-10-14 19:53:02 --> Session: Class initialized using 'CodeIgniter\Session\Handlers\FileHandler' driver.
INFO - 2025-10-14 19:53:07 --> Session: Class initialized using 'CodeIgniter\Session\Handlers\FileHandler' driver.
INFO - 2025-10-14 19:53:12 --> Session: Class initialized using 'CodeIgniter\Session\Handlers\FileHandler' driver.
INFO - 2025-10-14 19:53:17 --> Session: Class initialized using 'CodeIgniter\Session\Handlers\FileHandler' driver.
INFO - 2025-10-14 19:53:21 --> Session: Class initialized using 'CodeIgniter\Session\Handlers\FileHandler' driver.
INFO - 2025-10-14 19:53:26 --> Session: Class initialized using 'CodeIgniter\Session\Handlers\FileHandler' driver.
INFO - 2025-10-14 19:53:31 --> Session: Class initialized using 'CodeIgniter\Session\Handlers\FileHandler' driver.
INFO - 2025-10-14 19:53:36 --> Session: Class initialized using 'CodeIgniter\Session\Handlers\FileHandler' driver.
INFO - 2025-10-14 19:53:41 --> Session: Class initialized using 'CodeIgniter\Session\Handlers\FileHandler' driver.
INFO - 2025-10-14 19:53:46 --> Session: Class initialized using 'CodeIgniter\Session\Handlers\FileHandler' driver.
INFO - 2025-10-14 19:53:51 --> Session: Class initialized using 'CodeIgniter\Session\Handlers\FileHandler' driver.
INFO - 2025-10-14 19:53:56 --> Session: Class initialized using 'CodeIgniter\Session\Handlers\FileHandler' driver.
INFO - 2025-10-14 19:54:01 --> Session: Class initialized using 'CodeIgniter\Session\Handlers\FileHandler' driver.
INFO - 2025-10-14 19:54:06 --> Session: Class initialized using 'CodeIgniter\Session\Handlers\FileHandler' driver.
INFO - 2025-10-14 19:54:11 --> Session: Class initialized using 'CodeIgniter\Session\Handlers\FileHandler' driver.
INFO - 2025-10-14 19:54:16 --> Session: Class initialized using 'CodeIgniter\Session\Handlers\FileHandler' driver.
INFO - 2025-10-14 19:54:21 --> Session: Class initialized using 'CodeIgniter\Session\Handlers\FileHandler' driver.
INFO - 2025-10-14 19:54:26 --> Session: Class initialized using 'CodeIgniter\Session\Handlers\FileHandler' driver.
INFO - 2025-10-14 19:54:31 --> Session: Class initialized using 'CodeIgniter\Session\Handlers\FileHandler' driver.
INFO - 2025-10-14 19:54:36 --> Session: Class initialized using 'CodeIgniter\Session\Handlers\FileHandler' driver.
INFO - 2025-10-14 19:54:41 --> Session: Class initialized using 'CodeIgniter\Session\Handlers\FileHandler' driver.
INFO - 2025-10-14 19:54:46 --> Session: Class initialized using 'CodeIgniter\Session\Handlers\FileHandler' driver.
INFO - 2025-10-14 19:54:51 --> Session: Class initialized using 'CodeIgniter\Session\Handlers\FileHandler' driver.
INFO - 2025-10-14 19:54:56 --> Session: Class initialized using 'CodeIgniter\Session\Handlers\FileHandler' driver.
INFO - 2025-10-14 19:55:01 --> Session: Class initialized using 'CodeIgniter\Session\Handlers\FileHandler' driver.
INFO - 2025-10-14 19:55:06 --> Session: Class initialized using 'CodeIgniter\Session\Handlers\FileHandler' driver.
INFO - 2025-10-14 19:55:11 --> Session: Class initialized using 'CodeIgniter\Session\Handlers\FileHandler' driver.
INFO - 2025-10-14 19:55:16 --> Session: Class initialized using 'CodeIgniter\Session\Handlers\FileHandler' driver.
INFO - 2025-10-14 19:55:21 --> Session: Class initialized using 'CodeIgniter\Session\Handlers\FileHandler' driver.
INFO - 2025-10-14 19:55:26 --> Session: Class initialized using 'CodeIgniter\Session\Handlers\FileHandler' driver.
INFO - 2025-10-14 19:55:31 --> Session: Class initialized using 'CodeIgniter\Session\Handlers\FileHandler' driver.
INFO - 2025-10-14 19:55:36 --> Session: Class initialized using 'CodeIgniter\Session\Handlers\FileHandler' driver.
INFO - 2025-10-14 19:55:41 --> Session: Class initialized using 'CodeIgniter\Session\Handlers\FileHandler' driver.
INFO - 2025-10-14 19:55:46 --> Session: Class initialized using 'CodeIgniter\Session\Handlers\FileHandler' driver.
INFO - 2025-10-14 19:55:51 --> Session: Class initialized using 'CodeIgniter\Session\Handlers\FileHandler' driver.
INFO - 2025-10-14 19:55:56 --> Session: Class initialized using 'CodeIgniter\Session\Handlers\FileHandler' driver.
INFO - 2025-10-14 19:56:01 --> Session: Class initialized using 'CodeIgniter\Session\Handlers\FileHandler' driver.
INFO - 2025-10-14 19:56:06 --> Session: Class initialized using 'CodeIgniter\Session\Handlers\FileHandler' driver.
INFO - 2025-10-14 19:56:11 --> Session: Class initialized using 'CodeIgniter\Session\Handlers\FileHandler' driver.
INFO - 2025-10-14 19:56:16 --> Session: Class initialized using 'CodeIgniter\Session\Handlers\FileHandler' driver.
INFO - 2025-10-14 19:56:21 --> Session: Class initialized using 'CodeIgniter\Session\Handlers\FileHandler' driver.
INFO - 2025-10-14 19:56:26 --> Session: Class initialized using 'CodeIgniter\Session\Handlers\FileHandler' driver.
INFO - 2025-10-14 19:56:31 --> Session: Class initialized using 'CodeIgniter\Session\Handlers\FileHandler' driver.
INFO - 2025-10-14 19:56:36 --> Session: Class initialized using 'CodeIgniter\Session\Handlers\FileHandler' driver.
INFO - 2025-10-14 19:56:41 --> Session: Class initialized using 'CodeIgniter\Session\Handlers\FileHandler' driver.
INFO - 2025-10-14 19:56:46 --> Session: Class initialized using 'CodeIgniter\Session\Handlers\FileHandler' driver.
INFO - 2025-10-14 19:56:51 --> Session: Class initialized using 'CodeIgniter\Session\Handlers\FileHandler' driver.
INFO - 2025-10-14 19:56:56 --> Session: Class initialized using 'CodeIgniter\Session\Handlers\FileHandler' driver.
INFO - 2025-10-14 19:57:01 --> Session: Class initialized using 'CodeIgniter\Session\Handlers\FileHandler' driver.
INFO - 2025-10-14 19:57:06 --> Session: Class initialized using 'CodeIgniter\Session\Handlers\FileHandler' driver.
INFO - 2025-10-14 19:57:11 --> Session: Class initialized using 'CodeIgniter\Session\Handlers\FileHandler' driver.
INFO - 2025-10-14 19:57:16 --> Session: Class initialized using 'CodeIgniter\Session\Handlers\FileHandler' driver.
INFO - 2025-10-14 19:57:21 --> Session: Class initialized using 'CodeIgniter\Session\Handlers\FileHandler' driver.
INFO - 2025-10-14 19:57:26 --> Session: Class initialized using 'CodeIgniter\Session\Handlers\FileHandler' driver.
INFO - 2025-10-14 19:57:31 --> Session: Class initialized using 'CodeIgniter\Session\Handlers\FileHandler' driver.
INFO - 2025-10-14 19:57:36 --> Session: Class initialized using 'CodeIgniter\Session\Handlers\FileHandler' driver.
INFO - 2025-10-14 19:57:41 --> Session: Class initialized using 'CodeIgniter\Session\Handlers\FileHandler' driver.
INFO - 2025-10-14 19:57:46 --> Session: Class initialized using 'CodeIgniter\Session\Handlers\FileHandler' driver.
INFO - 2025-10-14 19:57:51 --> Session: Class initialized using 'CodeIgniter\Session\Handlers\FileHandler' driver.
INFO - 2025-10-14 19:57:56 --> Session: Class initialized using 'CodeIgniter\Session\Handlers\FileHandler' driver.
INFO - 2025-10-14 19:58:01 --> Session: Class initialized using 'CodeIgniter\Session\Handlers\FileHandler' driver.
INFO - 2025-10-14 19:58:06 --> Session: Class initialized using 'CodeIgniter\Session\Handlers\FileHandler' driver.
INFO - 2025-10-14 19:58:11 --> Session: Class initialized using 'CodeIgniter\Session\Handlers\FileHandler' driver.
INFO - 2025-10-14 19:58:16 --> Session: Class initialized using 'CodeIgniter\Session\Handlers\FileHandler' driver.
INFO - 2025-10-14 19:58:21 --> Session: Class initialized using 'CodeIgniter\Session\Handlers\FileHandler' driver.
INFO - 2025-10-14 19:58:26 --> Session: Class initialized using 'CodeIgniter\Session\Handlers\FileHandler' driver.
INFO - 2025-10-14 19:58:31 --> Session: Class initialized using 'CodeIgniter\Session\Handlers\FileHandler' driver.
INFO - 2025-10-14 19:58:36 --> Session: Class initialized using 'CodeIgniter\Session\Handlers\FileHandler' driver.
INFO - 2025-10-14 19:58:41 --> Session: Class initialized using 'CodeIgniter\Session\Handlers\FileHandler' driver.
INFO - 2025-10-14 19:58:46 --> Session: Class initialized using 'CodeIgniter\Session\Handlers\FileHandler' driver.
INFO - 2025-10-14 19:58:51 --> Session: Class initialized using 'CodeIgniter\Session\Handlers\FileHandler' driver.
INFO - 2025-10-14 19:58:56 --> Session: Class initialized using 'CodeIgniter\Session\Handlers\FileHandler' driver.
INFO - 2025-10-14 19:59:01 --> Session: Class initialized using 'CodeIgniter\Session\Handlers\FileHandler' driver.
INFO - 2025-10-14 19:59:06 --> Session: Class initialized using 'CodeIgniter\Session\Handlers\FileHandler' driver.
INFO - 2025-10-14 19:59:11 --> Session: Class initialized using 'CodeIgniter\Session\Handlers\FileHandler' driver.
INFO - 2025-10-14 19:59:16 --> Session: Class initialized using 'CodeIgniter\Session\Handlers\FileHandler' driver.
INFO - 2025-10-14 19:59:21 --> Session: Class initialized using 'CodeIgniter\Session\Handlers\FileHandler' driver.
INFO - 2025-10-14 19:59:26 --> Session: Class initialized using 'CodeIgniter\Session\Handlers\FileHandler' driver.
INFO - 2025-10-14 19:59:31 --> Session: Class initialized using 'CodeIgniter\Session\Handlers\FileHandler' driver.
INFO - 2025-10-14 19:59:36 --> Session: Class initialized using 'CodeIgniter\Session\Handlers\FileHandler' driver.
INFO - 2025-10-14 19:59:41 --> Session: Class initialized using 'CodeIgniter\Session\Handlers\FileHandler' driver.
INFO - 2025-10-14 19:59:46 --> Session: Class initialized using 'CodeIgniter\Session\Handlers\FileHandler' driver.
INFO - 2025-10-14 19:59:51 --> Session: Class initialized using 'CodeIgniter\Session\Handlers\FileHandler' driver.
INFO - 2025-10-14 19:59:56 --> Session: Class initialized using 'CodeIgniter\Session\Handlers\FileHandler' driver.
INFO - 2025-10-14 20:00:01 --> Session: Class initialized using 'CodeIgniter\Session\Handlers\FileHandler' driver.
INFO - 2025-10-14 20:00:06 --> Session: Class initialized using 'CodeIgniter\Session\Handlers\FileHandler' driver.
INFO - 2025-10-14 20:00:11 --> Session: Class initialized using 'CodeIgniter\Session\Handlers\FileHandler' driver.
INFO - 2025-10-14 20:00:16 --> Session: Class initialized using 'CodeIgniter\Session\Handlers\FileHandler' driver.
INFO - 2025-10-14 20:00:21 --> Session: Class initialized using 'CodeIgniter\Session\Handlers\FileHandler' driver.
INFO - 2025-10-14 20:00:26 --> Session: Class initialized using 'CodeIgniter\Session\Handlers\FileHandler' driver.
INFO - 2025-10-14 20:00:31 --> Session: Class initialized using 'CodeIgniter\Session\Handlers\FileHandler' driver.
INFO - 2025-10-14 20:00:36 --> Session: Class initialized using 'CodeIgniter\Session\Handlers\FileHandler' driver.
INFO - 2025-10-14 20:00:41 --> Session: Class initialized using 'CodeIgniter\Session\Handlers\FileHandler' driver.
INFO - 2025-10-14 20:00:46 --> Session: Class initialized using 'CodeIgniter\Session\Handlers\FileHandler' driver.
INFO - 2025-10-14 20:00:51 --> Session: Class initialized using 'CodeIgniter\Session\Handlers\FileHandler' driver.
INFO - 2025-10-14 20:00:56 --> Session: Class initialized using 'CodeIgniter\Session\Handlers\FileHandler' driver.
INFO - 2025-10-14 20:01:01 --> Session: Class initialized using 'CodeIgniter\Session\Handlers\FileHandler' driver.
INFO - 2025-10-14 20:01:06 --> Session: Class initialized using 'CodeIgniter\Session\Handlers\FileHandler' driver.
INFO - 2025-10-14 20:01:11 --> Session: Class initialized using 'CodeIgniter\Session\Handlers\FileHandler' driver.
INFO - 2025-10-14 20:01:16 --> Session: Class initialized using 'CodeIgniter\Session\Handlers\FileHandler' driver.
INFO - 2025-10-14 20:01:21 --> Session: Class initialized using 'CodeIgniter\Session\Handlers\FileHandler' driver.
INFO - 2025-10-14 20:01:26 --> Session: Class initialized using 'CodeIgniter\Session\Handlers\FileHandler' driver.
INFO - 2025-10-14 20:01:31 --> Session: Class initialized using 'CodeIgniter\Session\Handlers\FileHandler' driver.
INFO - 2025-10-14 20:01:36 --> Session: Class initialized using 'CodeIgniter\Session\Handlers\FileHandler' driver.
INFO - 2025-10-14 20:01:41 --> Session: Class initialized using 'CodeIgniter\Session\Handlers\FileHandler' driver.
INFO - 2025-10-14 20:01:46 --> Session: Class initialized using 'CodeIgniter\Session\Handlers\FileHandler' driver.
INFO - 2025-10-14 20:01:51 --> Session: Class initialized using 'CodeIgniter\Session\Handlers\FileHandler' driver.
INFO - 2025-10-14 20:01:57 --> Session: Class initialized using 'CodeIgniter\Session\Handlers\FileHandler' driver.
INFO - 2025-10-14 20:02:02 --> Session: Class initialized using 'CodeIgniter\Session\Handlers\FileHandler' driver.
INFO - 2025-10-14 20:02:07 --> Session: Class initialized using 'CodeIgniter\Session\Handlers\FileHandler' driver.
INFO - 2025-10-14 20:02:11 --> Session: Class initialized using 'CodeIgniter\Session\Handlers\FileHandler' driver.
INFO - 2025-10-14 20:02:16 --> Session: Class initialized using 'CodeIgniter\Session\Handlers\FileHandler' driver.
INFO - 2025-10-14 20:02:21 --> Session: Class initialized using 'CodeIgniter\Session\Handlers\FileHandler' driver.
INFO - 2025-10-14 20:02:26 --> Session: Class initialized using 'CodeIgniter\Session\Handlers\FileHandler' driver.
INFO - 2025-10-14 20:02:31 --> Session: Class initialized using 'CodeIgniter\Session\Handlers\FileHandler' driver.
INFO - 2025-10-14 20:02:36 --> Session: Class initialized using 'CodeIgniter\Session\Handlers\FileHandler' driver.
INFO - 2025-10-14 20:02:41 --> Session: Class initialized using 'CodeIgniter\Session\Handlers\FileHandler' driver.
INFO - 2025-10-14 20:02:46 --> Session: Class initialized using 'CodeIgniter\Session\Handlers\FileHandler' driver.
INFO - 2025-10-14 20:02:51 --> Session: Class initialized using 'CodeIgniter\Session\Handlers\FileHandler' driver.
INFO - 2025-10-14 20:02:56 --> Session: Class initialized using 'CodeIgniter\Session\Handlers\FileHandler' driver.
INFO - 2025-10-14 20:03:01 --> Session: Class initialized using 'CodeIgniter\Session\Handlers\FileHandler' driver.
INFO - 2025-10-14 20:03:06 --> Session: Class initialized using 'CodeIgniter\Session\Handlers\FileHandler' driver.
INFO - 2025-10-14 20:03:11 --> Session: Class initialized using 'CodeIgniter\Session\Handlers\FileHandler' driver.
INFO - 2025-10-14 20:03:16 --> Session: Class initialized using 'CodeIgniter\Session\Handlers\FileHandler' driver.
INFO - 2025-10-14 20:03:21 --> Session: Class initialized using 'CodeIgniter\Session\Handlers\FileHandler' driver.
INFO - 2025-10-14 20:03:26 --> Session: Class initialized using 'CodeIgniter\Session\Handlers\FileHandler' driver.
INFO - 2025-10-14 20:03:31 --> Session: Class initialized using 'CodeIgniter\Session\Handlers\FileHandler' driver.
INFO - 2025-10-14 20:03:36 --> Session: Class initialized using 'CodeIgniter\Session\Handlers\FileHandler' driver.
INFO - 2025-10-14 20:03:41 --> Session: Class initialized using 'CodeIgniter\Session\Handlers\FileHandler' driver.
INFO - 2025-10-14 20:03:46 --> Session: Class initialized using 'CodeIgniter\Session\Handlers\FileHandler' driver.
INFO - 2025-10-14 20:03:51 --> Session: Class initialized using 'CodeIgniter\Session\Handlers\FileHandler' driver.
INFO - 2025-10-14 20:03:56 --> Session: Class initialized using 'CodeIgniter\Session\Handlers\FileHandler' driver.
INFO - 2025-10-14 20:04:01 --> Session: Class initialized using 'CodeIgniter\Session\Handlers\FileHandler' driver.
INFO - 2025-10-14 20:04:06 --> Session: Class initialized using 'CodeIgniter\Session\Handlers\FileHandler' driver.
INFO - 2025-10-14 20:04:11 --> Session: Class initialized using 'CodeIgniter\Session\Handlers\FileHandler' driver.
INFO - 2025-10-14 20:04:16 --> Session: Class initialized using 'CodeIgniter\Session\Handlers\FileHandler' driver.
INFO - 2025-10-14 20:04:21 --> Session: Class initialized using 'CodeIgniter\Session\Handlers\FileHandler' driver.
INFO - 2025-10-14 20:04:26 --> Session: Class initialized using 'CodeIgniter\Session\Handlers\FileHandler' driver.
INFO - 2025-10-14 20:04:31 --> Session: Class initialized using 'CodeIgniter\Session\Handlers\FileHandler' driver.
INFO - 2025-10-14 20:04:36 --> Session: Class initialized using 'CodeIgniter\Session\Handlers\FileHandler' driver.
INFO - 2025-10-14 20:04:41 --> Session: Class initialized using 'CodeIgniter\Session\Handlers\FileHandler' driver.
INFO - 2025-10-14 20:04:46 --> Session: Class initialized using 'CodeIgniter\Session\Handlers\FileHandler' driver.
INFO - 2025-10-14 20:04:51 --> Session: Class initialized using 'CodeIgniter\Session\Handlers\FileHandler' driver.
INFO - 2025-10-14 20:04:56 --> Session: Class initialized using 'CodeIgniter\Session\Handlers\FileHandler' driver.
INFO - 2025-10-14 20:05:01 --> Session: Class initialized using 'CodeIgniter\Session\Handlers\FileHandler' driver.
INFO - 2025-10-14 20:05:06 --> Session: Class initialized using 'CodeIgniter\Session\Handlers\FileHandler' driver.
INFO - 2025-10-14 20:05:11 --> Session: Class initialized using 'CodeIgniter\Session\Handlers\FileHandler' driver.
INFO - 2025-10-14 20:05:17 --> Session: Class initialized using 'CodeIgniter\Session\Handlers\FileHandler' driver.
INFO - 2025-10-14 20:05:22 --> Session: Class initialized using 'CodeIgniter\Session\Handlers\FileHandler' driver.
INFO - 2025-10-14 20:05:27 --> Session: Class initialized using 'CodeIgniter\Session\Handlers\FileHandler' driver.
INFO - 2025-10-14 20:05:32 --> Session: Class initialized using 'CodeIgniter\Session\Handlers\FileHandler' driver.
INFO - 2025-10-14 20:05:37 --> Session: Class initialized using 'CodeIgniter\Session\Handlers\FileHandler' driver.
INFO - 2025-10-14 20:05:42 --> Session: Class initialized using 'CodeIgniter\Session\Handlers\FileHandler' driver.
INFO - 2025-10-14 20:05:47 --> Session: Class initialized using 'CodeIgniter\Session\Handlers\FileHandler' driver.
INFO - 2025-10-14 20:05:52 --> Session: Class initialized using 'CodeIgniter\Session\Handlers\FileHandler' driver.
INFO - 2025-10-14 20:05:57 --> Session: Class initialized using 'CodeIgniter\Session\Handlers\FileHandler' driver.
INFO - 2025-10-14 20:06:02 --> Session: Class initialized using 'CodeIgniter\Session\Handlers\FileHandler' driver.
INFO - 2025-10-14 20:06:07 --> Session: Class initialized using 'CodeIgniter\Session\Handlers\FileHandler' driver.
INFO - 2025-10-14 20:06:15 --> Session: Class initialized using 'CodeIgniter\Session\Handlers\FileHandler' driver.
INFO - 2025-10-14 20:06:22 --> Session: Class initialized using 'CodeIgniter\Session\Handlers\FileHandler' driver.
INFO - 2025-10-14 20:06:26 --> Session: Class initialized using 'CodeIgniter\Session\Handlers\FileHandler' driver.
INFO - 2025-10-14 20:06:31 --> Session: Class initialized using 'CodeIgniter\Session\Handlers\FileHandler' driver.
INFO - 2025-10-14 20:06:37 --> Session: Class initialized using 'CodeIgniter\Session\Handlers\FileHandler' driver.
INFO - 2025-10-14 20:06:42 --> Session: Class initialized using 'CodeIgniter\Session\Handlers\FileHandler' driver.
INFO - 2025-10-14 20:06:47 --> Session: Class initialized using 'CodeIgniter\Session\Handlers\FileHandler' driver.
INFO - 2025-10-14 20:06:52 --> Session: Class initialized using 'CodeIgniter\Session\Handlers\FileHandler' driver.
INFO - 2025-10-14 20:06:57 --> Session: Class initialized using 'CodeIgniter\Session\Handlers\FileHandler' driver.
INFO - 2025-10-14 20:07:02 --> Session: Class initialized using 'CodeIgniter\Session\Handlers\FileHandler' driver.
INFO - 2025-10-14 20:07:07 --> Session: Class initialized using 'CodeIgniter\Session\Handlers\FileHandler' driver.
INFO - 2025-10-14 20:07:12 --> Session: Class initialized using 'CodeIgniter\Session\Handlers\FileHandler' driver.
INFO - 2025-10-14 20:07:17 --> Session: Class initialized using 'CodeIgniter\Session\Handlers\FileHandler' driver.
INFO - 2025-10-14 20:07:22 --> Session: Class initialized using 'CodeIgniter\Session\Handlers\FileHandler' driver.
INFO - 2025-10-14 20:07:27 --> Session: Class initialized using 'CodeIgniter\Session\Handlers\FileHandler' driver.
INFO - 2025-10-14 20:07:32 --> Session: Class initialized using 'CodeIgniter\Session\Handlers\FileHandler' driver.
INFO - 2025-10-14 20:07:37 --> Session: Class initialized using 'CodeIgniter\Session\Handlers\FileHandler' driver.
INFO - 2025-10-14 20:07:42 --> Session: Class initialized using 'CodeIgniter\Session\Handlers\FileHandler' driver.
INFO - 2025-10-14 20:07:47 --> Session: Class initialized using 'CodeIgniter\Session\Handlers\FileHandler' driver.
INFO - 2025-10-14 20:07:52 --> Session: Class initialized using 'CodeIgniter\Session\Handlers\FileHandler' driver.
INFO - 2025-10-14 20:07:57 --> Session: Class initialized using 'CodeIgniter\Session\Handlers\FileHandler' driver.
INFO - 2025-10-14 20:08:02 --> Session: Class initialized using 'CodeIgniter\Session\Handlers\FileHandler' driver.
INFO - 2025-10-14 20:08:07 --> Session: Class initialized using 'CodeIgniter\Session\Handlers\FileHandler' driver.
INFO - 2025-10-14 20:08:12 --> Session: Class initialized using 'CodeIgniter\Session\Handlers\FileHandler' driver.
INFO - 2025-10-14 20:08:17 --> Session: Class initialized using 'CodeIgniter\Session\Handlers\FileHandler' driver.
INFO - 2025-10-14 20:08:22 --> Session: Class initialized using 'CodeIgniter\Session\Handlers\FileHandler' driver.
INFO - 2025-10-14 20:08:27 --> Session: Class initialized using 'CodeIgniter\Session\Handlers\FileHandler' driver.
INFO - 2025-10-14 20:08:32 --> Session: Class initialized using 'CodeIgniter\Session\Handlers\FileHandler' driver.
INFO - 2025-10-14 20:09:15 --> Session: Class initialized using 'CodeIgniter\Session\Handlers\FileHandler' driver.
INFO - 2025-10-14 20:10:15 --> Session: Class initialized using 'CodeIgniter\Session\Handlers\FileHandler' driver.
INFO - 2025-10-14 20:11:15 --> Session: Class initialized using 'CodeIgniter\Session\Handlers\FileHandler' driver.
INFO - 2025-10-14 21:10:07 --> Session: Class initialized using 'CodeIgniter\Session\Handlers\FileHandler' driver.
INFO - 2025-10-14 21:10:07 --> Límite obtenido (general): 0.0170 kWh, IP: 192.168.0.232
INFO - 2025-10-14 21:10:08 --> Session: Class initialized using 'CodeIgniter\Session\Handlers\FileHandler' driver.
INFO - 2025-10-14 21:10:14 --> Session: Class initialized using 'CodeIgniter\Session\Handlers\FileHandler' driver.
INFO - 2025-10-14 21:10:20 --> Session: Class initialized using 'CodeIgniter\Session\Handlers\FileHandler' driver.
INFO - 2025-10-14 21:10:27 --> Session: Class initialized using 'CodeIgniter\Session\Handlers\FileHandler' driver.
INFO - 2025-10-14 21:10:27 --> Límite obtenido (general): 0.0170 kWh, IP: 192.168.0.232
INFO - 2025-10-14 21:10:28 --> Session: Class initialized using 'CodeIgniter\Session\Handlers\FileHandler' driver.
INFO - 2025-10-14 21:10:34 --> Session: Class initialized using 'CodeIgniter\Session\Handlers\FileHandler' driver.
INFO - 2025-10-14 21:10:40 --> Session: Class initialized using 'CodeIgniter\Session\Handlers\FileHandler' driver.
INFO - 2025-10-14 21:10:47 --> Session: Class initialized using 'CodeIgniter\Session\Handlers\FileHandler' driver.
INFO - 2025-10-14 21:10:47 --> Límite obtenido (general): 0.0170 kWh, IP: 192.168.0.232
INFO - 2025-10-14 21:10:48 --> Session: Class initialized using 'CodeIgniter\Session\Handlers\FileHandler' driver.
INFO - 2025-10-14 21:10:54 --> Session: Class initialized using 'CodeIgniter\Session\Handlers\FileHandler' driver.
INFO - 2025-10-14 21:10:59 --> Session: Class initialized using 'CodeIgniter\Session\Handlers\FileHandler' driver.
INFO - 2025-10-14 21:11:06 --> Session: Class initialized using 'CodeIgniter\Session\Handlers\FileHandler' driver.
INFO - 2025-10-14 21:11:06 --> Límite obtenido (general): 0.0170 kWh, IP: 192.168.0.232
INFO - 2025-10-14 21:11:07 --> Session: Class initialized using 'CodeIgniter\Session\Handlers\FileHandler' driver.
INFO - 2025-10-14 21:11:13 --> Session: Class initialized using 'CodeIgniter\Session\Handlers\FileHandler' driver.
INFO - 2025-10-14 21:11:19 --> Session: Class initialized using 'CodeIgniter\Session\Handlers\FileHandler' driver.
INFO - 2025-10-14 21:11:26 --> Session: Class initialized using 'CodeIgniter\Session\Handlers\FileHandler' driver.
INFO - 2025-10-14 21:11:26 --> Límite obtenido (general): 0.0170 kWh, IP: 192.168.0.232
INFO - 2025-10-14 21:11:27 --> Session: Class initialized using 'CodeIgniter\Session\Handlers\FileHandler' driver.
INFO - 2025-10-14 21:11:33 --> Session: Class initialized using 'CodeIgniter\Session\Handlers\FileHandler' driver.
INFO - 2025-10-14 21:11:38 --> Session: Class initialized using 'CodeIgniter\Session\Handlers\FileHandler' driver.
INFO - 2025-10-14 21:11:45 --> Session: Class initialized using 'CodeIgniter\Session\Handlers\FileHandler' driver.
INFO - 2025-10-14 21:11:45 --> Límite obtenido (general): 0.0170 kWh, IP: 192.168.0.232
INFO - 2025-10-14 21:11:46 --> Session: Class initialized using 'CodeIgniter\Session\Handlers\FileHandler' driver.
INFO - 2025-10-14 21:11:52 --> Session: Class initialized using 'CodeIgniter\Session\Handlers\FileHandler' driver.
INFO - 2025-10-14 21:11:58 --> Session: Class initialized using 'CodeIgniter\Session\Handlers\FileHandler' driver.
INFO - 2025-10-14 21:12:04 --> Session: Class initialized using 'CodeIgniter\Session\Handlers\FileHandler' driver.
INFO - 2025-10-14 21:12:04 --> Límite obtenido (general): 0.0170 kWh, IP: 192.168.0.232
INFO - 2025-10-14 21:12:06 --> Session: Class initialized using 'CodeIgniter\Session\Handlers\FileHandler' driver.
INFO - 2025-10-14 21:12:11 --> Session: Class initialized using 'CodeIgniter\Session\Handlers\FileHandler' driver.
INFO - 2025-10-14 21:12:17 --> Session: Class initialized using 'CodeIgniter\Session\Handlers\FileHandler' driver.
INFO - 2025-10-14 21:12:24 --> Session: Class initialized using 'CodeIgniter\Session\Handlers\FileHandler' driver.
INFO - 2025-10-14 21:12:24 --> Límite obtenido (general): 0.0170 kWh, IP: 192.168.0.232
INFO - 2025-10-14 21:12:25 --> Session: Class initialized using 'CodeIgniter\Session\Handlers\FileHandler' driver.
INFO - 2025-10-14 21:12:31 --> Session: Class initialized using 'CodeIgniter\Session\Handlers\FileHandler' driver.
INFO - 2025-10-14 21:12:37 --> Session: Class initialized using 'CodeIgniter\Session\Handlers\FileHandler' driver.
INFO - 2025-10-14 21:12:44 --> Session: Class initialized using 'CodeIgniter\Session\Handlers\FileHandler' driver.
INFO - 2025-10-14 21:12:44 --> Límite obtenido (general): 0.0170 kWh, IP: 192.168.0.232
INFO - 2025-10-14 21:12:45 --> Session: Class initialized using 'CodeIgniter\Session\Handlers\FileHandler' driver.
INFO - 2025-10-14 21:12:51 --> Session: Class initialized using 'CodeIgniter\Session\Handlers\FileHandler' driver.
INFO - 2025-10-14 21:12:57 --> Session: Class initialized using 'CodeIgniter\Session\Handlers\FileHandler' driver.
INFO - 2025-10-14 21:13:03 --> Session: Class initialized using 'CodeIgniter\Session\Handlers\FileHandler' driver.
INFO - 2025-10-14 21:13:03 --> Límite obtenido (general): 0.0170 kWh, IP: 192.168.0.232
INFO - 2025-10-14 21:13:04 --> Session: Class initialized using 'CodeIgniter\Session\Handlers\FileHandler' driver.
INFO - 2025-10-14 21:13:10 --> Session: Class initialized using 'CodeIgniter\Session\Handlers\FileHandler' driver.
INFO - 2025-10-14 21:13:16 --> Session: Class initialized using 'CodeIgniter\Session\Handlers\FileHandler' driver.
INFO - 2025-10-14 21:13:23 --> Session: Class initialized using 'CodeIgniter\Session\Handlers\FileHandler' driver.
INFO - 2025-10-14 21:13:23 --> Límite obtenido (general): 0.0170 kWh, IP: 192.168.0.232
INFO - 2025-10-14 21:13:24 --> Session: Class initialized using 'CodeIgniter\Session\Handlers\FileHandler' driver.
INFO - 2025-10-14 21:13:30 --> Session: Class initialized using 'CodeIgniter\Session\Handlers\FileHandler' driver.
INFO - 2025-10-14 21:13:35 --> Session: Class initialized using 'CodeIgniter\Session\Handlers\FileHandler' driver.
INFO - 2025-10-14 21:13:42 --> Session: Class initialized using 'CodeIgniter\Session\Handlers\FileHandler' driver.
INFO - 2025-10-14 21:13:42 --> Límite obtenido (general): 0.0170 kWh, IP: 192.168.0.232
INFO - 2025-10-14 21:13:43 --> Session: Class initialized using 'CodeIgniter\Session\Handlers\FileHandler' driver.
INFO - 2025-10-14 21:13:49 --> Session: Class initialized using 'CodeIgniter\Session\Handlers\FileHandler' driver.
INFO - 2025-10-14 21:13:55 --> Session: Class initialized using 'CodeIgniter\Session\Handlers\FileHandler' driver.
INFO - 2025-10-14 21:14:01 --> Session: Class initialized using 'CodeIgniter\Session\Handlers\FileHandler' driver.
INFO - 2025-10-14 21:14:01 --> Límite obtenido (general): 0.0170 kWh, IP: 192.168.0.232
INFO - 2025-10-14 21:14:03 --> Session: Class initialized using 'CodeIgniter\Session\Handlers\FileHandler' driver.
INFO - 2025-10-14 21:14:08 --> Session: Class initialized using 'CodeIgniter\Session\Handlers\FileHandler' driver.
INFO - 2025-10-14 21:14:14 --> Session: Class initialized using 'CodeIgniter\Session\Handlers\FileHandler' driver.
INFO - 2025-10-14 21:14:21 --> Session: Class initialized using 'CodeIgniter\Session\Handlers\FileHandler' driver.
INFO - 2025-10-14 21:14:21 --> Límite obtenido (general): 0.0170 kWh, IP: 192.168.0.232
INFO - 2025-10-14 21:14:22 --> Session: Class initialized using 'CodeIgniter\Session\Handlers\FileHandler' driver.
INFO - 2025-10-14 21:14:28 --> Session: Class initialized using 'CodeIgniter\Session\Handlers\FileHandler' driver.
INFO - 2025-10-14 21:14:34 --> Session: Class initialized using 'CodeIgniter\Session\Handlers\FileHandler' driver.
INFO - 2025-10-14 21:14:40 --> Session: Class initialized using 'CodeIgniter\Session\Handlers\FileHandler' driver.
INFO - 2025-10-14 21:14:40 --> Límite obtenido (general): 0.0170 kWh, IP: 192.168.0.232
INFO - 2025-10-14 21:14:42 --> Session: Class initialized using 'CodeIgniter\Session\Handlers\FileHandler' driver.
INFO - 2025-10-14 21:14:47 --> Session: Class initialized using 'CodeIgniter\Session\Handlers\FileHandler' driver.
INFO - 2025-10-14 21:14:53 --> Session: Class initialized using 'CodeIgniter\Session\Handlers\FileHandler' driver.
INFO - 2025-10-14 21:15:00 --> Session: Class initialized using 'CodeIgniter\Session\Handlers\FileHandler' driver.
INFO - 2025-10-14 21:15:00 --> Límite obtenido (general): 0.0170 kWh, IP: 192.168.0.232
INFO - 2025-10-14 21:15:01 --> Session: Class initialized using 'CodeIgniter\Session\Handlers\FileHandler' driver.
INFO - 2025-10-14 21:15:07 --> Session: Class initialized using 'CodeIgniter\Session\Handlers\FileHandler' driver.
INFO - 2025-10-14 21:15:12 --> Session: Class initialized using 'CodeIgniter\Session\Handlers\FileHandler' driver.
INFO - 2025-10-14 21:15:19 --> Session: Class initialized using 'CodeIgniter\Session\Handlers\FileHandler' driver.
INFO - 2025-10-14 21:15:19 --> Límite obtenido (general): 0.0170 kWh, IP: 192.168.0.232
INFO - 2025-10-14 21:15:20 --> Session: Class initialized using 'CodeIgniter\Session\Handlers\FileHandler' driver.
INFO - 2025-10-14 21:15:26 --> Session: Class initialized using 'CodeIgniter\Session\Handlers\FileHandler' driver.
INFO - 2025-10-14 21:15:32 --> Session: Class initialized using 'CodeIgniter\Session\Handlers\FileHandler' driver.
INFO - 2025-10-14 21:15:39 --> Session: Class initialized using 'CodeIgniter\Session\Handlers\FileHandler' driver.
INFO - 2025-10-14 21:15:39 --> Límite obtenido (general): 0.0170 kWh, IP: 192.168.0.232
INFO - 2025-10-14 21:15:40 --> Session: Class initialized using 'CodeIgniter\Session\Handlers\FileHandler' driver.
INFO - 2025-10-14 21:15:46 --> Session: Class initialized using 'CodeIgniter\Session\Handlers\FileHandler' driver.
INFO - 2025-10-14 21:15:52 --> Session: Class initialized using 'CodeIgniter\Session\Handlers\FileHandler' driver.
INFO - 2025-10-14 21:15:58 --> Session: Class initialized using 'CodeIgniter\Session\Handlers\FileHandler' driver.
INFO - 2025-10-14 21:15:58 --> Límite obtenido (general): 0.0170 kWh, IP: 192.168.0.232
INFO - 2025-10-14 21:15:59 --> Session: Class initialized using 'CodeIgniter\Session\Handlers\FileHandler' driver.
INFO - 2025-10-14 21:16:48 --> Session: Class initialized using 'CodeIgniter\Session\Handlers\FileHandler' driver.
INFO - 2025-10-14 21:16:48 --> Límite obtenido (general): 0.0170 kWh, IP: 192.168.0.232
INFO - 2025-10-14 21:16:49 --> Session: Class initialized using 'CodeIgniter\Session\Handlers\FileHandler' driver.
INFO - 2025-10-14 21:16:51 --> Session: Class initialized using 'CodeIgniter\Session\Handlers\FileHandler' driver.
INFO - 2025-10-14 21:16:51 --> Límite obtenido (general): 0.0170 kWh, IP: 192.168.0.232
INFO - 2025-10-14 21:16:53 --> Session: Class initialized using 'CodeIgniter\Session\Handlers\FileHandler' driver.
INFO - 2025-10-14 21:16:54 --> Session: Class initialized using 'CodeIgniter\Session\Handlers\FileHandler' driver.
INFO - 2025-10-14 21:16:54 --> Límite obtenido (general): 0.0170 kWh, IP: 192.168.0.232
INFO - 2025-10-14 21:16:56 --> Session: Class initialized using 'CodeIgniter\Session\Handlers\FileHandler' driver.
INFO - 2025-10-14 21:16:57 --> Session: Class initialized using 'CodeIgniter\Session\Handlers\FileHandler' driver.
INFO - 2025-10-14 21:16:58 --> Límite obtenido (general): 0.0170 kWh, IP: 192.168.0.232
INFO - 2025-10-14 21:16:59 --> Session: Class initialized using 'CodeIgniter\Session\Handlers\FileHandler' driver.
INFO - 2025-10-14 21:17:00 --> Session: Class initialized using 'CodeIgniter\Session\Handlers\FileHandler' driver.
INFO - 2025-10-14 21:17:00 --> Límite obtenido (general): 0.0170 kWh, IP: 192.168.0.232
INFO - 2025-10-14 21:17:02 --> Session: Class initialized using 'CodeIgniter\Session\Handlers\FileHandler' driver.
INFO - 2025-10-14 21:17:03 --> Session: Class initialized using 'CodeIgniter\Session\Handlers\FileHandler' driver.
INFO - 2025-10-14 21:17:03 --> Límite obtenido (general): 0.0170 kWh, IP: 192.168.0.232
INFO - 2025-10-14 21:17:05 --> Session: Class initialized using 'CodeIgniter\Session\Handlers\FileHandler' driver.
INFO - 2025-10-14 21:17:07 --> Session: Class initialized using 'CodeIgniter\Session\Handlers\FileHandler' driver.
INFO - 2025-10-14 21:17:07 --> Límite obtenido (general): 0.0170 kWh, IP: 192.168.0.232
INFO - 2025-10-14 21:17:08 --> Session: Class initialized using 'CodeIgniter\Session\Handlers\FileHandler' driver.
DEBUG - 2025-10-14 21:38:32 --> Ruta actual: /Tesina/public/energia/dispositivo/2
INFO - 2025-10-14 21:38:32 --> Session: Class initialized using 'CodeIgniter\Session\Handlers\FileHandler' driver.
DEBUG - 2025-10-14 21:38:32 --> Datos en sesión: Array
(
    [__ci_last_regenerate] => 1760488712
    [_ci_previous_url] => http://192.168.0.138/Tesina/public/energia/dispositivo/2
    [id_usuario] => 1
    [nombre] => brunito
    [apellido] => barber
    [email] => brunocameille@alumnos.itr3.edu.ar
    [rol] => admin
    [logged_in] => 1
)

INFO - 2025-10-14 21:38:34 --> Session: Class initialized using 'CodeIgniter\Session\Handlers\FileHandler' driver.
INFO - 2025-10-14 21:38:38 --> Session: Class initialized using 'CodeIgniter\Session\Handlers\FileHandler' driver.
INFO - 2025-10-14 21:38:43 --> Session: Class initialized using 'CodeIgniter\Session\Handlers\FileHandler' driver.
INFO - 2025-10-14 21:38:48 --> Session: Class initialized using 'CodeIgniter\Session\Handlers\FileHandler' driver.
INFO - 2025-10-14 21:38:53 --> Session: Class initialized using 'CodeIgniter\Session\Handlers\FileHandler' driver.
INFO - 2025-10-14 21:38:58 --> Session: Class initialized using 'CodeIgniter\Session\Handlers\FileHandler' driver.
INFO - 2025-10-14 21:39:03 --> Session: Class initialized using 'CodeIgniter\Session\Handlers\FileHandler' driver.
DEBUG - 2025-10-14 21:39:08 --> Ruta actual: /Tesina/public/energia/actualizarLimite
INFO - 2025-10-14 21:39:08 --> Session: Class initialized using 'CodeIgniter\Session\Handlers\FileHandler' driver.
DEBUG - 2025-10-14 21:39:08 --> Datos en sesión: Array
(
    [__ci_last_regenerate] => 1760488712
    [_ci_previous_url] => http://192.168.0.138/Tesina/public/energia/dispositivo/2
    [id_usuario] => 1
    [nombre] => brunito
    [apellido] => barber
    [email] => brunocameille@alumnos.itr3.edu.ar
    [rol] => admin
    [logged_in] => 1
)

INFO - 2025-10-14 21:39:15 --> Session: Class initialized using 'CodeIgniter\Session\Handlers\FileHandler' driver.
INFO - 2025-10-14 21:39:15 --> Session: Class initialized using 'CodeIgniter\Session\Handlers\FileHandler' driver.
INFO - 2025-10-14 21:39:18 --> Session: Class initialized using 'CodeIgniter\Session\Handlers\FileHandler' driver.
INFO - 2025-10-14 21:39:23 --> Session: Class initialized using 'CodeIgniter\Session\Handlers\FileHandler' driver.
INFO - 2025-10-14 21:39:24 --> Session: Class initialized using 'CodeIgniter\Session\Handlers\FileHandler' driver.
INFO - 2025-10-14 21:39:24 --> Último kWh obtenido: 273.5 para MAC: 08D1F9A52A14
INFO - 2025-10-14 21:39:26 --> Session: Class initialized using 'CodeIgniter\Session\Handlers\FileHandler' driver.
INFO - 2025-10-14 21:39:26 --> Límite obtenido (general): 274.0000 kWh, IP: 192.168.0.232
INFO - 2025-10-14 21:39:27 --> Session: Class initialized using 'CodeIgniter\Session\Handlers\FileHandler' driver.
INFO - 2025-10-14 21:39:28 --> Session: Class initialized using 'CodeIgniter\Session\Handlers\FileHandler' driver.
INFO - 2025-10-14 21:39:28 --> Session: Class initialized using 'CodeIgniter\Session\Handlers\FileHandler' driver.
INFO - 2025-10-14 21:39:28 --> Límite obtenido (general): 274.0000 kWh, IP: 192.168.0.232
INFO - 2025-10-14 21:39:30 --> Session: Class initialized using 'CodeIgniter\Session\Handlers\FileHandler' driver.
INFO - 2025-10-14 21:39:31 --> Session: Class initialized using 'CodeIgniter\Session\Handlers\FileHandler' driver.
INFO - 2025-10-14 21:39:31 --> Límite obtenido (general): 274.0000 kWh, IP: 192.168.0.232
INFO - 2025-10-14 21:39:33 --> Session: Class initialized using 'CodeIgniter\Session\Handlers\FileHandler' driver.
INFO - 2025-10-14 21:39:33 --> Session: Class initialized using 'CodeIgniter\Session\Handlers\FileHandler' driver.
INFO - 2025-10-14 21:39:35 --> Session: Class initialized using 'CodeIgniter\Session\Handlers\FileHandler' driver.
INFO - 2025-10-14 21:39:35 --> Límite obtenido (general): 274.0000 kWh, IP: 192.168.0.232
INFO - 2025-10-14 21:39:36 --> Session: Class initialized using 'CodeIgniter\Session\Handlers\FileHandler' driver.
INFO - 2025-10-14 21:39:38 --> Session: Class initialized using 'CodeIgniter\Session\Handlers\FileHandler' driver.
INFO - 2025-10-14 21:39:38 --> Límite obtenido (general): 274.0000 kWh, IP: 192.168.0.232
INFO - 2025-10-14 21:39:38 --> Session: Class initialized using 'CodeIgniter\Session\Handlers\FileHandler' driver.
INFO - 2025-10-14 21:39:39 --> Session: Class initialized using 'CodeIgniter\Session\Handlers\FileHandler' driver.
INFO - 2025-10-14 21:39:41 --> Session: Class initialized using 'CodeIgniter\Session\Handlers\FileHandler' driver.
INFO - 2025-10-14 21:39:41 --> Límite obtenido (general): 274.0000 kWh, IP: 192.168.0.232
INFO - 2025-10-14 21:39:42 --> Session: Class initialized using 'CodeIgniter\Session\Handlers\FileHandler' driver.
INFO - 2025-10-14 21:39:43 --> Session: Class initialized using 'CodeIgniter\Session\Handlers\FileHandler' driver.
INFO - 2025-10-14 21:39:44 --> Session: Class initialized using 'CodeIgniter\Session\Handlers\FileHandler' driver.
INFO - 2025-10-14 21:39:44 --> Límite obtenido (general): 274.0000 kWh, IP: 192.168.0.232
INFO - 2025-10-14 21:39:45 --> Session: Class initialized using 'CodeIgniter\Session\Handlers\FileHandler' driver.
INFO - 2025-10-14 21:39:47 --> Session: Class initialized using 'CodeIgniter\Session\Handlers\FileHandler' driver.
INFO - 2025-10-14 21:39:47 --> Límite obtenido (general): 274.0000 kWh, IP: 192.168.0.232
INFO - 2025-10-14 21:39:48 --> Session: Class initialized using 'CodeIgniter\Session\Handlers\FileHandler' driver.
INFO - 2025-10-14 21:39:48 --> Session: Class initialized using 'CodeIgniter\Session\Handlers\FileHandler' driver.
INFO - 2025-10-14 21:39:50 --> Session: Class initialized using 'CodeIgniter\Session\Handlers\FileHandler' driver.
INFO - 2025-10-14 21:39:50 --> Límite obtenido (general): 274.0000 kWh, IP: 192.168.0.232
INFO - 2025-10-14 21:39:51 --> Session: Class initialized using 'CodeIgniter\Session\Handlers\FileHandler' driver.
INFO - 2025-10-14 21:39:53 --> Session: Class initialized using 'CodeIgniter\Session\Handlers\FileHandler' driver.
INFO - 2025-10-14 21:39:53 --> Límite obtenido (general): 274.0000 kWh, IP: 192.168.0.232
INFO - 2025-10-14 21:39:53 --> Session: Class initialized using 'CodeIgniter\Session\Handlers\FileHandler' driver.
INFO - 2025-10-14 21:39:54 --> Session: Class initialized using 'CodeIgniter\Session\Handlers\FileHandler' driver.
INFO - 2025-10-14 21:39:56 --> Session: Class initialized using 'CodeIgniter\Session\Handlers\FileHandler' driver.
INFO - 2025-10-14 21:39:56 --> Límite obtenido (general): 274.0000 kWh, IP: 192.168.0.232
INFO - 2025-10-14 21:39:57 --> Session: Class initialized using 'CodeIgniter\Session\Handlers\FileHandler' driver.
INFO - 2025-10-14 21:39:58 --> Session: Class initialized using 'CodeIgniter\Session\Handlers\FileHandler' driver.
INFO - 2025-10-14 21:39:59 --> Session: Class initialized using 'CodeIgniter\Session\Handlers\FileHandler' driver.
INFO - 2025-10-14 21:39:59 --> Límite obtenido (general): 274.0000 kWh, IP: 192.168.0.232
INFO - 2025-10-14 21:40:00 --> Session: Class initialized using 'CodeIgniter\Session\Handlers\FileHandler' driver.
INFO - 2025-10-14 21:40:02 --> Session: Class initialized using 'CodeIgniter\Session\Handlers\FileHandler' driver.
INFO - 2025-10-14 21:40:02 --> Límite obtenido (general): 274.0000 kWh, IP: 192.168.0.232
INFO - 2025-10-14 21:40:03 --> Session: Class initialized using 'CodeIgniter\Session\Handlers\FileHandler' driver.
INFO - 2025-10-14 21:40:03 --> Session: Class initialized using 'CodeIgniter\Session\Handlers\FileHandler' driver.
INFO - 2025-10-14 21:40:05 --> Session: Class initialized using 'CodeIgniter\Session\Handlers\FileHandler' driver.
INFO - 2025-10-14 21:40:05 --> Límite obtenido (general): 274.0000 kWh, IP: 192.168.0.232
INFO - 2025-10-14 21:40:06 --> Session: Class initialized using 'CodeIgniter\Session\Handlers\FileHandler' driver.
INFO - 2025-10-14 21:40:08 --> Session: Class initialized using 'CodeIgniter\Session\Handlers\FileHandler' driver.
INFO - 2025-10-14 21:40:08 --> Límite obtenido (general): 274.0000 kWh, IP: 192.168.0.232
INFO - 2025-10-14 21:40:08 --> Session: Class initialized using 'CodeIgniter\Session\Handlers\FileHandler' driver.
INFO - 2025-10-14 21:40:09 --> Session: Class initialized using 'CodeIgniter\Session\Handlers\FileHandler' driver.
INFO - 2025-10-14 21:40:11 --> Session: Class initialized using 'CodeIgniter\Session\Handlers\FileHandler' driver.
INFO - 2025-10-14 21:40:11 --> Límite obtenido (general): 274.0000 kWh, IP: 192.168.0.232
INFO - 2025-10-14 21:40:12 --> Session: Class initialized using 'CodeIgniter\Session\Handlers\FileHandler' driver.
INFO - 2025-10-14 21:40:13 --> Session: Class initialized using 'CodeIgniter\Session\Handlers\FileHandler' driver.
INFO - 2025-10-14 21:40:14 --> Session: Class initialized using 'CodeIgniter\Session\Handlers\FileHandler' driver.
INFO - 2025-10-14 21:40:14 --> Límite obtenido (general): 274.0000 kWh, IP: 192.168.0.232
INFO - 2025-10-14 21:40:15 --> Session: Class initialized using 'CodeIgniter\Session\Handlers\FileHandler' driver.
INFO - 2025-10-14 21:40:17 --> Session: Class initialized using 'CodeIgniter\Session\Handlers\FileHandler' driver.
INFO - 2025-10-14 21:40:17 --> Límite obtenido (general): 274.0000 kWh, IP: 192.168.0.232
INFO - 2025-10-14 21:40:18 --> Session: Class initialized using 'CodeIgniter\Session\Handlers\FileHandler' driver.
INFO - 2025-10-14 21:40:18 --> Session: Class initialized using 'CodeIgniter\Session\Handlers\FileHandler' driver.
INFO - 2025-10-14 21:40:20 --> Session: Class initialized using 'CodeIgniter\Session\Handlers\FileHandler' driver.
INFO - 2025-10-14 21:40:20 --> Límite obtenido (general): 274.0000 kWh, IP: 192.168.0.232
INFO - 2025-10-14 21:40:21 --> Session: Class initialized using 'CodeIgniter\Session\Handlers\FileHandler' driver.
INFO - 2025-10-14 21:40:22 --> Session: Class initialized using 'CodeIgniter\Session\Handlers\FileHandler' driver.
INFO - 2025-10-14 21:40:23 --> Límite obtenido (general): 274.0000 kWh, IP: 192.168.0.232
INFO - 2025-10-14 21:40:23 --> Session: Class initialized using 'CodeIgniter\Session\Handlers\FileHandler' driver.
INFO - 2025-10-14 21:40:24 --> Session: Class initialized using 'CodeIgniter\Session\Handlers\FileHandler' driver.
INFO - 2025-10-14 21:40:25 --> Session: Class initialized using 'CodeIgniter\Session\Handlers\FileHandler' driver.
INFO - 2025-10-14 21:40:25 --> Límite obtenido (general): 274.0000 kWh, IP: 192.168.0.232
INFO - 2025-10-14 21:40:27 --> Session: Class initialized using 'CodeIgniter\Session\Handlers\FileHandler' driver.
INFO - 2025-10-14 21:40:28 --> Session: Class initialized using 'CodeIgniter\Session\Handlers\FileHandler' driver.
INFO - 2025-10-14 21:40:29 --> Session: Class initialized using 'CodeIgniter\Session\Handlers\FileHandler' driver.
INFO - 2025-10-14 21:40:29 --> Límite obtenido (general): 274.0000 kWh, IP: 192.168.0.232
INFO - 2025-10-14 21:40:30 --> Session: Class initialized using 'CodeIgniter\Session\Handlers\FileHandler' driver.
INFO - 2025-10-14 21:40:32 --> Session: Class initialized using 'CodeIgniter\Session\Handlers\FileHandler' driver.
INFO - 2025-10-14 21:40:32 --> Límite obtenido (general): 274.0000 kWh, IP: 192.168.0.232
INFO - 2025-10-14 21:40:33 --> Session: Class initialized using 'CodeIgniter\Session\Handlers\FileHandler' driver.
INFO - 2025-10-14 21:40:33 --> Session: Class initialized using 'CodeIgniter\Session\Handlers\FileHandler' driver.
INFO - 2025-10-14 21:40:35 --> Session: Class initialized using 'CodeIgniter\Session\Handlers\FileHandler' driver.
INFO - 2025-10-14 21:40:35 --> Límite obtenido (general): 274.0000 kWh, IP: 192.168.0.232
INFO - 2025-10-14 21:40:36 --> Session: Class initialized using 'CodeIgniter\Session\Handlers\FileHandler' driver.
INFO - 2025-10-14 21:40:38 --> Session: Class initialized using 'CodeIgniter\Session\Handlers\FileHandler' driver.
INFO - 2025-10-14 21:40:38 --> Límite obtenido (general): 274.0000 kWh, IP: 192.168.0.232
INFO - 2025-10-14 21:40:38 --> Session: Class initialized using 'CodeIgniter\Session\Handlers\FileHandler' driver.
INFO - 2025-10-14 21:40:39 --> Session: Class initialized using 'CodeIgniter\Session\Handlers\FileHandler' driver.
INFO - 2025-10-14 21:40:41 --> Session: Class initialized using 'CodeIgniter\Session\Handlers\FileHandler' driver.
INFO - 2025-10-14 21:40:41 --> Límite obtenido (general): 274.0000 kWh, IP: 192.168.0.232
INFO - 2025-10-14 21:40:42 --> Session: Class initialized using 'CodeIgniter\Session\Handlers\FileHandler' driver.
INFO - 2025-10-14 21:40:43 --> Session: Class initialized using 'CodeIgniter\Session\Handlers\FileHandler' driver.
INFO - 2025-10-14 21:40:44 --> Session: Class initialized using 'CodeIgniter\Session\Handlers\FileHandler' driver.
INFO - 2025-10-14 21:40:44 --> Límite obtenido (general): 274.0000 kWh, IP: 192.168.0.232
INFO - 2025-10-14 21:40:45 --> Session: Class initialized using 'CodeIgniter\Session\Handlers\FileHandler' driver.
INFO - 2025-10-14 21:40:47 --> Session: Class initialized using 'CodeIgniter\Session\Handlers\FileHandler' driver.
INFO - 2025-10-14 21:40:47 --> Límite obtenido (general): 274.0000 kWh, IP: 192.168.0.232
INFO - 2025-10-14 21:40:48 --> Session: Class initialized using 'CodeIgniter\Session\Handlers\FileHandler' driver.
INFO - 2025-10-14 21:40:48 --> Session: Class initialized using 'CodeIgniter\Session\Handlers\FileHandler' driver.
INFO - 2025-10-14 21:40:50 --> Session: Class initialized using 'CodeIgniter\Session\Handlers\FileHandler' driver.
INFO - 2025-10-14 21:40:50 --> Límite obtenido (general): 274.0000 kWh, IP: 192.168.0.232
INFO - 2025-10-14 21:40:51 --> Session: Class initialized using 'CodeIgniter\Session\Handlers\FileHandler' driver.
DEBUG - 2025-10-14 21:40:51 --> Ruta actual: /Tesina/public/energia/actualizarLimite
INFO - 2025-10-14 21:40:51 --> Session: Class initialized using 'CodeIgniter\Session\Handlers\FileHandler' driver.
DEBUG - 2025-10-14 21:40:51 --> Datos en sesión: Array
(
    [__ci_last_regenerate] => 1760488712
    [_ci_previous_url] => http://192.168.0.138/Tesina/public/energia/dispositivo/2
    [id_usuario] => 1
    [nombre] => brunito
    [apellido] => barber
    [email] => brunocameille@alumnos.itr3.edu.ar
    [rol] => admin
    [logged_in] => 1
)

INFO - 2025-10-14 21:40:53 --> Session: Class initialized using 'CodeIgniter\Session\Handlers\FileHandler' driver.
INFO - 2025-10-14 21:40:53 --> Límite obtenido (general): 273.5080 kWh, IP: 192.168.0.232
INFO - 2025-10-14 21:40:54 --> Session: Class initialized using 'CodeIgniter\Session\Handlers\FileHandler' driver.
INFO - 2025-10-14 21:40:56 --> Session: Class initialized using 'CodeIgniter\Session\Handlers\FileHandler' driver.
INFO - 2025-10-14 21:40:56 --> Límite obtenido (general): 273.5080 kWh, IP: 192.168.0.232
INFO - 2025-10-14 21:40:57 --> Session: Class initialized using 'CodeIgniter\Session\Handlers\FileHandler' driver.
INFO - 2025-10-14 21:40:57 --> Session: Class initialized using 'CodeIgniter\Session\Handlers\FileHandler' driver.
INFO - 2025-10-14 21:40:58 --> Session: Class initialized using 'CodeIgniter\Session\Handlers\FileHandler' driver.
INFO - 2025-10-14 21:40:59 --> Session: Class initialized using 'CodeIgniter\Session\Handlers\FileHandler' driver.
INFO - 2025-10-14 21:40:59 --> Límite obtenido (general): 273.5080 kWh, IP: 192.168.0.232
INFO - 2025-10-14 21:41:00 --> Session: Class initialized using 'CodeIgniter\Session\Handlers\FileHandler' driver.
INFO - 2025-10-14 21:41:02 --> Session: Class initialized using 'CodeIgniter\Session\Handlers\FileHandler' driver.
INFO - 2025-10-14 21:41:02 --> Límite obtenido (general): 273.5080 kWh, IP: 192.168.0.232
INFO - 2025-10-14 21:41:03 --> Session: Class initialized using 'CodeIgniter\Session\Handlers\FileHandler' driver.
INFO - 2025-10-14 21:41:03 --> Session: Class initialized using 'CodeIgniter\Session\Handlers\FileHandler' driver.
INFO - 2025-10-14 21:41:05 --> Session: Class initialized using 'CodeIgniter\Session\Handlers\FileHandler' driver.
INFO - 2025-10-14 21:41:05 --> Límite obtenido (general): 273.5080 kWh, IP: 192.168.0.232
INFO - 2025-10-14 21:41:06 --> Session: Class initialized using 'CodeIgniter\Session\Handlers\FileHandler' driver.
ERROR - 2025-10-14 21:41:06 --> Error en recibirNuevosDatos: Undefined array key "kwh"
INFO - 2025-10-14 21:41:08 --> Session: Class initialized using 'CodeIgniter\Session\Handlers\FileHandler' driver.
INFO - 2025-10-14 21:41:11 --> Session: Class initialized using 'CodeIgniter\Session\Handlers\FileHandler' driver.
ERROR - 2025-10-14 21:41:11 --> Error en recibirNuevosDatos: Undefined array key "kwh"
INFO - 2025-10-14 21:41:13 --> Session: Class initialized using 'CodeIgniter\Session\Handlers\FileHandler' driver.
INFO - 2025-10-14 21:41:17 --> Session: Class initialized using 'CodeIgniter\Session\Handlers\FileHandler' driver.
ERROR - 2025-10-14 21:41:17 --> Error en recibirNuevosDatos: Undefined array key "kwh"
INFO - 2025-10-14 21:41:18 --> Session: Class initialized using 'CodeIgniter\Session\Handlers\FileHandler' driver.
INFO - 2025-10-14 21:41:23 --> Session: Class initialized using 'CodeIgniter\Session\Handlers\FileHandler' driver.
INFO - 2025-10-14 21:41:24 --> Session: Class initialized using 'CodeIgniter\Session\Handlers\FileHandler' driver.
INFO - 2025-10-14 21:41:24 --> Límite obtenido (general): 273.5080 kWh, IP: 192.168.0.232
INFO - 2025-10-14 21:41:25 --> Session: Class initialized using 'CodeIgniter\Session\Handlers\FileHandler' driver.
ERROR - 2025-10-14 21:41:25 --> Error en recibirNuevosDatos: Undefined array key "kwh"
INFO - 2025-10-14 21:41:28 --> Session: Class initialized using 'CodeIgniter\Session\Handlers\FileHandler' driver.
DEBUG - 2025-10-14 21:41:29 --> Ruta actual: /Tesina/public/energia/actualizarLimite
INFO - 2025-10-14 21:41:29 --> Session: Class initialized using 'CodeIgniter\Session\Handlers\FileHandler' driver.
DEBUG - 2025-10-14 21:41:29 --> Datos en sesión: Array
(
    [__ci_last_regenerate] => 1760488712
    [_ci_previous_url] => http://192.168.0.138/Tesina/public/energia/dispositivo/2
    [id_usuario] => 1
    [nombre] => brunito
    [apellido] => barber
    [email] => brunocameille@alumnos.itr3.edu.ar
    [rol] => admin
    [logged_in] => 1
)

INFO - 2025-10-14 21:41:31 --> Session: Class initialized using 'CodeIgniter\Session\Handlers\FileHandler' driver.
INFO - 2025-10-14 21:41:33 --> Session: Class initialized using 'CodeIgniter\Session\Handlers\FileHandler' driver.
INFO - 2025-10-14 21:41:33 --> Límite obtenido (general): 600.0000 kWh, IP: 192.168.0.232
INFO - 2025-10-14 21:41:34 --> Session: Class initialized using 'CodeIgniter\Session\Handlers\FileHandler' driver.
INFO - 2025-10-14 21:41:35 --> Session: Class initialized using 'CodeIgniter\Session\Handlers\FileHandler' driver.
INFO - 2025-10-14 21:41:36 --> Session: Class initialized using 'CodeIgniter\Session\Handlers\FileHandler' driver.
INFO - 2025-10-14 21:41:36 --> Límite obtenido (general): 600.0000 kWh, IP: 192.168.0.232
INFO - 2025-10-14 21:41:37 --> Session: Class initialized using 'CodeIgniter\Session\Handlers\FileHandler' driver.
INFO - 2025-10-14 21:41:38 --> Session: Class initialized using 'CodeIgniter\Session\Handlers\FileHandler' driver.
INFO - 2025-10-14 21:41:39 --> Session: Class initialized using 'CodeIgniter\Session\Handlers\FileHandler' driver.
INFO - 2025-10-14 21:41:39 --> Límite obtenido (general): 600.0000 kWh, IP: 192.168.0.232
INFO - 2025-10-14 21:41:40 --> Session: Class initialized using 'CodeIgniter\Session\Handlers\FileHandler' driver.
INFO - 2025-10-14 21:41:42 --> Session: Class initialized using 'CodeIgniter\Session\Handlers\FileHandler' driver.
INFO - 2025-10-14 21:41:42 --> Límite obtenido (general): 600.0000 kWh, IP: 192.168.0.232
INFO - 2025-10-14 21:41:43 --> Session: Class initialized using 'CodeIgniter\Session\Handlers\FileHandler' driver.
INFO - 2025-10-14 21:41:43 --> Session: Class initialized using 'CodeIgniter\Session\Handlers\FileHandler' driver.
INFO - 2025-10-14 21:41:45 --> Session: Class initialized using 'CodeIgniter\Session\Handlers\FileHandler' driver.
INFO - 2025-10-14 21:41:45 --> Límite obtenido (general): 600.0000 kWh, IP: 192.168.0.232
INFO - 2025-10-14 21:41:46 --> Session: Class initialized using 'CodeIgniter\Session\Handlers\FileHandler' driver.
INFO - 2025-10-14 21:41:48 --> Session: Class initialized using 'CodeIgniter\Session\Handlers\FileHandler' driver.
INFO - 2025-10-14 21:41:48 --> Límite obtenido (general): 600.0000 kWh, IP: 192.168.0.232
INFO - 2025-10-14 21:41:48 --> Session: Class initialized using 'CodeIgniter\Session\Handlers\FileHandler' driver.
INFO - 2025-10-14 21:41:49 --> Session: Class initialized using 'CodeIgniter\Session\Handlers\FileHandler' driver.
INFO - 2025-10-14 21:41:51 --> Session: Class initialized using 'CodeIgniter\Session\Handlers\FileHandler' driver.
INFO - 2025-10-14 21:41:51 --> Límite obtenido (general): 600.0000 kWh, IP: 192.168.0.232
INFO - 2025-10-14 21:41:52 --> Session: Class initialized using 'CodeIgniter\Session\Handlers\FileHandler' driver.
INFO - 2025-10-14 21:41:53 --> Session: Class initialized using 'CodeIgniter\Session\Handlers\FileHandler' driver.
INFO - 2025-10-14 21:41:54 --> Session: Class initialized using 'CodeIgniter\Session\Handlers\FileHandler' driver.
INFO - 2025-10-14 21:41:54 --> Límite obtenido (general): 600.0000 kWh, IP: 192.168.0.232
INFO - 2025-10-14 21:41:56 --> Session: Class initialized using 'CodeIgniter\Session\Handlers\FileHandler' driver.
INFO - 2025-10-14 21:41:58 --> Session: Class initialized using 'CodeIgniter\Session\Handlers\FileHandler' driver.
INFO - 2025-10-14 21:41:58 --> Límite obtenido (general): 600.0000 kWh, IP: 192.168.0.232
INFO - 2025-10-14 21:41:58 --> Session: Class initialized using 'CodeIgniter\Session\Handlers\FileHandler' driver.
INFO - 2025-10-14 21:41:59 --> Session: Class initialized using 'CodeIgniter\Session\Handlers\FileHandler' driver.
INFO - 2025-10-14 21:42:01 --> Session: Class initialized using 'CodeIgniter\Session\Handlers\FileHandler' driver.
INFO - 2025-10-14 21:42:01 --> Límite obtenido (general): 600.0000 kWh, IP: 192.168.0.232
INFO - 2025-10-14 21:42:02 --> Session: Class initialized using 'CodeIgniter\Session\Handlers\FileHandler' driver.
INFO - 2025-10-14 21:42:03 --> Session: Class initialized using 'CodeIgniter\Session\Handlers\FileHandler' driver.
INFO - 2025-10-14 21:42:04 --> Session: Class initialized using 'CodeIgniter\Session\Handlers\FileHandler' driver.
INFO - 2025-10-14 21:42:04 --> Límite obtenido (general): 600.0000 kWh, IP: 192.168.0.232
INFO - 2025-10-14 21:42:05 --> Session: Class initialized using 'CodeIgniter\Session\Handlers\FileHandler' driver.
INFO - 2025-10-14 21:42:07 --> Session: Class initialized using 'CodeIgniter\Session\Handlers\FileHandler' driver.
INFO - 2025-10-14 21:42:07 --> Límite obtenido (general): 600.0000 kWh, IP: 192.168.0.232
INFO - 2025-10-14 21:42:08 --> Session: Class initialized using 'CodeIgniter\Session\Handlers\FileHandler' driver.
INFO - 2025-10-14 21:42:09 --> Session: Class initialized using 'CodeIgniter\Session\Handlers\FileHandler' driver.
INFO - 2025-10-14 21:42:10 --> Session: Class initialized using 'CodeIgniter\Session\Handlers\FileHandler' driver.
INFO - 2025-10-14 21:42:10 --> Límite obtenido (general): 600.0000 kWh, IP: 192.168.0.232
INFO - 2025-10-14 21:42:11 --> Session: Class initialized using 'CodeIgniter\Session\Handlers\FileHandler' driver.
INFO - 2025-10-14 21:42:13 --> Session: Class initialized using 'CodeIgniter\Session\Handlers\FileHandler' driver.
INFO - 2025-10-14 21:42:13 --> Límite obtenido (general): 600.0000 kWh, IP: 192.168.0.232
INFO - 2025-10-14 21:42:14 --> Session: Class initialized using 'CodeIgniter\Session\Handlers\FileHandler' driver.
INFO - 2025-10-14 21:42:14 --> Session: Class initialized using 'CodeIgniter\Session\Handlers\FileHandler' driver.
INFO - 2025-10-14 21:42:16 --> Session: Class initialized using 'CodeIgniter\Session\Handlers\FileHandler' driver.
INFO - 2025-10-14 21:42:16 --> Límite obtenido (general): 600.0000 kWh, IP: 192.168.0.232
INFO - 2025-10-14 21:42:17 --> Session: Class initialized using 'CodeIgniter\Session\Handlers\FileHandler' driver.
INFO - 2025-10-14 21:42:19 --> Session: Class initialized using 'CodeIgniter\Session\Handlers\FileHandler' driver.
INFO - 2025-10-14 21:42:19 --> Session: Class initialized using 'CodeIgniter\Session\Handlers\FileHandler' driver.
INFO - 2025-10-14 21:42:19 --> Límite obtenido (general): 600.0000 kWh, IP: 192.168.0.232
INFO - 2025-10-14 21:42:20 --> Session: Class initialized using 'CodeIgniter\Session\Handlers\FileHandler' driver.
INFO - 2025-10-14 21:42:22 --> Session: Class initialized using 'CodeIgniter\Session\Handlers\FileHandler' driver.
INFO - 2025-10-14 21:42:22 --> Límite obtenido (general): 600.0000 kWh, IP: 192.168.0.232
INFO - 2025-10-14 21:42:23 --> Session: Class initialized using 'CodeIgniter\Session\Handlers\FileHandler' driver.
INFO - 2025-10-14 21:42:24 --> Session: Class initialized using 'CodeIgniter\Session\Handlers\FileHandler' driver.
INFO - 2025-10-14 21:42:25 --> Session: Class initialized using 'CodeIgniter\Session\Handlers\FileHandler' driver.
INFO - 2025-10-14 21:42:25 --> Límite obtenido (general): 600.0000 kWh, IP: 192.168.0.232
INFO - 2025-10-14 21:42:26 --> Session: Class initialized using 'CodeIgniter\Session\Handlers\FileHandler' driver.
INFO - 2025-10-14 21:42:28 --> Session: Class initialized using 'CodeIgniter\Session\Handlers\FileHandler' driver.
INFO - 2025-10-14 21:42:28 --> Límite obtenido (general): 600.0000 kWh, IP: 192.168.0.232
INFO - 2025-10-14 21:42:29 --> Session: Class initialized using 'CodeIgniter\Session\Handlers\FileHandler' driver.
INFO - 2025-10-14 21:42:29 --> Session: Class initialized using 'CodeIgniter\Session\Handlers\FileHandler' driver.
INFO - 2025-10-14 21:42:31 --> Session: Class initialized using 'CodeIgniter\Session\Handlers\FileHandler' driver.
INFO - 2025-10-14 21:42:31 --> Límite obtenido (general): 600.0000 kWh, IP: 192.168.0.232
INFO - 2025-10-14 21:42:32 --> Session: Class initialized using 'CodeIgniter\Session\Handlers\FileHandler' driver.
INFO - 2025-10-14 21:42:34 --> Session: Class initialized using 'CodeIgniter\Session\Handlers\FileHandler' driver.
INFO - 2025-10-14 21:42:34 --> Límite obtenido (general): 600.0000 kWh, IP: 192.168.0.232
INFO - 2025-10-14 21:42:34 --> Session: Class initialized using 'CodeIgniter\Session\Handlers\FileHandler' driver.
INFO - 2025-10-14 21:42:35 --> Session: Class initialized using 'CodeIgniter\Session\Handlers\FileHandler' driver.
INFO - 2025-10-14 21:42:37 --> Session: Class initialized using 'CodeIgniter\Session\Handlers\FileHandler' driver.
INFO - 2025-10-14 21:42:37 --> Límite obtenido (general): 600.0000 kWh, IP: 192.168.0.232
INFO - 2025-10-14 21:42:38 --> Session: Class initialized using 'CodeIgniter\Session\Handlers\FileHandler' driver.
INFO - 2025-10-14 21:42:39 --> Session: Class initialized using 'CodeIgniter\Session\Handlers\FileHandler' driver.
INFO - 2025-10-14 21:42:40 --> Session: Class initialized using 'CodeIgniter\Session\Handlers\FileHandler' driver.
INFO - 2025-10-14 21:42:40 --> Límite obtenido (general): 600.0000 kWh, IP: 192.168.0.232
INFO - 2025-10-14 21:42:41 --> Session: Class initialized using 'CodeIgniter\Session\Handlers\FileHandler' driver.
INFO - 2025-10-14 21:42:43 --> Session: Class initialized using 'CodeIgniter\Session\Handlers\FileHandler' driver.
INFO - 2025-10-14 21:42:43 --> Límite obtenido (general): 600.0000 kWh, IP: 192.168.0.232
INFO - 2025-10-14 21:42:44 --> Session: Class initialized using 'CodeIgniter\Session\Handlers\FileHandler' driver.
INFO - 2025-10-14 21:42:44 --> Session: Class initialized using 'CodeIgniter\Session\Handlers\FileHandler' driver.
INFO - 2025-10-14 21:42:46 --> Session: Class initialized using 'CodeIgniter\Session\Handlers\FileHandler' driver.
INFO - 2025-10-14 21:42:46 --> Límite obtenido (general): 600.0000 kWh, IP: 192.168.0.232
INFO - 2025-10-14 21:42:47 --> Session: Class initialized using 'CodeIgniter\Session\Handlers\FileHandler' driver.
INFO - 2025-10-14 21:42:49 --> Session: Class initialized using 'CodeIgniter\Session\Handlers\FileHandler' driver.
INFO - 2025-10-14 21:42:49 --> Límite obtenido (general): 600.0000 kWh, IP: 192.168.0.232
INFO - 2025-10-14 21:42:49 --> Session: Class initialized using 'CodeIgniter\Session\Handlers\FileHandler' driver.
INFO - 2025-10-14 21:42:50 --> Session: Class initialized using 'CodeIgniter\Session\Handlers\FileHandler' driver.
INFO - 2025-10-14 21:42:51 --> Session: Class initialized using 'CodeIgniter\Session\Handlers\FileHandler' driver.
INFO - 2025-10-14 21:42:52 --> Límite obtenido (general): 600.0000 kWh, IP: 192.168.0.232
INFO - 2025-10-14 21:42:53 --> Session: Class initialized using 'CodeIgniter\Session\Handlers\FileHandler' driver.
INFO - 2025-10-14 21:42:54 --> Session: Class initialized using 'CodeIgniter\Session\Handlers\FileHandler' driver.
INFO - 2025-10-14 21:42:55 --> Session: Class initialized using 'CodeIgniter\Session\Handlers\FileHandler' driver.
INFO - 2025-10-14 21:42:55 --> Límite obtenido (general): 600.0000 kWh, IP: 192.168.0.232
INFO - 2025-10-14 21:42:56 --> Session: Class initialized using 'CodeIgniter\Session\Handlers\FileHandler' driver.
INFO - 2025-10-14 21:42:58 --> Session: Class initialized using 'CodeIgniter\Session\Handlers\FileHandler' driver.
INFO - 2025-10-14 21:42:58 --> Límite obtenido (general): 600.0000 kWh, IP: 192.168.0.232
INFO - 2025-10-14 21:42:59 --> Session: Class initialized using 'CodeIgniter\Session\Handlers\FileHandler' driver.
INFO - 2025-10-14 21:43:04 --> Session: Class initialized using 'CodeIgniter\Session\Handlers\FileHandler' driver.
INFO - 2025-10-14 21:43:17 --> Session: Class initialized using 'CodeIgniter\Session\Handlers\FileHandler' driver.
INFO - 2025-10-14 21:44:17 --> Session: Class initialized using 'CodeIgniter\Session\Handlers\FileHandler' driver.
INFO - 2025-10-14 21:45:17 --> Session: Class initialized using 'CodeIgniter\Session\Handlers\FileHandler' driver.
INFO - 2025-10-14 21:46:17 --> Session: Class initialized using 'CodeIgniter\Session\Handlers\FileHandler' driver.
INFO - 2025-10-14 21:47:17 --> Session: Class initialized using 'CodeIgniter\Session\Handlers\FileHandler' driver.
INFO - 2025-10-14 21:47:18 --> Session: Class initialized using 'CodeIgniter\Session\Handlers\FileHandler' driver.
DEBUG - 2025-10-14 21:47:19 --> Ruta actual: /Tesina/public/energia/dispositivo/2
INFO - 2025-10-14 21:47:19 --> Session: Class initialized using 'CodeIgniter\Session\Handlers\FileHandler' driver.
DEBUG - 2025-10-14 21:47:19 --> Datos en sesión: Array
(
    [__ci_last_regenerate] => 1760489057
    [_ci_previous_url] => http://192.168.0.138/Tesina/public/energia/dispositivo/2
    [id_usuario] => 1
    [nombre] => brunito
    [apellido] => barber
    [email] => brunocameille@alumnos.itr3.edu.ar
    [rol] => admin
    [logged_in] => 1
)

INFO - 2025-10-14 21:47:20 --> Session: Class initialized using 'CodeIgniter\Session\Handlers\FileHandler' driver.
INFO - 2025-10-14 21:47:20 --> Último kWh obtenido: 273.5 para MAC: 08D1F9A52A14
INFO - 2025-10-14 21:47:20 --> Session: Class initialized using 'CodeIgniter\Session\Handlers\FileHandler' driver.
INFO - 2025-10-14 21:47:21 --> Session: Class initialized using 'CodeIgniter\Session\Handlers\FileHandler' driver.
INFO - 2025-10-14 21:47:21 --> Límite obtenido (general): 600.0000 kWh, IP: 192.168.0.232
INFO - 2025-10-14 21:47:22 --> Session: Class initialized using 'CodeIgniter\Session\Handlers\FileHandler' driver.
INFO - 2025-10-14 21:47:24 --> Session: Class initialized using 'CodeIgniter\Session\Handlers\FileHandler' driver.
INFO - 2025-10-14 21:47:24 --> Límite obtenido (general): 600.0000 kWh, IP: 192.168.0.232
INFO - 2025-10-14 21:47:24 --> Session: Class initialized using 'CodeIgniter\Session\Handlers\FileHandler' driver.
INFO - 2025-10-14 21:47:25 --> Session: Class initialized using 'CodeIgniter\Session\Handlers\FileHandler' driver.
INFO - 2025-10-14 21:47:27 --> Session: Class initialized using 'CodeIgniter\Session\Handlers\FileHandler' driver.
INFO - 2025-10-14 21:47:27 --> Límite obtenido (general): 600.0000 kWh, IP: 192.168.0.232
INFO - 2025-10-14 21:47:28 --> Session: Class initialized using 'CodeIgniter\Session\Handlers\FileHandler' driver.
DEBUG - 2025-10-14 21:47:28 --> Ruta actual: /Tesina/public/energia/dispositivo/2
INFO - 2025-10-14 21:47:28 --> Session: Class initialized using 'CodeIgniter\Session\Handlers\FileHandler' driver.
DEBUG - 2025-10-14 21:47:28 --> Datos en sesión: Array
(
    [__ci_last_regenerate] => 1760489057
    [_ci_previous_url] => http://192.168.0.138/Tesina/public/energia/dispositivo/2
    [id_usuario] => 1
    [nombre] => brunito
    [apellido] => barber
    [email] => brunocameille@alumnos.itr3.edu.ar
    [rol] => admin
    [logged_in] => 1
)

INFO - 2025-10-14 21:47:30 --> Session: Class initialized using 'CodeIgniter\Session\Handlers\FileHandler' driver.
INFO - 2025-10-14 21:47:30 --> Session: Class initialized using 'CodeIgniter\Session\Handlers\FileHandler' driver.
INFO - 2025-10-14 21:47:30 --> Límite obtenido (general): 600.0000 kWh, IP: 192.168.0.232
INFO - 2025-10-14 21:47:31 --> Session: Class initialized using 'CodeIgniter\Session\Handlers\FileHandler' driver.
INFO - 2025-10-14 21:47:33 --> Session: Class initialized using 'CodeIgniter\Session\Handlers\FileHandler' driver.
INFO - 2025-10-14 21:47:33 --> Límite obtenido (general): 600.0000 kWh, IP: 192.168.0.232
INFO - 2025-10-14 21:47:34 --> Session: Class initialized using 'CodeIgniter\Session\Handlers\FileHandler' driver.
INFO - 2025-10-14 21:47:34 --> Session: Class initialized using 'CodeIgniter\Session\Handlers\FileHandler' driver.
INFO - 2025-10-14 21:47:36 --> Session: Class initialized using 'CodeIgniter\Session\Handlers\FileHandler' driver.
INFO - 2025-10-14 21:47:36 --> Límite obtenido (general): 600.0000 kWh, IP: 192.168.0.232
INFO - 2025-10-14 21:47:37 --> Session: Class initialized using 'CodeIgniter\Session\Handlers\FileHandler' driver.
INFO - 2025-10-14 21:47:39 --> Session: Class initialized using 'CodeIgniter\Session\Handlers\FileHandler' driver.
INFO - 2025-10-14 21:47:39 --> Session: Class initialized using 'CodeIgniter\Session\Handlers\FileHandler' driver.
INFO - 2025-10-14 21:47:39 --> Límite obtenido (general): 600.0000 kWh, IP: 192.168.0.232
INFO - 2025-10-14 21:47:40 --> Session: Class initialized using 'CodeIgniter\Session\Handlers\FileHandler' driver.
INFO - 2025-10-14 21:47:42 --> Session: Class initialized using 'CodeIgniter\Session\Handlers\FileHandler' driver.
INFO - 2025-10-14 21:47:42 --> Límite obtenido (general): 600.0000 kWh, IP: 192.168.0.232
INFO - 2025-10-14 21:47:43 --> Session: Class initialized using 'CodeIgniter\Session\Handlers\FileHandler' driver.
INFO - 2025-10-14 21:47:44 --> Session: Class initialized using 'CodeIgniter\Session\Handlers\FileHandler' driver.
INFO - 2025-10-14 21:47:45 --> Session: Class initialized using 'CodeIgniter\Session\Handlers\FileHandler' driver.
INFO - 2025-10-14 21:47:45 --> Límite obtenido (general): 600.0000 kWh, IP: 192.168.0.232
INFO - 2025-10-14 21:47:46 --> Session: Class initialized using 'CodeIgniter\Session\Handlers\FileHandler' driver.
INFO - 2025-10-14 21:47:48 --> Session: Class initialized using 'CodeIgniter\Session\Handlers\FileHandler' driver.
INFO - 2025-10-14 21:47:48 --> Límite obtenido (general): 600.0000 kWh, IP: 192.168.0.232
INFO - 2025-10-14 21:47:49 --> Session: Class initialized using 'CodeIgniter\Session\Handlers\FileHandler' driver.
INFO - 2025-10-14 21:47:54 --> Session: Class initialized using 'CodeIgniter\Session\Handlers\FileHandler' driver.
INFO - 2025-10-14 21:47:59 --> Session: Class initialized using 'CodeIgniter\Session\Handlers\FileHandler' driver.
INFO - 2025-10-14 21:48:04 --> Session: Class initialized using 'CodeIgniter\Session\Handlers\FileHandler' driver.
INFO - 2025-10-14 21:48:09 --> Session: Class initialized using 'CodeIgniter\Session\Handlers\FileHandler' driver.
INFO - 2025-10-14 21:48:14 --> Session: Class initialized using 'CodeIgniter\Session\Handlers\FileHandler' driver.
INFO - 2025-10-14 21:48:20 --> Session: Class initialized using 'CodeIgniter\Session\Handlers\FileHandler' driver.
INFO - 2025-10-14 21:48:24 --> Session: Class initialized using 'CodeIgniter\Session\Handlers\FileHandler' driver.
INFO - 2025-10-14 21:48:29 --> Session: Class initialized using 'CodeIgniter\Session\Handlers\FileHandler' driver.
INFO - 2025-10-14 21:48:34 --> Session: Class initialized using 'CodeIgniter\Session\Handlers\FileHandler' driver.
INFO - 2025-10-14 21:49:17 --> Session: Class initialized using 'CodeIgniter\Session\Handlers\FileHandler' driver.
INFO - 2025-10-14 21:50:17 --> Session: Class initialized using 'CodeIgniter\Session\Handlers\FileHandler' driver.
INFO - 2025-10-14 21:50:27 --> Session: Class initialized using 'CodeIgniter\Session\Handlers\FileHandler' driver.
INFO - 2025-10-14 21:50:29 --> Session: Class initialized using 'CodeIgniter\Session\Handlers\FileHandler' driver.
INFO - 2025-10-14 21:50:33 --> Session: Class initialized using 'CodeIgniter\Session\Handlers\FileHandler' driver.
INFO - 2025-10-14 21:50:33 --> Último kWh obtenido: 273.5 para MAC: 08D1F9A52A14
INFO - 2025-10-14 21:50:34 --> Session: Class initialized using 'CodeIgniter\Session\Handlers\FileHandler' driver.
INFO - 2025-10-14 21:50:34 --> Session: Class initialized using 'CodeIgniter\Session\Handlers\FileHandler' driver.
INFO - 2025-10-14 21:50:34 --> Límite obtenido (general): 600.0000 kWh, IP: 192.168.0.232
INFO - 2025-10-14 21:50:35 --> Session: Class initialized using 'CodeIgniter\Session\Handlers\FileHandler' driver.
INFO - 2025-10-14 21:50:37 --> Session: Class initialized using 'CodeIgniter\Session\Handlers\FileHandler' driver.
INFO - 2025-10-14 21:50:37 --> Límite obtenido (general): 600.0000 kWh, IP: 192.168.0.232
INFO - 2025-10-14 21:50:38 --> Session: Class initialized using 'CodeIgniter\Session\Handlers\FileHandler' driver.
INFO - 2025-10-14 21:50:39 --> Session: Class initialized using 'CodeIgniter\Session\Handlers\FileHandler' driver.
INFO - 2025-10-14 21:50:40 --> Session: Class initialized using 'CodeIgniter\Session\Handlers\FileHandler' driver.
INFO - 2025-10-14 21:50:40 --> Límite obtenido (general): 600.0000 kWh, IP: 192.168.0.232
INFO - 2025-10-14 21:50:41 --> Session: Class initialized using 'CodeIgniter\Session\Handlers\FileHandler' driver.
INFO - 2025-10-14 21:50:43 --> Session: Class initialized using 'CodeIgniter\Session\Handlers\FileHandler' driver.
INFO - 2025-10-14 21:50:43 --> Límite obtenido (general): 600.0000 kWh, IP: 192.168.0.232
INFO - 2025-10-14 21:50:44 --> Session: Class initialized using 'CodeIgniter\Session\Handlers\FileHandler' driver.
INFO - 2025-10-14 21:50:44 --> Session: Class initialized using 'CodeIgniter\Session\Handlers\FileHandler' driver.
INFO - 2025-10-14 21:50:46 --> Session: Class initialized using 'CodeIgniter\Session\Handlers\FileHandler' driver.
INFO - 2025-10-14 21:50:46 --> Límite obtenido (general): 600.0000 kWh, IP: 192.168.0.232
INFO - 2025-10-14 21:50:47 --> Session: Class initialized using 'CodeIgniter\Session\Handlers\FileHandler' driver.
INFO - 2025-10-14 21:50:49 --> Session: Class initialized using 'CodeIgniter\Session\Handlers\FileHandler' driver.
INFO - 2025-10-14 21:50:49 --> Session: Class initialized using 'CodeIgniter\Session\Handlers\FileHandler' driver.
INFO - 2025-10-14 21:50:49 --> Límite obtenido (general): 600.0000 kWh, IP: 192.168.0.232
INFO - 2025-10-14 21:50:51 --> Session: Class initialized using 'CodeIgniter\Session\Handlers\FileHandler' driver.
INFO - 2025-10-14 21:50:52 --> Session: Class initialized using 'CodeIgniter\Session\Handlers\FileHandler' driver.
INFO - 2025-10-14 21:50:52 --> Límite obtenido (general): 600.0000 kWh, IP: 192.168.0.232
INFO - 2025-10-14 21:50:54 --> Session: Class initialized using 'CodeIgniter\Session\Handlers\FileHandler' driver.
INFO - 2025-10-14 21:50:54 --> Session: Class initialized using 'CodeIgniter\Session\Handlers\FileHandler' driver.
INFO - 2025-10-14 21:50:55 --> Session: Class initialized using 'CodeIgniter\Session\Handlers\FileHandler' driver.
INFO - 2025-10-14 21:50:55 --> Límite obtenido (general): 600.0000 kWh, IP: 192.168.0.232
INFO - 2025-10-14 21:50:57 --> Session: Class initialized using 'CodeIgniter\Session\Handlers\FileHandler' driver.
INFO - 2025-10-14 21:50:59 --> Session: Class initialized using 'CodeIgniter\Session\Handlers\FileHandler' driver.
INFO - 2025-10-14 21:50:59 --> Límite obtenido (general): 600.0000 kWh, IP: 192.168.0.232
INFO - 2025-10-14 21:50:59 --> Session: Class initialized using 'CodeIgniter\Session\Handlers\FileHandler' driver.
INFO - 2025-10-14 21:51:00 --> Session: Class initialized using 'CodeIgniter\Session\Handlers\FileHandler' driver.
INFO - 2025-10-14 21:51:02 --> Session: Class initialized using 'CodeIgniter\Session\Handlers\FileHandler' driver.
INFO - 2025-10-14 21:51:02 --> Límite obtenido (general): 600.0000 kWh, IP: 192.168.0.232
INFO - 2025-10-14 21:51:03 --> Session: Class initialized using 'CodeIgniter\Session\Handlers\FileHandler' driver.
INFO - 2025-10-14 21:51:04 --> Session: Class initialized using 'CodeIgniter\Session\Handlers\FileHandler' driver.
INFO - 2025-10-14 21:51:04 --> Session: Class initialized using 'CodeIgniter\Session\Handlers\FileHandler' driver.
INFO - 2025-10-14 21:51:04 --> Límite obtenido (general): 600.0000 kWh, IP: 192.168.0.232
INFO - 2025-10-14 21:51:06 --> Session: Class initialized using 'CodeIgniter\Session\Handlers\FileHandler' driver.
INFO - 2025-10-14 21:51:07 --> Session: Class initialized using 'CodeIgniter\Session\Handlers\FileHandler' driver.
INFO - 2025-10-14 21:51:07 --> Límite obtenido (general): 600.0000 kWh, IP: 192.168.0.232
INFO - 2025-10-14 21:51:09 --> Session: Class initialized using 'CodeIgniter\Session\Handlers\FileHandler' driver.
INFO - 2025-10-14 21:51:09 --> Session: Class initialized using 'CodeIgniter\Session\Handlers\FileHandler' driver.
INFO - 2025-10-14 21:51:10 --> Session: Class initialized using 'CodeIgniter\Session\Handlers\FileHandler' driver.
INFO - 2025-10-14 21:51:10 --> Límite obtenido (general): 600.0000 kWh, IP: 192.168.0.232
INFO - 2025-10-14 21:51:12 --> Session: Class initialized using 'CodeIgniter\Session\Handlers\FileHandler' driver.
INFO - 2025-10-14 21:51:13 --> Session: Class initialized using 'CodeIgniter\Session\Handlers\FileHandler' driver.
INFO - 2025-10-14 21:51:14 --> Límite obtenido (general): 600.0000 kWh, IP: 192.168.0.232
INFO - 2025-10-14 21:51:14 --> Session: Class initialized using 'CodeIgniter\Session\Handlers\FileHandler' driver.
INFO - 2025-10-14 21:51:15 --> Session: Class initialized using 'CodeIgniter\Session\Handlers\FileHandler' driver.
INFO - 2025-10-14 21:51:16 --> Session: Class initialized using 'CodeIgniter\Session\Handlers\FileHandler' driver.
INFO - 2025-10-14 21:51:17 --> Límite obtenido (general): 600.0000 kWh, IP: 192.168.0.232
INFO - 2025-10-14 21:51:18 --> Session: Class initialized using 'CodeIgniter\Session\Handlers\FileHandler' driver.
DEBUG - 2025-10-14 21:51:18 --> Ruta actual: /Tesina/public/energia/dispositivo/2
INFO - 2025-10-14 21:51:18 --> Session: Class initialized using 'CodeIgniter\Session\Handlers\FileHandler' driver.
DEBUG - 2025-10-14 21:51:18 --> Datos en sesión: Array
(
    [__ci_last_regenerate] => 1760489417
    [_ci_previous_url] => http://192.168.0.138/Tesina/public/energia/dispositivo/2
    [id_usuario] => 1
    [nombre] => brunito
    [apellido] => barber
    [email] => brunocameille@alumnos.itr3.edu.ar
    [rol] => admin
    [logged_in] => 1
)

INFO - 2025-10-14 21:51:19 --> Session: Class initialized using 'CodeIgniter\Session\Handlers\FileHandler' driver.
INFO - 2025-10-14 21:51:19 --> Session: Class initialized using 'CodeIgniter\Session\Handlers\FileHandler' driver.
INFO - 2025-10-14 21:51:20 --> Límite obtenido (general): 600.0000 kWh, IP: 192.168.0.232
INFO - 2025-10-14 21:51:21 --> Session: Class initialized using 'CodeIgniter\Session\Handlers\FileHandler' driver.
INFO - 2025-10-14 21:51:23 --> Session: Class initialized using 'CodeIgniter\Session\Handlers\FileHandler' driver.
INFO - 2025-10-14 21:51:23 --> Límite obtenido (general): 600.0000 kWh, IP: 192.168.0.232
INFO - 2025-10-14 21:51:24 --> Session: Class initialized using 'CodeIgniter\Session\Handlers\FileHandler' driver.
INFO - 2025-10-14 21:51:24 --> Session: Class initialized using 'CodeIgniter\Session\Handlers\FileHandler' driver.
INFO - 2025-10-14 21:51:26 --> Session: Class initialized using 'CodeIgniter\Session\Handlers\FileHandler' driver.
INFO - 2025-10-14 21:51:26 --> Límite obtenido (general): 600.0000 kWh, IP: 192.168.0.232
INFO - 2025-10-14 21:51:27 --> Session: Class initialized using 'CodeIgniter\Session\Handlers\FileHandler' driver.
INFO - 2025-10-14 21:51:29 --> Session: Class initialized using 'CodeIgniter\Session\Handlers\FileHandler' driver.
INFO - 2025-10-14 21:51:29 --> Límite obtenido (general): 600.0000 kWh, IP: 192.168.0.232
INFO - 2025-10-14 21:51:29 --> Session: Class initialized using 'CodeIgniter\Session\Handlers\FileHandler' driver.
INFO - 2025-10-14 21:51:30 --> Session: Class initialized using 'CodeIgniter\Session\Handlers\FileHandler' driver.
INFO - 2025-10-14 21:51:32 --> Session: Class initialized using 'CodeIgniter\Session\Handlers\FileHandler' driver.
INFO - 2025-10-14 21:51:32 --> Límite obtenido (general): 600.0000 kWh, IP: 192.168.0.232
INFO - 2025-10-14 21:51:33 --> Session: Class initialized using 'CodeIgniter\Session\Handlers\FileHandler' driver.
INFO - 2025-10-14 21:51:34 --> Session: Class initialized using 'CodeIgniter\Session\Handlers\FileHandler' driver.
INFO - 2025-10-14 21:51:35 --> Session: Class initialized using 'CodeIgniter\Session\Handlers\FileHandler' driver.
INFO - 2025-10-14 21:51:35 --> Límite obtenido (general): 600.0000 kWh, IP: 192.168.0.232
INFO - 2025-10-14 21:51:36 --> Session: Class initialized using 'CodeIgniter\Session\Handlers\FileHandler' driver.
INFO - 2025-10-14 21:51:38 --> Session: Class initialized using 'CodeIgniter\Session\Handlers\FileHandler' driver.
INFO - 2025-10-14 21:51:38 --> Límite obtenido (general): 600.0000 kWh, IP: 192.168.0.232
INFO - 2025-10-14 21:51:39 --> Session: Class initialized using 'CodeIgniter\Session\Handlers\FileHandler' driver.
INFO - 2025-10-14 21:51:39 --> Session: Class initialized using 'CodeIgniter\Session\Handlers\FileHandler' driver.
INFO - 2025-10-14 21:51:41 --> Session: Class initialized using 'CodeIgniter\Session\Handlers\FileHandler' driver.
INFO - 2025-10-14 21:51:41 --> Límite obtenido (general): 600.0000 kWh, IP: 192.168.0.232
INFO - 2025-10-14 21:51:42 --> Session: Class initialized using 'CodeIgniter\Session\Handlers\FileHandler' driver.
INFO - 2025-10-14 21:51:44 --> Session: Class initialized using 'CodeIgniter\Session\Handlers\FileHandler' driver.
INFO - 2025-10-14 21:51:44 --> Session: Class initialized using 'CodeIgniter\Session\Handlers\FileHandler' driver.
INFO - 2025-10-14 21:51:44 --> Límite obtenido (general): 600.0000 kWh, IP: 192.168.0.232
INFO - 2025-10-14 21:51:45 --> Session: Class initialized using 'CodeIgniter\Session\Handlers\FileHandler' driver.
INFO - 2025-10-14 21:51:46 --> Session: Class initialized using 'CodeIgniter\Session\Handlers\FileHandler' driver.
INFO - 2025-10-14 21:51:47 --> Límite obtenido (general): 600.0000 kWh, IP: 192.168.0.232
INFO - 2025-10-14 21:51:49 --> Session: Class initialized using 'CodeIgniter\Session\Handlers\FileHandler' driver.
INFO - 2025-10-14 21:51:54 --> Session: Class initialized using 'CodeIgniter\Session\Handlers\FileHandler' driver.
INFO - 2025-10-14 21:51:59 --> Session: Class initialized using 'CodeIgniter\Session\Handlers\FileHandler' driver.
INFO - 2025-10-14 21:52:04 --> Session: Class initialized using 'CodeIgniter\Session\Handlers\FileHandler' driver.
INFO - 2025-10-14 21:52:09 --> Session: Class initialized using 'CodeIgniter\Session\Handlers\FileHandler' driver.
INFO - 2025-10-14 21:52:14 --> Session: Class initialized using 'CodeIgniter\Session\Handlers\FileHandler' driver.
INFO - 2025-10-14 21:52:19 --> Session: Class initialized using 'CodeIgniter\Session\Handlers\FileHandler' driver.
INFO - 2025-10-14 21:52:55 --> Session: Class initialized using 'CodeIgniter\Session\Handlers\FileHandler' driver.
DEBUG - 2025-10-14 21:52:55 --> Ruta actual: /Tesina/public/energia/dispositivo/2
INFO - 2025-10-14 21:52:55 --> Session: Class initialized using 'CodeIgniter\Session\Handlers\FileHandler' driver.
DEBUG - 2025-10-14 21:52:55 --> Datos en sesión: Array
(
    [__ci_last_regenerate] => 1760489417
    [_ci_previous_url] => http://192.168.0.138/Tesina/public/energia/dispositivo/2
    [id_usuario] => 1
    [nombre] => brunito
    [apellido] => barber
    [email] => brunocameille@alumnos.itr3.edu.ar
    [rol] => admin
    [logged_in] => 1
)

INFO - 2025-10-14 21:52:57 --> Session: Class initialized using 'CodeIgniter\Session\Handlers\FileHandler' driver.
INFO - 2025-10-14 21:52:58 --> Session: Class initialized using 'CodeIgniter\Session\Handlers\FileHandler' driver.
INFO - 2025-10-14 21:52:58 --> Límite obtenido (general): 600.0000 kWh, IP: 192.168.0.232
INFO - 2025-10-14 21:52:59 --> Session: Class initialized using 'CodeIgniter\Session\Handlers\FileHandler' driver.
INFO - 2025-10-14 21:53:00 --> Session: Class initialized using 'CodeIgniter\Session\Handlers\FileHandler' driver.
INFO - 2025-10-14 21:53:01 --> Límite obtenido (general): 600.0000 kWh, IP: 192.168.0.232
INFO - 2025-10-14 21:53:02 --> Session: Class initialized using 'CodeIgniter\Session\Handlers\FileHandler' driver.
INFO - 2025-10-14 21:53:04 --> Session: Class initialized using 'CodeIgniter\Session\Handlers\FileHandler' driver.
INFO - 2025-10-14 21:53:04 --> Límite obtenido (general): 600.0000 kWh, IP: 192.168.0.232
INFO - 2025-10-14 21:53:05 --> Session: Class initialized using 'CodeIgniter\Session\Handlers\FileHandler' driver.
INFO - 2025-10-14 21:53:06 --> Session: Class initialized using 'CodeIgniter\Session\Handlers\FileHandler' driver.
INFO - 2025-10-14 21:53:07 --> Límite obtenido (general): 600.0000 kWh, IP: 192.168.0.232
INFO - 2025-10-14 21:53:08 --> Session: Class initialized using 'CodeIgniter\Session\Handlers\FileHandler' driver.
DEBUG - 2025-10-14 21:53:09 --> Ruta actual: /Tesina/public/energia/dispositivo/2
INFO - 2025-10-14 21:53:09 --> Session: Class initialized using 'CodeIgniter\Session\Handlers\FileHandler' driver.
DEBUG - 2025-10-14 21:53:09 --> Datos en sesión: Array
(
    [__ci_last_regenerate] => 1760489417
    [_ci_previous_url] => http://192.168.0.138/Tesina/public/energia/dispositivo/2
    [id_usuario] => 1
    [nombre] => brunito
    [apellido] => barber
    [email] => brunocameille@alumnos.itr3.edu.ar
    [rol] => admin
    [logged_in] => 1
)

INFO - 2025-10-14 21:53:09 --> Session: Class initialized using 'CodeIgniter\Session\Handlers\FileHandler' driver.
INFO - 2025-10-14 21:53:09 --> Límite obtenido (general): 600.0000 kWh, IP: 192.168.0.232
INFO - 2025-10-14 21:53:10 --> Session: Class initialized using 'CodeIgniter\Session\Handlers\FileHandler' driver.
INFO - 2025-10-14 21:53:11 --> Session: Class initialized using 'CodeIgniter\Session\Handlers\FileHandler' driver.
DEBUG - 2025-10-14 21:53:11 --> Ruta actual: /Tesina/public/energia/dispositivo/2
INFO - 2025-10-14 21:53:11 --> Session: Class initialized using 'CodeIgniter\Session\Handlers\FileHandler' driver.
DEBUG - 2025-10-14 21:53:11 --> Datos en sesión: Array
(
    [__ci_last_regenerate] => 1760489417
    [_ci_previous_url] => http://192.168.0.138/Tesina/public/energia/dispositivo/2
    [id_usuario] => 1
    [nombre] => brunito
    [apellido] => barber
    [email] => brunocameille@alumnos.itr3.edu.ar
    [rol] => admin
    [logged_in] => 1
)

DEBUG - 2025-10-14 21:53:12 --> Ruta actual: /Tesina/public/energia/dispositivo/2
INFO - 2025-10-14 21:53:12 --> Session: Class initialized using 'CodeIgniter\Session\Handlers\FileHandler' driver.
DEBUG - 2025-10-14 21:53:12 --> Datos en sesión: Array
(
    [__ci_last_regenerate] => 1760489417
    [_ci_previous_url] => http://192.168.0.138/Tesina/public/energia/dispositivo/2
    [id_usuario] => 1
    [nombre] => brunito
    [apellido] => barber
    [email] => brunocameille@alumnos.itr3.edu.ar
    [rol] => admin
    [logged_in] => 1
)

INFO - 2025-10-14 21:53:12 --> Session: Class initialized using 'CodeIgniter\Session\Handlers\FileHandler' driver.
INFO - 2025-10-14 21:53:13 --> Límite obtenido (general): 600.0000 kWh, IP: 192.168.0.232
DEBUG - 2025-10-14 21:53:13 --> Ruta actual: /Tesina/public/energia/dispositivo/2
INFO - 2025-10-14 21:53:13 --> Session: Class initialized using 'CodeIgniter\Session\Handlers\FileHandler' driver.
DEBUG - 2025-10-14 21:53:13 --> Datos en sesión: Array
(
    [__ci_last_regenerate] => 1760489417
    [_ci_previous_url] => http://192.168.0.138/Tesina/public/energia/dispositivo/2
    [id_usuario] => 1
    [nombre] => brunito
    [apellido] => barber
    [email] => brunocameille@alumnos.itr3.edu.ar
    [rol] => admin
    [logged_in] => 1
)

INFO - 2025-10-14 21:53:14 --> Session: Class initialized using 'CodeIgniter\Session\Handlers\FileHandler' driver.
DEBUG - 2025-10-14 21:53:14 --> Ruta actual: /Tesina/public/energia/dispositivo/2
INFO - 2025-10-14 21:53:14 --> Session: Class initialized using 'CodeIgniter\Session\Handlers\FileHandler' driver.
DEBUG - 2025-10-14 21:53:14 --> Datos en sesión: Array
(
    [__ci_last_regenerate] => 1760489417
    [_ci_previous_url] => http://192.168.0.138/Tesina/public/energia/dispositivo/2
    [id_usuario] => 1
    [nombre] => brunito
    [apellido] => barber
    [email] => brunocameille@alumnos.itr3.edu.ar
    [rol] => admin
    [logged_in] => 1
)

INFO - 2025-10-14 21:53:15 --> Session: Class initialized using 'CodeIgniter\Session\Handlers\FileHandler' driver.
DEBUG - 2025-10-14 21:53:15 --> Ruta actual: /Tesina/public/energia/dispositivo/2
INFO - 2025-10-14 21:53:15 --> Session: Class initialized using 'CodeIgniter\Session\Handlers\FileHandler' driver.
DEBUG - 2025-10-14 21:53:15 --> Datos en sesión: Array
(
    [__ci_last_regenerate] => 1760489417
    [_ci_previous_url] => http://192.168.0.138/Tesina/public/energia/dispositivo/2
    [id_usuario] => 1
    [nombre] => brunito
    [apellido] => barber
    [email] => brunocameille@alumnos.itr3.edu.ar
    [rol] => admin
    [logged_in] => 1
)

INFO - 2025-10-14 21:53:16 --> Session: Class initialized using 'CodeIgniter\Session\Handlers\FileHandler' driver.
INFO - 2025-10-14 21:53:16 --> Límite obtenido (general): 600.0000 kWh, IP: 192.168.0.232
DEBUG - 2025-10-14 21:53:16 --> Ruta actual: /Tesina/public/energia/dispositivo/2
INFO - 2025-10-14 21:53:16 --> Session: Class initialized using 'CodeIgniter\Session\Handlers\FileHandler' driver.
DEBUG - 2025-10-14 21:53:16 --> Datos en sesión: Array
(
    [__ci_last_regenerate] => 1760489417
    [_ci_previous_url] => http://192.168.0.138/Tesina/public/energia/dispositivo/2
    [id_usuario] => 1
    [nombre] => brunito
    [apellido] => barber
    [email] => brunocameille@alumnos.itr3.edu.ar
    [rol] => admin
    [logged_in] => 1
)

INFO - 2025-10-14 21:53:17 --> Session: Class initialized using 'CodeIgniter\Session\Handlers\FileHandler' driver.
DEBUG - 2025-10-14 21:53:17 --> Ruta actual: /Tesina/public/energia/dispositivo/2
INFO - 2025-10-14 21:53:17 --> Session: Class initialized using 'CodeIgniter\Session\Handlers\FileHandler' driver.
DEBUG - 2025-10-14 21:53:17 --> Datos en sesión: Array
(
    [__ci_last_regenerate] => 1760489417
    [_ci_previous_url] => http://192.168.0.138/Tesina/public/energia/dispositivo/2
    [id_usuario] => 1
    [nombre] => brunito
    [apellido] => barber
    [email] => brunocameille@alumnos.itr3.edu.ar
    [rol] => admin
    [logged_in] => 1
)

DEBUG - 2025-10-14 21:53:18 --> Ruta actual: /Tesina/public/energia/dispositivo/2
INFO - 2025-10-14 21:53:18 --> Session: Class initialized using 'CodeIgniter\Session\Handlers\FileHandler' driver.
DEBUG - 2025-10-14 21:53:18 --> Datos en sesión: Array
(
    [__ci_last_regenerate] => 1760489417
    [_ci_previous_url] => http://192.168.0.138/Tesina/public/energia/dispositivo/2
    [id_usuario] => 1
    [nombre] => brunito
    [apellido] => barber
    [email] => brunocameille@alumnos.itr3.edu.ar
    [rol] => admin
    [logged_in] => 1
)

INFO - 2025-10-14 21:53:19 --> Session: Class initialized using 'CodeIgniter\Session\Handlers\FileHandler' driver.
INFO - 2025-10-14 21:53:19 --> Límite obtenido (general): 600.0000 kWh, IP: 192.168.0.232
DEBUG - 2025-10-14 21:53:19 --> Ruta actual: /Tesina/public/energia/dispositivo/2
INFO - 2025-10-14 21:53:19 --> Session: Class initialized using 'CodeIgniter\Session\Handlers\FileHandler' driver.
DEBUG - 2025-10-14 21:53:19 --> Datos en sesión: Array
(
    [__ci_last_regenerate] => 1760489417
    [_ci_previous_url] => http://192.168.0.138/Tesina/public/energia/dispositivo/2
    [id_usuario] => 1
    [nombre] => brunito
    [apellido] => barber
    [email] => brunocameille@alumnos.itr3.edu.ar
    [rol] => admin
    [logged_in] => 1
)

DEBUG - 2025-10-14 21:53:20 --> Ruta actual: /Tesina/public/energia/dispositivo/2
INFO - 2025-10-14 21:53:20 --> Session: Class initialized using 'CodeIgniter\Session\Handlers\FileHandler' driver.
DEBUG - 2025-10-14 21:53:20 --> Datos en sesión: Array
(
    [__ci_last_regenerate] => 1760489417
    [_ci_previous_url] => http://192.168.0.138/Tesina/public/energia/dispositivo/2
    [id_usuario] => 1
    [nombre] => brunito
    [apellido] => barber
    [email] => brunocameille@alumnos.itr3.edu.ar
    [rol] => admin
    [logged_in] => 1
)

INFO - 2025-10-14 21:53:20 --> Session: Class initialized using 'CodeIgniter\Session\Handlers\FileHandler' driver.
INFO - 2025-10-14 21:53:21 --> Session: Class initialized using 'CodeIgniter\Session\Handlers\FileHandler' driver.
DEBUG - 2025-10-14 21:53:21 --> Ruta actual: /Tesina/public/energia/dispositivo/2
INFO - 2025-10-14 21:53:21 --> Session: Class initialized using 'CodeIgniter\Session\Handlers\FileHandler' driver.
DEBUG - 2025-10-14 21:53:21 --> Datos en sesión: Array
(
    [__ci_last_regenerate] => 1760489417
    [_ci_previous_url] => http://192.168.0.138/Tesina/public/energia/dispositivo/2
    [id_usuario] => 1
    [nombre] => brunito
    [apellido] => barber
    [email] => brunocameille@alumnos.itr3.edu.ar
    [rol] => admin
    [logged_in] => 1
)

INFO - 2025-10-14 21:53:22 --> Session: Class initialized using 'CodeIgniter\Session\Handlers\FileHandler' driver.
INFO - 2025-10-14 21:53:22 --> Límite obtenido (general): 600.0000 kWh, IP: 192.168.0.232
INFO - 2025-10-14 21:53:23 --> Session: Class initialized using 'CodeIgniter\Session\Handlers\FileHandler' driver.
INFO - 2025-10-14 21:53:23 --> Session: Class initialized using 'CodeIgniter\Session\Handlers\FileHandler' driver.
INFO - 2025-10-14 21:53:25 --> Session: Class initialized using 'CodeIgniter\Session\Handlers\FileHandler' driver.
INFO - 2025-10-14 21:53:25 --> Límite obtenido (general): 600.0000 kWh, IP: 192.168.0.232
INFO - 2025-10-14 21:53:26 --> Session: Class initialized using 'CodeIgniter\Session\Handlers\FileHandler' driver.
INFO - 2025-10-14 21:53:27 --> Session: Class initialized using 'CodeIgniter\Session\Handlers\FileHandler' driver.
INFO - 2025-10-14 21:53:28 --> Session: Class initialized using 'CodeIgniter\Session\Handlers\FileHandler' driver.
INFO - 2025-10-14 21:53:28 --> Límite obtenido (general): 600.0000 kWh, IP: 192.168.0.232
INFO - 2025-10-14 21:53:29 --> Session: Class initialized using 'CodeIgniter\Session\Handlers\FileHandler' driver.
INFO - 2025-10-14 21:53:31 --> Session: Class initialized using 'CodeIgniter\Session\Handlers\FileHandler' driver.
INFO - 2025-10-14 21:53:31 --> Límite obtenido (general): 600.0000 kWh, IP: 192.168.0.232
INFO - 2025-10-14 21:53:32 --> Session: Class initialized using 'CodeIgniter\Session\Handlers\FileHandler' driver.
INFO - 2025-10-14 21:53:32 --> Session: Class initialized using 'CodeIgniter\Session\Handlers\FileHandler' driver.
INFO - 2025-10-14 21:53:34 --> Session: Class initialized using 'CodeIgniter\Session\Handlers\FileHandler' driver.
INFO - 2025-10-14 21:53:34 --> Límite obtenido (general): 600.0000 kWh, IP: 192.168.0.232
INFO - 2025-10-14 21:53:35 --> Session: Class initialized using 'CodeIgniter\Session\Handlers\FileHandler' driver.
INFO - 2025-10-14 21:53:37 --> Session: Class initialized using 'CodeIgniter\Session\Handlers\FileHandler' driver.
INFO - 2025-10-14 21:53:37 --> Session: Class initialized using 'CodeIgniter\Session\Handlers\FileHandler' driver.
INFO - 2025-10-14 21:53:37 --> Límite obtenido (general): 600.0000 kWh, IP: 192.168.0.232
INFO - 2025-10-14 21:53:38 --> Session: Class initialized using 'CodeIgniter\Session\Handlers\FileHandler' driver.
INFO - 2025-10-14 21:53:40 --> Session: Class initialized using 'CodeIgniter\Session\Handlers\FileHandler' driver.
INFO - 2025-10-14 21:53:40 --> Límite obtenido (general): 600.0000 kWh, IP: 192.168.0.232
INFO - 2025-10-14 21:53:41 --> Session: Class initialized using 'CodeIgniter\Session\Handlers\FileHandler' driver.
INFO - 2025-10-14 21:53:42 --> Session: Class initialized using 'CodeIgniter\Session\Handlers\FileHandler' driver.
INFO - 2025-10-14 21:53:43 --> Session: Class initialized using 'CodeIgniter\Session\Handlers\FileHandler' driver.
INFO - 2025-10-14 21:53:43 --> Límite obtenido (general): 600.0000 kWh, IP: 192.168.0.232
INFO - 2025-10-14 21:53:44 --> Session: Class initialized using 'CodeIgniter\Session\Handlers\FileHandler' driver.
INFO - 2025-10-14 21:53:46 --> Session: Class initialized using 'CodeIgniter\Session\Handlers\FileHandler' driver.
INFO - 2025-10-14 21:53:46 --> Límite obtenido (general): 600.0000 kWh, IP: 192.168.0.232
INFO - 2025-10-14 21:53:47 --> Session: Class initialized using 'CodeIgniter\Session\Handlers\FileHandler' driver.
INFO - 2025-10-14 21:53:47 --> Session: Class initialized using 'CodeIgniter\Session\Handlers\FileHandler' driver.
INFO - 2025-10-14 21:53:49 --> Session: Class initialized using 'CodeIgniter\Session\Handlers\FileHandler' driver.
INFO - 2025-10-14 21:53:49 --> Límite obtenido (general): 600.0000 kWh, IP: 192.168.0.232
INFO - 2025-10-14 21:53:50 --> Session: Class initialized using 'CodeIgniter\Session\Handlers\FileHandler' driver.
INFO - 2025-10-14 21:53:52 --> Session: Class initialized using 'CodeIgniter\Session\Handlers\FileHandler' driver.
INFO - 2025-10-14 21:53:52 --> Session: Class initialized using 'CodeIgniter\Session\Handlers\FileHandler' driver.
INFO - 2025-10-14 21:53:52 --> Límite obtenido (general): 600.0000 kWh, IP: 192.168.0.232
INFO - 2025-10-14 21:53:54 --> Session: Class initialized using 'CodeIgniter\Session\Handlers\FileHandler' driver.
INFO - 2025-10-14 21:53:55 --> Session: Class initialized using 'CodeIgniter\Session\Handlers\FileHandler' driver.
INFO - 2025-10-14 21:53:55 --> Límite obtenido (general): 600.0000 kWh, IP: 192.168.0.232
INFO - 2025-10-14 21:53:57 --> Session: Class initialized using 'CodeIgniter\Session\Handlers\FileHandler' driver.
INFO - 2025-10-14 21:53:57 --> Session: Class initialized using 'CodeIgniter\Session\Handlers\FileHandler' driver.
INFO - 2025-10-14 21:53:59 --> Session: Class initialized using 'CodeIgniter\Session\Handlers\FileHandler' driver.
INFO - 2025-10-14 21:53:59 --> Límite obtenido (general): 600.0000 kWh, IP: 192.168.0.232
INFO - 2025-10-14 21:54:00 --> Session: Class initialized using 'CodeIgniter\Session\Handlers\FileHandler' driver.
INFO - 2025-10-14 21:54:02 --> Session: Class initialized using 'CodeIgniter\Session\Handlers\FileHandler' driver.
INFO - 2025-10-14 21:54:02 --> Límite obtenido (general): 600.0000 kWh, IP: 192.168.0.232
INFO - 2025-10-14 21:54:02 --> Session: Class initialized using 'CodeIgniter\Session\Handlers\FileHandler' driver.
INFO - 2025-10-14 21:54:03 --> Session: Class initialized using 'CodeIgniter\Session\Handlers\FileHandler' driver.
INFO - 2025-10-14 21:54:04 --> Session: Class initialized using 'CodeIgniter\Session\Handlers\FileHandler' driver.
INFO - 2025-10-14 21:54:04 --> Límite obtenido (general): 600.0000 kWh, IP: 192.168.0.232
INFO - 2025-10-14 21:54:06 --> Session: Class initialized using 'CodeIgniter\Session\Handlers\FileHandler' driver.
INFO - 2025-10-14 21:54:07 --> Session: Class initialized using 'CodeIgniter\Session\Handlers\FileHandler' driver.
INFO - 2025-10-14 21:54:08 --> Session: Class initialized using 'CodeIgniter\Session\Handlers\FileHandler' driver.
INFO - 2025-10-14 21:54:08 --> Límite obtenido (general): 600.0000 kWh, IP: 192.168.0.232
INFO - 2025-10-14 21:54:09 --> Session: Class initialized using 'CodeIgniter\Session\Handlers\FileHandler' driver.
INFO - 2025-10-14 21:54:11 --> Session: Class initialized using 'CodeIgniter\Session\Handlers\FileHandler' driver.
INFO - 2025-10-14 21:54:11 --> Límite obtenido (general): 600.0000 kWh, IP: 192.168.0.232
INFO - 2025-10-14 21:54:12 --> Session: Class initialized using 'CodeIgniter\Session\Handlers\FileHandler' driver.
INFO - 2025-10-14 21:54:13 --> Session: Class initialized using 'CodeIgniter\Session\Handlers\FileHandler' driver.
INFO - 2025-10-14 21:54:14 --> Session: Class initialized using 'CodeIgniter\Session\Handlers\FileHandler' driver.
INFO - 2025-10-14 21:54:14 --> Límite obtenido (general): 600.0000 kWh, IP: 192.168.0.232
INFO - 2025-10-14 21:54:15 --> Session: Class initialized using 'CodeIgniter\Session\Handlers\FileHandler' driver.
INFO - 2025-10-14 21:54:17 --> Session: Class initialized using 'CodeIgniter\Session\Handlers\FileHandler' driver.
INFO - 2025-10-14 21:54:17 --> Session: Class initialized using 'CodeIgniter\Session\Handlers\FileHandler' driver.
INFO - 2025-10-14 21:54:17 --> Límite obtenido (general): 600.0000 kWh, IP: 192.168.0.232
INFO - 2025-10-14 21:54:20 --> Session: Class initialized using 'CodeIgniter\Session\Handlers\FileHandler' driver.
INFO - 2025-10-14 21:54:22 --> Session: Class initialized using 'CodeIgniter\Session\Handlers\FileHandler' driver.
INFO - 2025-10-14 21:54:22 --> Límite obtenido (general): 600.0000 kWh, IP: 192.168.0.232
INFO - 2025-10-14 21:54:22 --> Session: Class initialized using 'CodeIgniter\Session\Handlers\FileHandler' driver.
INFO - 2025-10-14 21:54:23 --> Session: Class initialized using 'CodeIgniter\Session\Handlers\FileHandler' driver.
INFO - 2025-10-14 21:54:25 --> Session: Class initialized using 'CodeIgniter\Session\Handlers\FileHandler' driver.
INFO - 2025-10-14 21:54:25 --> Límite obtenido (general): 600.0000 kWh, IP: 192.168.0.232
INFO - 2025-10-14 21:54:26 --> Session: Class initialized using 'CodeIgniter\Session\Handlers\FileHandler' driver.
INFO - 2025-10-14 21:54:28 --> Session: Class initialized using 'CodeIgniter\Session\Handlers\FileHandler' driver.
INFO - 2025-10-14 21:54:28 --> Límite obtenido (general): 600.0000 kWh, IP: 192.168.0.232
INFO - 2025-10-14 21:54:30 --> Session: Class initialized using 'CodeIgniter\Session\Handlers\FileHandler' driver.
INFO - 2025-10-14 21:54:31 --> Session: Class initialized using 'CodeIgniter\Session\Handlers\FileHandler' driver.
INFO - 2025-10-14 21:54:31 --> Límite obtenido (general): 600.0000 kWh, IP: 192.168.0.232
INFO - 2025-10-14 21:54:33 --> Session: Class initialized using 'CodeIgniter\Session\Handlers\FileHandler' driver.
INFO - 2025-10-14 21:54:34 --> Session: Class initialized using 'CodeIgniter\Session\Handlers\FileHandler' driver.
INFO - 2025-10-14 21:54:34 --> Límite obtenido (general): 600.0000 kWh, IP: 192.168.0.232
INFO - 2025-10-14 21:54:36 --> Session: Class initialized using 'CodeIgniter\Session\Handlers\FileHandler' driver.
INFO - 2025-10-14 21:54:37 --> Session: Class initialized using 'CodeIgniter\Session\Handlers\FileHandler' driver.
INFO - 2025-10-14 21:54:37 --> Límite obtenido (general): 600.0000 kWh, IP: 192.168.0.232
INFO - 2025-10-14 21:54:39 --> Session: Class initialized using 'CodeIgniter\Session\Handlers\FileHandler' driver.
INFO - 2025-10-14 21:54:41 --> Session: Class initialized using 'CodeIgniter\Session\Handlers\FileHandler' driver.
INFO - 2025-10-14 21:54:41 --> Límite obtenido (general): 600.0000 kWh, IP: 192.168.0.232
INFO - 2025-10-14 21:54:42 --> Session: Class initialized using 'CodeIgniter\Session\Handlers\FileHandler' driver.
INFO - 2025-10-14 21:54:44 --> Session: Class initialized using 'CodeIgniter\Session\Handlers\FileHandler' driver.
INFO - 2025-10-14 21:54:44 --> Límite obtenido (general): 600.0000 kWh, IP: 192.168.0.232
INFO - 2025-10-14 21:54:45 --> Session: Class initialized using 'CodeIgniter\Session\Handlers\FileHandler' driver.
INFO - 2025-10-14 21:54:47 --> Session: Class initialized using 'CodeIgniter\Session\Handlers\FileHandler' driver.
INFO - 2025-10-14 21:54:47 --> Límite obtenido (general): 600.0000 kWh, IP: 192.168.0.232
INFO - 2025-10-14 21:54:48 --> Session: Class initialized using 'CodeIgniter\Session\Handlers\FileHandler' driver.
INFO - 2025-10-14 21:54:50 --> Session: Class initialized using 'CodeIgniter\Session\Handlers\FileHandler' driver.
INFO - 2025-10-14 21:54:50 --> Límite obtenido (general): 600.0000 kWh, IP: 192.168.0.232
INFO - 2025-10-14 21:54:51 --> Session: Class initialized using 'CodeIgniter\Session\Handlers\FileHandler' driver.
INFO - 2025-10-14 21:54:53 --> Session: Class initialized using 'CodeIgniter\Session\Handlers\FileHandler' driver.
INFO - 2025-10-14 21:54:53 --> Límite obtenido (general): 600.0000 kWh, IP: 192.168.0.232
INFO - 2025-10-14 21:54:54 --> Session: Class initialized using 'CodeIgniter\Session\Handlers\FileHandler' driver.
INFO - 2025-10-14 21:54:56 --> Session: Class initialized using 'CodeIgniter\Session\Handlers\FileHandler' driver.
INFO - 2025-10-14 21:54:56 --> Límite obtenido (general): 600.0000 kWh, IP: 192.168.0.232
INFO - 2025-10-14 21:54:57 --> Session: Class initialized using 'CodeIgniter\Session\Handlers\FileHandler' driver.
INFO - 2025-10-14 21:54:59 --> Session: Class initialized using 'CodeIgniter\Session\Handlers\FileHandler' driver.
INFO - 2025-10-14 21:54:59 --> Límite obtenido (general): 600.0000 kWh, IP: 192.168.0.232
INFO - 2025-10-14 21:55:00 --> Session: Class initialized using 'CodeIgniter\Session\Handlers\FileHandler' driver.
INFO - 2025-10-14 21:55:02 --> Session: Class initialized using 'CodeIgniter\Session\Handlers\FileHandler' driver.
INFO - 2025-10-14 21:55:02 --> Límite obtenido (general): 600.0000 kWh, IP: 192.168.0.232
INFO - 2025-10-14 21:55:03 --> Session: Class initialized using 'CodeIgniter\Session\Handlers\FileHandler' driver.
INFO - 2025-10-14 21:55:05 --> Session: Class initialized using 'CodeIgniter\Session\Handlers\FileHandler' driver.
INFO - 2025-10-14 21:55:05 --> Límite obtenido (general): 600.0000 kWh, IP: 192.168.0.232
INFO - 2025-10-14 21:55:06 --> Session: Class initialized using 'CodeIgniter\Session\Handlers\FileHandler' driver.
INFO - 2025-10-14 21:55:08 --> Session: Class initialized using 'CodeIgniter\Session\Handlers\FileHandler' driver.
INFO - 2025-10-14 21:55:08 --> Límite obtenido (general): 600.0000 kWh, IP: 192.168.0.232
INFO - 2025-10-14 21:55:09 --> Session: Class initialized using 'CodeIgniter\Session\Handlers\FileHandler' driver.
INFO - 2025-10-14 21:55:11 --> Session: Class initialized using 'CodeIgniter\Session\Handlers\FileHandler' driver.
INFO - 2025-10-14 21:55:11 --> Límite obtenido (general): 600.0000 kWh, IP: 192.168.0.232
INFO - 2025-10-14 21:55:12 --> Session: Class initialized using 'CodeIgniter\Session\Handlers\FileHandler' driver.
INFO - 2025-10-14 21:55:14 --> Session: Class initialized using 'CodeIgniter\Session\Handlers\FileHandler' driver.
INFO - 2025-10-14 21:55:14 --> Límite obtenido (general): 600.0000 kWh, IP: 192.168.0.232
INFO - 2025-10-14 21:55:15 --> Session: Class initialized using 'CodeIgniter\Session\Handlers\FileHandler' driver.
INFO - 2025-10-14 21:55:17 --> Session: Class initialized using 'CodeIgniter\Session\Handlers\FileHandler' driver.
INFO - 2025-10-14 21:55:17 --> Session: Class initialized using 'CodeIgniter\Session\Handlers\FileHandler' driver.
INFO - 2025-10-14 21:55:17 --> Límite obtenido (general): 600.0000 kWh, IP: 192.168.0.232
INFO - 2025-10-14 21:55:18 --> Session: Class initialized using 'CodeIgniter\Session\Handlers\FileHandler' driver.
INFO - 2025-10-14 21:55:20 --> Session: Class initialized using 'CodeIgniter\Session\Handlers\FileHandler' driver.
INFO - 2025-10-14 21:55:20 --> Límite obtenido (general): 600.0000 kWh, IP: 192.168.0.232
INFO - 2025-10-14 21:55:21 --> Session: Class initialized using 'CodeIgniter\Session\Handlers\FileHandler' driver.
INFO - 2025-10-14 21:55:23 --> Session: Class initialized using 'CodeIgniter\Session\Handlers\FileHandler' driver.
INFO - 2025-10-14 21:55:23 --> Límite obtenido (general): 600.0000 kWh, IP: 192.168.0.232
INFO - 2025-10-14 21:55:24 --> Session: Class initialized using 'CodeIgniter\Session\Handlers\FileHandler' driver.
INFO - 2025-10-14 21:55:25 --> Session: Class initialized using 'CodeIgniter\Session\Handlers\FileHandler' driver.
INFO - 2025-10-14 21:55:26 --> Session: Class initialized using 'CodeIgniter\Session\Handlers\FileHandler' driver.
INFO - 2025-10-14 21:55:26 --> Session: Class initialized using 'CodeIgniter\Session\Handlers\FileHandler' driver.
INFO - 2025-10-14 21:55:26 --> Límite obtenido (general): 600.0000 kWh, IP: 192.168.0.232
INFO - 2025-10-14 21:55:28 --> Session: Class initialized using 'CodeIgniter\Session\Handlers\FileHandler' driver.
INFO - 2025-10-14 21:55:30 --> Session: Class initialized using 'CodeIgniter\Session\Handlers\FileHandler' driver.
INFO - 2025-10-14 21:55:30 --> Límite obtenido (general): 600.0000 kWh, IP: 192.168.0.232
INFO - 2025-10-14 21:55:31 --> Session: Class initialized using 'CodeIgniter\Session\Handlers\FileHandler' driver.
INFO - 2025-10-14 21:55:31 --> Session: Class initialized using 'CodeIgniter\Session\Handlers\FileHandler' driver.
INFO - 2025-10-14 21:55:33 --> Session: Class initialized using 'CodeIgniter\Session\Handlers\FileHandler' driver.
INFO - 2025-10-14 21:55:33 --> Límite obtenido (general): 600.0000 kWh, IP: 192.168.0.232
INFO - 2025-10-14 21:55:34 --> Session: Class initialized using 'CodeIgniter\Session\Handlers\FileHandler' driver.
INFO - 2025-10-14 21:55:36 --> Session: Class initialized using 'CodeIgniter\Session\Handlers\FileHandler' driver.
INFO - 2025-10-14 21:55:36 --> Límite obtenido (general): 600.0000 kWh, IP: 192.168.0.232
INFO - 2025-10-14 21:55:36 --> Session: Class initialized using 'CodeIgniter\Session\Handlers\FileHandler' driver.
INFO - 2025-10-14 21:55:37 --> Session: Class initialized using 'CodeIgniter\Session\Handlers\FileHandler' driver.
INFO - 2025-10-14 21:55:39 --> Session: Class initialized using 'CodeIgniter\Session\Handlers\FileHandler' driver.
INFO - 2025-10-14 21:55:39 --> Límite obtenido (general): 600.0000 kWh, IP: 192.168.0.232
INFO - 2025-10-14 21:55:40 --> Session: Class initialized using 'CodeIgniter\Session\Handlers\FileHandler' driver.
INFO - 2025-10-14 21:55:41 --> Session: Class initialized using 'CodeIgniter\Session\Handlers\FileHandler' driver.
INFO - 2025-10-14 21:55:42 --> Session: Class initialized using 'CodeIgniter\Session\Handlers\FileHandler' driver.
INFO - 2025-10-14 21:55:42 --> Límite obtenido (general): 600.0000 kWh, IP: 192.168.0.232
INFO - 2025-10-14 21:55:43 --> Session: Class initialized using 'CodeIgniter\Session\Handlers\FileHandler' driver.
INFO - 2025-10-14 21:55:44 --> Session: Class initialized using 'CodeIgniter\Session\Handlers\FileHandler' driver.
INFO - 2025-10-14 21:55:45 --> Límite obtenido (general): 600.0000 kWh, IP: 192.168.0.232
INFO - 2025-10-14 21:55:46 --> Session: Class initialized using 'CodeIgniter\Session\Handlers\FileHandler' driver.
INFO - 2025-10-14 21:55:46 --> Session: Class initialized using 'CodeIgniter\Session\Handlers\FileHandler' driver.
INFO - 2025-10-14 21:55:48 --> Session: Class initialized using 'CodeIgniter\Session\Handlers\FileHandler' driver.
INFO - 2025-10-14 21:55:48 --> Límite obtenido (general): 600.0000 kWh, IP: 192.168.0.232
INFO - 2025-10-14 21:55:49 --> Session: Class initialized using 'CodeIgniter\Session\Handlers\FileHandler' driver.
INFO - 2025-10-14 21:55:51 --> Session: Class initialized using 'CodeIgniter\Session\Handlers\FileHandler' driver.
INFO - 2025-10-14 21:55:51 --> Límite obtenido (general): 600.0000 kWh, IP: 192.168.0.232
INFO - 2025-10-14 21:55:51 --> Session: Class initialized using 'CodeIgniter\Session\Handlers\FileHandler' driver.
INFO - 2025-10-14 21:55:52 --> Session: Class initialized using 'CodeIgniter\Session\Handlers\FileHandler' driver.
INFO - 2025-10-14 21:55:54 --> Session: Class initialized using 'CodeIgniter\Session\Handlers\FileHandler' driver.
INFO - 2025-10-14 21:55:54 --> Límite obtenido (general): 600.0000 kWh, IP: 192.168.0.232
INFO - 2025-10-14 21:55:55 --> Session: Class initialized using 'CodeIgniter\Session\Handlers\FileHandler' driver.
INFO - 2025-10-14 21:55:56 --> Session: Class initialized using 'CodeIgniter\Session\Handlers\FileHandler' driver.
INFO - 2025-10-14 21:55:57 --> Session: Class initialized using 'CodeIgniter\Session\Handlers\FileHandler' driver.
INFO - 2025-10-14 21:55:57 --> Límite obtenido (general): 600.0000 kWh, IP: 192.168.0.232
INFO - 2025-10-14 21:55:58 --> Session: Class initialized using 'CodeIgniter\Session\Handlers\FileHandler' driver.
INFO - 2025-10-14 21:56:00 --> Session: Class initialized using 'CodeIgniter\Session\Handlers\FileHandler' driver.
INFO - 2025-10-14 21:56:00 --> Límite obtenido (general): 600.0000 kWh, IP: 192.168.0.232
INFO - 2025-10-14 21:56:01 --> Session: Class initialized using 'CodeIgniter\Session\Handlers\FileHandler' driver.
INFO - 2025-10-14 21:56:01 --> Session: Class initialized using 'CodeIgniter\Session\Handlers\FileHandler' driver.
INFO - 2025-10-14 21:56:03 --> Session: Class initialized using 'CodeIgniter\Session\Handlers\FileHandler' driver.
INFO - 2025-10-14 21:56:03 --> Límite obtenido (general): 600.0000 kWh, IP: 192.168.0.232
INFO - 2025-10-14 21:56:04 --> Session: Class initialized using 'CodeIgniter\Session\Handlers\FileHandler' driver.
INFO - 2025-10-14 21:56:06 --> Session: Class initialized using 'CodeIgniter\Session\Handlers\FileHandler' driver.
INFO - 2025-10-14 21:56:06 --> Límite obtenido (general): 600.0000 kWh, IP: 192.168.0.232
INFO - 2025-10-14 21:56:07 --> Session: Class initialized using 'CodeIgniter\Session\Handlers\FileHandler' driver.
INFO - 2025-10-14 21:56:07 --> Session: Class initialized using 'CodeIgniter\Session\Handlers\FileHandler' driver.
INFO - 2025-10-14 21:56:09 --> Session: Class initialized using 'CodeIgniter\Session\Handlers\FileHandler' driver.
INFO - 2025-10-14 21:56:09 --> Límite obtenido (general): 600.0000 kWh, IP: 192.168.0.232
INFO - 2025-10-14 21:56:10 --> Session: Class initialized using 'CodeIgniter\Session\Handlers\FileHandler' driver.
INFO - 2025-10-14 21:56:12 --> Session: Class initialized using 'CodeIgniter\Session\Handlers\FileHandler' driver.
INFO - 2025-10-14 21:56:12 --> Límite obtenido (general): 600.0000 kWh, IP: 192.168.0.232
INFO - 2025-10-14 21:56:12 --> Session: Class initialized using 'CodeIgniter\Session\Handlers\FileHandler' driver.
INFO - 2025-10-14 21:56:13 --> Session: Class initialized using 'CodeIgniter\Session\Handlers\FileHandler' driver.
INFO - 2025-10-14 21:56:15 --> Session: Class initialized using 'CodeIgniter\Session\Handlers\FileHandler' driver.
INFO - 2025-10-14 21:56:15 --> Límite obtenido (general): 600.0000 kWh, IP: 192.168.0.232
INFO - 2025-10-14 21:56:16 --> Session: Class initialized using 'CodeIgniter\Session\Handlers\FileHandler' driver.
INFO - 2025-10-14 21:56:17 --> Session: Class initialized using 'CodeIgniter\Session\Handlers\FileHandler' driver.
INFO - 2025-10-14 21:56:18 --> Session: Class initialized using 'CodeIgniter\Session\Handlers\FileHandler' driver.
INFO - 2025-10-14 21:56:18 --> Límite obtenido (general): 600.0000 kWh, IP: 192.168.0.232
INFO - 2025-10-14 21:56:19 --> Session: Class initialized using 'CodeIgniter\Session\Handlers\FileHandler' driver.
INFO - 2025-10-14 21:56:21 --> Session: Class initialized using 'CodeIgniter\Session\Handlers\FileHandler' driver.
INFO - 2025-10-14 21:56:21 --> Límite obtenido (general): 600.0000 kWh, IP: 192.168.0.232
INFO - 2025-10-14 21:56:22 --> Session: Class initialized using 'CodeIgniter\Session\Handlers\FileHandler' driver.
INFO - 2025-10-14 21:56:22 --> Session: Class initialized using 'CodeIgniter\Session\Handlers\FileHandler' driver.
INFO - 2025-10-14 21:56:24 --> Session: Class initialized using 'CodeIgniter\Session\Handlers\FileHandler' driver.
INFO - 2025-10-14 21:56:24 --> Límite obtenido (general): 600.0000 kWh, IP: 192.168.0.232
INFO - 2025-10-14 21:56:25 --> Session: Class initialized using 'CodeIgniter\Session\Handlers\FileHandler' driver.
INFO - 2025-10-14 21:56:27 --> Session: Class initialized using 'CodeIgniter\Session\Handlers\FileHandler' driver.
INFO - 2025-10-14 21:56:27 --> Session: Class initialized using 'CodeIgniter\Session\Handlers\FileHandler' driver.
INFO - 2025-10-14 21:56:27 --> Límite obtenido (general): 600.0000 kWh, IP: 192.168.0.232
INFO - 2025-10-14 21:56:28 --> Session: Class initialized using 'CodeIgniter\Session\Handlers\FileHandler' driver.
INFO - 2025-10-14 21:56:30 --> Session: Class initialized using 'CodeIgniter\Session\Handlers\FileHandler' driver.
INFO - 2025-10-14 21:56:30 --> Límite obtenido (general): 600.0000 kWh, IP: 192.168.0.232
INFO - 2025-10-14 21:56:31 --> Session: Class initialized using 'CodeIgniter\Session\Handlers\FileHandler' driver.
INFO - 2025-10-14 21:56:32 --> Session: Class initialized using 'CodeIgniter\Session\Handlers\FileHandler' driver.
INFO - 2025-10-14 21:56:33 --> Session: Class initialized using 'CodeIgniter\Session\Handlers\FileHandler' driver.
INFO - 2025-10-14 21:56:33 --> Límite obtenido (general): 600.0000 kWh, IP: 192.168.0.232
INFO - 2025-10-14 21:56:34 --> Session: Class initialized using 'CodeIgniter\Session\Handlers\FileHandler' driver.
INFO - 2025-10-14 21:56:36 --> Session: Class initialized using 'CodeIgniter\Session\Handlers\FileHandler' driver.
INFO - 2025-10-14 21:56:36 --> Límite obtenido (general): 600.0000 kWh, IP: 192.168.0.232
INFO - 2025-10-14 21:56:37 --> Session: Class initialized using 'CodeIgniter\Session\Handlers\FileHandler' driver.
INFO - 2025-10-14 21:56:37 --> Session: Class initialized using 'CodeIgniter\Session\Handlers\FileHandler' driver.
INFO - 2025-10-14 21:56:39 --> Session: Class initialized using 'CodeIgniter\Session\Handlers\FileHandler' driver.
INFO - 2025-10-14 21:56:39 --> Límite obtenido (general): 600.0000 kWh, IP: 192.168.0.232
INFO - 2025-10-14 21:56:40 --> Session: Class initialized using 'CodeIgniter\Session\Handlers\FileHandler' driver.
INFO - 2025-10-14 21:56:42 --> Session: Class initialized using 'CodeIgniter\Session\Handlers\FileHandler' driver.
INFO - 2025-10-14 21:56:42 --> Límite obtenido (general): 600.0000 kWh, IP: 192.168.0.232
INFO - 2025-10-14 21:56:42 --> Session: Class initialized using 'CodeIgniter\Session\Handlers\FileHandler' driver.
INFO - 2025-10-14 21:56:43 --> Session: Class initialized using 'CodeIgniter\Session\Handlers\FileHandler' driver.
INFO - 2025-10-14 21:56:45 --> Session: Class initialized using 'CodeIgniter\Session\Handlers\FileHandler' driver.
INFO - 2025-10-14 21:56:45 --> Límite obtenido (general): 600.0000 kWh, IP: 192.168.0.232
INFO - 2025-10-14 21:56:46 --> Session: Class initialized using 'CodeIgniter\Session\Handlers\FileHandler' driver.
INFO - 2025-10-14 21:56:47 --> Session: Class initialized using 'CodeIgniter\Session\Handlers\FileHandler' driver.
INFO - 2025-10-14 21:56:48 --> Session: Class initialized using 'CodeIgniter\Session\Handlers\FileHandler' driver.
INFO - 2025-10-14 21:56:48 --> Límite obtenido (general): 600.0000 kWh, IP: 192.168.0.232
INFO - 2025-10-14 21:56:49 --> Session: Class initialized using 'CodeIgniter\Session\Handlers\FileHandler' driver.
INFO - 2025-10-14 21:56:51 --> Session: Class initialized using 'CodeIgniter\Session\Handlers\FileHandler' driver.
INFO - 2025-10-14 21:56:51 --> Límite obtenido (general): 600.0000 kWh, IP: 192.168.0.232
INFO - 2025-10-14 21:56:52 --> Session: Class initialized using 'CodeIgniter\Session\Handlers\FileHandler' driver.
INFO - 2025-10-14 21:56:52 --> Session: Class initialized using 'CodeIgniter\Session\Handlers\FileHandler' driver.
INFO - 2025-10-14 21:56:53 --> Session: Class initialized using 'CodeIgniter\Session\Handlers\FileHandler' driver.
INFO - 2025-10-14 21:56:53 --> Límite obtenido (general): 600.0000 kWh, IP: 192.168.0.232
INFO - 2025-10-14 21:56:55 --> Session: Class initialized using 'CodeIgniter\Session\Handlers\FileHandler' driver.
INFO - 2025-10-14 21:56:56 --> Session: Class initialized using 'CodeIgniter\Session\Handlers\FileHandler' driver.
INFO - 2025-10-14 21:56:56 --> Límite obtenido (general): 600.0000 kWh, IP: 192.168.0.232
INFO - 2025-10-14 21:56:57 --> Session: Class initialized using 'CodeIgniter\Session\Handlers\FileHandler' driver.
INFO - 2025-10-14 21:56:58 --> Session: Class initialized using 'CodeIgniter\Session\Handlers\FileHandler' driver.
INFO - 2025-10-14 21:56:59 --> Session: Class initialized using 'CodeIgniter\Session\Handlers\FileHandler' driver.
INFO - 2025-10-14 21:56:59 --> Límite obtenido (general): 600.0000 kWh, IP: 192.168.0.232
INFO - 2025-10-14 21:57:00 --> Session: Class initialized using 'CodeIgniter\Session\Handlers\FileHandler' driver.
INFO - 2025-10-14 21:57:02 --> Session: Class initialized using 'CodeIgniter\Session\Handlers\FileHandler' driver.
INFO - 2025-10-14 21:57:02 --> Session: Class initialized using 'CodeIgniter\Session\Handlers\FileHandler' driver.
INFO - 2025-10-14 21:57:02 --> Límite obtenido (general): 600.0000 kWh, IP: 192.168.0.232
INFO - 2025-10-14 21:57:04 --> Session: Class initialized using 'CodeIgniter\Session\Handlers\FileHandler' driver.
INFO - 2025-10-14 21:57:05 --> Session: Class initialized using 'CodeIgniter\Session\Handlers\FileHandler' driver.
INFO - 2025-10-14 21:57:05 --> Límite obtenido (general): 600.0000 kWh, IP: 192.168.0.232
INFO - 2025-10-14 21:57:07 --> Session: Class initialized using 'CodeIgniter\Session\Handlers\FileHandler' driver.
INFO - 2025-10-14 21:57:08 --> Session: Class initialized using 'CodeIgniter\Session\Handlers\FileHandler' driver.
INFO - 2025-10-14 21:57:08 --> Límite obtenido (general): 600.0000 kWh, IP: 192.168.0.232
INFO - 2025-10-14 21:57:09 --> Session: Class initialized using 'CodeIgniter\Session\Handlers\FileHandler' driver.
INFO - 2025-10-14 21:57:11 --> Session: Class initialized using 'CodeIgniter\Session\Handlers\FileHandler' driver.
INFO - 2025-10-14 21:57:11 --> Límite obtenido (general): 600.0000 kWh, IP: 192.168.0.232
INFO - 2025-10-14 21:57:12 --> Session: Class initialized using 'CodeIgniter\Session\Handlers\FileHandler' driver.
INFO - 2025-10-14 21:57:14 --> Session: Class initialized using 'CodeIgniter\Session\Handlers\FileHandler' driver.
INFO - 2025-10-14 21:57:14 --> Límite obtenido (general): 600.0000 kWh, IP: 192.168.0.232
INFO - 2025-10-14 21:57:15 --> Session: Class initialized using 'CodeIgniter\Session\Handlers\FileHandler' driver.
INFO - 2025-10-14 21:57:17 --> Session: Class initialized using 'CodeIgniter\Session\Handlers\FileHandler' driver.
INFO - 2025-10-14 21:57:17 --> Session: Class initialized using 'CodeIgniter\Session\Handlers\FileHandler' driver.
INFO - 2025-10-14 21:57:17 --> Límite obtenido (general): 600.0000 kWh, IP: 192.168.0.232
INFO - 2025-10-14 21:57:19 --> Session: Class initialized using 'CodeIgniter\Session\Handlers\FileHandler' driver.
INFO - 2025-10-14 21:57:20 --> Session: Class initialized using 'CodeIgniter\Session\Handlers\FileHandler' driver.
INFO - 2025-10-14 21:57:20 --> Límite obtenido (general): 600.0000 kWh, IP: 192.168.0.232
INFO - 2025-10-14 21:57:22 --> Session: Class initialized using 'CodeIgniter\Session\Handlers\FileHandler' driver.
INFO - 2025-10-14 21:57:22 --> Session: Class initialized using 'CodeIgniter\Session\Handlers\FileHandler' driver.
INFO - 2025-10-14 21:57:23 --> Session: Class initialized using 'CodeIgniter\Session\Handlers\FileHandler' driver.
INFO - 2025-10-14 21:57:23 --> Límite obtenido (general): 600.0000 kWh, IP: 192.168.0.232
INFO - 2025-10-14 21:57:25 --> Session: Class initialized using 'CodeIgniter\Session\Handlers\FileHandler' driver.
INFO - 2025-10-14 21:57:26 --> Session: Class initialized using 'CodeIgniter\Session\Handlers\FileHandler' driver.
INFO - 2025-10-14 21:57:26 --> Session: Class initialized using 'CodeIgniter\Session\Handlers\FileHandler' driver.
INFO - 2025-10-14 21:57:27 --> Límite obtenido (general): 600.0000 kWh, IP: 192.168.0.232
INFO - 2025-10-14 21:57:28 --> Session: Class initialized using 'CodeIgniter\Session\Handlers\FileHandler' driver.
INFO - 2025-10-14 21:57:29 --> Session: Class initialized using 'CodeIgniter\Session\Handlers\FileHandler' driver.
INFO - 2025-10-14 21:57:29 --> Límite obtenido (general): 600.0000 kWh, IP: 192.168.0.232
INFO - 2025-10-14 21:57:31 --> Session: Class initialized using 'CodeIgniter\Session\Handlers\FileHandler' driver.
INFO - 2025-10-14 21:57:32 --> Session: Class initialized using 'CodeIgniter\Session\Handlers\FileHandler' driver.
INFO - 2025-10-14 21:57:33 --> Session: Class initialized using 'CodeIgniter\Session\Handlers\FileHandler' driver.
INFO - 2025-10-14 21:57:33 --> Límite obtenido (general): 600.0000 kWh, IP: 192.168.0.232
INFO - 2025-10-14 21:57:34 --> Session: Class initialized using 'CodeIgniter\Session\Handlers\FileHandler' driver.
INFO - 2025-10-14 21:57:36 --> Session: Class initialized using 'CodeIgniter\Session\Handlers\FileHandler' driver.
INFO - 2025-10-14 21:57:36 --> Límite obtenido (general): 600.0000 kWh, IP: 192.168.0.232
INFO - 2025-10-14 21:57:37 --> Session: Class initialized using 'CodeIgniter\Session\Handlers\FileHandler' driver.
INFO - 2025-10-14 21:57:37 --> Session: Class initialized using 'CodeIgniter\Session\Handlers\FileHandler' driver.
INFO - 2025-10-14 21:57:39 --> Session: Class initialized using 'CodeIgniter\Session\Handlers\FileHandler' driver.
INFO - 2025-10-14 21:57:39 --> Límite obtenido (general): 600.0000 kWh, IP: 192.168.0.232
INFO - 2025-10-14 21:57:40 --> Session: Class initialized using 'CodeIgniter\Session\Handlers\FileHandler' driver.
INFO - 2025-10-14 21:57:41 --> Session: Class initialized using 'CodeIgniter\Session\Handlers\FileHandler' driver.
INFO - 2025-10-14 21:57:42 --> Session: Class initialized using 'CodeIgniter\Session\Handlers\FileHandler' driver.
INFO - 2025-10-14 21:57:42 --> Límite obtenido (general): 600.0000 kWh, IP: 192.168.0.232
INFO - 2025-10-14 21:57:43 --> Session: Class initialized using 'CodeIgniter\Session\Handlers\FileHandler' driver.
INFO - 2025-10-14 21:57:45 --> Session: Class initialized using 'CodeIgniter\Session\Handlers\FileHandler' driver.
INFO - 2025-10-14 21:57:45 --> Límite obtenido (general): 600.0000 kWh, IP: 192.168.0.232
INFO - 2025-10-14 21:57:46 --> Session: Class initialized using 'CodeIgniter\Session\Handlers\FileHandler' driver.
INFO - 2025-10-14 21:57:46 --> Session: Class initialized using 'CodeIgniter\Session\Handlers\FileHandler' driver.
INFO - 2025-10-14 21:57:47 --> Session: Class initialized using 'CodeIgniter\Session\Handlers\FileHandler' driver.
INFO - 2025-10-14 21:57:47 --> Límite obtenido (general): 600.0000 kWh, IP: 192.168.0.232
INFO - 2025-10-14 21:57:49 --> Session: Class initialized using 'CodeIgniter\Session\Handlers\FileHandler' driver.
INFO - 2025-10-14 21:57:50 --> Session: Class initialized using 'CodeIgniter\Session\Handlers\FileHandler' driver.
INFO - 2025-10-14 21:57:50 --> Límite obtenido (general): 600.0000 kWh, IP: 192.168.0.232
INFO - 2025-10-14 21:57:51 --> Session: Class initialized using 'CodeIgniter\Session\Handlers\FileHandler' driver.
DEBUG - 2025-10-14 21:57:52 --> Ruta actual: /Tesina/public/energia/actualizarLimite
INFO - 2025-10-14 21:57:52 --> Session: Class initialized using 'CodeIgniter\Session\Handlers\FileHandler' driver.
DEBUG - 2025-10-14 21:57:52 --> Datos en sesión: Array
(
    [__ci_last_regenerate] => 1760489724
    [_ci_previous_url] => http://192.168.0.138/Tesina/public/energia/dispositivo/2
    [id_usuario] => 1
    [nombre] => brunito
    [apellido] => barber
    [email] => brunocameille@alumnos.itr3.edu.ar
    [rol] => admin
    [logged_in] => 1
)

INFO - 2025-10-14 21:57:52 --> Session: Class initialized using 'CodeIgniter\Session\Handlers\FileHandler' driver.
DEBUG - 2025-10-14 21:57:52 --> Buscando usuario ID: 1
DEBUG - 2025-10-14 21:57:52 --> Resultado de la búsqueda: Array
(
    [id_usuario] => 1
    [nombre] => brunito
    [apellido] => barber
    [email] => brunocameille@alumnos.itr3.edu.ar
    [contrasena] => $2y$10$DfVf5j75GUow.8KQIROrQ.HgppT0Rq0gHjnl3td.ZZBDLZAYggz.u
    [direccion_id] => 0
    [id_rol] => 1
    [created_at] => 2025-04-07 13:37:30
    [updated_at] => 2025-10-13 19:57:07
    [invitado_por] => 
    [estado] => activo
    [token_activacion] => 
)

INFO - 2025-10-14 21:57:56 --> Alerta de consumo enviada correctamente a brunocameille@alumnos.itr3.edu.ar
INFO - 2025-10-14 21:57:58 --> Session: Class initialized using 'CodeIgniter\Session\Handlers\FileHandler' driver.
INFO - 2025-10-14 21:58:00 --> Session: Class initialized using 'CodeIgniter\Session\Handlers\FileHandler' driver.
INFO - 2025-10-14 21:58:00 --> Límite obtenido (general): 0.0030 kWh, IP: 192.168.0.232
INFO - 2025-10-14 21:58:01 --> Session: Class initialized using 'CodeIgniter\Session\Handlers\FileHandler' driver.
INFO - 2025-10-14 21:58:01 --> Session: Class initialized using 'CodeIgniter\Session\Handlers\FileHandler' driver.
INFO - 2025-10-14 21:58:02 --> Session: Class initialized using 'CodeIgniter\Session\Handlers\FileHandler' driver.
INFO - 2025-10-14 21:58:03 --> Session: Class initialized using 'CodeIgniter\Session\Handlers\FileHandler' driver.
INFO - 2025-10-14 21:58:03 --> Límite obtenido (general): 0.0030 kWh, IP: 192.168.0.232
INFO - 2025-10-14 21:58:04 --> Session: Class initialized using 'CodeIgniter\Session\Handlers\FileHandler' driver.
INFO - 2025-10-14 21:58:06 --> Session: Class initialized using 'CodeIgniter\Session\Handlers\FileHandler' driver.
INFO - 2025-10-14 21:58:06 --> Límite obtenido (general): 0.0030 kWh, IP: 192.168.0.232
INFO - 2025-10-14 21:58:06 --> Session: Class initialized using 'CodeIgniter\Session\Handlers\FileHandler' driver.
INFO - 2025-10-14 21:58:07 --> Session: Class initialized using 'CodeIgniter\Session\Handlers\FileHandler' driver.
INFO - 2025-10-14 21:58:07 --> Session: Class initialized using 'CodeIgniter\Session\Handlers\FileHandler' driver.
INFO - 2025-10-14 21:58:09 --> Session: Class initialized using 'CodeIgniter\Session\Handlers\FileHandler' driver.
INFO - 2025-10-14 21:58:09 --> Límite obtenido (general): 0.0030 kWh, IP: 192.168.0.232
INFO - 2025-10-14 21:58:10 --> Session: Class initialized using 'CodeIgniter\Session\Handlers\FileHandler' driver.
INFO - 2025-10-14 21:58:11 --> Session: Class initialized using 'CodeIgniter\Session\Handlers\FileHandler' driver.
INFO - 2025-10-14 21:58:12 --> Session: Class initialized using 'CodeIgniter\Session\Handlers\FileHandler' driver.
INFO - 2025-10-14 21:58:12 --> Session: Class initialized using 'CodeIgniter\Session\Handlers\FileHandler' driver.
INFO - 2025-10-14 21:58:12 --> Límite obtenido (general): 0.0030 kWh, IP: 192.168.0.232
INFO - 2025-10-14 21:58:13 --> Session: Class initialized using 'CodeIgniter\Session\Handlers\FileHandler' driver.
INFO - 2025-10-14 21:58:17 --> Session: Class initialized using 'CodeIgniter\Session\Handlers\FileHandler' driver.
INFO - 2025-10-14 21:58:17 --> Session: Class initialized using 'CodeIgniter\Session\Handlers\FileHandler' driver.
INFO - 2025-10-14 21:58:21 --> Session: Class initialized using 'CodeIgniter\Session\Handlers\FileHandler' driver.
INFO - 2025-10-14 21:58:26 --> Session: Class initialized using 'CodeIgniter\Session\Handlers\FileHandler' driver.
INFO - 2025-10-14 21:58:26 --> Último kWh obtenido: 0.033107 para MAC: 08D1F9A52A14
INFO - 2025-10-14 21:58:26 --> Session: Class initialized using 'CodeIgniter\Session\Handlers\FileHandler' driver.
INFO - 2025-10-14 21:58:27 --> Session: Class initialized using 'CodeIgniter\Session\Handlers\FileHandler' driver.
INFO - 2025-10-14 21:58:27 --> Límite obtenido (general): 0.0030 kWh, IP: 192.168.0.232
DEBUG - 2025-10-14 21:58:27 --> Ruta actual: /Tesina/public/energia/actualizarLimite
INFO - 2025-10-14 21:58:27 --> Session: Class initialized using 'CodeIgniter\Session\Handlers\FileHandler' driver.
DEBUG - 2025-10-14 21:58:27 --> Datos en sesión: Array
(
    [__ci_last_regenerate] => 1760489724
    [_ci_previous_url] => http://192.168.0.138/Tesina/public/energia/dispositivo/2
    [id_usuario] => 1
    [nombre] => brunito
    [apellido] => barber
    [email] => brunocameille@alumnos.itr3.edu.ar
    [rol] => admin
    [logged_in] => 1
)

INFO - 2025-10-14 21:58:28 --> Session: Class initialized using 'CodeIgniter\Session\Handlers\FileHandler' driver.
INFO - 2025-10-14 21:58:30 --> Session: Class initialized using 'CodeIgniter\Session\Handlers\FileHandler' driver.
INFO - 2025-10-14 21:58:30 --> Límite obtenido (general): 14.0000 kWh, IP: 192.168.0.232
INFO - 2025-10-14 21:58:31 --> Session: Class initialized using 'CodeIgniter\Session\Handlers\FileHandler' driver.
INFO - 2025-10-14 21:58:33 --> Session: Class initialized using 'CodeIgniter\Session\Handlers\FileHandler' driver.
INFO - 2025-10-14 21:58:33 --> Session: Class initialized using 'CodeIgniter\Session\Handlers\FileHandler' driver.
INFO - 2025-10-14 21:58:33 --> Límite obtenido (general): 14.0000 kWh, IP: 192.168.0.232
INFO - 2025-10-14 21:58:34 --> Session: Class initialized using 'CodeIgniter\Session\Handlers\FileHandler' driver.
INFO - 2025-10-14 21:58:36 --> Session: Class initialized using 'CodeIgniter\Session\Handlers\FileHandler' driver.
INFO - 2025-10-14 21:58:36 --> Límite obtenido (general): 14.0000 kWh, IP: 192.168.0.232
INFO - 2025-10-14 21:58:36 --> Session: Class initialized using 'CodeIgniter\Session\Handlers\FileHandler' driver.
INFO - 2025-10-14 21:58:37 --> Session: Class initialized using 'CodeIgniter\Session\Handlers\FileHandler' driver.
INFO - 2025-10-14 21:58:39 --> Session: Class initialized using 'CodeIgniter\Session\Handlers\FileHandler' driver.
INFO - 2025-10-14 21:58:39 --> Límite obtenido (general): 14.0000 kWh, IP: 192.168.0.232
INFO - 2025-10-14 21:58:41 --> Session: Class initialized using 'CodeIgniter\Session\Handlers\FileHandler' driver.
INFO - 2025-10-14 21:58:42 --> Session: Class initialized using 'CodeIgniter\Session\Handlers\FileHandler' driver.
INFO - 2025-10-14 21:58:42 --> Session: Class initialized using 'CodeIgniter\Session\Handlers\FileHandler' driver.
INFO - 2025-10-14 21:58:42 --> Límite obtenido (general): 14.0000 kWh, IP: 192.168.0.232
DEBUG - 2025-10-14 21:58:43 --> Ruta actual: /Tesina/public/energia/actualizarLimite
INFO - 2025-10-14 21:58:43 --> Session: Class initialized using 'CodeIgniter\Session\Handlers\FileHandler' driver.
DEBUG - 2025-10-14 21:58:43 --> Datos en sesión: Array
(
    [__ci_last_regenerate] => 1760489724
    [_ci_previous_url] => http://192.168.0.138/Tesina/public/energia/dispositivo/2
    [id_usuario] => 1
    [nombre] => brunito
    [apellido] => barber
    [email] => brunocameille@alumnos.itr3.edu.ar
    [rol] => admin
    [logged_in] => 1
)

INFO - 2025-10-14 21:58:44 --> Session: Class initialized using 'CodeIgniter\Session\Handlers\FileHandler' driver.
INFO - 2025-10-14 21:58:46 --> Session: Class initialized using 'CodeIgniter\Session\Handlers\FileHandler' driver.
INFO - 2025-10-14 21:58:46 --> Límite obtenido (general): 0.0400 kWh, IP: 192.168.0.232
INFO - 2025-10-14 21:58:47 --> Session: Class initialized using 'CodeIgniter\Session\Handlers\FileHandler' driver.
INFO - 2025-10-14 21:58:49 --> Session: Class initialized using 'CodeIgniter\Session\Handlers\FileHandler' driver.
INFO - 2025-10-14 21:58:49 --> Límite obtenido (general): 0.0400 kWh, IP: 192.168.0.232
INFO - 2025-10-14 21:58:49 --> Session: Class initialized using 'CodeIgniter\Session\Handlers\FileHandler' driver.
INFO - 2025-10-14 21:58:50 --> Session: Class initialized using 'CodeIgniter\Session\Handlers\FileHandler' driver.
INFO - 2025-10-14 21:58:51 --> Session: Class initialized using 'CodeIgniter\Session\Handlers\FileHandler' driver.
INFO - 2025-10-14 21:58:52 --> Session: Class initialized using 'CodeIgniter\Session\Handlers\FileHandler' driver.
INFO - 2025-10-14 21:58:52 --> Límite obtenido (general): 0.0400 kWh, IP: 192.168.0.232
INFO - 2025-10-14 21:58:53 --> Session: Class initialized using 'CodeIgniter\Session\Handlers\FileHandler' driver.
INFO - 2025-10-14 21:58:55 --> Session: Class initialized using 'CodeIgniter\Session\Handlers\FileHandler' driver.
INFO - 2025-10-14 21:58:55 --> Límite obtenido (general): 0.0400 kWh, IP: 192.168.0.232
INFO - 2025-10-14 21:58:56 --> Session: Class initialized using 'CodeIgniter\Session\Handlers\FileHandler' driver.
INFO - 2025-10-14 21:58:56 --> Session: Class initialized using 'CodeIgniter\Session\Handlers\FileHandler' driver.
INFO - 2025-10-14 21:58:58 --> Session: Class initialized using 'CodeIgniter\Session\Handlers\FileHandler' driver.
INFO - 2025-10-14 21:58:58 --> Límite obtenido (general): 0.0400 kWh, IP: 192.168.0.232
INFO - 2025-10-14 21:58:59 --> Session: Class initialized using 'CodeIgniter\Session\Handlers\FileHandler' driver.
INFO - 2025-10-14 21:59:01 --> Session: Class initialized using 'CodeIgniter\Session\Handlers\FileHandler' driver.
INFO - 2025-10-14 21:59:01 --> Límite obtenido (general): 0.0400 kWh, IP: 192.168.0.232
INFO - 2025-10-14 21:59:01 --> Session: Class initialized using 'CodeIgniter\Session\Handlers\FileHandler' driver.
INFO - 2025-10-14 21:59:02 --> Session: Class initialized using 'CodeIgniter\Session\Handlers\FileHandler' driver.
INFO - 2025-10-14 21:59:04 --> Session: Class initialized using 'CodeIgniter\Session\Handlers\FileHandler' driver.
INFO - 2025-10-14 21:59:04 --> Límite obtenido (general): 0.0400 kWh, IP: 192.168.0.232
INFO - 2025-10-14 21:59:05 --> Session: Class initialized using 'CodeIgniter\Session\Handlers\FileHandler' driver.
INFO - 2025-10-14 21:59:06 --> Session: Class initialized using 'CodeIgniter\Session\Handlers\FileHandler' driver.
INFO - 2025-10-14 21:59:07 --> Session: Class initialized using 'CodeIgniter\Session\Handlers\FileHandler' driver.
INFO - 2025-10-14 21:59:07 --> Límite obtenido (general): 0.0400 kWh, IP: 192.168.0.232
INFO - 2025-10-14 21:59:08 --> Session: Class initialized using 'CodeIgniter\Session\Handlers\FileHandler' driver.
INFO - 2025-10-14 21:59:10 --> Session: Class initialized using 'CodeIgniter\Session\Handlers\FileHandler' driver.
INFO - 2025-10-14 21:59:10 --> Límite obtenido (general): 0.0400 kWh, IP: 192.168.0.232
INFO - 2025-10-14 21:59:11 --> Session: Class initialized using 'CodeIgniter\Session\Handlers\FileHandler' driver.
INFO - 2025-10-14 21:59:11 --> Session: Class initialized using 'CodeIgniter\Session\Handlers\FileHandler' driver.
INFO - 2025-10-14 21:59:13 --> Session: Class initialized using 'CodeIgniter\Session\Handlers\FileHandler' driver.
INFO - 2025-10-14 21:59:13 --> Límite obtenido (general): 0.0400 kWh, IP: 192.168.0.232
INFO - 2025-10-14 21:59:14 --> Session: Class initialized using 'CodeIgniter\Session\Handlers\FileHandler' driver.
DEBUG - 2025-10-14 21:59:15 --> Ruta actual: /Tesina/public/energia/actualizarLimite
INFO - 2025-10-14 21:59:15 --> Session: Class initialized using 'CodeIgniter\Session\Handlers\FileHandler' driver.
DEBUG - 2025-10-14 21:59:15 --> Datos en sesión: Array
(
    [__ci_last_regenerate] => 1760489724
    [_ci_previous_url] => http://192.168.0.138/Tesina/public/energia/dispositivo/2
    [id_usuario] => 1
    [nombre] => brunito
    [apellido] => barber
    [email] => brunocameille@alumnos.itr3.edu.ar
    [rol] => admin
    [logged_in] => 1
)

INFO - 2025-10-14 21:59:16 --> Session: Class initialized using 'CodeIgniter\Session\Handlers\FileHandler' driver.
INFO - 2025-10-14 21:59:16 --> Límite obtenido (general): 0.0380 kWh, IP: 192.168.0.232
INFO - 2025-10-14 21:59:17 --> Session: Class initialized using 'CodeIgniter\Session\Handlers\FileHandler' driver.
DEBUG - 2025-10-14 21:59:17 --> Buscando usuario ID: 1
DEBUG - 2025-10-14 21:59:17 --> Resultado de la búsqueda: Array
(
    [id_usuario] => 1
    [nombre] => brunito
    [apellido] => barber
    [email] => brunocameille@alumnos.itr3.edu.ar
    [contrasena] => $2y$10$DfVf5j75GUow.8KQIROrQ.HgppT0Rq0gHjnl3td.ZZBDLZAYggz.u
    [direccion_id] => 0
    [id_rol] => 1
    [created_at] => 2025-04-07 13:37:30
    [updated_at] => 2025-10-13 19:57:07
    [invitado_por] => 
    [estado] => activo
    [token_activacion] => 
)

INFO - 2025-10-14 21:59:20 --> Session: Class initialized using 'CodeIgniter\Session\Handlers\FileHandler' driver.
INFO - 2025-10-14 21:59:21 --> Alerta de consumo enviada correctamente a brunocameille@alumnos.itr3.edu.ar
INFO - 2025-10-14 21:59:21 --> Session: Class initialized using 'CodeIgniter\Session\Handlers\FileHandler' driver.
INFO - 2025-10-14 21:59:24 --> Session: Class initialized using 'CodeIgniter\Session\Handlers\FileHandler' driver.
INFO - 2025-10-14 21:59:24 --> Límite obtenido (general): 0.0380 kWh, IP: 192.168.0.232
INFO - 2025-10-14 21:59:25 --> Session: Class initialized using 'CodeIgniter\Session\Handlers\FileHandler' driver.
INFO - 2025-10-14 21:59:26 --> Session: Class initialized using 'CodeIgniter\Session\Handlers\FileHandler' driver.
INFO - 2025-10-14 21:59:27 --> Session: Class initialized using 'CodeIgniter\Session\Handlers\FileHandler' driver.
INFO - 2025-10-14 21:59:27 --> Session: Class initialized using 'CodeIgniter\Session\Handlers\FileHandler' driver.
INFO - 2025-10-14 21:59:27 --> Límite obtenido (general): 0.0380 kWh, IP: 192.168.0.232
INFO - 2025-10-14 21:59:28 --> Session: Class initialized using 'CodeIgniter\Session\Handlers\FileHandler' driver.
INFO - 2025-10-14 21:59:30 --> Session: Class initialized using 'CodeIgniter\Session\Handlers\FileHandler' driver.
INFO - 2025-10-14 21:59:30 --> Límite obtenido (general): 0.0380 kWh, IP: 192.168.0.232
INFO - 2025-10-14 21:59:31 --> Session: Class initialized using 'CodeIgniter\Session\Handlers\FileHandler' driver.
INFO - 2025-10-14 21:59:32 --> Session: Class initialized using 'CodeIgniter\Session\Handlers\FileHandler' driver.
INFO - 2025-10-14 21:59:33 --> Session: Class initialized using 'CodeIgniter\Session\Handlers\FileHandler' driver.
INFO - 2025-10-14 21:59:35 --> Session: Class initialized using 'CodeIgniter\Session\Handlers\FileHandler' driver.
INFO - 2025-10-14 21:59:35 --> Límite obtenido (general): 0.0380 kWh, IP: 192.168.0.232
INFO - 2025-10-14 21:59:36 --> Session: Class initialized using 'CodeIgniter\Session\Handlers\FileHandler' driver.
INFO - 2025-10-14 21:59:36 --> Session: Class initialized using 'CodeIgniter\Session\Handlers\FileHandler' driver.
INFO - 2025-10-14 21:59:37 --> Session: Class initialized using 'CodeIgniter\Session\Handlers\FileHandler' driver.
INFO - 2025-10-14 21:59:38 --> Session: Class initialized using 'CodeIgniter\Session\Handlers\FileHandler' driver.
INFO - 2025-10-14 21:59:38 --> Límite obtenido (general): 0.0380 kWh, IP: 192.168.0.232
INFO - 2025-10-14 21:59:39 --> Session: Class initialized using 'CodeIgniter\Session\Handlers\FileHandler' driver.
INFO - 2025-10-14 21:59:41 --> Session: Class initialized using 'CodeIgniter\Session\Handlers\FileHandler' driver.
INFO - 2025-10-14 21:59:41 --> Límite obtenido (general): 0.0380 kWh, IP: 192.168.0.232
INFO - 2025-10-14 21:59:41 --> Session: Class initialized using 'CodeIgniter\Session\Handlers\FileHandler' driver.
INFO - 2025-10-14 21:59:42 --> Session: Class initialized using 'CodeIgniter\Session\Handlers\FileHandler' driver.
INFO - 2025-10-14 21:59:42 --> Session: Class initialized using 'CodeIgniter\Session\Handlers\FileHandler' driver.
DEBUG - 2025-10-14 21:59:44 --> Ruta actual: /Tesina/public/energia/dispositivo/2
INFO - 2025-10-14 21:59:44 --> Session: Class initialized using 'CodeIgniter\Session\Handlers\FileHandler' driver.
DEBUG - 2025-10-14 21:59:44 --> Datos en sesión: Array
(
    [__ci_last_regenerate] => 1760489984
)

INFO - 2025-10-14 21:59:44 --> Session: Class initialized using 'CodeIgniter\Session\Handlers\FileHandler' driver.
INFO - 2025-10-14 21:59:44 --> Límite obtenido (general): 0.0380 kWh, IP: 192.168.0.232
INFO - 2025-10-14 21:59:44 --> Session: Class initialized using 'CodeIgniter\Session\Handlers\FileHandler' driver.
INFO - 2025-10-14 21:59:45 --> Session: Class initialized using 'CodeIgniter\Session\Handlers\FileHandler' driver.
INFO - 2025-10-14 21:59:46 --> Session: Class initialized using 'CodeIgniter\Session\Handlers\FileHandler' driver.
INFO - 2025-10-14 21:59:47 --> Session: Class initialized using 'CodeIgniter\Session\Handlers\FileHandler' driver.
INFO - 2025-10-14 21:59:47 --> Session: Class initialized using 'CodeIgniter\Session\Handlers\FileHandler' driver.
INFO - 2025-10-14 21:59:47 --> Límite obtenido (general): 0.0380 kWh, IP: 192.168.0.232
INFO - 2025-10-14 21:59:48 --> Session: Class initialized using 'CodeIgniter\Session\Handlers\FileHandler' driver.
INFO - 2025-10-14 21:59:50 --> Session: Class initialized using 'CodeIgniter\Session\Handlers\FileHandler' driver.
INFO - 2025-10-14 21:59:50 --> Límite obtenido (general): 0.0380 kWh, IP: 192.168.0.232
INFO - 2025-10-14 21:59:51 --> Session: Class initialized using 'CodeIgniter\Session\Handlers\FileHandler' driver.
INFO - 2025-10-14 21:59:51 --> Session: Class initialized using 'CodeIgniter\Session\Handlers\FileHandler' driver.
INFO - 2025-10-14 21:59:52 --> Session: Class initialized using 'CodeIgniter\Session\Handlers\FileHandler' driver.
INFO - 2025-10-14 21:59:53 --> Session: Class initialized using 'CodeIgniter\Session\Handlers\FileHandler' driver.
INFO - 2025-10-14 21:59:53 --> Límite obtenido (general): 0.0380 kWh, IP: 192.168.0.232
INFO - 2025-10-14 21:59:54 --> Session: Class initialized using 'CodeIgniter\Session\Handlers\FileHandler' driver.
INFO - 2025-10-14 21:59:56 --> Session: Class initialized using 'CodeIgniter\Session\Handlers\FileHandler' driver.
INFO - 2025-10-14 21:59:56 --> Session: Class initialized using 'CodeIgniter\Session\Handlers\FileHandler' driver.
INFO - 2025-10-14 21:59:56 --> Límite obtenido (general): 0.0380 kWh, IP: 192.168.0.232
INFO - 2025-10-14 21:59:56 --> Session: Class initialized using 'CodeIgniter\Session\Handlers\FileHandler' driver.
INFO - 2025-10-14 21:59:57 --> Session: Class initialized using 'CodeIgniter\Session\Handlers\FileHandler' driver.
INFO - 2025-10-14 21:59:57 --> Session: Class initialized using 'CodeIgniter\Session\Handlers\FileHandler' driver.
INFO - 2025-10-14 21:59:59 --> Session: Class initialized using 'CodeIgniter\Session\Handlers\FileHandler' driver.
INFO - 2025-10-14 21:59:59 --> Límite obtenido (general): 0.0380 kWh, IP: 192.168.0.232
INFO - 2025-10-14 22:00:00 --> Session: Class initialized using 'CodeIgniter\Session\Handlers\FileHandler' driver.
INFO - 2025-10-14 22:00:01 --> Session: Class initialized using 'CodeIgniter\Session\Handlers\FileHandler' driver.
INFO - 2025-10-14 22:00:02 --> Session: Class initialized using 'CodeIgniter\Session\Handlers\FileHandler' driver.
INFO - 2025-10-14 22:00:02 --> Session: Class initialized using 'CodeIgniter\Session\Handlers\FileHandler' driver.
INFO - 2025-10-14 22:00:02 --> Límite obtenido (general): 0.0380 kWh, IP: 192.168.0.232
INFO - 2025-10-14 22:00:04 --> Session: Class initialized using 'CodeIgniter\Session\Handlers\FileHandler' driver.
INFO - 2025-10-14 22:00:06 --> Session: Class initialized using 'CodeIgniter\Session\Handlers\FileHandler' driver.
INFO - 2025-10-14 22:00:06 --> Límite obtenido (general): 0.0380 kWh, IP: 192.168.0.232
INFO - 2025-10-14 22:00:06 --> Session: Class initialized using 'CodeIgniter\Session\Handlers\FileHandler' driver.
INFO - 2025-10-14 22:00:07 --> Session: Class initialized using 'CodeIgniter\Session\Handlers\FileHandler' driver.
INFO - 2025-10-14 22:00:07 --> Session: Class initialized using 'CodeIgniter\Session\Handlers\FileHandler' driver.
INFO - 2025-10-14 22:00:08 --> Session: Class initialized using 'CodeIgniter\Session\Handlers\FileHandler' driver.
DEBUG - 2025-10-14 22:00:08 --> Intento de inicio de sesión para email: brunocameille@alumnos.itr3.edu.ar
DEBUG - 2025-10-14 22:00:08 --> Longitud de la contraseña ingresada: 15
DEBUG - 2025-10-14 22:00:08 --> Usuario encontrado: {"id":"1","email":"brunocameille@alumnos.itr3.edu.ar","estado":"activo","rol":"1"}
DEBUG - 2025-10-14 22:00:08 --> Resultado de verificación de contraseña: false
DEBUG - 2025-10-14 22:00:08 --> Hash almacenado en la base de datos: $2y$10$DfVf5j75GUow.8KQIROrQ.HgppT0Rq0gHjnl3td.ZZBDLZAYggz.u
DEBUG - 2025-10-14 22:00:08 --> Contraseña incorrecta para usuario: brunocameille@alumnos.itr3.edu.ar
INFO - 2025-10-14 22:00:08 --> Session: Class initialized using 'CodeIgniter\Session\Handlers\FileHandler' driver.
INFO - 2025-10-14 22:00:09 --> Session: Class initialized using 'CodeIgniter\Session\Handlers\FileHandler' driver.
INFO - 2025-10-14 22:00:09 --> Límite obtenido (general): 0.0380 kWh, IP: 192.168.0.232
INFO - 2025-10-14 22:00:10 --> Session: Class initialized using 'CodeIgniter\Session\Handlers\FileHandler' driver.
INFO - 2025-10-14 22:00:11 --> Session: Class initialized using 'CodeIgniter\Session\Handlers\FileHandler' driver.
INFO - 2025-10-14 22:00:12 --> Session: Class initialized using 'CodeIgniter\Session\Handlers\FileHandler' driver.
INFO - 2025-10-14 22:00:12 --> Session: Class initialized using 'CodeIgniter\Session\Handlers\FileHandler' driver.
INFO - 2025-10-14 22:00:12 --> Límite obtenido (general): 0.0380 kWh, IP: 192.168.0.232
INFO - 2025-10-14 22:00:14 --> Session: Class initialized using 'CodeIgniter\Session\Handlers\FileHandler' driver.
INFO - 2025-10-14 22:00:15 --> Session: Class initialized using 'CodeIgniter\Session\Handlers\FileHandler' driver.
INFO - 2025-10-14 22:00:15 --> Límite obtenido (general): 0.0380 kWh, IP: 192.168.0.232
INFO - 2025-10-14 22:00:17 --> Session: Class initialized using 'CodeIgniter\Session\Handlers\FileHandler' driver.
INFO - 2025-10-14 22:00:17 --> Session: Class initialized using 'CodeIgniter\Session\Handlers\FileHandler' driver.
DEBUG - 2025-10-14 22:00:17 --> Ruta actual: /Tesina/public/energia/actualizarLimite
INFO - 2025-10-14 22:00:17 --> Session: Class initialized using 'CodeIgniter\Session\Handlers\FileHandler' driver.
DEBUG - 2025-10-14 22:00:17 --> Datos en sesión: Array
(
    [__ci_last_regenerate] => 1760489724
    [_ci_previous_url] => http://192.168.0.138/Tesina/public/energia/dispositivo/2
    [id_usuario] => 1
    [nombre] => brunito
    [apellido] => barber
    [email] => brunocameille@alumnos.itr3.edu.ar
    [rol] => admin
    [logged_in] => 1
)

INFO - 2025-10-14 22:00:18 --> Session: Class initialized using 'CodeIgniter\Session\Handlers\FileHandler' driver.
INFO - 2025-10-14 22:00:19 --> Límite obtenido (general): 15.0000 kWh, IP: 192.168.0.232
INFO - 2025-10-14 22:00:20 --> Session: Class initialized using 'CodeIgniter\Session\Handlers\FileHandler' driver.
INFO - 2025-10-14 22:00:21 --> Session: Class initialized using 'CodeIgniter\Session\Handlers\FileHandler' driver.
INFO - 2025-10-14 22:00:21 --> Límite obtenido (general): 15.0000 kWh, IP: 192.168.0.232
INFO - 2025-10-14 22:00:23 --> Session: Class initialized using 'CodeIgniter\Session\Handlers\FileHandler' driver.
INFO - 2025-10-14 22:00:23 --> Session: Class initialized using 'CodeIgniter\Session\Handlers\FileHandler' driver.
INFO - 2025-10-14 22:00:23 --> Session: Class initialized using 'CodeIgniter\Session\Handlers\FileHandler' driver.
INFO - 2025-10-14 22:00:23 --> Session: Class initialized using 'CodeIgniter\Session\Handlers\FileHandler' driver.
INFO - 2025-10-14 22:00:24 --> Session: Class initialized using 'CodeIgniter\Session\Handlers\FileHandler' driver.
INFO - 2025-10-14 22:00:25 --> Límite obtenido (general): 15.0000 kWh, IP: 192.168.0.232
INFO - 2025-10-14 22:00:26 --> Session: Class initialized using 'CodeIgniter\Session\Handlers\FileHandler' driver.
INFO - 2025-10-14 22:00:28 --> Session: Class initialized using 'CodeIgniter\Session\Handlers\FileHandler' driver.
INFO - 2025-10-14 22:00:28 --> Límite obtenido (general): 15.0000 kWh, IP: 192.168.0.232
INFO - 2025-10-14 22:00:29 --> Session: Class initialized using 'CodeIgniter\Session\Handlers\FileHandler' driver.
INFO - 2025-10-14 22:00:31 --> Session: Class initialized using 'CodeIgniter\Session\Handlers\FileHandler' driver.
INFO - 2025-10-14 22:00:31 --> Límite obtenido (general): 15.0000 kWh, IP: 192.168.0.232
INFO - 2025-10-14 22:00:32 --> Session: Class initialized using 'CodeIgniter\Session\Handlers\FileHandler' driver.
INFO - 2025-10-14 22:00:33 --> Session: Class initialized using 'CodeIgniter\Session\Handlers\FileHandler' driver.
DEBUG - 2025-10-14 22:00:33 --> Intento de inicio de sesión para email: brunocameille@alumnos.itr3.edu.ar
DEBUG - 2025-10-14 22:00:33 --> Longitud de la contraseña ingresada: 13
DEBUG - 2025-10-14 22:00:33 --> Usuario encontrado: {"id":"1","email":"brunocameille@alumnos.itr3.edu.ar","estado":"activo","rol":"1"}
DEBUG - 2025-10-14 22:00:33 --> Resultado de verificación de contraseña: false
DEBUG - 2025-10-14 22:00:33 --> Hash almacenado en la base de datos: $2y$10$DfVf5j75GUow.8KQIROrQ.HgppT0Rq0gHjnl3td.ZZBDLZAYggz.u
DEBUG - 2025-10-14 22:00:33 --> Contraseña incorrecta para usuario: brunocameille@alumnos.itr3.edu.ar
INFO - 2025-10-14 22:00:33 --> Session: Class initialized using 'CodeIgniter\Session\Handlers\FileHandler' driver.
INFO - 2025-10-14 22:00:34 --> Session: Class initialized using 'CodeIgniter\Session\Handlers\FileHandler' driver.
INFO - 2025-10-14 22:00:34 --> Límite obtenido (general): 15.0000 kWh, IP: 192.168.0.232
INFO - 2025-10-14 22:00:35 --> Session: Class initialized using 'CodeIgniter\Session\Handlers\FileHandler' driver.
INFO - 2025-10-14 22:00:37 --> Session: Class initialized using 'CodeIgniter\Session\Handlers\FileHandler' driver.
INFO - 2025-10-14 22:00:37 --> Límite obtenido (general): 15.0000 kWh, IP: 192.168.0.232
INFO - 2025-10-14 22:00:38 --> Session: Class initialized using 'CodeIgniter\Session\Handlers\FileHandler' driver.
INFO - 2025-10-14 22:00:40 --> Session: Class initialized using 'CodeIgniter\Session\Handlers\FileHandler' driver.
INFO - 2025-10-14 22:00:40 --> Límite obtenido (general): 15.0000 kWh, IP: 192.168.0.232
INFO - 2025-10-14 22:00:41 --> Session: Class initialized using 'CodeIgniter\Session\Handlers\FileHandler' driver.
INFO - 2025-10-14 22:00:43 --> Session: Class initialized using 'CodeIgniter\Session\Handlers\FileHandler' driver.
INFO - 2025-10-14 22:00:43 --> Límite obtenido (general): 15.0000 kWh, IP: 192.168.0.232
INFO - 2025-10-14 22:00:46 --> Session: Class initialized using 'CodeIgniter\Session\Handlers\FileHandler' driver.
INFO - 2025-10-14 22:00:47 --> Session: Class initialized using 'CodeIgniter\Session\Handlers\FileHandler' driver.
INFO - 2025-10-14 22:00:47 --> Límite obtenido (general): 15.0000 kWh, IP: 192.168.0.232
INFO - 2025-10-14 22:00:49 --> Session: Class initialized using 'CodeIgniter\Session\Handlers\FileHandler' driver.
INFO - 2025-10-14 22:00:50 --> Session: Class initialized using 'CodeIgniter\Session\Handlers\FileHandler' driver.
INFO - 2025-10-14 22:00:50 --> Límite obtenido (general): 15.0000 kWh, IP: 192.168.0.232
INFO - 2025-10-14 22:00:51 --> Session: Class initialized using 'CodeIgniter\Session\Handlers\FileHandler' driver.
DEBUG - 2025-10-14 22:00:51 --> Intento de inicio de sesión para email: brunocameille@alumnos.itr3.edu.ar
DEBUG - 2025-10-14 22:00:51 --> Longitud de la contraseña ingresada: 17
DEBUG - 2025-10-14 22:00:51 --> Usuario encontrado: {"id":"1","email":"brunocameille@alumnos.itr3.edu.ar","estado":"activo","rol":"1"}
DEBUG - 2025-10-14 22:00:51 --> Resultado de verificación de contraseña: true
DEBUG - 2025-10-14 22:00:51 --> Hash almacenado en la base de datos: $2y$10$DfVf5j75GUow.8KQIROrQ.HgppT0Rq0gHjnl3td.ZZBDLZAYggz.u
DEBUG - 2025-10-14 22:00:51 --> Inicio de sesión exitoso para usuario: brunocameille@alumnos.itr3.edu.ar
DEBUG - 2025-10-14 22:00:51 --> Datos de sesión guardados: {"id_usuario":"1","nombre":"brunito","apellido":"barber","email":"brunocameille@alumnos.itr3.edu.ar","rol":"admin","logged_in":true}
DEBUG - 2025-10-14 22:00:52 --> Ruta actual: /Tesina/public/admin
INFO - 2025-10-14 22:00:52 --> Session: Class initialized using 'CodeIgniter\Session\Handlers\FileHandler' driver.
DEBUG - 2025-10-14 22:00:52 --> Datos en sesión: Array
(
    [__ci_last_regenerate] => 1760489984
    [_ci_previous_url] => http://192.168.0.138/Tesina/public/autenticacion/login
    [id_usuario] => 1
    [nombre] => brunito
    [apellido] => barber
    [email] => brunocameille@alumnos.itr3.edu.ar
    [rol] => admin
    [logged_in] => 1
)

INFO - 2025-10-14 22:00:52 --> Session: Class initialized using 'CodeIgniter\Session\Handlers\FileHandler' driver.
INFO - 2025-10-14 22:00:54 --> Session: Class initialized using 'CodeIgniter\Session\Handlers\FileHandler' driver.
INFO - 2025-10-14 22:00:54 --> Límite obtenido (general): 15.0000 kWh, IP: 192.168.0.232
INFO - 2025-10-14 22:00:55 --> Session: Class initialized using 'CodeIgniter\Session\Handlers\FileHandler' driver.
INFO - 2025-10-14 22:00:57 --> Session: Class initialized using 'CodeIgniter\Session\Handlers\FileHandler' driver.
INFO - 2025-10-14 22:00:57 --> Límite obtenido (general): 15.0000 kWh, IP: 192.168.0.232
INFO - 2025-10-14 22:00:58 --> Session: Class initialized using 'CodeIgniter\Session\Handlers\FileHandler' driver.
DEBUG - 2025-10-14 22:00:58 --> Ruta actual: /Tesina/public/admin/dispositivos
INFO - 2025-10-14 22:00:58 --> Session: Class initialized using 'CodeIgniter\Session\Handlers\FileHandler' driver.
DEBUG - 2025-10-14 22:00:58 --> Datos en sesión: Array
(
    [__ci_last_regenerate] => 1760489984
    [_ci_previous_url] => http://192.168.0.138/Tesina/public/admin
    [id_usuario] => 1
    [nombre] => brunito
    [apellido] => barber
    [email] => brunocameille@alumnos.itr3.edu.ar
    [rol] => admin
    [logged_in] => 1
)

DEBUG - 2025-10-14 22:00:58 --> Buscando usuario ID: 1
DEBUG - 2025-10-14 22:00:58 --> Resultado de la búsqueda: Array
(
    [id_usuario] => 1
    [nombre] => brunito
    [apellido] => barber
    [email] => brunocameille@alumnos.itr3.edu.ar
    [contrasena] => $2y$10$DfVf5j75GUow.8KQIROrQ.HgppT0Rq0gHjnl3td.ZZBDLZAYggz.u
    [direccion_id] => 0
    [id_rol] => 1
    [created_at] => 2025-04-07 13:37:30
    [updated_at] => 2025-10-13 19:57:07
    [invitado_por] => 
    [estado] => activo
    [token_activacion] => 
)

INFO - 2025-10-14 22:00:59 --> Session: Class initialized using 'CodeIgniter\Session\Handlers\FileHandler' driver.
INFO - 2025-10-14 22:01:00 --> Límite obtenido (general): 15.0000 kWh, IP: 192.168.0.232
INFO - 2025-10-14 22:01:01 --> Session: Class initialized using 'CodeIgniter\Session\Handlers\FileHandler' driver.
INFO - 2025-10-14 22:01:03 --> Session: Class initialized using 'CodeIgniter\Session\Handlers\FileHandler' driver.
INFO - 2025-10-14 22:01:03 --> Límite obtenido (general): 15.0000 kWh, IP: 192.168.0.232
DEBUG - 2025-10-14 22:01:03 --> Ruta actual: /Tesina/public/energia/dispositivo/2
INFO - 2025-10-14 22:01:03 --> Session: Class initialized using 'CodeIgniter\Session\Handlers\FileHandler' driver.
DEBUG - 2025-10-14 22:01:03 --> Datos en sesión: Array
(
    [__ci_last_regenerate] => 1760489984
    [_ci_previous_url] => http://192.168.0.138/Tesina/public/admin/dispositivos
    [id_usuario] => 1
    [nombre] => brunito
    [apellido] => barber
    [email] => brunocameille@alumnos.itr3.edu.ar
    [rol] => admin
    [logged_in] => 1
)

INFO - 2025-10-14 22:01:04 --> Session: Class initialized using 'CodeIgniter\Session\Handlers\FileHandler' driver.
INFO - 2025-10-14 22:01:05 --> Session: Class initialized using 'CodeIgniter\Session\Handlers\FileHandler' driver.
INFO - 2025-10-14 22:01:05 --> Session: Class initialized using 'CodeIgniter\Session\Handlers\FileHandler' driver.
INFO - 2025-10-14 22:01:05 --> Límite obtenido (general): 15.0000 kWh, IP: 192.168.0.232
INFO - 2025-10-14 22:01:07 --> Session: Class initialized using 'CodeIgniter\Session\Handlers\FileHandler' driver.
INFO - 2025-10-14 22:01:09 --> Session: Class initialized using 'CodeIgniter\Session\Handlers\FileHandler' driver.
INFO - 2025-10-14 22:01:09 --> Límite obtenido (general): 15.0000 kWh, IP: 192.168.0.232
INFO - 2025-10-14 22:01:09 --> Session: Class initialized using 'CodeIgniter\Session\Handlers\FileHandler' driver.
INFO - 2025-10-14 22:01:10 --> Session: Class initialized using 'CodeIgniter\Session\Handlers\FileHandler' driver.
INFO - 2025-10-14 22:01:12 --> Session: Class initialized using 'CodeIgniter\Session\Handlers\FileHandler' driver.
INFO - 2025-10-14 22:01:12 --> Límite obtenido (general): 15.0000 kWh, IP: 192.168.0.232
INFO - 2025-10-14 22:01:13 --> Session: Class initialized using 'CodeIgniter\Session\Handlers\FileHandler' driver.
INFO - 2025-10-14 22:01:14 --> Session: Class initialized using 'CodeIgniter\Session\Handlers\FileHandler' driver.
INFO - 2025-10-14 22:01:15 --> Session: Class initialized using 'CodeIgniter\Session\Handlers\FileHandler' driver.
INFO - 2025-10-14 22:01:15 --> Límite obtenido (general): 15.0000 kWh, IP: 192.168.0.232
INFO - 2025-10-14 22:01:16 --> Session: Class initialized using 'CodeIgniter\Session\Handlers\FileHandler' driver.
INFO - 2025-10-14 22:01:18 --> Session: Class initialized using 'CodeIgniter\Session\Handlers\FileHandler' driver.
INFO - 2025-10-14 22:01:18 --> Límite obtenido (general): 15.0000 kWh, IP: 192.168.0.232
INFO - 2025-10-14 22:01:19 --> Session: Class initialized using 'CodeIgniter\Session\Handlers\FileHandler' driver.
INFO - 2025-10-14 22:01:19 --> Session: Class initialized using 'CodeIgniter\Session\Handlers\FileHandler' driver.
INFO - 2025-10-14 22:01:21 --> Session: Class initialized using 'CodeIgniter\Session\Handlers\FileHandler' driver.
INFO - 2025-10-14 22:01:21 --> Límite obtenido (general): 15.0000 kWh, IP: 192.168.0.232
INFO - 2025-10-14 22:01:22 --> Session: Class initialized using 'CodeIgniter\Session\Handlers\FileHandler' driver.
INFO - 2025-10-14 22:01:24 --> Session: Class initialized using 'CodeIgniter\Session\Handlers\FileHandler' driver.
INFO - 2025-10-14 22:01:24 --> Límite obtenido (general): 15.0000 kWh, IP: 192.168.0.232
INFO - 2025-10-14 22:01:24 --> Session: Class initialized using 'CodeIgniter\Session\Handlers\FileHandler' driver.
INFO - 2025-10-14 22:01:25 --> Session: Class initialized using 'CodeIgniter\Session\Handlers\FileHandler' driver.
INFO - 2025-10-14 22:01:27 --> Session: Class initialized using 'CodeIgniter\Session\Handlers\FileHandler' driver.
INFO - 2025-10-14 22:01:27 --> Límite obtenido (general): 15.0000 kWh, IP: 192.168.0.232
INFO - 2025-10-14 22:01:28 --> Session: Class initialized using 'CodeIgniter\Session\Handlers\FileHandler' driver.
INFO - 2025-10-14 22:01:29 --> Session: Class initialized using 'CodeIgniter\Session\Handlers\FileHandler' driver.
INFO - 2025-10-14 22:01:30 --> Session: Class initialized using 'CodeIgniter\Session\Handlers\FileHandler' driver.
INFO - 2025-10-14 22:01:30 --> Límite obtenido (general): 15.0000 kWh, IP: 192.168.0.232
INFO - 2025-10-14 22:01:31 --> Session: Class initialized using 'CodeIgniter\Session\Handlers\FileHandler' driver.
INFO - 2025-10-14 22:01:33 --> Session: Class initialized using 'CodeIgniter\Session\Handlers\FileHandler' driver.
INFO - 2025-10-14 22:01:33 --> Límite obtenido (general): 15.0000 kWh, IP: 192.168.0.232
INFO - 2025-10-14 22:01:34 --> Session: Class initialized using 'CodeIgniter\Session\Handlers\FileHandler' driver.
INFO - 2025-10-14 22:01:34 --> Session: Class initialized using 'CodeIgniter\Session\Handlers\FileHandler' driver.
INFO - 2025-10-14 22:01:36 --> Session: Class initialized using 'CodeIgniter\Session\Handlers\FileHandler' driver.
INFO - 2025-10-14 22:01:36 --> Límite obtenido (general): 15.0000 kWh, IP: 192.168.0.232
INFO - 2025-10-14 22:01:37 --> Session: Class initialized using 'CodeIgniter\Session\Handlers\FileHandler' driver.
INFO - 2025-10-14 22:01:39 --> Session: Class initialized using 'CodeIgniter\Session\Handlers\FileHandler' driver.
INFO - 2025-10-14 22:01:39 --> Session: Class initialized using 'CodeIgniter\Session\Handlers\FileHandler' driver.
INFO - 2025-10-14 22:01:39 --> Límite obtenido (general): 15.0000 kWh, IP: 192.168.0.232
INFO - 2025-10-14 22:01:40 --> Session: Class initialized using 'CodeIgniter\Session\Handlers\FileHandler' driver.
INFO - 2025-10-14 22:01:42 --> Session: Class initialized using 'CodeIgniter\Session\Handlers\FileHandler' driver.
INFO - 2025-10-14 22:01:42 --> Límite obtenido (general): 15.0000 kWh, IP: 192.168.0.232
INFO - 2025-10-14 22:01:44 --> Session: Class initialized using 'CodeIgniter\Session\Handlers\FileHandler' driver.
INFO - 2025-10-14 22:01:44 --> Session: Class initialized using 'CodeIgniter\Session\Handlers\FileHandler' driver.
INFO - 2025-10-14 22:01:45 --> Session: Class initialized using 'CodeIgniter\Session\Handlers\FileHandler' driver.
INFO - 2025-10-14 22:01:45 --> Límite obtenido (general): 15.0000 kWh, IP: 192.168.0.232
INFO - 2025-10-14 22:01:47 --> Session: Class initialized using 'CodeIgniter\Session\Handlers\FileHandler' driver.
INFO - 2025-10-14 22:01:49 --> Session: Class initialized using 'CodeIgniter\Session\Handlers\FileHandler' driver.
INFO - 2025-10-14 22:01:49 --> Límite obtenido (general): 15.0000 kWh, IP: 192.168.0.232
INFO - 2025-10-14 22:01:49 --> Session: Class initialized using 'CodeIgniter\Session\Handlers\FileHandler' driver.
INFO - 2025-10-14 22:01:50 --> Session: Class initialized using 'CodeIgniter\Session\Handlers\FileHandler' driver.
INFO - 2025-10-14 22:01:52 --> Session: Class initialized using 'CodeIgniter\Session\Handlers\FileHandler' driver.
INFO - 2025-10-14 22:01:52 --> Límite obtenido (general): 15.0000 kWh, IP: 192.168.0.232
INFO - 2025-10-14 22:01:53 --> Session: Class initialized using 'CodeIgniter\Session\Handlers\FileHandler' driver.
INFO - 2025-10-14 22:01:54 --> Session: Class initialized using 'CodeIgniter\Session\Handlers\FileHandler' driver.
INFO - 2025-10-14 22:01:54 --> Session: Class initialized using 'CodeIgniter\Session\Handlers\FileHandler' driver.
INFO - 2025-10-14 22:01:55 --> Límite obtenido (general): 15.0000 kWh, IP: 192.168.0.232
INFO - 2025-10-14 22:01:56 --> Session: Class initialized using 'CodeIgniter\Session\Handlers\FileHandler' driver.
INFO - 2025-10-14 22:01:58 --> Session: Class initialized using 'CodeIgniter\Session\Handlers\FileHandler' driver.
INFO - 2025-10-14 22:01:58 --> Límite obtenido (general): 15.0000 kWh, IP: 192.168.0.232
INFO - 2025-10-14 22:01:59 --> Session: Class initialized using 'CodeIgniter\Session\Handlers\FileHandler' driver.
INFO - 2025-10-14 22:01:59 --> Session: Class initialized using 'CodeIgniter\Session\Handlers\FileHandler' driver.
INFO - 2025-10-14 22:02:01 --> Session: Class initialized using 'CodeIgniter\Session\Handlers\FileHandler' driver.
INFO - 2025-10-14 22:02:01 --> Límite obtenido (general): 15.0000 kWh, IP: 192.168.0.232
INFO - 2025-10-14 22:02:02 --> Session: Class initialized using 'CodeIgniter\Session\Handlers\FileHandler' driver.
INFO - 2025-10-14 22:02:04 --> Session: Class initialized using 'CodeIgniter\Session\Handlers\FileHandler' driver.
INFO - 2025-10-14 22:02:04 --> Límite obtenido (general): 15.0000 kWh, IP: 192.168.0.232
INFO - 2025-10-14 22:02:04 --> Session: Class initialized using 'CodeIgniter\Session\Handlers\FileHandler' driver.
INFO - 2025-10-14 22:02:05 --> Session: Class initialized using 'CodeIgniter\Session\Handlers\FileHandler' driver.
INFO - 2025-10-14 22:02:07 --> Session: Class initialized using 'CodeIgniter\Session\Handlers\FileHandler' driver.
INFO - 2025-10-14 22:02:07 --> Límite obtenido (general): 15.0000 kWh, IP: 192.168.0.232
INFO - 2025-10-14 22:02:08 --> Session: Class initialized using 'CodeIgniter\Session\Handlers\FileHandler' driver.
DEBUG - 2025-10-14 22:02:09 --> Ruta actual: /Tesina/public/energia/actualizarLimite
INFO - 2025-10-14 22:02:09 --> Session: Class initialized using 'CodeIgniter\Session\Handlers\FileHandler' driver.
DEBUG - 2025-10-14 22:02:09 --> Datos en sesión: Array
(
    [__ci_last_regenerate] => 1760489984
    [_ci_previous_url] => http://192.168.0.138/Tesina/public/energia/dispositivo/2
    [id_usuario] => 1
    [nombre] => brunito
    [apellido] => barber
    [email] => brunocameille@alumnos.itr3.edu.ar
    [rol] => admin
    [logged_in] => 1
)

INFO - 2025-10-14 22:02:10 --> Session: Class initialized using 'CodeIgniter\Session\Handlers\FileHandler' driver.
INFO - 2025-10-14 22:02:10 --> Límite obtenido (general): 2.0000 kWh, IP: 192.168.0.232
INFO - 2025-10-14 22:02:12 --> Session: Class initialized using 'CodeIgniter\Session\Handlers\FileHandler' driver.
INFO - 2025-10-14 22:02:13 --> Session: Class initialized using 'CodeIgniter\Session\Handlers\FileHandler' driver.
INFO - 2025-10-14 22:02:13 --> Límite obtenido (general): 2.0000 kWh, IP: 192.168.0.232
INFO - 2025-10-14 22:02:15 --> Session: Class initialized using 'CodeIgniter\Session\Handlers\FileHandler' driver.
INFO - 2025-10-14 22:02:15 --> Session: Class initialized using 'CodeIgniter\Session\Handlers\FileHandler' driver.
INFO - 2025-10-14 22:02:15 --> Session: Class initialized using 'CodeIgniter\Session\Handlers\FileHandler' driver.
INFO - 2025-10-14 22:02:16 --> Session: Class initialized using 'CodeIgniter\Session\Handlers\FileHandler' driver.
INFO - 2025-10-14 22:02:16 --> Límite obtenido (general): 2.0000 kWh, IP: 192.168.0.232
INFO - 2025-10-14 22:02:18 --> Session: Class initialized using 'CodeIgniter\Session\Handlers\FileHandler' driver.
INFO - 2025-10-14 22:02:19 --> Session: Class initialized using 'CodeIgniter\Session\Handlers\FileHandler' driver.
INFO - 2025-10-14 22:02:19 --> Session: Class initialized using 'CodeIgniter\Session\Handlers\FileHandler' driver.
INFO - 2025-10-14 22:02:20 --> Límite obtenido (general): 2.0000 kWh, IP: 192.168.0.232
INFO - 2025-10-14 22:02:21 --> Session: Class initialized using 'CodeIgniter\Session\Handlers\FileHandler' driver.
INFO - 2025-10-14 22:02:23 --> Session: Class initialized using 'CodeIgniter\Session\Handlers\FileHandler' driver.
INFO - 2025-10-14 22:02:23 --> Límite obtenido (general): 2.0000 kWh, IP: 192.168.0.232
INFO - 2025-10-14 22:02:24 --> Session: Class initialized using 'CodeIgniter\Session\Handlers\FileHandler' driver.
INFO - 2025-10-14 22:02:24 --> Session: Class initialized using 'CodeIgniter\Session\Handlers\FileHandler' driver.
INFO - 2025-10-14 22:02:26 --> Session: Class initialized using 'CodeIgniter\Session\Handlers\FileHandler' driver.
INFO - 2025-10-14 22:02:26 --> Límite obtenido (general): 2.0000 kWh, IP: 192.168.0.232
INFO - 2025-10-14 22:02:27 --> Session: Class initialized using 'CodeIgniter\Session\Handlers\FileHandler' driver.
INFO - 2025-10-14 22:02:29 --> Session: Class initialized using 'CodeIgniter\Session\Handlers\FileHandler' driver.
INFO - 2025-10-14 22:02:29 --> Límite obtenido (general): 2.0000 kWh, IP: 192.168.0.232
INFO - 2025-10-14 22:02:29 --> Session: Class initialized using 'CodeIgniter\Session\Handlers\FileHandler' driver.
INFO - 2025-10-14 22:02:30 --> Session: Class initialized using 'CodeIgniter\Session\Handlers\FileHandler' driver.
INFO - 2025-10-14 22:02:32 --> Session: Class initialized using 'CodeIgniter\Session\Handlers\FileHandler' driver.
INFO - 2025-10-14 22:02:32 --> Límite obtenido (general): 2.0000 kWh, IP: 192.168.0.232
INFO - 2025-10-14 22:02:33 --> Session: Class initialized using 'CodeIgniter\Session\Handlers\FileHandler' driver.
INFO - 2025-10-14 22:02:34 --> Session: Class initialized using 'CodeIgniter\Session\Handlers\FileHandler' driver.
INFO - 2025-10-14 22:02:35 --> Session: Class initialized using 'CodeIgniter\Session\Handlers\FileHandler' driver.
INFO - 2025-10-14 22:02:35 --> Límite obtenido (general): 2.0000 kWh, IP: 192.168.0.232
INFO - 2025-10-14 22:02:36 --> Session: Class initialized using 'CodeIgniter\Session\Handlers\FileHandler' driver.
INFO - 2025-10-14 22:02:38 --> Session: Class initialized using 'CodeIgniter\Session\Handlers\FileHandler' driver.
INFO - 2025-10-14 22:02:38 --> Límite obtenido (general): 2.0000 kWh, IP: 192.168.0.232
INFO - 2025-10-14 22:02:39 --> Session: Class initialized using 'CodeIgniter\Session\Handlers\FileHandler' driver.
INFO - 2025-10-14 22:02:39 --> Session: Class initialized using 'CodeIgniter\Session\Handlers\FileHandler' driver.
INFO - 2025-10-14 22:02:39 --> Session: Class initialized using 'CodeIgniter\Session\Handlers\FileHandler' driver.
INFO - 2025-10-14 22:02:40 --> Session: Class initialized using 'CodeIgniter\Session\Handlers\FileHandler' driver.
INFO - 2025-10-14 22:02:41 --> Session: Class initialized using 'CodeIgniter\Session\Handlers\FileHandler' driver.
INFO - 2025-10-14 22:02:41 --> Límite obtenido (general): 2.0000 kWh, IP: 192.168.0.232
INFO - 2025-10-14 22:02:41 --> Session: Class initialized using 'CodeIgniter\Session\Handlers\FileHandler' driver.
INFO - 2025-10-14 22:02:42 --> Session: Class initialized using 'CodeIgniter\Session\Handlers\FileHandler' driver.
INFO - 2025-10-14 22:02:42 --> Session: Class initialized using 'CodeIgniter\Session\Handlers\FileHandler' driver.
INFO - 2025-10-14 22:02:42 --> Session: Class initialized using 'CodeIgniter\Session\Handlers\FileHandler' driver.
INFO - 2025-10-14 22:02:42 --> Session: Class initialized using 'CodeIgniter\Session\Handlers\FileHandler' driver.
INFO - 2025-10-14 22:02:42 --> Session: Class initialized using 'CodeIgniter\Session\Handlers\FileHandler' driver.
INFO - 2025-10-14 22:02:42 --> Session: Class initialized using 'CodeIgniter\Session\Handlers\FileHandler' driver.
INFO - 2025-10-14 22:02:43 --> Session: Class initialized using 'CodeIgniter\Session\Handlers\FileHandler' driver.
DEBUG - 2025-10-14 22:02:44 --> Ruta actual: /Tesina/public/energia/generarPDF/2
INFO - 2025-10-14 22:02:44 --> Session: Class initialized using 'CodeIgniter\Session\Handlers\FileHandler' driver.
DEBUG - 2025-10-14 22:02:44 --> Datos en sesión: Array
(
    [__ci_last_regenerate] => 1760489984
    [_ci_previous_url] => http://192.168.0.138/Tesina/public/energia/dispositivo/2
    [id_usuario] => 1
    [nombre] => brunito
    [apellido] => barber
    [email] => brunocameille@alumnos.itr3.edu.ar
    [rol] => admin
    [logged_in] => 1
    [tarifa_kwh] => 173
)

ERROR - 2025-10-14 22:02:44 --> Error generando PDF: Undefined array key "kwh"
INFO - 2025-10-14 22:02:44 --> Session: Class initialized using 'CodeIgniter\Session\Handlers\FileHandler' driver.
INFO - 2025-10-14 22:02:44 --> Límite obtenido (general): 2.0000 kWh, IP: 192.168.0.232
DEBUG - 2025-10-14 22:02:44 --> Ruta actual: /Tesina/public/energia/dispositivo/2
INFO - 2025-10-14 22:02:44 --> Session: Class initialized using 'CodeIgniter\Session\Handlers\FileHandler' driver.
DEBUG - 2025-10-14 22:02:44 --> Datos en sesión: Array
(
    [__ci_last_regenerate] => 1760489984
    [_ci_previous_url] => http://192.168.0.138/Tesina/public/energia/dispositivo/2
    [id_usuario] => 1
    [nombre] => brunito
    [apellido] => barber
    [email] => brunocameille@alumnos.itr3.edu.ar
    [rol] => admin
    [logged_in] => 1
    [tarifa_kwh] => 173
)

INFO - 2025-10-14 22:02:45 --> Session: Class initialized using 'CodeIgniter\Session\Handlers\FileHandler' driver.
INFO - 2025-10-14 22:02:47 --> Session: Class initialized using 'CodeIgniter\Session\Handlers\FileHandler' driver.
INFO - 2025-10-14 22:02:47 --> Límite obtenido (general): 2.0000 kWh, IP: 192.168.0.232
INFO - 2025-10-14 22:02:48 --> Session: Class initialized using 'CodeIgniter\Session\Handlers\FileHandler' driver.
INFO - 2025-10-14 22:02:49 --> Session: Class initialized using 'CodeIgniter\Session\Handlers\FileHandler' driver.
INFO - 2025-10-14 22:02:50 --> Session: Class initialized using 'CodeIgniter\Session\Handlers\FileHandler' driver.
INFO - 2025-10-14 22:02:50 --> Límite obtenido (general): 2.0000 kWh, IP: 192.168.0.232
INFO - 2025-10-14 22:02:52 --> Session: Class initialized using 'CodeIgniter\Session\Handlers\FileHandler' driver.
INFO - 2025-10-14 22:02:53 --> Session: Class initialized using 'CodeIgniter\Session\Handlers\FileHandler' driver.
INFO - 2025-10-14 22:02:53 --> Límite obtenido (general): 2.0000 kWh, IP: 192.168.0.232
INFO - 2025-10-14 22:02:54 --> Session: Class initialized using 'CodeIgniter\Session\Handlers\FileHandler' driver.
INFO - 2025-10-14 22:02:55 --> Session: Class initialized using 'CodeIgniter\Session\Handlers\FileHandler' driver.
INFO - 2025-10-14 22:02:56 --> Session: Class initialized using 'CodeIgniter\Session\Handlers\FileHandler' driver.
INFO - 2025-10-14 22:02:56 --> Límite obtenido (general): 2.0000 kWh, IP: 192.168.0.232
INFO - 2025-10-14 22:02:58 --> Session: Class initialized using 'CodeIgniter\Session\Handlers\FileHandler' driver.
INFO - 2025-10-14 22:02:59 --> Session: Class initialized using 'CodeIgniter\Session\Handlers\FileHandler' driver.
INFO - 2025-10-14 22:02:59 --> Session: Class initialized using 'CodeIgniter\Session\Handlers\FileHandler' driver.
INFO - 2025-10-14 22:03:00 --> Límite obtenido (general): 2.0000 kWh, IP: 192.168.0.232
INFO - 2025-10-14 22:03:01 --> Session: Class initialized using 'CodeIgniter\Session\Handlers\FileHandler' driver.
INFO - 2025-10-14 22:03:03 --> Session: Class initialized using 'CodeIgniter\Session\Handlers\FileHandler' driver.
INFO - 2025-10-14 22:03:03 --> Límite obtenido (general): 2.0000 kWh, IP: 192.168.0.232
INFO - 2025-10-14 22:03:04 --> Session: Class initialized using 'CodeIgniter\Session\Handlers\FileHandler' driver.
INFO - 2025-10-14 22:03:04 --> Session: Class initialized using 'CodeIgniter\Session\Handlers\FileHandler' driver.
INFO - 2025-10-14 22:03:06 --> Session: Class initialized using 'CodeIgniter\Session\Handlers\FileHandler' driver.
INFO - 2025-10-14 22:03:06 --> Límite obtenido (general): 2.0000 kWh, IP: 192.168.0.232
INFO - 2025-10-14 22:03:07 --> Session: Class initialized using 'CodeIgniter\Session\Handlers\FileHandler' driver.
INFO - 2025-10-14 22:03:09 --> Session: Class initialized using 'CodeIgniter\Session\Handlers\FileHandler' driver.
INFO - 2025-10-14 22:03:09 --> Límite obtenido (general): 2.0000 kWh, IP: 192.168.0.232
INFO - 2025-10-14 22:03:10 --> Session: Class initialized using 'CodeIgniter\Session\Handlers\FileHandler' driver.
INFO - 2025-10-14 22:03:10 --> Session: Class initialized using 'CodeIgniter\Session\Handlers\FileHandler' driver.
INFO - 2025-10-14 22:03:12 --> Session: Class initialized using 'CodeIgniter\Session\Handlers\FileHandler' driver.
INFO - 2025-10-14 22:03:12 --> Límite obtenido (general): 2.0000 kWh, IP: 192.168.0.232
INFO - 2025-10-14 22:03:13 --> Session: Class initialized using 'CodeIgniter\Session\Handlers\FileHandler' driver.
INFO - 2025-10-14 22:03:15 --> Session: Class initialized using 'CodeIgniter\Session\Handlers\FileHandler' driver.
INFO - 2025-10-14 22:03:15 --> Límite obtenido (general): 2.0000 kWh, IP: 192.168.0.232
INFO - 2025-10-14 22:03:15 --> Session: Class initialized using 'CodeIgniter\Session\Handlers\FileHandler' driver.
INFO - 2025-10-14 22:03:16 --> Session: Class initialized using 'CodeIgniter\Session\Handlers\FileHandler' driver.
DEBUG - 2025-10-14 22:03:18 --> Ruta actual: /Tesina/public/energia/generarPDF/2
INFO - 2025-10-14 22:03:18 --> Session: Class initialized using 'CodeIgniter\Session\Handlers\FileHandler' driver.
DEBUG - 2025-10-14 22:03:18 --> Datos en sesión: Array
(
    [__ci_last_regenerate] => 1760489984
    [_ci_previous_url] => http://192.168.0.138/Tesina/public/energia/dispositivo/2
    [id_usuario] => 1
    [nombre] => brunito
    [apellido] => barber
    [email] => brunocameille@alumnos.itr3.edu.ar
    [rol] => admin
    [logged_in] => 1
    [tarifa_kwh] => 173
)

ERROR - 2025-10-14 22:03:18 --> Error generando PDF: Undefined array key "kwh"
DEBUG - 2025-10-14 22:03:18 --> Ruta actual: /Tesina/public/energia/dispositivo/2
INFO - 2025-10-14 22:03:18 --> Session: Class initialized using 'CodeIgniter\Session\Handlers\FileHandler' driver.
DEBUG - 2025-10-14 22:03:18 --> Datos en sesión: Array
(
    [__ci_last_regenerate] => 1760489984
    [_ci_previous_url] => http://192.168.0.138/Tesina/public/energia/dispositivo/2
    [id_usuario] => 1
    [nombre] => brunito
    [apellido] => barber
    [email] => brunocameille@alumnos.itr3.edu.ar
    [rol] => admin
    [logged_in] => 1
    [tarifa_kwh] => 173
)

INFO - 2025-10-14 22:03:18 --> Session: Class initialized using 'CodeIgniter\Session\Handlers\FileHandler' driver.
INFO - 2025-10-14 22:03:18 --> Límite obtenido (general): 2.0000 kWh, IP: 192.168.0.232
INFO - 2025-10-14 22:03:20 --> Session: Class initialized using 'CodeIgniter\Session\Handlers\FileHandler' driver.
INFO - 2025-10-14 22:03:20 --> Session: Class initialized using 'CodeIgniter\Session\Handlers\FileHandler' driver.
INFO - 2025-10-14 22:03:21 --> Session: Class initialized using 'CodeIgniter\Session\Handlers\FileHandler' driver.
INFO - 2025-10-14 22:03:21 --> Límite obtenido (general): 2.0000 kWh, IP: 192.168.0.232
INFO - 2025-10-14 22:03:23 --> Session: Class initialized using 'CodeIgniter\Session\Handlers\FileHandler' driver.
INFO - 2025-10-14 22:03:24 --> Session: Class initialized using 'CodeIgniter\Session\Handlers\FileHandler' driver.
INFO - 2025-10-14 22:03:25 --> Límite obtenido (general): 2.0000 kWh, IP: 192.168.0.232
INFO - 2025-10-14 22:03:25 --> Session: Class initialized using 'CodeIgniter\Session\Handlers\FileHandler' driver.
INFO - 2025-10-14 22:03:26 --> Session: Class initialized using 'CodeIgniter\Session\Handlers\FileHandler' driver.
INFO - 2025-10-14 22:03:28 --> Session: Class initialized using 'CodeIgniter\Session\Handlers\FileHandler' driver.
INFO - 2025-10-14 22:03:28 --> Límite obtenido (general): 2.0000 kWh, IP: 192.168.0.232
INFO - 2025-10-14 22:03:29 --> Session: Class initialized using 'CodeIgniter\Session\Handlers\FileHandler' driver.
INFO - 2025-10-14 22:03:31 --> Session: Class initialized using 'CodeIgniter\Session\Handlers\FileHandler' driver.
INFO - 2025-10-14 22:03:31 --> Límite obtenido (general): 2.0000 kWh, IP: 192.168.0.232
INFO - 2025-10-14 22:03:31 --> Session: Class initialized using 'CodeIgniter\Session\Handlers\FileHandler' driver.
INFO - 2025-10-14 22:03:32 --> Session: Class initialized using 'CodeIgniter\Session\Handlers\FileHandler' driver.
INFO - 2025-10-14 22:03:34 --> Session: Class initialized using 'CodeIgniter\Session\Handlers\FileHandler' driver.
INFO - 2025-10-14 22:03:34 --> Límite obtenido (general): 2.0000 kWh, IP: 192.168.0.232
INFO - 2025-10-14 22:03:36 --> Session: Class initialized using 'CodeIgniter\Session\Handlers\FileHandler' driver.
INFO - 2025-10-14 22:03:36 --> Session: Class initialized using 'CodeIgniter\Session\Handlers\FileHandler' driver.
INFO - 2025-10-14 22:03:38 --> Session: Class initialized using 'CodeIgniter\Session\Handlers\FileHandler' driver.
INFO - 2025-10-14 22:03:38 --> Límite obtenido (general): 2.0000 kWh, IP: 192.168.0.232
INFO - 2025-10-14 22:03:39 --> Session: Class initialized using 'CodeIgniter\Session\Handlers\FileHandler' driver.
INFO - 2025-10-14 22:03:41 --> Session: Class initialized using 'CodeIgniter\Session\Handlers\FileHandler' driver.
ERROR - 2025-10-14 22:03:41 --> Error filtrando lecturas: Undefined array key "kwh"
INFO - 2025-10-14 22:03:41 --> Session: Class initialized using 'CodeIgniter\Session\Handlers\FileHandler' driver.
INFO - 2025-10-14 22:03:41 --> Límite obtenido (general): 2.0000 kWh, IP: 192.168.0.232
INFO - 2025-10-14 22:03:41 --> Session: Class initialized using 'CodeIgniter\Session\Handlers\FileHandler' driver.
INFO - 2025-10-14 22:03:42 --> Session: Class initialized using 'CodeIgniter\Session\Handlers\FileHandler' driver.
INFO - 2025-10-14 22:03:43 --> Session: Class initialized using 'CodeIgniter\Session\Handlers\FileHandler' driver.
ERROR - 2025-10-14 22:03:43 --> Error filtrando lecturas: Undefined array key "kwh"
INFO - 2025-10-14 22:03:44 --> Session: Class initialized using 'CodeIgniter\Session\Handlers\FileHandler' driver.
INFO - 2025-10-14 22:03:44 --> Límite obtenido (general): 2.0000 kWh, IP: 192.168.0.232
INFO - 2025-10-14 22:03:45 --> Session: Class initialized using 'CodeIgniter\Session\Handlers\FileHandler' driver.
INFO - 2025-10-14 22:03:46 --> Session: Class initialized using 'CodeIgniter\Session\Handlers\FileHandler' driver.
INFO - 2025-10-14 22:03:47 --> Session: Class initialized using 'CodeIgniter\Session\Handlers\FileHandler' driver.
INFO - 2025-10-14 22:03:47 --> Límite obtenido (general): 2.0000 kWh, IP: 192.168.0.232
INFO - 2025-10-14 22:03:48 --> Session: Class initialized using 'CodeIgniter\Session\Handlers\FileHandler' driver.
INFO - 2025-10-14 22:03:50 --> Session: Class initialized using 'CodeIgniter\Session\Handlers\FileHandler' driver.
INFO - 2025-10-14 22:03:50 --> Límite obtenido (general): 2.0000 kWh, IP: 192.168.0.232
INFO - 2025-10-14 22:03:51 --> Session: Class initialized using 'CodeIgniter\Session\Handlers\FileHandler' driver.
INFO - 2025-10-14 22:03:51 --> Session: Class initialized using 'CodeIgniter\Session\Handlers\FileHandler' driver.
INFO - 2025-10-14 22:03:53 --> Session: Class initialized using 'CodeIgniter\Session\Handlers\FileHandler' driver.
INFO - 2025-10-14 22:03:53 --> Límite obtenido (general): 2.0000 kWh, IP: 192.168.0.232
INFO - 2025-10-14 22:03:54 --> Session: Class initialized using 'CodeIgniter\Session\Handlers\FileHandler' driver.
INFO - 2025-10-14 22:03:56 --> Session: Class initialized using 'CodeIgniter\Session\Handlers\FileHandler' driver.
INFO - 2025-10-14 22:03:56 --> Límite obtenido (general): 2.0000 kWh, IP: 192.168.0.232
INFO - 2025-10-14 22:03:56 --> Session: Class initialized using 'CodeIgniter\Session\Handlers\FileHandler' driver.
INFO - 2025-10-14 22:03:57 --> Session: Class initialized using 'CodeIgniter\Session\Handlers\FileHandler' driver.
INFO - 2025-10-14 22:03:58 --> Session: Class initialized using 'CodeIgniter\Session\Handlers\FileHandler' driver.
INFO - 2025-10-14 22:03:58 --> Session: Class initialized using 'CodeIgniter\Session\Handlers\FileHandler' driver.
INFO - 2025-10-14 22:03:59 --> Session: Class initialized using 'CodeIgniter\Session\Handlers\FileHandler' driver.
INFO - 2025-10-14 22:03:59 --> Límite obtenido (general): 2.0000 kWh, IP: 192.168.0.232
INFO - 2025-10-14 22:04:00 --> Session: Class initialized using 'CodeIgniter\Session\Handlers\FileHandler' driver.
INFO - 2025-10-14 22:04:02 --> Session: Class initialized using 'CodeIgniter\Session\Handlers\FileHandler' driver.
INFO - 2025-10-14 22:04:02 --> Límite obtenido (general): 2.0000 kWh, IP: 192.168.0.232
INFO - 2025-10-14 22:04:03 --> Session: Class initialized using 'CodeIgniter\Session\Handlers\FileHandler' driver.
INFO - 2025-10-14 22:04:05 --> Session: Class initialized using 'CodeIgniter\Session\Handlers\FileHandler' driver.
INFO - 2025-10-14 22:04:05 --> Límite obtenido (general): 2.0000 kWh, IP: 192.168.0.232
INFO - 2025-10-14 22:04:06 --> Session: Class initialized using 'CodeIgniter\Session\Handlers\FileHandler' driver.
INFO - 2025-10-14 22:04:08 --> Session: Class initialized using 'CodeIgniter\Session\Handlers\FileHandler' driver.
INFO - 2025-10-14 22:04:08 --> Límite obtenido (general): 2.0000 kWh, IP: 192.168.0.232
INFO - 2025-10-14 22:04:09 --> Session: Class initialized using 'CodeIgniter\Session\Handlers\FileHandler' driver.
INFO - 2025-10-14 22:04:11 --> Session: Class initialized using 'CodeIgniter\Session\Handlers\FileHandler' driver.
INFO - 2025-10-14 22:04:11 --> Límite obtenido (general): 2.0000 kWh, IP: 192.168.0.232
INFO - 2025-10-14 22:04:13 --> Session: Class initialized using 'CodeIgniter\Session\Handlers\FileHandler' driver.
INFO - 2025-10-14 22:04:13 --> Session: Class initialized using 'CodeIgniter\Session\Handlers\FileHandler' driver.
DEBUG - 2025-10-14 22:04:13 --> Intento de inicio de sesión para email: brunocameille@alumnos.itr3.edu.ar
DEBUG - 2025-10-14 22:04:13 --> Longitud de la contraseña ingresada: 17
DEBUG - 2025-10-14 22:04:13 --> Usuario encontrado: {"id":"1","email":"brunocameille@alumnos.itr3.edu.ar","estado":"activo","rol":"1"}
DEBUG - 2025-10-14 22:04:13 --> Resultado de verificación de contraseña: true
DEBUG - 2025-10-14 22:04:13 --> Hash almacenado en la base de datos: $2y$10$DfVf5j75GUow.8KQIROrQ.HgppT0Rq0gHjnl3td.ZZBDLZAYggz.u
DEBUG - 2025-10-14 22:04:13 --> Inicio de sesión exitoso para usuario: brunocameille@alumnos.itr3.edu.ar
DEBUG - 2025-10-14 22:04:13 --> Datos de sesión guardados: {"id_usuario":"1","nombre":"brunito","apellido":"barber","email":"brunocameille@alumnos.itr3.edu.ar","rol":"admin","logged_in":true}
DEBUG - 2025-10-14 22:04:13 --> Ruta actual: /Tesina/public/admin
INFO - 2025-10-14 22:04:13 --> Session: Class initialized using 'CodeIgniter\Session\Handlers\FileHandler' driver.
DEBUG - 2025-10-14 22:04:13 --> Datos en sesión: Array
(
    [__ci_last_regenerate] => 1760490023
    [_ci_previous_url] => http://192.168.0.138/Tesina/public/autenticacion/login
    [id_usuario] => 1
    [nombre] => brunito
    [apellido] => barber
    [email] => brunocameille@alumnos.itr3.edu.ar
    [rol] => admin
    [logged_in] => 1
)

INFO - 2025-10-14 22:04:14 --> Session: Class initialized using 'CodeIgniter\Session\Handlers\FileHandler' driver.
INFO - 2025-10-14 22:04:14 --> Límite obtenido (general): 2.0000 kWh, IP: 192.168.0.232
DEBUG - 2025-10-14 22:04:15 --> Ruta actual: /Tesina/public/admin/dispositivos
INFO - 2025-10-14 22:04:15 --> Session: Class initialized using 'CodeIgniter\Session\Handlers\FileHandler' driver.
DEBUG - 2025-10-14 22:04:15 --> Datos en sesión: Array
(
    [__ci_last_regenerate] => 1760490023
    [_ci_previous_url] => http://192.168.0.138/Tesina/public/admin
    [id_usuario] => 1
    [nombre] => brunito
    [apellido] => barber
    [email] => brunocameille@alumnos.itr3.edu.ar
    [rol] => admin
    [logged_in] => 1
)

DEBUG - 2025-10-14 22:04:15 --> Buscando usuario ID: 1
DEBUG - 2025-10-14 22:04:15 --> Resultado de la búsqueda: Array
(
    [id_usuario] => 1
    [nombre] => brunito
    [apellido] => barber
    [email] => brunocameille@alumnos.itr3.edu.ar
    [contrasena] => $2y$10$DfVf5j75GUow.8KQIROrQ.HgppT0Rq0gHjnl3td.ZZBDLZAYggz.u
    [direccion_id] => 0
    [id_rol] => 1
    [created_at] => 2025-04-07 13:37:30
    [updated_at] => 2025-10-13 19:57:07
    [invitado_por] => 
    [estado] => activo
    [token_activacion] => 
)

INFO - 2025-10-14 22:04:15 --> Session: Class initialized using 'CodeIgniter\Session\Handlers\FileHandler' driver.
INFO - 2025-10-14 22:04:17 --> Session: Class initialized using 'CodeIgniter\Session\Handlers\FileHandler' driver.
INFO - 2025-10-14 22:04:17 --> Límite obtenido (general): 2.0000 kWh, IP: 192.168.0.232
INFO - 2025-10-14 22:04:18 --> Session: Class initialized using 'CodeIgniter\Session\Handlers\FileHandler' driver.
INFO - 2025-10-14 22:04:20 --> Session: Class initialized using 'CodeIgniter\Session\Handlers\FileHandler' driver.
INFO - 2025-10-14 22:04:20 --> Límite obtenido (general): 2.0000 kWh, IP: 192.168.0.232
INFO - 2025-10-14 22:04:21 --> Session: Class initialized using 'CodeIgniter\Session\Handlers\FileHandler' driver.
INFO - 2025-10-14 22:04:23 --> Session: Class initialized using 'CodeIgniter\Session\Handlers\FileHandler' driver.
INFO - 2025-10-14 22:04:23 --> Límite obtenido (general): 2.0000 kWh, IP: 192.168.0.232
DEBUG - 2025-10-14 22:04:24 --> Ruta actual: /Tesina/public/energia/dispositivo/2
INFO - 2025-10-14 22:04:24 --> Session: Class initialized using 'CodeIgniter\Session\Handlers\FileHandler' driver.
DEBUG - 2025-10-14 22:04:24 --> Datos en sesión: Array
(
    [__ci_last_regenerate] => 1760490023
    [_ci_previous_url] => http://192.168.0.138/Tesina/public/admin/dispositivos
    [id_usuario] => 1
    [nombre] => brunito
    [apellido] => barber
    [email] => brunocameille@alumnos.itr3.edu.ar
    [rol] => admin
    [logged_in] => 1
)

INFO - 2025-10-14 22:04:25 --> Session: Class initialized using 'CodeIgniter\Session\Handlers\FileHandler' driver.
INFO - 2025-10-14 22:04:25 --> Session: Class initialized using 'CodeIgniter\Session\Handlers\FileHandler' driver.
INFO - 2025-10-14 22:04:26 --> Session: Class initialized using 'CodeIgniter\Session\Handlers\FileHandler' driver.
INFO - 2025-10-14 22:04:26 --> Límite obtenido (general): 2.0000 kWh, IP: 192.168.0.232
INFO - 2025-10-14 22:04:27 --> Session: Class initialized using 'CodeIgniter\Session\Handlers\FileHandler' driver.
INFO - 2025-10-14 22:04:29 --> Session: Class initialized using 'CodeIgniter\Session\Handlers\FileHandler' driver.
INFO - 2025-10-14 22:04:29 --> Session: Class initialized using 'CodeIgniter\Session\Handlers\FileHandler' driver.
INFO - 2025-10-14 22:04:29 --> Límite obtenido (general): 2.0000 kWh, IP: 192.168.0.232
INFO - 2025-10-14 22:04:30 --> Session: Class initialized using 'CodeIgniter\Session\Handlers\FileHandler' driver.
ERROR - 2025-10-14 22:04:30 --> Error filtrando lecturas: Undefined array key "kwh"
INFO - 2025-10-14 22:04:30 --> Session: Class initialized using 'CodeIgniter\Session\Handlers\FileHandler' driver.
INFO - 2025-10-14 22:04:32 --> Session: Class initialized using 'CodeIgniter\Session\Handlers\FileHandler' driver.
ERROR - 2025-10-14 22:04:32 --> Error filtrando lecturas: Undefined array key "kwh"
INFO - 2025-10-14 22:04:32 --> Session: Class initialized using 'CodeIgniter\Session\Handlers\FileHandler' driver.
ERROR - 2025-10-14 22:04:32 --> Error filtrando lecturas: Undefined array key "kwh"
INFO - 2025-10-14 22:04:32 --> Session: Class initialized using 'CodeIgniter\Session\Handlers\FileHandler' driver.
INFO - 2025-10-14 22:04:32 --> Límite obtenido (general): 2.0000 kWh, IP: 192.168.0.232
INFO - 2025-10-14 22:04:33 --> Session: Class initialized using 'CodeIgniter\Session\Handlers\FileHandler' driver.
INFO - 2025-10-14 22:04:34 --> Session: Class initialized using 'CodeIgniter\Session\Handlers\FileHandler' driver.
INFO - 2025-10-14 22:04:35 --> Session: Class initialized using 'CodeIgniter\Session\Handlers\FileHandler' driver.
INFO - 2025-10-14 22:04:35 --> Límite obtenido (general): 2.0000 kWh, IP: 192.168.0.232
INFO - 2025-10-14 22:04:37 --> Session: Class initialized using 'CodeIgniter\Session\Handlers\FileHandler' driver.
INFO - 2025-10-14 22:04:38 --> Session: Class initialized using 'CodeIgniter\Session\Handlers\FileHandler' driver.
INFO - 2025-10-14 22:04:38 --> Límite obtenido (general): 2.0000 kWh, IP: 192.168.0.232
INFO - 2025-10-14 22:04:39 --> Session: Class initialized using 'CodeIgniter\Session\Handlers\FileHandler' driver.
INFO - 2025-10-14 22:04:39 --> Session: Class initialized using 'CodeIgniter\Session\Handlers\FileHandler' driver.
INFO - 2025-10-14 22:04:41 --> Session: Class initialized using 'CodeIgniter\Session\Handlers\FileHandler' driver.
INFO - 2025-10-14 22:04:41 --> Límite obtenido (general): 2.0000 kWh, IP: 192.168.0.232
INFO - 2025-10-14 22:04:42 --> Session: Class initialized using 'CodeIgniter\Session\Handlers\FileHandler' driver.
INFO - 2025-10-14 22:04:44 --> Session: Class initialized using 'CodeIgniter\Session\Handlers\FileHandler' driver.
INFO - 2025-10-14 22:04:44 --> Session: Class initialized using 'CodeIgniter\Session\Handlers\FileHandler' driver.
INFO - 2025-10-14 22:04:44 --> Límite obtenido (general): 2.0000 kWh, IP: 192.168.0.232
INFO - 2025-10-14 22:04:45 --> Session: Class initialized using 'CodeIgniter\Session\Handlers\FileHandler' driver.
INFO - 2025-10-14 22:04:47 --> Session: Class initialized using 'CodeIgniter\Session\Handlers\FileHandler' driver.
INFO - 2025-10-14 22:04:47 --> Límite obtenido (general): 2.0000 kWh, IP: 192.168.0.232
INFO - 2025-10-14 22:04:49 --> Session: Class initialized using 'CodeIgniter\Session\Handlers\FileHandler' driver.
INFO - 2025-10-14 22:04:49 --> Session: Class initialized using 'CodeIgniter\Session\Handlers\FileHandler' driver.
INFO - 2025-10-14 22:04:50 --> Session: Class initialized using 'CodeIgniter\Session\Handlers\FileHandler' driver.
INFO - 2025-10-14 22:04:50 --> Límite obtenido (general): 2.0000 kWh, IP: 192.168.0.232
INFO - 2025-10-14 22:04:51 --> Session: Class initialized using 'CodeIgniter\Session\Handlers\FileHandler' driver.
INFO - 2025-10-14 22:04:53 --> Session: Class initialized using 'CodeIgniter\Session\Handlers\FileHandler' driver.
INFO - 2025-10-14 22:04:53 --> Límite obtenido (general): 2.0000 kWh, IP: 192.168.0.232
INFO - 2025-10-14 22:04:54 --> Session: Class initialized using 'CodeIgniter\Session\Handlers\FileHandler' driver.
INFO - 2025-10-14 22:04:54 --> Session: Class initialized using 'CodeIgniter\Session\Handlers\FileHandler' driver.
INFO - 2025-10-14 22:04:56 --> Session: Class initialized using 'CodeIgniter\Session\Handlers\FileHandler' driver.
INFO - 2025-10-14 22:04:56 --> Límite obtenido (general): 2.0000 kWh, IP: 192.168.0.232
INFO - 2025-10-14 22:04:57 --> Session: Class initialized using 'CodeIgniter\Session\Handlers\FileHandler' driver.
INFO - 2025-10-14 22:04:59 --> Session: Class initialized using 'CodeIgniter\Session\Handlers\FileHandler' driver.
INFO - 2025-10-14 22:04:59 --> Session: Class initialized using 'CodeIgniter\Session\Handlers\FileHandler' driver.
INFO - 2025-10-14 22:04:59 --> Límite obtenido (general): 2.0000 kWh, IP: 192.168.0.232
INFO - 2025-10-14 22:05:00 --> Session: Class initialized using 'CodeIgniter\Session\Handlers\FileHandler' driver.
INFO - 2025-10-14 22:05:00 --> Session: Class initialized using 'CodeIgniter\Session\Handlers\FileHandler' driver.
DEBUG - 2025-10-14 22:05:01 --> Ruta actual: /Tesina/public/energia/actualizarLimite
INFO - 2025-10-14 22:05:01 --> Session: Class initialized using 'CodeIgniter\Session\Handlers\FileHandler' driver.
DEBUG - 2025-10-14 22:05:01 --> Datos en sesión: Array
(
    [__ci_last_regenerate] => 1760490023
    [_ci_previous_url] => http://192.168.0.138/Tesina/public/energia/dispositivo/2
    [id_usuario] => 1
    [nombre] => brunito
    [apellido] => barber
    [email] => brunocameille@alumnos.itr3.edu.ar
    [rol] => admin
    [logged_in] => 1
)

INFO - 2025-10-14 22:05:02 --> Session: Class initialized using 'CodeIgniter\Session\Handlers\FileHandler' driver.
INFO - 2025-10-14 22:05:02 --> Límite obtenido (general): 0.0840 kWh, IP: 192.168.0.232
INFO - 2025-10-14 22:05:04 --> Session: Class initialized using 'CodeIgniter\Session\Handlers\FileHandler' driver.
INFO - 2025-10-14 22:05:05 --> Session: Class initialized using 'CodeIgniter\Session\Handlers\FileHandler' driver.
INFO - 2025-10-14 22:05:05 --> Límite obtenido (general): 0.0840 kWh, IP: 192.168.0.232
INFO - 2025-10-14 22:05:06 --> Session: Class initialized using 'CodeIgniter\Session\Handlers\FileHandler' driver.
INFO - 2025-10-14 22:05:06 --> Session: Class initialized using 'CodeIgniter\Session\Handlers\FileHandler' driver.
INFO - 2025-10-14 22:05:08 --> Session: Class initialized using 'CodeIgniter\Session\Handlers\FileHandler' driver.
INFO - 2025-10-14 22:05:08 --> Límite obtenido (general): 0.0840 kWh, IP: 192.168.0.232
INFO - 2025-10-14 22:05:09 --> Session: Class initialized using 'CodeIgniter\Session\Handlers\FileHandler' driver.
INFO - 2025-10-14 22:05:09 --> Session: Class initialized using 'CodeIgniter\Session\Handlers\FileHandler' driver.
DEBUG - 2025-10-14 22:05:09 --> Buscando usuario ID: 1
DEBUG - 2025-10-14 22:05:09 --> Resultado de la búsqueda: Array
(
    [id_usuario] => 1
    [nombre] => brunito
    [apellido] => barber
    [email] => brunocameille@alumnos.itr3.edu.ar
    [contrasena] => $2y$10$DfVf5j75GUow.8KQIROrQ.HgppT0Rq0gHjnl3td.ZZBDLZAYggz.u
    [direccion_id] => 0
    [id_rol] => 1
    [created_at] => 2025-04-07 13:37:30
    [updated_at] => 2025-10-13 19:57:07
    [invitado_por] => 
    [estado] => activo
    [token_activacion] => 
)

INFO - 2025-10-14 22:05:13 --> Alerta de consumo enviada correctamente a brunocameille@alumnos.itr3.edu.ar
INFO - 2025-10-14 22:05:14 --> Session: Class initialized using 'CodeIgniter\Session\Handlers\FileHandler' driver.
INFO - 2025-10-14 22:05:17 --> Session: Class initialized using 'CodeIgniter\Session\Handlers\FileHandler' driver.
INFO - 2025-10-14 22:05:17 --> Límite obtenido (general): 0.0840 kWh, IP: 192.168.0.232
INFO - 2025-10-14 22:05:18 --> Session: Class initialized using 'CodeIgniter\Session\Handlers\FileHandler' driver.
INFO - 2025-10-14 22:05:19 --> Session: Class initialized using 'CodeIgniter\Session\Handlers\FileHandler' driver.
INFO - 2025-10-14 22:05:19 --> Session: Class initialized using 'CodeIgniter\Session\Handlers\FileHandler' driver.
INFO - 2025-10-14 22:05:20 --> Session: Class initialized using 'CodeIgniter\Session\Handlers\FileHandler' driver.
INFO - 2025-10-14 22:05:20 --> Límite obtenido (general): 0.0840 kWh, IP: 192.168.0.232
INFO - 2025-10-14 22:05:21 --> Session: Class initialized using 'CodeIgniter\Session\Handlers\FileHandler' driver.
INFO - 2025-10-14 22:05:23 --> Session: Class initialized using 'CodeIgniter\Session\Handlers\FileHandler' driver.
INFO - 2025-10-14 22:05:23 --> Límite obtenido (general): 0.0840 kWh, IP: 192.168.0.232
INFO - 2025-10-14 22:05:24 --> Session: Class initialized using 'CodeIgniter\Session\Handlers\FileHandler' driver.
INFO - 2025-10-14 22:05:24 --> Session: Class initialized using 'CodeIgniter\Session\Handlers\FileHandler' driver.
INFO - 2025-10-14 22:05:25 --> Session: Class initialized using 'CodeIgniter\Session\Handlers\FileHandler' driver.
INFO - 2025-10-14 22:05:26 --> Session: Class initialized using 'CodeIgniter\Session\Handlers\FileHandler' driver.
INFO - 2025-10-14 22:05:26 --> Límite obtenido (general): 0.0840 kWh, IP: 192.168.0.232
INFO - 2025-10-14 22:05:27 --> Session: Class initialized using 'CodeIgniter\Session\Handlers\FileHandler' driver.
INFO - 2025-10-14 22:05:29 --> Session: Class initialized using 'CodeIgniter\Session\Handlers\FileHandler' driver.
INFO - 2025-10-14 22:05:29 --> Session: Class initialized using 'CodeIgniter\Session\Handlers\FileHandler' driver.
INFO - 2025-10-14 22:05:29 --> Límite obtenido (general): 0.0840 kWh, IP: 192.168.0.232
INFO - 2025-10-14 22:05:29 --> Session: Class initialized using 'CodeIgniter\Session\Handlers\FileHandler' driver.
INFO - 2025-10-14 22:05:32 --> Session: Class initialized using 'CodeIgniter\Session\Handlers\FileHandler' driver.
INFO - 2025-10-14 22:05:34 --> Session: Class initialized using 'CodeIgniter\Session\Handlers\FileHandler' driver.
INFO - 2025-10-14 22:05:34 --> Límite obtenido (general): 0.0840 kWh, IP: 192.168.0.232
INFO - 2025-10-14 22:05:34 --> Session: Class initialized using 'CodeIgniter\Session\Handlers\FileHandler' driver.
INFO - 2025-10-14 22:05:35 --> Session: Class initialized using 'CodeIgniter\Session\Handlers\FileHandler' driver.
INFO - 2025-10-14 22:05:36 --> Session: Class initialized using 'CodeIgniter\Session\Handlers\FileHandler' driver.
INFO - 2025-10-14 22:05:38 --> Session: Class initialized using 'CodeIgniter\Session\Handlers\FileHandler' driver.
INFO - 2025-10-14 22:05:38 --> Límite obtenido (general): 0.0840 kWh, IP: 192.168.0.232
INFO - 2025-10-14 22:05:39 --> Session: Class initialized using 'CodeIgniter\Session\Handlers\FileHandler' driver.
INFO - 2025-10-14 22:05:39 --> Session: Class initialized using 'CodeIgniter\Session\Handlers\FileHandler' driver.
INFO - 2025-10-14 22:05:39 --> Session: Class initialized using 'CodeIgniter\Session\Handlers\FileHandler' driver.
INFO - 2025-10-14 22:05:40 --> Session: Class initialized using 'CodeIgniter\Session\Handlers\FileHandler' driver.
INFO - 2025-10-14 22:05:41 --> Session: Class initialized using 'CodeIgniter\Session\Handlers\FileHandler' driver.
INFO - 2025-10-14 22:05:41 --> Límite obtenido (general): 0.0840 kWh, IP: 192.168.0.232
INFO - 2025-10-14 22:05:42 --> Session: Class initialized using 'CodeIgniter\Session\Handlers\FileHandler' driver.
DEBUG - 2025-10-14 22:05:43 --> Ruta actual: /Tesina/public/energia/actualizarLimite
INFO - 2025-10-14 22:05:43 --> Session: Class initialized using 'CodeIgniter\Session\Handlers\FileHandler' driver.
DEBUG - 2025-10-14 22:05:43 --> Datos en sesión: Array
(
    [__ci_last_regenerate] => 1760490324
    [_ci_previous_url] => http://192.168.0.138/Tesina/public/energia/dispositivo/2
    [id_usuario] => 1
    [nombre] => brunito
    [apellido] => barber
    [email] => brunocameille@alumnos.itr3.edu.ar
    [rol] => admin
    [logged_in] => 1
)

INFO - 2025-10-14 22:05:44 --> Session: Class initialized using 'CodeIgniter\Session\Handlers\FileHandler' driver.
INFO - 2025-10-14 22:05:44 --> Límite obtenido (general): 0.0900 kWh, IP: 192.168.0.232
INFO - 2025-10-14 22:05:45 --> Session: Class initialized using 'CodeIgniter\Session\Handlers\FileHandler' driver.
INFO - 2025-10-14 22:05:47 --> Session: Class initialized using 'CodeIgniter\Session\Handlers\FileHandler' driver.
INFO - 2025-10-14 22:05:47 --> Límite obtenido (general): 0.0900 kWh, IP: 192.168.0.232
INFO - 2025-10-14 22:05:48 --> Session: Class initialized using 'CodeIgniter\Session\Handlers\FileHandler' driver.
INFO - 2025-10-14 22:05:49 --> Session: Class initialized using 'CodeIgniter\Session\Handlers\FileHandler' driver.
INFO - 2025-10-14 22:05:49 --> Session: Class initialized using 'CodeIgniter\Session\Handlers\FileHandler' driver.
INFO - 2025-10-14 22:05:50 --> Session: Class initialized using 'CodeIgniter\Session\Handlers\FileHandler' driver.
INFO - 2025-10-14 22:05:50 --> Límite obtenido (general): 0.0900 kWh, IP: 192.168.0.232
INFO - 2025-10-14 22:05:51 --> Session: Class initialized using 'CodeIgniter\Session\Handlers\FileHandler' driver.
INFO - 2025-10-14 22:05:53 --> Session: Class initialized using 'CodeIgniter\Session\Handlers\FileHandler' driver.
INFO - 2025-10-14 22:05:53 --> Límite obtenido (general): 0.0900 kWh, IP: 192.168.0.232
INFO - 2025-10-14 22:05:54 --> Session: Class initialized using 'CodeIgniter\Session\Handlers\FileHandler' driver.
INFO - 2025-10-14 22:05:54 --> Session: Class initialized using 'CodeIgniter\Session\Handlers\FileHandler' driver.
INFO - 2025-10-14 22:05:56 --> Session: Class initialized using 'CodeIgniter\Session\Handlers\FileHandler' driver.
INFO - 2025-10-14 22:05:56 --> Límite obtenido (general): 0.0900 kWh, IP: 192.168.0.232
INFO - 2025-10-14 22:05:57 --> Session: Class initialized using 'CodeIgniter\Session\Handlers\FileHandler' driver.
INFO - 2025-10-14 22:05:59 --> Session: Class initialized using 'CodeIgniter\Session\Handlers\FileHandler' driver.
INFO - 2025-10-14 22:05:59 --> Session: Class initialized using 'CodeIgniter\Session\Handlers\FileHandler' driver.
INFO - 2025-10-14 22:05:59 --> Límite obtenido (general): 0.0900 kWh, IP: 192.168.0.232
INFO - 2025-10-14 22:06:00 --> Session: Class initialized using 'CodeIgniter\Session\Handlers\FileHandler' driver.
INFO - 2025-10-14 22:06:02 --> Session: Class initialized using 'CodeIgniter\Session\Handlers\FileHandler' driver.
INFO - 2025-10-14 22:06:02 --> Límite obtenido (general): 0.0900 kWh, IP: 192.168.0.232
INFO - 2025-10-14 22:06:03 --> Session: Class initialized using 'CodeIgniter\Session\Handlers\FileHandler' driver.
INFO - 2025-10-14 22:06:04 --> Session: Class initialized using 'CodeIgniter\Session\Handlers\FileHandler' driver.
INFO - 2025-10-14 22:06:05 --> Session: Class initialized using 'CodeIgniter\Session\Handlers\FileHandler' driver.
INFO - 2025-10-14 22:06:05 --> Límite obtenido (general): 0.0900 kWh, IP: 192.168.0.232
INFO - 2025-10-14 22:06:06 --> Session: Class initialized using 'CodeIgniter\Session\Handlers\FileHandler' driver.
INFO - 2025-10-14 22:06:08 --> Session: Class initialized using 'CodeIgniter\Session\Handlers\FileHandler' driver.
INFO - 2025-10-14 22:06:08 --> Límite obtenido (general): 0.0900 kWh, IP: 192.168.0.232
INFO - 2025-10-14 22:06:09 --> Session: Class initialized using 'CodeIgniter\Session\Handlers\FileHandler' driver.
DEBUG - 2025-10-14 22:06:09 --> Ruta actual: /Tesina/public/energia/actualizarLimite
INFO - 2025-10-14 22:06:09 --> Session: Class initialized using 'CodeIgniter\Session\Handlers\FileHandler' driver.
DEBUG - 2025-10-14 22:06:09 --> Datos en sesión: Array
(
    [__ci_last_regenerate] => 1760490324
    [_ci_previous_url] => http://192.168.0.138/Tesina/public/energia/dispositivo/2
    [id_usuario] => 1
    [nombre] => brunito
    [apellido] => barber
    [email] => brunocameille@alumnos.itr3.edu.ar
    [rol] => admin
    [logged_in] => 1
)

INFO - 2025-10-14 22:06:09 --> Session: Class initialized using 'CodeIgniter\Session\Handlers\FileHandler' driver.
DEBUG - 2025-10-14 22:06:09 --> Buscando usuario ID: 1
DEBUG - 2025-10-14 22:06:09 --> Resultado de la búsqueda: Array
(
    [id_usuario] => 1
    [nombre] => brunito
    [apellido] => barber
    [email] => brunocameille@alumnos.itr3.edu.ar
    [contrasena] => $2y$10$DfVf5j75GUow.8KQIROrQ.HgppT0Rq0gHjnl3td.ZZBDLZAYggz.u
    [direccion_id] => 0
    [id_rol] => 1
    [created_at] => 2025-04-07 13:37:30
    [updated_at] => 2025-10-13 19:57:07
    [invitado_por] => 
    [estado] => activo
    [token_activacion] => 
)

INFO - 2025-10-14 22:06:14 --> Alerta de consumo enviada correctamente a brunocameille@alumnos.itr3.edu.ar
INFO - 2025-10-14 22:06:15 --> Session: Class initialized using 'CodeIgniter\Session\Handlers\FileHandler' driver.
INFO - 2025-10-14 22:06:18 --> Session: Class initialized using 'CodeIgniter\Session\Handlers\FileHandler' driver.
INFO - 2025-10-14 22:06:18 --> Límite obtenido (general): 0.0880 kWh, IP: 192.168.0.232
INFO - 2025-10-14 22:06:19 --> Session: Class initialized using 'CodeIgniter\Session\Handlers\FileHandler' driver.
INFO - 2025-10-14 22:06:19 --> Session: Class initialized using 'CodeIgniter\Session\Handlers\FileHandler' driver.
INFO - 2025-10-14 22:06:19 --> Session: Class initialized using 'CodeIgniter\Session\Handlers\FileHandler' driver.
INFO - 2025-10-14 22:06:21 --> Session: Class initialized using 'CodeIgniter\Session\Handlers\FileHandler' driver.
INFO - 2025-10-14 22:06:21 --> Límite obtenido (general): 0.0880 kWh, IP: 192.168.0.232
INFO - 2025-10-14 22:06:22 --> Session: Class initialized using 'CodeIgniter\Session\Handlers\FileHandler' driver.
INFO - 2025-10-14 22:06:24 --> Session: Class initialized using 'CodeIgniter\Session\Handlers\FileHandler' driver.
INFO - 2025-10-14 22:06:24 --> Límite obtenido (general): 0.0880 kWh, IP: 192.168.0.232
INFO - 2025-10-14 22:06:24 --> Session: Class initialized using 'CodeIgniter\Session\Handlers\FileHandler' driver.
INFO - 2025-10-14 22:06:24 --> Session: Class initialized using 'CodeIgniter\Session\Handlers\FileHandler' driver.
INFO - 2025-10-14 22:06:25 --> Session: Class initialized using 'CodeIgniter\Session\Handlers\FileHandler' driver.
INFO - 2025-10-14 22:06:27 --> Session: Class initialized using 'CodeIgniter\Session\Handlers\FileHandler' driver.
INFO - 2025-10-14 22:06:27 --> Límite obtenido (general): 0.0880 kWh, IP: 192.168.0.232
INFO - 2025-10-14 22:06:28 --> Session: Class initialized using 'CodeIgniter\Session\Handlers\FileHandler' driver.
INFO - 2025-10-14 22:06:29 --> Session: Class initialized using 'CodeIgniter\Session\Handlers\FileHandler' driver.
INFO - 2025-10-14 22:06:29 --> Session: Class initialized using 'CodeIgniter\Session\Handlers\FileHandler' driver.
INFO - 2025-10-14 22:06:30 --> Session: Class initialized using 'CodeIgniter\Session\Handlers\FileHandler' driver.
INFO - 2025-10-14 22:06:30 --> Límite obtenido (general): 0.0880 kWh, IP: 192.168.0.232
INFO - 2025-10-14 22:06:31 --> Session: Class initialized using 'CodeIgniter\Session\Handlers\FileHandler' driver.
INFO - 2025-10-14 22:06:33 --> Session: Class initialized using 'CodeIgniter\Session\Handlers\FileHandler' driver.
INFO - 2025-10-14 22:06:33 --> Límite obtenido (general): 0.0880 kWh, IP: 192.168.0.232
INFO - 2025-10-14 22:06:34 --> Session: Class initialized using 'CodeIgniter\Session\Handlers\FileHandler' driver.
INFO - 2025-10-14 22:06:34 --> Session: Class initialized using 'CodeIgniter\Session\Handlers\FileHandler' driver.
INFO - 2025-10-14 22:06:34 --> Session: Class initialized using 'CodeIgniter\Session\Handlers\FileHandler' driver.
INFO - 2025-10-14 22:06:36 --> Session: Class initialized using 'CodeIgniter\Session\Handlers\FileHandler' driver.
INFO - 2025-10-14 22:06:36 --> Límite obtenido (general): 0.0880 kWh, IP: 192.168.0.232
INFO - 2025-10-14 22:06:37 --> Session: Class initialized using 'CodeIgniter\Session\Handlers\FileHandler' driver.
INFO - 2025-10-14 22:06:39 --> Session: Class initialized using 'CodeIgniter\Session\Handlers\FileHandler' driver.
INFO - 2025-10-14 22:06:39 --> Límite obtenido (general): 0.0880 kWh, IP: 192.168.0.232
INFO - 2025-10-14 22:06:39 --> Session: Class initialized using 'CodeIgniter\Session\Handlers\FileHandler' driver.
INFO - 2025-10-14 22:06:39 --> Session: Class initialized using 'CodeIgniter\Session\Handlers\FileHandler' driver.
INFO - 2025-10-14 22:06:40 --> Session: Class initialized using 'CodeIgniter\Session\Handlers\FileHandler' driver.
INFO - 2025-10-14 22:06:42 --> Session: Class initialized using 'CodeIgniter\Session\Handlers\FileHandler' driver.
INFO - 2025-10-14 22:06:42 --> Límite obtenido (general): 0.0880 kWh, IP: 192.168.0.232
INFO - 2025-10-14 22:06:43 --> Session: Class initialized using 'CodeIgniter\Session\Handlers\FileHandler' driver.
INFO - 2025-10-14 22:06:44 --> Session: Class initialized using 'CodeIgniter\Session\Handlers\FileHandler' driver.
INFO - 2025-10-14 22:06:44 --> Session: Class initialized using 'CodeIgniter\Session\Handlers\FileHandler' driver.
INFO - 2025-10-14 22:06:45 --> Session: Class initialized using 'CodeIgniter\Session\Handlers\FileHandler' driver.
INFO - 2025-10-14 22:06:45 --> Límite obtenido (general): 0.0880 kWh, IP: 192.168.0.232
INFO - 2025-10-14 22:06:46 --> Session: Class initialized using 'CodeIgniter\Session\Handlers\FileHandler' driver.
INFO - 2025-10-14 22:06:48 --> Session: Class initialized using 'CodeIgniter\Session\Handlers\FileHandler' driver.
INFO - 2025-10-14 22:06:48 --> Límite obtenido (general): 0.0880 kWh, IP: 192.168.0.232
INFO - 2025-10-14 22:06:49 --> Session: Class initialized using 'CodeIgniter\Session\Handlers\FileHandler' driver.
INFO - 2025-10-14 22:06:49 --> Session: Class initialized using 'CodeIgniter\Session\Handlers\FileHandler' driver.
INFO - 2025-10-14 22:06:49 --> Session: Class initialized using 'CodeIgniter\Session\Handlers\FileHandler' driver.
INFO - 2025-10-14 22:06:51 --> Session: Class initialized using 'CodeIgniter\Session\Handlers\FileHandler' driver.
INFO - 2025-10-14 22:06:51 --> Límite obtenido (general): 0.0880 kWh, IP: 192.168.0.232
INFO - 2025-10-14 22:06:52 --> Session: Class initialized using 'CodeIgniter\Session\Handlers\FileHandler' driver.
DEBUG - 2025-10-14 22:06:54 --> Ruta actual: /Tesina/public/energia/actualizarLimite
INFO - 2025-10-14 22:06:54 --> Session: Class initialized using 'CodeIgniter\Session\Handlers\FileHandler' driver.
DEBUG - 2025-10-14 22:06:54 --> Datos en sesión: Array
(
    [__ci_last_regenerate] => 1760490324
    [_ci_previous_url] => http://192.168.0.138/Tesina/public/energia/dispositivo/2
    [id_usuario] => 1
    [nombre] => brunito
    [apellido] => barber
    [email] => brunocameille@alumnos.itr3.edu.ar
    [rol] => admin
    [logged_in] => 1
)

INFO - 2025-10-14 22:06:54 --> Session: Class initialized using 'CodeIgniter\Session\Handlers\FileHandler' driver.
INFO - 2025-10-14 22:06:54 --> Límite obtenido (general): 0.0910 kWh, IP: 192.168.0.232
INFO - 2025-10-14 22:06:55 --> Session: Class initialized using 'CodeIgniter\Session\Handlers\FileHandler' driver.
INFO - 2025-10-14 22:06:57 --> Session: Class initialized using 'CodeIgniter\Session\Handlers\FileHandler' driver.
INFO - 2025-10-14 22:06:57 --> Límite obtenido (general): 0.0910 kWh, IP: 192.168.0.232
INFO - 2025-10-14 22:06:58 --> Session: Class initialized using 'CodeIgniter\Session\Handlers\FileHandler' driver.
INFO - 2025-10-14 22:06:59 --> Session: Class initialized using 'CodeIgniter\Session\Handlers\FileHandler' driver.
INFO - 2025-10-14 22:07:00 --> Session: Class initialized using 'CodeIgniter\Session\Handlers\FileHandler' driver.
INFO - 2025-10-14 22:07:00 --> Session: Class initialized using 'CodeIgniter\Session\Handlers\FileHandler' driver.
INFO - 2025-10-14 22:07:00 --> Límite obtenido (general): 0.0910 kWh, IP: 192.168.0.232
INFO - 2025-10-14 22:07:01 --> Session: Class initialized using 'CodeIgniter\Session\Handlers\FileHandler' driver.
DEBUG - 2025-10-14 22:07:01 --> Buscando usuario ID: 1
DEBUG - 2025-10-14 22:07:01 --> Resultado de la búsqueda: Array
(
    [id_usuario] => 1
    [nombre] => brunito
    [apellido] => barber
    [email] => brunocameille@alumnos.itr3.edu.ar
    [contrasena] => $2y$10$DfVf5j75GUow.8KQIROrQ.HgppT0Rq0gHjnl3td.ZZBDLZAYggz.u
    [direccion_id] => 0
    [id_rol] => 1
    [created_at] => 2025-04-07 13:37:30
    [updated_at] => 2025-10-13 19:57:07
    [invitado_por] => 
    [estado] => activo
    [token_activacion] => 
)

INFO - 2025-10-14 22:07:04 --> Session: Class initialized using 'CodeIgniter\Session\Handlers\FileHandler' driver.
INFO - 2025-10-14 22:07:05 --> Alerta de consumo enviada correctamente a brunocameille@alumnos.itr3.edu.ar
INFO - 2025-10-14 22:07:09 --> Session: Class initialized using 'CodeIgniter\Session\Handlers\FileHandler' driver.
INFO - 2025-10-14 22:07:09 --> Límite obtenido (general): 0.0910 kWh, IP: 192.168.0.232
INFO - 2025-10-14 22:07:09 --> Session: Class initialized using 'CodeIgniter\Session\Handlers\FileHandler' driver.
INFO - 2025-10-14 22:07:09 --> Session: Class initialized using 'CodeIgniter\Session\Handlers\FileHandler' driver.
INFO - 2025-10-14 22:07:10 --> Session: Class initialized using 'CodeIgniter\Session\Handlers\FileHandler' driver.
INFO - 2025-10-14 22:07:12 --> Session: Class initialized using 'CodeIgniter\Session\Handlers\FileHandler' driver.
INFO - 2025-10-14 22:07:12 --> Límite obtenido (general): 0.0910 kWh, IP: 192.168.0.232
INFO - 2025-10-14 22:07:13 --> Session: Class initialized using 'CodeIgniter\Session\Handlers\FileHandler' driver.
INFO - 2025-10-14 22:07:14 --> Session: Class initialized using 'CodeIgniter\Session\Handlers\FileHandler' driver.
INFO - 2025-10-14 22:07:14 --> Session: Class initialized using 'CodeIgniter\Session\Handlers\FileHandler' driver.
INFO - 2025-10-14 22:07:15 --> Session: Class initialized using 'CodeIgniter\Session\Handlers\FileHandler' driver.
INFO - 2025-10-14 22:07:15 --> Límite obtenido (general): 0.0910 kWh, IP: 192.168.0.232
INFO - 2025-10-14 22:07:16 --> Session: Class initialized using 'CodeIgniter\Session\Handlers\FileHandler' driver.
INFO - 2025-10-14 22:07:18 --> Session: Class initialized using 'CodeIgniter\Session\Handlers\FileHandler' driver.
INFO - 2025-10-14 22:07:18 --> Límite obtenido (general): 0.0910 kWh, IP: 192.168.0.232
INFO - 2025-10-14 22:07:19 --> Session: Class initialized using 'CodeIgniter\Session\Handlers\FileHandler' driver.
INFO - 2025-10-14 22:07:19 --> Session: Class initialized using 'CodeIgniter\Session\Handlers\FileHandler' driver.
INFO - 2025-10-14 22:07:19 --> Session: Class initialized using 'CodeIgniter\Session\Handlers\FileHandler' driver.
INFO - 2025-10-14 22:07:21 --> Session: Class initialized using 'CodeIgniter\Session\Handlers\FileHandler' driver.
INFO - 2025-10-14 22:07:21 --> Límite obtenido (general): 0.0910 kWh, IP: 192.168.0.232
INFO - 2025-10-14 22:07:22 --> Session: Class initialized using 'CodeIgniter\Session\Handlers\FileHandler' driver.
INFO - 2025-10-14 22:07:24 --> Session: Class initialized using 'CodeIgniter\Session\Handlers\FileHandler' driver.
INFO - 2025-10-14 22:07:24 --> Session: Class initialized using 'CodeIgniter\Session\Handlers\FileHandler' driver.
INFO - 2025-10-14 22:07:24 --> Límite obtenido (general): 0.0910 kWh, IP: 192.168.0.232
INFO - 2025-10-14 22:07:24 --> Session: Class initialized using 'CodeIgniter\Session\Handlers\FileHandler' driver.
INFO - 2025-10-14 22:07:25 --> Session: Class initialized using 'CodeIgniter\Session\Handlers\FileHandler' driver.
INFO - 2025-10-14 22:07:27 --> Session: Class initialized using 'CodeIgniter\Session\Handlers\FileHandler' driver.
INFO - 2025-10-14 22:07:27 --> Límite obtenido (general): 0.0910 kWh, IP: 192.168.0.232
INFO - 2025-10-14 22:07:29 --> Session: Class initialized using 'CodeIgniter\Session\Handlers\FileHandler' driver.
INFO - 2025-10-14 22:07:29 --> Session: Class initialized using 'CodeIgniter\Session\Handlers\FileHandler' driver.
INFO - 2025-10-14 22:07:29 --> Session: Class initialized using 'CodeIgniter\Session\Handlers\FileHandler' driver.
INFO - 2025-10-14 22:07:30 --> Session: Class initialized using 'CodeIgniter\Session\Handlers\FileHandler' driver.
INFO - 2025-10-14 22:07:30 --> Límite obtenido (general): 0.0910 kWh, IP: 192.168.0.232
INFO - 2025-10-14 22:07:32 --> Session: Class initialized using 'CodeIgniter\Session\Handlers\FileHandler' driver.
INFO - 2025-10-14 22:07:34 --> Session: Class initialized using 'CodeIgniter\Session\Handlers\FileHandler' driver.
INFO - 2025-10-14 22:07:34 --> Límite obtenido (general): 0.0910 kWh, IP: 192.168.0.232
INFO - 2025-10-14 22:07:34 --> Session: Class initialized using 'CodeIgniter\Session\Handlers\FileHandler' driver.
INFO - 2025-10-14 22:07:35 --> Session: Class initialized using 'CodeIgniter\Session\Handlers\FileHandler' driver.
INFO - 2025-10-14 22:07:35 --> Session: Class initialized using 'CodeIgniter\Session\Handlers\FileHandler' driver.
INFO - 2025-10-14 22:07:35 --> Session: Class initialized using 'CodeIgniter\Session\Handlers\FileHandler' driver.
INFO - 2025-10-14 22:07:36 --> Session: Class initialized using 'CodeIgniter\Session\Handlers\FileHandler' driver.
INFO - 2025-10-14 22:07:36 --> Session: Class initialized using 'CodeIgniter\Session\Handlers\FileHandler' driver.
INFO - 2025-10-14 22:07:37 --> Session: Class initialized using 'CodeIgniter\Session\Handlers\FileHandler' driver.
INFO - 2025-10-14 22:07:37 --> Límite obtenido (general): 0.0910 kWh, IP: 192.168.0.232
INFO - 2025-10-14 22:07:37 --> Session: Class initialized using 'CodeIgniter\Session\Handlers\FileHandler' driver.
DEBUG - 2025-10-14 22:07:38 --> Ruta actual: /Tesina/public/energia/generarPDF/2
INFO - 2025-10-14 22:07:38 --> Session: Class initialized using 'CodeIgniter\Session\Handlers\FileHandler' driver.
DEBUG - 2025-10-14 22:07:38 --> Datos en sesión: Array
(
    [__ci_last_regenerate] => 1760490324
    [_ci_previous_url] => http://192.168.0.138/Tesina/public/energia/dispositivo/2
    [id_usuario] => 1
    [nombre] => brunito
    [apellido] => barber
    [email] => brunocameille@alumnos.itr3.edu.ar
    [rol] => admin
    [logged_in] => 1
    [tarifa_kwh] => 466
)

ERROR - 2025-10-14 22:07:38 --> Error generando PDF: Undefined array key "kwh"
DEBUG - 2025-10-14 22:07:38 --> Ruta actual: /Tesina/public/energia/dispositivo/2
INFO - 2025-10-14 22:07:38 --> Session: Class initialized using 'CodeIgniter\Session\Handlers\FileHandler' driver.
DEBUG - 2025-10-14 22:07:38 --> Datos en sesión: Array
(
    [__ci_last_regenerate] => 1760490324
    [_ci_previous_url] => http://192.168.0.138/Tesina/public/energia/dispositivo/2
    [id_usuario] => 1
    [nombre] => brunito
    [apellido] => barber
    [email] => brunocameille@alumnos.itr3.edu.ar
    [rol] => admin
    [logged_in] => 1
    [tarifa_kwh] => 466
)

INFO - 2025-10-14 22:07:38 --> Session: Class initialized using 'CodeIgniter\Session\Handlers\FileHandler' driver.
INFO - 2025-10-14 22:07:39 --> Session: Class initialized using 'CodeIgniter\Session\Handlers\FileHandler' driver.
INFO - 2025-10-14 22:07:40 --> Session: Class initialized using 'CodeIgniter\Session\Handlers\FileHandler' driver.
INFO - 2025-10-14 22:07:40 --> Session: Class initialized using 'CodeIgniter\Session\Handlers\FileHandler' driver.
INFO - 2025-10-14 22:07:40 --> Límite obtenido (general): 0.0910 kWh, IP: 192.168.0.232
INFO - 2025-10-14 22:07:41 --> Session: Class initialized using 'CodeIgniter\Session\Handlers\FileHandler' driver.
INFO - 2025-10-14 22:07:43 --> Session: Class initialized using 'CodeIgniter\Session\Handlers\FileHandler' driver.
INFO - 2025-10-14 22:07:43 --> Límite obtenido (general): 0.0910 kWh, IP: 192.168.0.232
INFO - 2025-10-14 22:07:44 --> Session: Class initialized using 'CodeIgniter\Session\Handlers\FileHandler' driver.
INFO - 2025-10-14 22:07:45 --> Session: Class initialized using 'CodeIgniter\Session\Handlers\FileHandler' driver.
INFO - 2025-10-14 22:07:45 --> Session: Class initialized using 'CodeIgniter\Session\Handlers\FileHandler' driver.
INFO - 2025-10-14 22:07:46 --> Session: Class initialized using 'CodeIgniter\Session\Handlers\FileHandler' driver.
INFO - 2025-10-14 22:07:46 --> Límite obtenido (general): 0.0910 kWh, IP: 192.168.0.232
INFO - 2025-10-14 22:07:47 --> Session: Class initialized using 'CodeIgniter\Session\Handlers\FileHandler' driver.
INFO - 2025-10-14 22:07:49 --> Session: Class initialized using 'CodeIgniter\Session\Handlers\FileHandler' driver.
INFO - 2025-10-14 22:07:49 --> Límite obtenido (general): 0.0910 kWh, IP: 192.168.0.232
INFO - 2025-10-14 22:07:49 --> Session: Class initialized using 'CodeIgniter\Session\Handlers\FileHandler' driver.
INFO - 2025-10-14 22:07:49 --> Session: Class initialized using 'CodeIgniter\Session\Handlers\FileHandler' driver.
INFO - 2025-10-14 22:07:50 --> Session: Class initialized using 'CodeIgniter\Session\Handlers\FileHandler' driver.
INFO - 2025-10-14 22:07:52 --> Session: Class initialized using 'CodeIgniter\Session\Handlers\FileHandler' driver.
INFO - 2025-10-14 22:07:52 --> Límite obtenido (general): 0.0910 kWh, IP: 192.168.0.232
INFO - 2025-10-14 22:07:53 --> Session: Class initialized using 'CodeIgniter\Session\Handlers\FileHandler' driver.
INFO - 2025-10-14 22:07:54 --> Session: Class initialized using 'CodeIgniter\Session\Handlers\FileHandler' driver.
INFO - 2025-10-14 22:07:54 --> Session: Class initialized using 'CodeIgniter\Session\Handlers\FileHandler' driver.
INFO - 2025-10-14 22:07:55 --> Session: Class initialized using 'CodeIgniter\Session\Handlers\FileHandler' driver.
INFO - 2025-10-14 22:07:55 --> Límite obtenido (general): 0.0910 kWh, IP: 192.168.0.232
INFO - 2025-10-14 22:07:56 --> Session: Class initialized using 'CodeIgniter\Session\Handlers\FileHandler' driver.
INFO - 2025-10-14 22:07:58 --> Session: Class initialized using 'CodeIgniter\Session\Handlers\FileHandler' driver.
INFO - 2025-10-14 22:07:58 --> Límite obtenido (general): 0.0910 kWh, IP: 192.168.0.232
INFO - 2025-10-14 22:07:59 --> Session: Class initialized using 'CodeIgniter\Session\Handlers\FileHandler' driver.
INFO - 2025-10-14 22:07:59 --> Session: Class initialized using 'CodeIgniter\Session\Handlers\FileHandler' driver.
INFO - 2025-10-14 22:07:59 --> Session: Class initialized using 'CodeIgniter\Session\Handlers\FileHandler' driver.
INFO - 2025-10-14 22:08:01 --> Session: Class initialized using 'CodeIgniter\Session\Handlers\FileHandler' driver.
INFO - 2025-10-14 22:08:01 --> Límite obtenido (general): 0.0910 kWh, IP: 192.168.0.232
INFO - 2025-10-14 22:08:02 --> Session: Class initialized using 'CodeIgniter\Session\Handlers\FileHandler' driver.
INFO - 2025-10-14 22:08:04 --> Session: Class initialized using 'CodeIgniter\Session\Handlers\FileHandler' driver.
INFO - 2025-10-14 22:08:04 --> Límite obtenido (general): 0.0910 kWh, IP: 192.168.0.232
INFO - 2025-10-14 22:08:04 --> Session: Class initialized using 'CodeIgniter\Session\Handlers\FileHandler' driver.
INFO - 2025-10-14 22:08:04 --> Session: Class initialized using 'CodeIgniter\Session\Handlers\FileHandler' driver.
INFO - 2025-10-14 22:08:05 --> Session: Class initialized using 'CodeIgniter\Session\Handlers\FileHandler' driver.
INFO - 2025-10-14 22:08:07 --> Session: Class initialized using 'CodeIgniter\Session\Handlers\FileHandler' driver.
INFO - 2025-10-14 22:08:07 --> Límite obtenido (general): 0.0910 kWh, IP: 192.168.0.232
INFO - 2025-10-14 22:08:08 --> Session: Class initialized using 'CodeIgniter\Session\Handlers\FileHandler' driver.
INFO - 2025-10-14 22:08:09 --> Session: Class initialized using 'CodeIgniter\Session\Handlers\FileHandler' driver.
INFO - 2025-10-14 22:08:09 --> Session: Class initialized using 'CodeIgniter\Session\Handlers\FileHandler' driver.
INFO - 2025-10-14 22:08:10 --> Session: Class initialized using 'CodeIgniter\Session\Handlers\FileHandler' driver.
INFO - 2025-10-14 22:08:10 --> Límite obtenido (general): 0.0910 kWh, IP: 192.168.0.232
INFO - 2025-10-14 22:08:11 --> Session: Class initialized using 'CodeIgniter\Session\Handlers\FileHandler' driver.
INFO - 2025-10-14 22:08:13 --> Session: Class initialized using 'CodeIgniter\Session\Handlers\FileHandler' driver.
INFO - 2025-10-14 22:08:13 --> Límite obtenido (general): 0.0910 kWh, IP: 192.168.0.232
INFO - 2025-10-14 22:08:14 --> Session: Class initialized using 'CodeIgniter\Session\Handlers\FileHandler' driver.
INFO - 2025-10-14 22:08:14 --> Session: Class initialized using 'CodeIgniter\Session\Handlers\FileHandler' driver.
INFO - 2025-10-14 22:08:14 --> Session: Class initialized using 'CodeIgniter\Session\Handlers\FileHandler' driver.
INFO - 2025-10-14 22:08:16 --> Session: Class initialized using 'CodeIgniter\Session\Handlers\FileHandler' driver.
INFO - 2025-10-14 22:08:16 --> Límite obtenido (general): 0.0910 kWh, IP: 192.168.0.232
INFO - 2025-10-14 22:08:17 --> Session: Class initialized using 'CodeIgniter\Session\Handlers\FileHandler' driver.
INFO - 2025-10-14 22:08:19 --> Session: Class initialized using 'CodeIgniter\Session\Handlers\FileHandler' driver.
INFO - 2025-10-14 22:08:19 --> Session: Class initialized using 'CodeIgniter\Session\Handlers\FileHandler' driver.
INFO - 2025-10-14 22:08:19 --> Límite obtenido (general): 0.0910 kWh, IP: 192.168.0.232
INFO - 2025-10-14 22:08:19 --> Session: Class initialized using 'CodeIgniter\Session\Handlers\FileHandler' driver.
INFO - 2025-10-14 22:08:20 --> Session: Class initialized using 'CodeIgniter\Session\Handlers\FileHandler' driver.
INFO - 2025-10-14 22:08:22 --> Session: Class initialized using 'CodeIgniter\Session\Handlers\FileHandler' driver.
INFO - 2025-10-14 22:08:22 --> Límite obtenido (general): 0.0910 kWh, IP: 192.168.0.232
INFO - 2025-10-14 22:08:23 --> Session: Class initialized using 'CodeIgniter\Session\Handlers\FileHandler' driver.
INFO - 2025-10-14 22:08:24 --> Session: Class initialized using 'CodeIgniter\Session\Handlers\FileHandler' driver.
INFO - 2025-10-14 22:08:24 --> Session: Class initialized using 'CodeIgniter\Session\Handlers\FileHandler' driver.
INFO - 2025-10-14 22:08:25 --> Session: Class initialized using 'CodeIgniter\Session\Handlers\FileHandler' driver.
INFO - 2025-10-14 22:08:25 --> Límite obtenido (general): 0.0910 kWh, IP: 192.168.0.232
INFO - 2025-10-14 22:08:26 --> Session: Class initialized using 'CodeIgniter\Session\Handlers\FileHandler' driver.
INFO - 2025-10-14 22:08:28 --> Session: Class initialized using 'CodeIgniter\Session\Handlers\FileHandler' driver.
INFO - 2025-10-14 22:08:28 --> Límite obtenido (general): 0.0910 kWh, IP: 192.168.0.232
INFO - 2025-10-14 22:08:29 --> Session: Class initialized using 'CodeIgniter\Session\Handlers\FileHandler' driver.
INFO - 2025-10-14 22:08:29 --> Session: Class initialized using 'CodeIgniter\Session\Handlers\FileHandler' driver.
INFO - 2025-10-14 22:08:29 --> Session: Class initialized using 'CodeIgniter\Session\Handlers\FileHandler' driver.
INFO - 2025-10-14 22:08:31 --> Session: Class initialized using 'CodeIgniter\Session\Handlers\FileHandler' driver.
INFO - 2025-10-14 22:08:31 --> Límite obtenido (general): 0.0910 kWh, IP: 192.168.0.232
INFO - 2025-10-14 22:08:32 --> Session: Class initialized using 'CodeIgniter\Session\Handlers\FileHandler' driver.
INFO - 2025-10-14 22:08:34 --> Session: Class initialized using 'CodeIgniter\Session\Handlers\FileHandler' driver.
INFO - 2025-10-14 22:08:34 --> Session: Class initialized using 'CodeIgniter\Session\Handlers\FileHandler' driver.
INFO - 2025-10-14 22:08:34 --> Límite obtenido (general): 0.0910 kWh, IP: 192.168.0.232
INFO - 2025-10-14 22:08:34 --> Session: Class initialized using 'CodeIgniter\Session\Handlers\FileHandler' driver.
INFO - 2025-10-14 22:08:35 --> Session: Class initialized using 'CodeIgniter\Session\Handlers\FileHandler' driver.
INFO - 2025-10-14 22:08:37 --> Session: Class initialized using 'CodeIgniter\Session\Handlers\FileHandler' driver.
INFO - 2025-10-14 22:08:37 --> Límite obtenido (general): 0.0910 kWh, IP: 192.168.0.232
INFO - 2025-10-14 22:08:38 --> Session: Class initialized using 'CodeIgniter\Session\Handlers\FileHandler' driver.
INFO - 2025-10-14 22:08:39 --> Session: Class initialized using 'CodeIgniter\Session\Handlers\FileHandler' driver.
INFO - 2025-10-14 22:08:39 --> Session: Class initialized using 'CodeIgniter\Session\Handlers\FileHandler' driver.
INFO - 2025-10-14 22:08:40 --> Session: Class initialized using 'CodeIgniter\Session\Handlers\FileHandler' driver.
INFO - 2025-10-14 22:08:40 --> Límite obtenido (general): 0.0910 kWh, IP: 192.168.0.232
INFO - 2025-10-14 22:08:41 --> Session: Class initialized using 'CodeIgniter\Session\Handlers\FileHandler' driver.
INFO - 2025-10-14 22:08:43 --> Session: Class initialized using 'CodeIgniter\Session\Handlers\FileHandler' driver.
INFO - 2025-10-14 22:08:43 --> Límite obtenido (general): 0.0910 kWh, IP: 192.168.0.232
INFO - 2025-10-14 22:08:44 --> Session: Class initialized using 'CodeIgniter\Session\Handlers\FileHandler' driver.
INFO - 2025-10-14 22:08:44 --> Session: Class initialized using 'CodeIgniter\Session\Handlers\FileHandler' driver.
INFO - 2025-10-14 22:08:44 --> Session: Class initialized using 'CodeIgniter\Session\Handlers\FileHandler' driver.
INFO - 2025-10-14 22:08:46 --> Session: Class initialized using 'CodeIgniter\Session\Handlers\FileHandler' driver.
INFO - 2025-10-14 22:08:46 --> Límite obtenido (general): 0.0910 kWh, IP: 192.168.0.232
INFO - 2025-10-14 22:08:47 --> Session: Class initialized using 'CodeIgniter\Session\Handlers\FileHandler' driver.
INFO - 2025-10-14 22:08:49 --> Session: Class initialized using 'CodeIgniter\Session\Handlers\FileHandler' driver.
INFO - 2025-10-14 22:08:49 --> Session: Class initialized using 'CodeIgniter\Session\Handlers\FileHandler' driver.
INFO - 2025-10-14 22:08:49 --> Límite obtenido (general): 0.0910 kWh, IP: 192.168.0.232
INFO - 2025-10-14 22:08:49 --> Session: Class initialized using 'CodeIgniter\Session\Handlers\FileHandler' driver.
INFO - 2025-10-14 22:08:50 --> Session: Class initialized using 'CodeIgniter\Session\Handlers\FileHandler' driver.
INFO - 2025-10-14 22:08:52 --> Session: Class initialized using 'CodeIgniter\Session\Handlers\FileHandler' driver.
INFO - 2025-10-14 22:08:52 --> Límite obtenido (general): 0.0910 kWh, IP: 192.168.0.232
DEBUG - 2025-10-14 22:08:52 --> Ruta actual: /Tesina/public/energia/actualizarLimite
INFO - 2025-10-14 22:08:52 --> Session: Class initialized using 'CodeIgniter\Session\Handlers\FileHandler' driver.
DEBUG - 2025-10-14 22:08:52 --> Datos en sesión: Array
(
    [__ci_last_regenerate] => 1760490324
    [_ci_previous_url] => http://192.168.0.138/Tesina/public/energia/dispositivo/2
    [id_usuario] => 1
    [nombre] => brunito
    [apellido] => barber
    [email] => brunocameille@alumnos.itr3.edu.ar
    [rol] => admin
    [logged_in] => 1
    [tarifa_kwh] => 466
)

INFO - 2025-10-14 22:08:53 --> Session: Class initialized using 'CodeIgniter\Session\Handlers\FileHandler' driver.
INFO - 2025-10-14 22:08:55 --> Session: Class initialized using 'CodeIgniter\Session\Handlers\FileHandler' driver.
INFO - 2025-10-14 22:08:55 --> Límite obtenido (general): 14.0000 kWh, IP: 192.168.0.232
INFO - 2025-10-14 22:08:56 --> Session: Class initialized using 'CodeIgniter\Session\Handlers\FileHandler' driver.
INFO - 2025-10-14 22:08:58 --> Session: Class initialized using 'CodeIgniter\Session\Handlers\FileHandler' driver.
INFO - 2025-10-14 22:08:58 --> Límite obtenido (general): 14.0000 kWh, IP: 192.168.0.232
INFO - 2025-10-14 22:08:59 --> Session: Class initialized using 'CodeIgniter\Session\Handlers\FileHandler' driver.
INFO - 2025-10-14 22:08:59 --> Session: Class initialized using 'CodeIgniter\Session\Handlers\FileHandler' driver.
INFO - 2025-10-14 22:09:00 --> Session: Class initialized using 'CodeIgniter\Session\Handlers\FileHandler' driver.
INFO - 2025-10-14 22:09:01 --> Session: Class initialized using 'CodeIgniter\Session\Handlers\FileHandler' driver.
INFO - 2025-10-14 22:09:01 --> Límite obtenido (general): 14.0000 kWh, IP: 192.168.0.232
INFO - 2025-10-14 22:09:02 --> Session: Class initialized using 'CodeIgniter\Session\Handlers\FileHandler' driver.
INFO - 2025-10-14 22:09:04 --> Session: Class initialized using 'CodeIgniter\Session\Handlers\FileHandler' driver.
INFO - 2025-10-14 22:09:04 --> Session: Class initialized using 'CodeIgniter\Session\Handlers\FileHandler' driver.
INFO - 2025-10-14 22:09:04 --> Límite obtenido (general): 14.0000 kWh, IP: 192.168.0.232
INFO - 2025-10-14 22:09:05 --> Session: Class initialized using 'CodeIgniter\Session\Handlers\FileHandler' driver.
INFO - 2025-10-14 22:09:07 --> Session: Class initialized using 'CodeIgniter\Session\Handlers\FileHandler' driver.
INFO - 2025-10-14 22:09:07 --> Límite obtenido (general): 14.0000 kWh, IP: 192.168.0.232
INFO - 2025-10-14 22:09:08 --> Session: Class initialized using 'CodeIgniter\Session\Handlers\FileHandler' driver.
DEBUG - 2025-10-14 22:09:09 --> Ruta actual: /Tesina/public/energia/actualizarLimite
INFO - 2025-10-14 22:09:09 --> Session: Class initialized using 'CodeIgniter\Session\Handlers\FileHandler' driver.
DEBUG - 2025-10-14 22:09:09 --> Datos en sesión: Array
(
    [__ci_last_regenerate] => 1760490324
    [_ci_previous_url] => http://192.168.0.138/Tesina/public/energia/dispositivo/2
    [id_usuario] => 1
    [nombre] => brunito
    [apellido] => barber
    [email] => brunocameille@alumnos.itr3.edu.ar
    [rol] => admin
    [logged_in] => 1
    [tarifa_kwh] => 466
)

INFO - 2025-10-14 22:09:10 --> Session: Class initialized using 'CodeIgniter\Session\Handlers\FileHandler' driver.
INFO - 2025-10-14 22:09:10 --> Límite obtenido (general): 0.0990 kWh, IP: 192.168.0.232
INFO - 2025-10-14 22:09:11 --> Session: Class initialized using 'CodeIgniter\Session\Handlers\FileHandler' driver.
INFO - 2025-10-14 22:09:13 --> Session: Class initialized using 'CodeIgniter\Session\Handlers\FileHandler' driver.
INFO - 2025-10-14 22:09:13 --> Límite obtenido (general): 0.0990 kWh, IP: 192.168.0.232
INFO - 2025-10-14 22:09:14 --> Session: Class initialized using 'CodeIgniter\Session\Handlers\FileHandler' driver.
DEBUG - 2025-10-14 22:09:14 --> Buscando usuario ID: 1
DEBUG - 2025-10-14 22:09:14 --> Resultado de la búsqueda: Array
(
    [id_usuario] => 1
    [nombre] => brunito
    [apellido] => barber
    [email] => brunocameille@alumnos.itr3.edu.ar
    [contrasena] => $2y$10$DfVf5j75GUow.8KQIROrQ.HgppT0Rq0gHjnl3td.ZZBDLZAYggz.u
    [direccion_id] => 0
    [id_rol] => 1
    [created_at] => 2025-04-07 13:37:30
    [updated_at] => 2025-10-13 19:57:07
    [invitado_por] => 
    [estado] => activo
    [token_activacion] => 
)

INFO - 2025-10-14 22:09:14 --> Session: Class initialized using 'CodeIgniter\Session\Handlers\FileHandler' driver.
INFO - 2025-10-14 22:09:15 --> Session: Class initialized using 'CodeIgniter\Session\Handlers\FileHandler' driver.
INFO - 2025-10-14 22:09:18 --> Alerta de consumo enviada correctamente a brunocameille@alumnos.itr3.edu.ar
INFO - 2025-10-14 22:09:19 --> Session: Class initialized using 'CodeIgniter\Session\Handlers\FileHandler' driver.
INFO - 2025-10-14 22:09:22 --> Session: Class initialized using 'CodeIgniter\Session\Handlers\FileHandler' driver.
INFO - 2025-10-14 22:09:22 --> Límite obtenido (general): 0.0990 kWh, IP: 192.168.0.232
INFO - 2025-10-14 22:09:23 --> Session: Class initialized using 'CodeIgniter\Session\Handlers\FileHandler' driver.
INFO - 2025-10-14 22:09:24 --> Session: Class initialized using 'CodeIgniter\Session\Handlers\FileHandler' driver.
INFO - 2025-10-14 22:09:24 --> Session: Class initialized using 'CodeIgniter\Session\Handlers\FileHandler' driver.
INFO - 2025-10-14 22:09:25 --> Session: Class initialized using 'CodeIgniter\Session\Handlers\FileHandler' driver.
INFO - 2025-10-14 22:09:25 --> Límite obtenido (general): 0.0990 kWh, IP: 192.168.0.232
INFO - 2025-10-14 22:09:26 --> Session: Class initialized using 'CodeIgniter\Session\Handlers\FileHandler' driver.
INFO - 2025-10-14 22:09:28 --> Session: Class initialized using 'CodeIgniter\Session\Handlers\FileHandler' driver.
INFO - 2025-10-14 22:09:28 --> Límite obtenido (general): 0.0990 kWh, IP: 192.168.0.232
INFO - 2025-10-14 22:09:29 --> Session: Class initialized using 'CodeIgniter\Session\Handlers\FileHandler' driver.
INFO - 2025-10-14 22:09:29 --> Session: Class initialized using 'CodeIgniter\Session\Handlers\FileHandler' driver.
INFO - 2025-10-14 22:09:29 --> Session: Class initialized using 'CodeIgniter\Session\Handlers\FileHandler' driver.
INFO - 2025-10-14 22:09:31 --> Session: Class initialized using 'CodeIgniter\Session\Handlers\FileHandler' driver.
INFO - 2025-10-14 22:09:31 --> Límite obtenido (general): 0.0990 kWh, IP: 192.168.0.232
INFO - 2025-10-14 22:09:32 --> Session: Class initialized using 'CodeIgniter\Session\Handlers\FileHandler' driver.
INFO - 2025-10-14 22:09:34 --> Session: Class initialized using 'CodeIgniter\Session\Handlers\FileHandler' driver.
INFO - 2025-10-14 22:09:34 --> Session: Class initialized using 'CodeIgniter\Session\Handlers\FileHandler' driver.
INFO - 2025-10-14 22:09:34 --> Límite obtenido (general): 0.0990 kWh, IP: 192.168.0.232
INFO - 2025-10-14 22:09:34 --> Session: Class initialized using 'CodeIgniter\Session\Handlers\FileHandler' driver.
INFO - 2025-10-14 22:09:35 --> Session: Class initialized using 'CodeIgniter\Session\Handlers\FileHandler' driver.
INFO - 2025-10-14 22:09:37 --> Session: Class initialized using 'CodeIgniter\Session\Handlers\FileHandler' driver.
INFO - 2025-10-14 22:09:37 --> Límite obtenido (general): 0.0990 kWh, IP: 192.168.0.232
INFO - 2025-10-14 22:09:38 --> Session: Class initialized using 'CodeIgniter\Session\Handlers\FileHandler' driver.
INFO - 2025-10-14 22:09:39 --> Session: Class initialized using 'CodeIgniter\Session\Handlers\FileHandler' driver.
INFO - 2025-10-14 22:09:39 --> Session: Class initialized using 'CodeIgniter\Session\Handlers\FileHandler' driver.
INFO - 2025-10-14 22:09:40 --> Session: Class initialized using 'CodeIgniter\Session\Handlers\FileHandler' driver.
INFO - 2025-10-14 22:09:40 --> Límite obtenido (general): 0.0990 kWh, IP: 192.168.0.232
INFO - 2025-10-14 22:09:41 --> Session: Class initialized using 'CodeIgniter\Session\Handlers\FileHandler' driver.
INFO - 2025-10-14 22:09:43 --> Session: Class initialized using 'CodeIgniter\Session\Handlers\FileHandler' driver.
INFO - 2025-10-14 22:09:43 --> Límite obtenido (general): 0.0990 kWh, IP: 192.168.0.232
INFO - 2025-10-14 22:09:44 --> Session: Class initialized using 'CodeIgniter\Session\Handlers\FileHandler' driver.
INFO - 2025-10-14 22:09:44 --> Session: Class initialized using 'CodeIgniter\Session\Handlers\FileHandler' driver.
INFO - 2025-10-14 22:09:44 --> Session: Class initialized using 'CodeIgniter\Session\Handlers\FileHandler' driver.
INFO - 2025-10-14 22:09:46 --> Session: Class initialized using 'CodeIgniter\Session\Handlers\FileHandler' driver.
INFO - 2025-10-14 22:09:46 --> Límite obtenido (general): 0.0990 kWh, IP: 192.168.0.232
INFO - 2025-10-14 22:09:47 --> Session: Class initialized using 'CodeIgniter\Session\Handlers\FileHandler' driver.
INFO - 2025-10-14 22:09:49 --> Session: Class initialized using 'CodeIgniter\Session\Handlers\FileHandler' driver.
INFO - 2025-10-14 22:09:49 --> Session: Class initialized using 'CodeIgniter\Session\Handlers\FileHandler' driver.
INFO - 2025-10-14 22:09:49 --> Límite obtenido (general): 0.0990 kWh, IP: 192.168.0.232
INFO - 2025-10-14 22:09:49 --> Session: Class initialized using 'CodeIgniter\Session\Handlers\FileHandler' driver.
INFO - 2025-10-14 22:09:51 --> Session: Class initialized using 'CodeIgniter\Session\Handlers\FileHandler' driver.
INFO - 2025-10-14 22:09:52 --> Session: Class initialized using 'CodeIgniter\Session\Handlers\FileHandler' driver.
INFO - 2025-10-14 22:09:52 --> Límite obtenido (general): 0.0990 kWh, IP: 192.168.0.232
INFO - 2025-10-14 22:09:54 --> Session: Class initialized using 'CodeIgniter\Session\Handlers\FileHandler' driver.
INFO - 2025-10-14 22:09:54 --> Session: Class initialized using 'CodeIgniter\Session\Handlers\FileHandler' driver.
INFO - 2025-10-14 22:09:54 --> Session: Class initialized using 'CodeIgniter\Session\Handlers\FileHandler' driver.
INFO - 2025-10-14 22:09:56 --> Session: Class initialized using 'CodeIgniter\Session\Handlers\FileHandler' driver.
INFO - 2025-10-14 22:09:56 --> Límite obtenido (general): 0.0990 kWh, IP: 192.168.0.232
INFO - 2025-10-14 22:09:57 --> Session: Class initialized using 'CodeIgniter\Session\Handlers\FileHandler' driver.
INFO - 2025-10-14 22:09:58 --> Session: Class initialized using 'CodeIgniter\Session\Handlers\FileHandler' driver.
INFO - 2025-10-14 22:09:58 --> Límite obtenido (general): 0.0990 kWh, IP: 192.168.0.232
INFO - 2025-10-14 22:09:59 --> Session: Class initialized using 'CodeIgniter\Session\Handlers\FileHandler' driver.
INFO - 2025-10-14 22:09:59 --> Session: Class initialized using 'CodeIgniter\Session\Handlers\FileHandler' driver.
INFO - 2025-10-14 22:10:00 --> Session: Class initialized using 'CodeIgniter\Session\Handlers\FileHandler' driver.
INFO - 2025-10-14 22:10:01 --> Session: Class initialized using 'CodeIgniter\Session\Handlers\FileHandler' driver.
INFO - 2025-10-14 22:10:01 --> Límite obtenido (general): 0.0990 kWh, IP: 192.168.0.232
INFO - 2025-10-14 22:10:03 --> Session: Class initialized using 'CodeIgniter\Session\Handlers\FileHandler' driver.
INFO - 2025-10-14 22:10:04 --> Session: Class initialized using 'CodeIgniter\Session\Handlers\FileHandler' driver.
INFO - 2025-10-14 22:10:04 --> Session: Class initialized using 'CodeIgniter\Session\Handlers\FileHandler' driver.
INFO - 2025-10-14 22:10:04 --> Session: Class initialized using 'CodeIgniter\Session\Handlers\FileHandler' driver.
INFO - 2025-10-14 22:10:04 --> Límite obtenido (general): 0.0990 kWh, IP: 192.168.0.232
INFO - 2025-10-14 22:10:06 --> Session: Class initialized using 'CodeIgniter\Session\Handlers\FileHandler' driver.
INFO - 2025-10-14 22:10:07 --> Session: Class initialized using 'CodeIgniter\Session\Handlers\FileHandler' driver.
INFO - 2025-10-14 22:10:07 --> Límite obtenido (general): 0.0990 kWh, IP: 192.168.0.232
INFO - 2025-10-14 22:10:09 --> Session: Class initialized using 'CodeIgniter\Session\Handlers\FileHandler' driver.
INFO - 2025-10-14 22:10:09 --> Session: Class initialized using 'CodeIgniter\Session\Handlers\FileHandler' driver.
INFO - 2025-10-14 22:10:09 --> Session: Class initialized using 'CodeIgniter\Session\Handlers\FileHandler' driver.
INFO - 2025-10-14 22:10:11 --> Session: Class initialized using 'CodeIgniter\Session\Handlers\FileHandler' driver.
INFO - 2025-10-14 22:10:11 --> Límite obtenido (general): 0.0990 kWh, IP: 192.168.0.232
INFO - 2025-10-14 22:10:12 --> Session: Class initialized using 'CodeIgniter\Session\Handlers\FileHandler' driver.
INFO - 2025-10-14 22:10:14 --> Session: Class initialized using 'CodeIgniter\Session\Handlers\FileHandler' driver.
INFO - 2025-10-14 22:10:14 --> Límite obtenido (general): 0.0990 kWh, IP: 192.168.0.232
INFO - 2025-10-14 22:10:14 --> Session: Class initialized using 'CodeIgniter\Session\Handlers\FileHandler' driver.
INFO - 2025-10-14 22:10:14 --> Session: Class initialized using 'CodeIgniter\Session\Handlers\FileHandler' driver.
INFO - 2025-10-14 22:10:15 --> Session: Class initialized using 'CodeIgniter\Session\Handlers\FileHandler' driver.
DEBUG - 2025-10-14 22:10:16 --> Ruta actual: /Tesina/public/energia/actualizarLimite
INFO - 2025-10-14 22:10:16 --> Session: Class initialized using 'CodeIgniter\Session\Handlers\FileHandler' driver.
DEBUG - 2025-10-14 22:10:16 --> Datos en sesión: Array
(
    [__ci_last_regenerate] => 1760490324
    [_ci_previous_url] => http://192.168.0.138/Tesina/public/energia/dispositivo/2
    [id_usuario] => 1
    [nombre] => brunito
    [apellido] => barber
    [email] => brunocameille@alumnos.itr3.edu.ar
    [rol] => admin
    [logged_in] => 1
    [tarifa_kwh] => 466
)

INFO - 2025-10-14 22:10:17 --> Session: Class initialized using 'CodeIgniter\Session\Handlers\FileHandler' driver.
INFO - 2025-10-14 22:10:17 --> Límite obtenido (general): 0.1030 kWh, IP: 192.168.0.232
INFO - 2025-10-14 22:10:18 --> Session: Class initialized using 'CodeIgniter\Session\Handlers\FileHandler' driver.
INFO - 2025-10-14 22:10:20 --> Session: Class initialized using 'CodeIgniter\Session\Handlers\FileHandler' driver.
INFO - 2025-10-14 22:10:20 --> Límite obtenido (general): 0.1030 kWh, IP: 192.168.0.232
INFO - 2025-10-14 22:10:21 --> Session: Class initialized using 'CodeIgniter\Session\Handlers\FileHandler' driver.
INFO - 2025-10-14 22:10:21 --> Session: Class initialized using 'CodeIgniter\Session\Handlers\FileHandler' driver.
INFO - 2025-10-14 22:10:23 --> Session: Class initialized using 'CodeIgniter\Session\Handlers\FileHandler' driver.
INFO - 2025-10-14 22:10:23 --> Límite obtenido (general): 0.1030 kWh, IP: 192.168.0.232
INFO - 2025-10-14 22:10:24 --> Session: Class initialized using 'CodeIgniter\Session\Handlers\FileHandler' driver.
DEBUG - 2025-10-14 22:10:24 --> Buscando usuario ID: 1
DEBUG - 2025-10-14 22:10:24 --> Resultado de la búsqueda: Array
(
    [id_usuario] => 1
    [nombre] => brunito
    [apellido] => barber
    [email] => brunocameille@alumnos.itr3.edu.ar
    [contrasena] => $2y$10$DfVf5j75GUow.8KQIROrQ.HgppT0Rq0gHjnl3td.ZZBDLZAYggz.u
    [direccion_id] => 0
    [id_rol] => 1
    [created_at] => 2025-04-07 13:37:30
    [updated_at] => 2025-10-13 19:57:07
    [invitado_por] => 
    [estado] => activo
    [token_activacion] => 
)

INFO - 2025-10-14 22:10:24 --> Session: Class initialized using 'CodeIgniter\Session\Handlers\FileHandler' driver.
INFO - 2025-10-14 22:10:28 --> Alerta de consumo enviada correctamente a brunocameille@alumnos.itr3.edu.ar
INFO - 2025-10-14 22:10:29 --> Session: Class initialized using 'CodeIgniter\Session\Handlers\FileHandler' driver.
INFO - 2025-10-14 22:10:31 --> Session: Class initialized using 'CodeIgniter\Session\Handlers\FileHandler' driver.
INFO - 2025-10-14 22:10:31 --> Límite obtenido (general): 0.1030 kWh, IP: 192.168.0.232
INFO - 2025-10-14 22:10:33 --> Session: Class initialized using 'CodeIgniter\Session\Handlers\FileHandler' driver.
INFO - 2025-10-14 22:10:34 --> Session: Class initialized using 'CodeIgniter\Session\Handlers\FileHandler' driver.
INFO - 2025-10-14 22:10:34 --> Session: Class initialized using 'CodeIgniter\Session\Handlers\FileHandler' driver.
INFO - 2025-10-14 22:10:35 --> Session: Class initialized using 'CodeIgniter\Session\Handlers\FileHandler' driver.
INFO - 2025-10-14 22:10:35 --> Límite obtenido (general): 0.1030 kWh, IP: 192.168.0.232
INFO - 2025-10-14 22:10:36 --> Session: Class initialized using 'CodeIgniter\Session\Handlers\FileHandler' driver.
INFO - 2025-10-14 22:10:38 --> Session: Class initialized using 'CodeIgniter\Session\Handlers\FileHandler' driver.
INFO - 2025-10-14 22:10:38 --> Límite obtenido (general): 0.1030 kWh, IP: 192.168.0.232
INFO - 2025-10-14 22:10:39 --> Session: Class initialized using 'CodeIgniter\Session\Handlers\FileHandler' driver.
INFO - 2025-10-14 22:10:39 --> Session: Class initialized using 'CodeIgniter\Session\Handlers\FileHandler' driver.
INFO - 2025-10-14 22:10:39 --> Session: Class initialized using 'CodeIgniter\Session\Handlers\FileHandler' driver.
INFO - 2025-10-14 22:10:41 --> Session: Class initialized using 'CodeIgniter\Session\Handlers\FileHandler' driver.
INFO - 2025-10-14 22:10:41 --> Límite obtenido (general): 0.1030 kWh, IP: 192.168.0.232
INFO - 2025-10-14 22:10:42 --> Session: Class initialized using 'CodeIgniter\Session\Handlers\FileHandler' driver.
INFO - 2025-10-14 22:10:44 --> Session: Class initialized using 'CodeIgniter\Session\Handlers\FileHandler' driver.
INFO - 2025-10-14 22:10:44 --> Session: Class initialized using 'CodeIgniter\Session\Handlers\FileHandler' driver.
INFO - 2025-10-14 22:10:45 --> Session: Class initialized using 'CodeIgniter\Session\Handlers\FileHandler' driver.
INFO - 2025-10-14 22:10:45 --> Límite obtenido (general): 0.1030 kWh, IP: 192.168.0.232
INFO - 2025-10-14 22:10:46 --> Session: Class initialized using 'CodeIgniter\Session\Handlers\FileHandler' driver.
INFO - 2025-10-14 22:10:48 --> Session: Class initialized using 'CodeIgniter\Session\Handlers\FileHandler' driver.
INFO - 2025-10-14 22:10:48 --> Límite obtenido (general): 0.1030 kWh, IP: 192.168.0.232
INFO - 2025-10-14 22:10:49 --> Session: Class initialized using 'CodeIgniter\Session\Handlers\FileHandler' driver.
INFO - 2025-10-14 22:10:49 --> Session: Class initialized using 'CodeIgniter\Session\Handlers\FileHandler' driver.
INFO - 2025-10-14 22:10:49 --> Session: Class initialized using 'CodeIgniter\Session\Handlers\FileHandler' driver.
INFO - 2025-10-14 22:10:51 --> Session: Class initialized using 'CodeIgniter\Session\Handlers\FileHandler' driver.
INFO - 2025-10-14 22:10:51 --> Límite obtenido (general): 0.1030 kWh, IP: 192.168.0.232
INFO - 2025-10-14 22:10:52 --> Session: Class initialized using 'CodeIgniter\Session\Handlers\FileHandler' driver.
INFO - 2025-10-14 22:10:54 --> Session: Class initialized using 'CodeIgniter\Session\Handlers\FileHandler' driver.
INFO - 2025-10-14 22:10:54 --> Session: Class initialized using 'CodeIgniter\Session\Handlers\FileHandler' driver.
INFO - 2025-10-14 22:10:54 --> Límite obtenido (general): 0.1030 kWh, IP: 192.168.0.232
INFO - 2025-10-14 22:10:54 --> Session: Class initialized using 'CodeIgniter\Session\Handlers\FileHandler' driver.
INFO - 2025-10-14 22:10:56 --> Session: Class initialized using 'CodeIgniter\Session\Handlers\FileHandler' driver.
INFO - 2025-10-14 22:10:57 --> Session: Class initialized using 'CodeIgniter\Session\Handlers\FileHandler' driver.
INFO - 2025-10-14 22:10:57 --> Límite obtenido (general): 0.1030 kWh, IP: 192.168.0.232
DEBUG - 2025-10-14 22:10:58 --> Ruta actual: /Tesina/public/energia/actualizarLimite
INFO - 2025-10-14 22:10:58 --> Session: Class initialized using 'CodeIgniter\Session\Handlers\FileHandler' driver.
DEBUG - 2025-10-14 22:10:58 --> Datos en sesión: Array
(
    [__ci_last_regenerate] => 1760490629
    [_ci_previous_url] => http://192.168.0.138/Tesina/public/energia/dispositivo/2
    [id_usuario] => 1
    [nombre] => brunito
    [apellido] => barber
    [email] => brunocameille@alumnos.itr3.edu.ar
    [rol] => admin
    [logged_in] => 1
    [tarifa_kwh] => 466
)

INFO - 2025-10-14 22:10:59 --> Session: Class initialized using 'CodeIgniter\Session\Handlers\FileHandler' driver.
INFO - 2025-10-14 22:11:00 --> Session: Class initialized using 'CodeIgniter\Session\Handlers\FileHandler' driver.
INFO - 2025-10-14 22:11:00 --> Límite obtenido (general): 16.0000 kWh, IP: 192.168.0.232
INFO - 2025-10-14 22:11:02 --> Session: Class initialized using 'CodeIgniter\Session\Handlers\FileHandler' driver.
INFO - 2025-10-14 22:11:03 --> Session: Class initialized using 'CodeIgniter\Session\Handlers\FileHandler' driver.
INFO - 2025-10-14 22:11:03 --> Límite obtenido (general): 16.0000 kWh, IP: 192.168.0.232
INFO - 2025-10-14 22:11:05 --> Session: Class initialized using 'CodeIgniter\Session\Handlers\FileHandler' driver.
INFO - 2025-10-14 22:11:06 --> Session: Class initialized using 'CodeIgniter\Session\Handlers\FileHandler' driver.
INFO - 2025-10-14 22:11:06 --> Límite obtenido (general): 16.0000 kWh, IP: 192.168.0.232
INFO - 2025-10-14 22:11:07 --> Session: Class initialized using 'CodeIgniter\Session\Handlers\FileHandler' driver.
INFO - 2025-10-14 22:11:09 --> Session: Class initialized using 'CodeIgniter\Session\Handlers\FileHandler' driver.
INFO - 2025-10-14 22:11:09 --> Límite obtenido (general): 16.0000 kWh, IP: 192.168.0.232
INFO - 2025-10-14 22:11:11 --> Session: Class initialized using 'CodeIgniter\Session\Handlers\FileHandler' driver.
INFO - 2025-10-14 22:11:12 --> Session: Class initialized using 'CodeIgniter\Session\Handlers\FileHandler' driver.
INFO - 2025-10-14 22:11:12 --> Límite obtenido (general): 16.0000 kWh, IP: 192.168.0.232
INFO - 2025-10-14 22:11:14 --> Session: Class initialized using 'CodeIgniter\Session\Handlers\FileHandler' driver.
INFO - 2025-10-14 22:11:15 --> Session: Class initialized using 'CodeIgniter\Session\Handlers\FileHandler' driver.
INFO - 2025-10-14 22:11:15 --> Límite obtenido (general): 16.0000 kWh, IP: 192.168.0.232
INFO - 2025-10-14 22:11:16 --> Session: Class initialized using 'CodeIgniter\Session\Handlers\FileHandler' driver.
INFO - 2025-10-14 22:11:16 --> Session: Class initialized using 'CodeIgniter\Session\Handlers\FileHandler' driver.
INFO - 2025-10-14 22:11:16 --> Session: Class initialized using 'CodeIgniter\Session\Handlers\FileHandler' driver.
INFO - 2025-10-14 22:11:16 --> Session: Class initialized using 'CodeIgniter\Session\Handlers\FileHandler' driver.
INFO - 2025-10-14 22:11:17 --> Session: Class initialized using 'CodeIgniter\Session\Handlers\FileHandler' driver.
INFO - 2025-10-14 22:11:18 --> Session: Class initialized using 'CodeIgniter\Session\Handlers\FileHandler' driver.
INFO - 2025-10-14 22:11:18 --> Límite obtenido (general): 16.0000 kWh, IP: 192.168.0.232
INFO - 2025-10-14 22:11:19 --> Session: Class initialized using 'CodeIgniter\Session\Handlers\FileHandler' driver.
INFO - 2025-10-14 22:11:20 --> Session: Class initialized using 'CodeIgniter\Session\Handlers\FileHandler' driver.
INFO - 2025-10-14 22:11:21 --> Session: Class initialized using 'CodeIgniter\Session\Handlers\FileHandler' driver.
INFO - 2025-10-14 22:11:22 --> Límite obtenido (general): 16.0000 kWh, IP: 192.168.0.232
INFO - 2025-10-14 22:11:23 --> Session: Class initialized using 'CodeIgniter\Session\Handlers\FileHandler' driver.
INFO - 2025-10-14 22:11:24 --> Session: Class initialized using 'CodeIgniter\Session\Handlers\FileHandler' driver.
INFO - 2025-10-14 22:11:25 --> Session: Class initialized using 'CodeIgniter\Session\Handlers\FileHandler' driver.
INFO - 2025-10-14 22:11:25 --> Límite obtenido (general): 16.0000 kWh, IP: 192.168.0.232
INFO - 2025-10-14 22:11:26 --> Session: Class initialized using 'CodeIgniter\Session\Handlers\FileHandler' driver.
INFO - 2025-10-14 22:11:27 --> Session: Class initialized using 'CodeIgniter\Session\Handlers\FileHandler' driver.
INFO - 2025-10-14 22:11:27 --> Límite obtenido (general): 16.0000 kWh, IP: 192.168.0.232
INFO - 2025-10-14 22:11:29 --> Session: Class initialized using 'CodeIgniter\Session\Handlers\FileHandler' driver.
INFO - 2025-10-14 22:11:29 --> Session: Class initialized using 'CodeIgniter\Session\Handlers\FileHandler' driver.
INFO - 2025-10-14 22:11:30 --> Session: Class initialized using 'CodeIgniter\Session\Handlers\FileHandler' driver.
INFO - 2025-10-14 22:11:30 --> Límite obtenido (general): 16.0000 kWh, IP: 192.168.0.232
INFO - 2025-10-14 22:11:31 --> Session: Class initialized using 'CodeIgniter\Session\Handlers\FileHandler' driver.
INFO - 2025-10-14 22:11:33 --> Session: Class initialized using 'CodeIgniter\Session\Handlers\FileHandler' driver.
INFO - 2025-10-14 22:11:33 --> Límite obtenido (general): 16.0000 kWh, IP: 192.168.0.232
INFO - 2025-10-14 22:11:34 --> Session: Class initialized using 'CodeIgniter\Session\Handlers\FileHandler' driver.
INFO - 2025-10-14 22:11:34 --> Session: Class initialized using 'CodeIgniter\Session\Handlers\FileHandler' driver.
INFO - 2025-10-14 22:11:36 --> Session: Class initialized using 'CodeIgniter\Session\Handlers\FileHandler' driver.
INFO - 2025-10-14 22:11:36 --> Límite obtenido (general): 16.0000 kWh, IP: 192.168.0.232
INFO - 2025-10-14 22:11:38 --> Session: Class initialized using 'CodeIgniter\Session\Handlers\FileHandler' driver.
INFO - 2025-10-14 22:11:39 --> Session: Class initialized using 'CodeIgniter\Session\Handlers\FileHandler' driver.
INFO - 2025-10-14 22:11:39 --> Session: Class initialized using 'CodeIgniter\Session\Handlers\FileHandler' driver.
INFO - 2025-10-14 22:11:39 --> Límite obtenido (general): 16.0000 kWh, IP: 192.168.0.232
INFO - 2025-10-14 22:11:41 --> Session: Class initialized using 'CodeIgniter\Session\Handlers\FileHandler' driver.
INFO - 2025-10-14 22:11:42 --> Session: Class initialized using 'CodeIgniter\Session\Handlers\FileHandler' driver.
INFO - 2025-10-14 22:11:42 --> Límite obtenido (general): 16.0000 kWh, IP: 192.168.0.232
INFO - 2025-10-14 22:11:44 --> Session: Class initialized using 'CodeIgniter\Session\Handlers\FileHandler' driver.
INFO - 2025-10-14 22:11:44 --> Session: Class initialized using 'CodeIgniter\Session\Handlers\FileHandler' driver.
INFO - 2025-10-14 22:11:45 --> Session: Class initialized using 'CodeIgniter\Session\Handlers\FileHandler' driver.
INFO - 2025-10-14 22:11:45 --> Límite obtenido (general): 16.0000 kWh, IP: 192.168.0.232
INFO - 2025-10-14 22:11:46 --> Session: Class initialized using 'CodeIgniter\Session\Handlers\FileHandler' driver.
INFO - 2025-10-14 22:11:48 --> Session: Class initialized using 'CodeIgniter\Session\Handlers\FileHandler' driver.
INFO - 2025-10-14 22:11:48 --> Límite obtenido (general): 16.0000 kWh, IP: 192.168.0.232
INFO - 2025-10-14 22:11:49 --> Session: Class initialized using 'CodeIgniter\Session\Handlers\FileHandler' driver.
INFO - 2025-10-14 22:11:49 --> Session: Class initialized using 'CodeIgniter\Session\Handlers\FileHandler' driver.
INFO - 2025-10-14 22:11:51 --> Session: Class initialized using 'CodeIgniter\Session\Handlers\FileHandler' driver.
INFO - 2025-10-14 22:11:51 --> Límite obtenido (general): 16.0000 kWh, IP: 192.168.0.232
INFO - 2025-10-14 22:11:52 --> Session: Class initialized using 'CodeIgniter\Session\Handlers\FileHandler' driver.
INFO - 2025-10-14 22:11:54 --> Session: Class initialized using 'CodeIgniter\Session\Handlers\FileHandler' driver.
INFO - 2025-10-14 22:11:54 --> Session: Class initialized using 'CodeIgniter\Session\Handlers\FileHandler' driver.
INFO - 2025-10-14 22:11:54 --> Límite obtenido (general): 16.0000 kWh, IP: 192.168.0.232
INFO - 2025-10-14 22:11:55 --> Session: Class initialized using 'CodeIgniter\Session\Handlers\FileHandler' driver.
INFO - 2025-10-14 22:11:57 --> Session: Class initialized using 'CodeIgniter\Session\Handlers\FileHandler' driver.
INFO - 2025-10-14 22:11:57 --> Límite obtenido (general): 16.0000 kWh, IP: 192.168.0.232
INFO - 2025-10-14 22:11:59 --> Session: Class initialized using 'CodeIgniter\Session\Handlers\FileHandler' driver.
INFO - 2025-10-14 22:11:59 --> Session: Class initialized using 'CodeIgniter\Session\Handlers\FileHandler' driver.
INFO - 2025-10-14 22:12:00 --> Session: Class initialized using 'CodeIgniter\Session\Handlers\FileHandler' driver.
INFO - 2025-10-14 22:12:00 --> Límite obtenido (general): 16.0000 kWh, IP: 192.168.0.232
INFO - 2025-10-14 22:12:02 --> Session: Class initialized using 'CodeIgniter\Session\Handlers\FileHandler' driver.
INFO - 2025-10-14 22:12:03 --> Session: Class initialized using 'CodeIgniter\Session\Handlers\FileHandler' driver.
INFO - 2025-10-14 22:12:03 --> Límite obtenido (general): 16.0000 kWh, IP: 192.168.0.232
INFO - 2025-10-14 22:12:05 --> Session: Class initialized using 'CodeIgniter\Session\Handlers\FileHandler' driver.
INFO - 2025-10-14 22:12:05 --> Session: Class initialized using 'CodeIgniter\Session\Handlers\FileHandler' driver.
INFO - 2025-10-14 22:12:06 --> Session: Class initialized using 'CodeIgniter\Session\Handlers\FileHandler' driver.
INFO - 2025-10-14 22:12:06 --> Límite obtenido (general): 16.0000 kWh, IP: 192.168.0.232
INFO - 2025-10-14 22:12:08 --> Session: Class initialized using 'CodeIgniter\Session\Handlers\FileHandler' driver.
INFO - 2025-10-14 22:12:09 --> Session: Class initialized using 'CodeIgniter\Session\Handlers\FileHandler' driver.
INFO - 2025-10-14 22:12:09 --> Límite obtenido (general): 16.0000 kWh, IP: 192.168.0.232
INFO - 2025-10-14 22:12:10 --> Session: Class initialized using 'CodeIgniter\Session\Handlers\FileHandler' driver.
INFO - 2025-10-14 22:12:10 --> Session: Class initialized using 'CodeIgniter\Session\Handlers\FileHandler' driver.
INFO - 2025-10-14 22:12:12 --> Session: Class initialized using 'CodeIgniter\Session\Handlers\FileHandler' driver.
INFO - 2025-10-14 22:12:12 --> Límite obtenido (general): 16.0000 kWh, IP: 192.168.0.232
INFO - 2025-10-14 22:12:13 --> Session: Class initialized using 'CodeIgniter\Session\Handlers\FileHandler' driver.
INFO - 2025-10-14 22:12:15 --> Session: Class initialized using 'CodeIgniter\Session\Handlers\FileHandler' driver.
INFO - 2025-10-14 22:12:15 --> Session: Class initialized using 'CodeIgniter\Session\Handlers\FileHandler' driver.
INFO - 2025-10-14 22:12:15 --> Límite obtenido (general): 16.0000 kWh, IP: 192.168.0.232
INFO - 2025-10-14 22:12:16 --> Session: Class initialized using 'CodeIgniter\Session\Handlers\FileHandler' driver.
INFO - 2025-10-14 22:12:18 --> Session: Class initialized using 'CodeIgniter\Session\Handlers\FileHandler' driver.
INFO - 2025-10-14 22:12:18 --> Límite obtenido (general): 16.0000 kWh, IP: 192.168.0.232
INFO - 2025-10-14 22:12:19 --> Session: Class initialized using 'CodeIgniter\Session\Handlers\FileHandler' driver.
INFO - 2025-10-14 22:12:20 --> Session: Class initialized using 'CodeIgniter\Session\Handlers\FileHandler' driver.
INFO - 2025-10-14 22:12:21 --> Session: Class initialized using 'CodeIgniter\Session\Handlers\FileHandler' driver.
INFO - 2025-10-14 22:12:21 --> Límite obtenido (general): 16.0000 kWh, IP: 192.168.0.232
INFO - 2025-10-14 22:12:22 --> Session: Class initialized using 'CodeIgniter\Session\Handlers\FileHandler' driver.
INFO - 2025-10-14 22:12:24 --> Session: Class initialized using 'CodeIgniter\Session\Handlers\FileHandler' driver.
INFO - 2025-10-14 22:12:24 --> Límite obtenido (general): 16.0000 kWh, IP: 192.168.0.232
INFO - 2025-10-14 22:12:25 --> Session: Class initialized using 'CodeIgniter\Session\Handlers\FileHandler' driver.
INFO - 2025-10-14 22:12:25 --> Session: Class initialized using 'CodeIgniter\Session\Handlers\FileHandler' driver.
INFO - 2025-10-14 22:12:27 --> Session: Class initialized using 'CodeIgniter\Session\Handlers\FileHandler' driver.
INFO - 2025-10-14 22:12:27 --> Límite obtenido (general): 16.0000 kWh, IP: 192.168.0.232
INFO - 2025-10-14 22:12:29 --> Session: Class initialized using 'CodeIgniter\Session\Handlers\FileHandler' driver.
INFO - 2025-10-14 22:12:30 --> Session: Class initialized using 'CodeIgniter\Session\Handlers\FileHandler' driver.
INFO - 2025-10-14 22:12:30 --> Session: Class initialized using 'CodeIgniter\Session\Handlers\FileHandler' driver.
INFO - 2025-10-14 22:12:30 --> Límite obtenido (general): 16.0000 kWh, IP: 192.168.0.232
INFO - 2025-10-14 22:12:32 --> Session: Class initialized using 'CodeIgniter\Session\Handlers\FileHandler' driver.
INFO - 2025-10-14 22:12:34 --> Session: Class initialized using 'CodeIgniter\Session\Handlers\FileHandler' driver.
INFO - 2025-10-14 22:12:34 --> Límite obtenido (general): 16.0000 kWh, IP: 192.168.0.232
INFO - 2025-10-14 22:12:35 --> Session: Class initialized using 'CodeIgniter\Session\Handlers\FileHandler' driver.
INFO - 2025-10-14 22:12:35 --> Session: Class initialized using 'CodeIgniter\Session\Handlers\FileHandler' driver.
INFO - 2025-10-14 22:12:37 --> Session: Class initialized using 'CodeIgniter\Session\Handlers\FileHandler' driver.
INFO - 2025-10-14 22:12:37 --> Límite obtenido (general): 16.0000 kWh, IP: 192.168.0.232
INFO - 2025-10-14 22:12:38 --> Session: Class initialized using 'CodeIgniter\Session\Handlers\FileHandler' driver.
INFO - 2025-10-14 22:12:40 --> Session: Class initialized using 'CodeIgniter\Session\Handlers\FileHandler' driver.
INFO - 2025-10-14 22:12:40 --> Límite obtenido (general): 16.0000 kWh, IP: 192.168.0.232
INFO - 2025-10-14 22:12:40 --> Session: Class initialized using 'CodeIgniter\Session\Handlers\FileHandler' driver.
INFO - 2025-10-14 22:12:41 --> Session: Class initialized using 'CodeIgniter\Session\Handlers\FileHandler' driver.
INFO - 2025-10-14 22:12:43 --> Session: Class initialized using 'CodeIgniter\Session\Handlers\FileHandler' driver.
INFO - 2025-10-14 22:12:43 --> Límite obtenido (general): 16.0000 kWh, IP: 192.168.0.232
INFO - 2025-10-14 22:12:44 --> Session: Class initialized using 'CodeIgniter\Session\Handlers\FileHandler' driver.
INFO - 2025-10-14 22:12:45 --> Session: Class initialized using 'CodeIgniter\Session\Handlers\FileHandler' driver.
INFO - 2025-10-14 22:12:46 --> Session: Class initialized using 'CodeIgniter\Session\Handlers\FileHandler' driver.
INFO - 2025-10-14 22:12:46 --> Límite obtenido (general): 16.0000 kWh, IP: 192.168.0.232
INFO - 2025-10-14 22:12:47 --> Session: Class initialized using 'CodeIgniter\Session\Handlers\FileHandler' driver.
INFO - 2025-10-14 22:12:48 --> Session: Class initialized using 'CodeIgniter\Session\Handlers\FileHandler' driver.
INFO - 2025-10-14 22:12:49 --> Límite obtenido (general): 16.0000 kWh, IP: 192.168.0.232
INFO - 2025-10-14 22:12:50 --> Session: Class initialized using 'CodeIgniter\Session\Handlers\FileHandler' driver.
INFO - 2025-10-14 22:12:50 --> Session: Class initialized using 'CodeIgniter\Session\Handlers\FileHandler' driver.
INFO - 2025-10-14 22:12:51 --> Session: Class initialized using 'CodeIgniter\Session\Handlers\FileHandler' driver.
INFO - 2025-10-14 22:12:51 --> Límite obtenido (general): 16.0000 kWh, IP: 192.168.0.232
INFO - 2025-10-14 22:12:53 --> Session: Class initialized using 'CodeIgniter\Session\Handlers\FileHandler' driver.
INFO - 2025-10-14 22:12:54 --> Session: Class initialized using 'CodeIgniter\Session\Handlers\FileHandler' driver.
INFO - 2025-10-14 22:12:54 --> Límite obtenido (general): 16.0000 kWh, IP: 192.168.0.232
INFO - 2025-10-14 22:12:55 --> Session: Class initialized using 'CodeIgniter\Session\Handlers\FileHandler' driver.
INFO - 2025-10-14 22:12:55 --> Session: Class initialized using 'CodeIgniter\Session\Handlers\FileHandler' driver.
INFO - 2025-10-14 22:12:57 --> Session: Class initialized using 'CodeIgniter\Session\Handlers\FileHandler' driver.
INFO - 2025-10-14 22:12:57 --> Límite obtenido (general): 16.0000 kWh, IP: 192.168.0.232
INFO - 2025-10-14 22:12:59 --> Session: Class initialized using 'CodeIgniter\Session\Handlers\FileHandler' driver.
INFO - 2025-10-14 22:13:00 --> Session: Class initialized using 'CodeIgniter\Session\Handlers\FileHandler' driver.
INFO - 2025-10-14 22:13:00 --> Session: Class initialized using 'CodeIgniter\Session\Handlers\FileHandler' driver.
INFO - 2025-10-14 22:13:00 --> Límite obtenido (general): 16.0000 kWh, IP: 192.168.0.232
INFO - 2025-10-14 22:13:01 --> Session: Class initialized using 'CodeIgniter\Session\Handlers\FileHandler' driver.
INFO - 2025-10-14 22:13:03 --> Session: Class initialized using 'CodeIgniter\Session\Handlers\FileHandler' driver.
INFO - 2025-10-14 22:13:03 --> Límite obtenido (general): 16.0000 kWh, IP: 192.168.0.232
INFO - 2025-10-14 22:13:04 --> Session: Class initialized using 'CodeIgniter\Session\Handlers\FileHandler' driver.
INFO - 2025-10-14 22:13:06 --> Session: Class initialized using 'CodeIgniter\Session\Handlers\FileHandler' driver.
INFO - 2025-10-14 22:13:06 --> Límite obtenido (general): 16.0000 kWh, IP: 192.168.0.232
INFO - 2025-10-14 22:13:07 --> Session: Class initialized using 'CodeIgniter\Session\Handlers\FileHandler' driver.
INFO - 2025-10-14 22:13:09 --> Session: Class initialized using 'CodeIgniter\Session\Handlers\FileHandler' driver.
INFO - 2025-10-14 22:13:09 --> Límite obtenido (general): 16.0000 kWh, IP: 192.168.0.232
INFO - 2025-10-14 22:13:10 --> Session: Class initialized using 'CodeIgniter\Session\Handlers\FileHandler' driver.
INFO - 2025-10-14 22:13:12 --> Session: Class initialized using 'CodeIgniter\Session\Handlers\FileHandler' driver.
INFO - 2025-10-14 22:13:12 --> Límite obtenido (general): 16.0000 kWh, IP: 192.168.0.232
INFO - 2025-10-14 22:13:13 --> Session: Class initialized using 'CodeIgniter\Session\Handlers\FileHandler' driver.
INFO - 2025-10-14 22:13:15 --> Session: Class initialized using 'CodeIgniter\Session\Handlers\FileHandler' driver.
INFO - 2025-10-14 22:13:15 --> Límite obtenido (general): 16.0000 kWh, IP: 192.168.0.232
INFO - 2025-10-14 22:13:16 --> Session: Class initialized using 'CodeIgniter\Session\Handlers\FileHandler' driver.
INFO - 2025-10-14 22:13:17 --> Session: Class initialized using 'CodeIgniter\Session\Handlers\FileHandler' driver.
INFO - 2025-10-14 22:13:18 --> Session: Class initialized using 'CodeIgniter\Session\Handlers\FileHandler' driver.
INFO - 2025-10-14 22:13:18 --> Límite obtenido (general): 16.0000 kWh, IP: 192.168.0.232
INFO - 2025-10-14 22:13:19 --> Session: Class initialized using 'CodeIgniter\Session\Handlers\FileHandler' driver.
INFO - 2025-10-14 22:13:21 --> Session: Class initialized using 'CodeIgniter\Session\Handlers\FileHandler' driver.
INFO - 2025-10-14 22:13:21 --> Límite obtenido (general): 16.0000 kWh, IP: 192.168.0.232
INFO - 2025-10-14 22:13:22 --> Session: Class initialized using 'CodeIgniter\Session\Handlers\FileHandler' driver.
INFO - 2025-10-14 22:13:24 --> Session: Class initialized using 'CodeIgniter\Session\Handlers\FileHandler' driver.
INFO - 2025-10-14 22:13:24 --> Límite obtenido (general): 16.0000 kWh, IP: 192.168.0.232
INFO - 2025-10-14 22:13:25 --> Session: Class initialized using 'CodeIgniter\Session\Handlers\FileHandler' driver.
INFO - 2025-10-14 22:13:27 --> Session: Class initialized using 'CodeIgniter\Session\Handlers\FileHandler' driver.
INFO - 2025-10-14 22:13:27 --> Límite obtenido (general): 16.0000 kWh, IP: 192.168.0.232
INFO - 2025-10-14 22:13:28 --> Session: Class initialized using 'CodeIgniter\Session\Handlers\FileHandler' driver.
INFO - 2025-10-14 22:13:28 --> Session: Class initialized using 'CodeIgniter\Session\Handlers\FileHandler' driver.
INFO - 2025-10-14 22:13:29 --> Session: Class initialized using 'CodeIgniter\Session\Handlers\FileHandler' driver.
INFO - 2025-10-14 22:13:29 --> Session: Class initialized using 'CodeIgniter\Session\Handlers\FileHandler' driver.
INFO - 2025-10-14 22:13:29 --> Límite obtenido (general): 16.0000 kWh, IP: 192.168.0.232
INFO - 2025-10-14 22:13:31 --> Session: Class initialized using 'CodeIgniter\Session\Handlers\FileHandler' driver.
INFO - 2025-10-14 22:13:33 --> Session: Class initialized using 'CodeIgniter\Session\Handlers\FileHandler' driver.
INFO - 2025-10-14 22:13:33 --> Límite obtenido (general): 16.0000 kWh, IP: 192.168.0.232
INFO - 2025-10-14 22:13:34 --> Session: Class initialized using 'CodeIgniter\Session\Handlers\FileHandler' driver.
INFO - 2025-10-14 22:13:34 --> Session: Class initialized using 'CodeIgniter\Session\Handlers\FileHandler' driver.
INFO - 2025-10-14 22:13:35 --> Session: Class initialized using 'CodeIgniter\Session\Handlers\FileHandler' driver.
INFO - 2025-10-14 22:13:35 --> Session: Class initialized using 'CodeIgniter\Session\Handlers\FileHandler' driver.
INFO - 2025-10-14 22:13:36 --> Session: Class initialized using 'CodeIgniter\Session\Handlers\FileHandler' driver.
INFO - 2025-10-14 22:13:36 --> Límite obtenido (general): 16.0000 kWh, IP: 192.168.0.232
INFO - 2025-10-14 22:13:37 --> Session: Class initialized using 'CodeIgniter\Session\Handlers\FileHandler' driver.
INFO - 2025-10-14 22:13:39 --> Session: Class initialized using 'CodeIgniter\Session\Handlers\FileHandler' driver.
INFO - 2025-10-14 22:13:39 --> Límite obtenido (general): 16.0000 kWh, IP: 192.168.0.232
INFO - 2025-10-14 22:13:40 --> Session: Class initialized using 'CodeIgniter\Session\Handlers\FileHandler' driver.
INFO - 2025-10-14 22:13:42 --> Session: Class initialized using 'CodeIgniter\Session\Handlers\FileHandler' driver.
INFO - 2025-10-14 22:13:42 --> Límite obtenido (general): 16.0000 kWh, IP: 192.168.0.232
INFO - 2025-10-14 22:13:43 --> Session: Class initialized using 'CodeIgniter\Session\Handlers\FileHandler' driver.
DEBUG - 2025-10-14 22:13:43 --> Intento de inicio de sesión para email: brunocameille@alumnos.itr3.edu.ar
DEBUG - 2025-10-14 22:13:43 --> Longitud de la contraseña ingresada: 16
DEBUG - 2025-10-14 22:13:43 --> Usuario encontrado: {"id":"1","email":"brunocameille@alumnos.itr3.edu.ar","estado":"activo","rol":"1"}
INFO - 2025-10-14 22:13:43 --> Session: Class initialized using 'CodeIgniter\Session\Handlers\FileHandler' driver.
DEBUG - 2025-10-14 22:13:43 --> Resultado de verificación de contraseña: false
DEBUG - 2025-10-14 22:13:43 --> Hash almacenado en la base de datos: $2y$10$DfVf5j75GUow.8KQIROrQ.HgppT0Rq0gHjnl3td.ZZBDLZAYggz.u
DEBUG - 2025-10-14 22:13:43 --> Contraseña incorrecta para usuario: brunocameille@alumnos.itr3.edu.ar
INFO - 2025-10-14 22:13:43 --> Session: Class initialized using 'CodeIgniter\Session\Handlers\FileHandler' driver.
INFO - 2025-10-14 22:13:56 --> Session: Class initialized using 'CodeIgniter\Session\Handlers\FileHandler' driver.
DEBUG - 2025-10-14 22:13:56 --> Intento de inicio de sesión para email: brunocameille@alumnos.itr3.edu.ar
DEBUG - 2025-10-14 22:13:56 --> Longitud de la contraseña ingresada: 17
DEBUG - 2025-10-14 22:13:56 --> Usuario encontrado: {"id":"1","email":"brunocameille@alumnos.itr3.edu.ar","estado":"activo","rol":"1"}
DEBUG - 2025-10-14 22:13:56 --> Resultado de verificación de contraseña: true
DEBUG - 2025-10-14 22:13:56 --> Hash almacenado en la base de datos: $2y$10$DfVf5j75GUow.8KQIROrQ.HgppT0Rq0gHjnl3td.ZZBDLZAYggz.u
DEBUG - 2025-10-14 22:13:56 --> Inicio de sesión exitoso para usuario: brunocameille@alumnos.itr3.edu.ar
DEBUG - 2025-10-14 22:13:56 --> Datos de sesión guardados: {"id_usuario":"1","nombre":"brunito","apellido":"barber","email":"brunocameille@alumnos.itr3.edu.ar","rol":"admin","logged_in":true}
DEBUG - 2025-10-14 22:13:56 --> Ruta actual: /Tesina/public/admin
INFO - 2025-10-14 22:13:56 --> Session: Class initialized using 'CodeIgniter\Session\Handlers\FileHandler' driver.
DEBUG - 2025-10-14 22:13:56 --> Datos en sesión: Array
(
    [__ci_last_regenerate] => 1760490815
    [_ci_previous_url] => http://192.168.0.138/Tesina/public/autenticacion/login
    [id_usuario] => 1
    [nombre] => brunito
    [apellido] => barber
    [email] => brunocameille@alumnos.itr3.edu.ar
    [rol] => admin
    [logged_in] => 1
)

DEBUG - 2025-10-14 22:13:57 --> Ruta actual: /Tesina/public/admin/dispositivos
INFO - 2025-10-14 22:13:57 --> Session: Class initialized using 'CodeIgniter\Session\Handlers\FileHandler' driver.
DEBUG - 2025-10-14 22:13:57 --> Datos en sesión: Array
(
    [__ci_last_regenerate] => 1760490815
    [_ci_previous_url] => http://192.168.0.138/Tesina/public/admin
    [id_usuario] => 1
    [nombre] => brunito
    [apellido] => barber
    [email] => brunocameille@alumnos.itr3.edu.ar
    [rol] => admin
    [logged_in] => 1
)

DEBUG - 2025-10-14 22:13:57 --> Buscando usuario ID: 1
DEBUG - 2025-10-14 22:13:57 --> Resultado de la búsqueda: Array
(
    [id_usuario] => 1
    [nombre] => brunito
    [apellido] => barber
    [email] => brunocameille@alumnos.itr3.edu.ar
    [contrasena] => $2y$10$DfVf5j75GUow.8KQIROrQ.HgppT0Rq0gHjnl3td.ZZBDLZAYggz.u
    [direccion_id] => 0
    [id_rol] => 1
    [created_at] => 2025-04-07 13:37:30
    [updated_at] => 2025-10-13 19:57:07
    [invitado_por] => 
    [estado] => activo
    [token_activacion] => 
)

DEBUG - 2025-10-14 22:14:00 --> Ruta actual: /Tesina/public/energia/dispositivo/2
INFO - 2025-10-14 22:14:00 --> Session: Class initialized using 'CodeIgniter\Session\Handlers\FileHandler' driver.
DEBUG - 2025-10-14 22:14:00 --> Datos en sesión: Array
(
    [__ci_last_regenerate] => 1760490815
    [_ci_previous_url] => http://192.168.0.138/Tesina/public/admin/dispositivos
    [id_usuario] => 1
    [nombre] => brunito
    [apellido] => barber
    [email] => brunocameille@alumnos.itr3.edu.ar
    [rol] => admin
    [logged_in] => 1
)

INFO - 2025-10-14 22:14:02 --> Session: Class initialized using 'CodeIgniter\Session\Handlers\FileHandler' driver.
INFO - 2025-10-14 22:14:06 --> Session: Class initialized using 'CodeIgniter\Session\Handlers\FileHandler' driver.
INFO - 2025-10-14 22:14:11 --> Session: Class initialized using 'CodeIgniter\Session\Handlers\FileHandler' driver.
INFO - 2025-10-14 22:14:16 --> Session: Class initialized using 'CodeIgniter\Session\Handlers\FileHandler' driver.
INFO - 2025-10-14 22:14:21 --> Session: Class initialized using 'CodeIgniter\Session\Handlers\FileHandler' driver.
INFO - 2025-10-14 22:14:26 --> Session: Class initialized using 'CodeIgniter\Session\Handlers\FileHandler' driver.
INFO - 2025-10-14 22:14:31 --> Session: Class initialized using 'CodeIgniter\Session\Handlers\FileHandler' driver.
INFO - 2025-10-14 22:14:36 --> Session: Class initialized using 'CodeIgniter\Session\Handlers\FileHandler' driver.
INFO - 2025-10-14 22:14:39 --> Session: Class initialized using 'CodeIgniter\Session\Handlers\FileHandler' driver.
INFO - 2025-10-14 22:14:39 --> Último kWh obtenido: 0.122275 para MAC: 08D1F9A52A14
INFO - 2025-10-14 22:14:39 --> Session: Class initialized using 'CodeIgniter\Session\Handlers\FileHandler' driver.
INFO - 2025-10-14 22:14:39 --> Límite obtenido (general): 16.0000 kWh, IP: 192.168.0.232
INFO - 2025-10-14 22:14:41 --> Session: Class initialized using 'CodeIgniter\Session\Handlers\FileHandler' driver.
INFO - 2025-10-14 22:14:41 --> Session: Class initialized using 'CodeIgniter\Session\Handlers\FileHandler' driver.
INFO - 2025-10-14 22:14:42 --> Session: Class initialized using 'CodeIgniter\Session\Handlers\FileHandler' driver.
INFO - 2025-10-14 22:14:42 --> Límite obtenido (general): 16.0000 kWh, IP: 192.168.0.232
INFO - 2025-10-14 22:14:44 --> Session: Class initialized using 'CodeIgniter\Session\Handlers\FileHandler' driver.
INFO - 2025-10-14 22:14:45 --> Session: Class initialized using 'CodeIgniter\Session\Handlers\FileHandler' driver.
INFO - 2025-10-14 22:14:45 --> Límite obtenido (general): 16.0000 kWh, IP: 192.168.0.232
INFO - 2025-10-14 22:14:46 --> Session: Class initialized using 'CodeIgniter\Session\Handlers\FileHandler' driver.
INFO - 2025-10-14 22:14:47 --> Session: Class initialized using 'CodeIgniter\Session\Handlers\FileHandler' driver.
INFO - 2025-10-14 22:14:49 --> Session: Class initialized using 'CodeIgniter\Session\Handlers\FileHandler' driver.
INFO - 2025-10-14 22:14:49 --> Límite obtenido (general): 16.0000 kWh, IP: 192.168.0.232
INFO - 2025-10-14 22:14:50 --> Session: Class initialized using 'CodeIgniter\Session\Handlers\FileHandler' driver.
INFO - 2025-10-14 22:14:51 --> Session: Class initialized using 'CodeIgniter\Session\Handlers\FileHandler' driver.
INFO - 2025-10-14 22:14:52 --> Session: Class initialized using 'CodeIgniter\Session\Handlers\FileHandler' driver.
INFO - 2025-10-14 22:14:52 --> Límite obtenido (general): 16.0000 kWh, IP: 192.168.0.232
INFO - 2025-10-14 22:14:53 --> Session: Class initialized using 'CodeIgniter\Session\Handlers\FileHandler' driver.
INFO - 2025-10-14 22:14:55 --> Session: Class initialized using 'CodeIgniter\Session\Handlers\FileHandler' driver.
INFO - 2025-10-14 22:14:55 --> Límite obtenido (general): 16.0000 kWh, IP: 192.168.0.232
INFO - 2025-10-14 22:14:56 --> Session: Class initialized using 'CodeIgniter\Session\Handlers\FileHandler' driver.
INFO - 2025-10-14 22:14:56 --> Session: Class initialized using 'CodeIgniter\Session\Handlers\FileHandler' driver.
INFO - 2025-10-14 22:14:58 --> Session: Class initialized using 'CodeIgniter\Session\Handlers\FileHandler' driver.
INFO - 2025-10-14 22:14:58 --> Límite obtenido (general): 16.0000 kWh, IP: 192.168.0.232
INFO - 2025-10-14 22:14:59 --> Session: Class initialized using 'CodeIgniter\Session\Handlers\FileHandler' driver.
INFO - 2025-10-14 22:15:01 --> Session: Class initialized using 'CodeIgniter\Session\Handlers\FileHandler' driver.
INFO - 2025-10-14 22:15:01 --> Session: Class initialized using 'CodeIgniter\Session\Handlers\FileHandler' driver.
INFO - 2025-10-14 22:15:01 --> Límite obtenido (general): 16.0000 kWh, IP: 192.168.0.232
INFO - 2025-10-14 22:15:02 --> Session: Class initialized using 'CodeIgniter\Session\Handlers\FileHandler' driver.
INFO - 2025-10-14 22:15:04 --> Session: Class initialized using 'CodeIgniter\Session\Handlers\FileHandler' driver.
INFO - 2025-10-14 22:15:04 --> Límite obtenido (general): 16.0000 kWh, IP: 192.168.0.232
INFO - 2025-10-14 22:15:05 --> Session: Class initialized using 'CodeIgniter\Session\Handlers\FileHandler' driver.
INFO - 2025-10-14 22:15:06 --> Session: Class initialized using 'CodeIgniter\Session\Handlers\FileHandler' driver.
INFO - 2025-10-14 22:15:07 --> Session: Class initialized using 'CodeIgniter\Session\Handlers\FileHandler' driver.
INFO - 2025-10-14 22:15:07 --> Límite obtenido (general): 16.0000 kWh, IP: 192.168.0.232
INFO - 2025-10-14 22:15:08 --> Session: Class initialized using 'CodeIgniter\Session\Handlers\FileHandler' driver.
DEBUG - 2025-10-14 22:15:08 --> Ruta actual: /Tesina/public/energia/actualizarLimite
INFO - 2025-10-14 22:15:08 --> Session: Class initialized using 'CodeIgniter\Session\Handlers\FileHandler' driver.
DEBUG - 2025-10-14 22:15:08 --> Datos en sesión: Array
(
    [__ci_last_regenerate] => 1760490815
    [_ci_previous_url] => http://192.168.0.138/Tesina/public/energia/dispositivo/2
    [id_usuario] => 1
    [nombre] => brunito
    [apellido] => barber
    [email] => brunocameille@alumnos.itr3.edu.ar
    [rol] => admin
    [logged_in] => 1
)

INFO - 2025-10-14 22:15:10 --> Session: Class initialized using 'CodeIgniter\Session\Handlers\FileHandler' driver.
INFO - 2025-10-14 22:15:10 --> Límite obtenido (general): 0.1280 kWh, IP: 192.168.0.232
INFO - 2025-10-14 22:15:11 --> Session: Class initialized using 'CodeIgniter\Session\Handlers\FileHandler' driver.
INFO - 2025-10-14 22:15:13 --> Session: Class initialized using 'CodeIgniter\Session\Handlers\FileHandler' driver.
INFO - 2025-10-14 22:15:13 --> Límite obtenido (general): 0.1280 kWh, IP: 192.168.0.232
INFO - 2025-10-14 22:15:14 --> Session: Class initialized using 'CodeIgniter\Session\Handlers\FileHandler' driver.
INFO - 2025-10-14 22:15:15 --> Session: Class initialized using 'CodeIgniter\Session\Handlers\FileHandler' driver.
INFO - 2025-10-14 22:15:16 --> Session: Class initialized using 'CodeIgniter\Session\Handlers\FileHandler' driver.
INFO - 2025-10-14 22:15:16 --> Session: Class initialized using 'CodeIgniter\Session\Handlers\FileHandler' driver.
INFO - 2025-10-14 22:15:16 --> Límite obtenido (general): 0.1280 kWh, IP: 192.168.0.232
INFO - 2025-10-14 22:15:17 --> Session: Class initialized using 'CodeIgniter\Session\Handlers\FileHandler' driver.
INFO - 2025-10-14 22:15:19 --> Session: Class initialized using 'CodeIgniter\Session\Handlers\FileHandler' driver.
INFO - 2025-10-14 22:15:19 --> Límite obtenido (general): 0.1280 kWh, IP: 192.168.0.232
INFO - 2025-10-14 22:15:20 --> Session: Class initialized using 'CodeIgniter\Session\Handlers\FileHandler' driver.
INFO - 2025-10-14 22:15:21 --> Session: Class initialized using 'CodeIgniter\Session\Handlers\FileHandler' driver.
INFO - 2025-10-14 22:15:22 --> Session: Class initialized using 'CodeIgniter\Session\Handlers\FileHandler' driver.
INFO - 2025-10-14 22:15:22 --> Límite obtenido (general): 0.1280 kWh, IP: 192.168.0.232
INFO - 2025-10-14 22:15:23 --> Session: Class initialized using 'CodeIgniter\Session\Handlers\FileHandler' driver.
INFO - 2025-10-14 22:15:25 --> Session: Class initialized using 'CodeIgniter\Session\Handlers\FileHandler' driver.
INFO - 2025-10-14 22:15:25 --> Límite obtenido (general): 0.1280 kWh, IP: 192.168.0.232
INFO - 2025-10-14 22:15:26 --> Session: Class initialized using 'CodeIgniter\Session\Handlers\FileHandler' driver.
INFO - 2025-10-14 22:15:26 --> Session: Class initialized using 'CodeIgniter\Session\Handlers\FileHandler' driver.
INFO - 2025-10-14 22:15:28 --> Session: Class initialized using 'CodeIgniter\Session\Handlers\FileHandler' driver.
INFO - 2025-10-14 22:15:28 --> Límite obtenido (general): 0.1280 kWh, IP: 192.168.0.232
INFO - 2025-10-14 22:15:29 --> Session: Class initialized using 'CodeIgniter\Session\Handlers\FileHandler' driver.
DEBUG - 2025-10-14 22:15:30 --> Ruta actual: /Tesina/public/energia/dispositivo/2
INFO - 2025-10-14 22:15:30 --> Session: Class initialized using 'CodeIgniter\Session\Handlers\FileHandler' driver.
DEBUG - 2025-10-14 22:15:30 --> Datos en sesión: Array
(
    [__ci_last_regenerate] => 1760490815
    [_ci_previous_url] => http://192.168.0.138/Tesina/public/energia/dispositivo/2
    [id_usuario] => 1
    [nombre] => brunito
    [apellido] => barber
    [email] => brunocameille@alumnos.itr3.edu.ar
    [rol] => admin
    [logged_in] => 1
)

INFO - 2025-10-14 22:15:31 --> Session: Class initialized using 'CodeIgniter\Session\Handlers\FileHandler' driver.
INFO - 2025-10-14 22:15:31 --> Límite obtenido (general): 0.1280 kWh, IP: 192.168.0.232
INFO - 2025-10-14 22:15:32 --> Session: Class initialized using 'CodeIgniter\Session\Handlers\FileHandler' driver.
INFO - 2025-10-14 22:15:32 --> Session: Class initialized using 'CodeIgniter\Session\Handlers\FileHandler' driver.
DEBUG - 2025-10-14 22:15:32 --> Buscando usuario ID: 1
DEBUG - 2025-10-14 22:15:32 --> Resultado de la búsqueda: Array
(
    [id_usuario] => 1
    [nombre] => brunito
    [apellido] => barber
    [email] => brunocameille@alumnos.itr3.edu.ar
    [contrasena] => $2y$10$DfVf5j75GUow.8KQIROrQ.HgppT0Rq0gHjnl3td.ZZBDLZAYggz.u
    [direccion_id] => 0
    [id_rol] => 1
    [created_at] => 2025-04-07 13:37:30
    [updated_at] => 2025-10-13 19:57:07
    [invitado_por] => 
    [estado] => activo
    [token_activacion] => 
)

INFO - 2025-10-14 22:15:36 --> Session: Class initialized using 'CodeIgniter\Session\Handlers\FileHandler' driver.
INFO - 2025-10-14 22:15:36 --> Alerta de consumo enviada correctamente a brunocameille@alumnos.itr3.edu.ar
INFO - 2025-10-14 22:15:40 --> Session: Class initialized using 'CodeIgniter\Session\Handlers\FileHandler' driver.
INFO - 2025-10-14 22:15:40 --> Límite obtenido (general): 0.1280 kWh, IP: 192.168.0.232
INFO - 2025-10-14 22:15:41 --> Session: Class initialized using 'CodeIgniter\Session\Handlers\FileHandler' driver.
INFO - 2025-10-14 22:15:41 --> Session: Class initialized using 'CodeIgniter\Session\Handlers\FileHandler' driver.
INFO - 2025-10-14 22:15:41 --> Session: Class initialized using 'CodeIgniter\Session\Handlers\FileHandler' driver.
INFO - 2025-10-14 22:15:43 --> Session: Class initialized using 'CodeIgniter\Session\Handlers\FileHandler' driver.
INFO - 2025-10-14 22:15:43 --> Límite obtenido (general): 0.1280 kWh, IP: 192.168.0.232
INFO - 2025-10-14 22:15:44 --> Session: Class initialized using 'CodeIgniter\Session\Handlers\FileHandler' driver.
INFO - 2025-10-14 22:15:46 --> Session: Class initialized using 'CodeIgniter\Session\Handlers\FileHandler' driver.
INFO - 2025-10-14 22:15:46 --> Session: Class initialized using 'CodeIgniter\Session\Handlers\FileHandler' driver.
INFO - 2025-10-14 22:15:46 --> Session: Class initialized using 'CodeIgniter\Session\Handlers\FileHandler' driver.
INFO - 2025-10-14 22:15:46 --> Límite obtenido (general): 0.1280 kWh, IP: 192.168.0.232
INFO - 2025-10-14 22:15:47 --> Session: Class initialized using 'CodeIgniter\Session\Handlers\FileHandler' driver.
INFO - 2025-10-14 22:15:49 --> Session: Class initialized using 'CodeIgniter\Session\Handlers\FileHandler' driver.
INFO - 2025-10-14 22:15:49 --> Límite obtenido (general): 0.1280 kWh, IP: 192.168.0.232
INFO - 2025-10-14 22:15:51 --> Session: Class initialized using 'CodeIgniter\Session\Handlers\FileHandler' driver.
INFO - 2025-10-14 22:15:51 --> Session: Class initialized using 'CodeIgniter\Session\Handlers\FileHandler' driver.
INFO - 2025-10-14 22:15:51 --> Session: Class initialized using 'CodeIgniter\Session\Handlers\FileHandler' driver.
INFO - 2025-10-14 22:15:52 --> Session: Class initialized using 'CodeIgniter\Session\Handlers\FileHandler' driver.
INFO - 2025-10-14 22:15:52 --> Límite obtenido (general): 0.1280 kWh, IP: 192.168.0.232
INFO - 2025-10-14 22:15:54 --> Session: Class initialized using 'CodeIgniter\Session\Handlers\FileHandler' driver.
INFO - 2025-10-14 22:15:56 --> Session: Class initialized using 'CodeIgniter\Session\Handlers\FileHandler' driver.
INFO - 2025-10-14 22:15:56 --> Límite obtenido (general): 0.1280 kWh, IP: 192.168.0.232
INFO - 2025-10-14 22:15:56 --> Session: Class initialized using 'CodeIgniter\Session\Handlers\FileHandler' driver.
INFO - 2025-10-14 22:15:56 --> Session: Class initialized using 'CodeIgniter\Session\Handlers\FileHandler' driver.
INFO - 2025-10-14 22:15:57 --> Session: Class initialized using 'CodeIgniter\Session\Handlers\FileHandler' driver.
INFO - 2025-10-14 22:15:59 --> Session: Class initialized using 'CodeIgniter\Session\Handlers\FileHandler' driver.
INFO - 2025-10-14 22:15:59 --> Límite obtenido (general): 0.1280 kWh, IP: 192.168.0.232
INFO - 2025-10-14 22:16:00 --> Session: Class initialized using 'CodeIgniter\Session\Handlers\FileHandler' driver.
INFO - 2025-10-14 22:16:01 --> Session: Class initialized using 'CodeIgniter\Session\Handlers\FileHandler' driver.
INFO - 2025-10-14 22:16:01 --> Session: Class initialized using 'CodeIgniter\Session\Handlers\FileHandler' driver.
INFO - 2025-10-14 22:16:02 --> Session: Class initialized using 'CodeIgniter\Session\Handlers\FileHandler' driver.
INFO - 2025-10-14 22:16:02 --> Límite obtenido (general): 0.1280 kWh, IP: 192.168.0.232
INFO - 2025-10-14 22:16:03 --> Session: Class initialized using 'CodeIgniter\Session\Handlers\FileHandler' driver.
INFO - 2025-10-14 22:16:05 --> Session: Class initialized using 'CodeIgniter\Session\Handlers\FileHandler' driver.
INFO - 2025-10-14 22:16:05 --> Límite obtenido (general): 0.1280 kWh, IP: 192.168.0.232
INFO - 2025-10-14 22:16:06 --> Session: Class initialized using 'CodeIgniter\Session\Handlers\FileHandler' driver.
INFO - 2025-10-14 22:16:06 --> Session: Class initialized using 'CodeIgniter\Session\Handlers\FileHandler' driver.
INFO - 2025-10-14 22:16:06 --> Session: Class initialized using 'CodeIgniter\Session\Handlers\FileHandler' driver.
INFO - 2025-10-14 22:16:08 --> Session: Class initialized using 'CodeIgniter\Session\Handlers\FileHandler' driver.
INFO - 2025-10-14 22:16:08 --> Límite obtenido (general): 0.1280 kWh, IP: 192.168.0.232
INFO - 2025-10-14 22:16:09 --> Session: Class initialized using 'CodeIgniter\Session\Handlers\FileHandler' driver.
INFO - 2025-10-14 22:16:11 --> Session: Class initialized using 'CodeIgniter\Session\Handlers\FileHandler' driver.
INFO - 2025-10-14 22:16:11 --> Session: Class initialized using 'CodeIgniter\Session\Handlers\FileHandler' driver.
INFO - 2025-10-14 22:16:11 --> Session: Class initialized using 'CodeIgniter\Session\Handlers\FileHandler' driver.
INFO - 2025-10-14 22:16:11 --> Límite obtenido (general): 0.1280 kWh, IP: 192.168.0.232
INFO - 2025-10-14 22:16:12 --> Session: Class initialized using 'CodeIgniter\Session\Handlers\FileHandler' driver.
INFO - 2025-10-14 22:16:14 --> Session: Class initialized using 'CodeIgniter\Session\Handlers\FileHandler' driver.
INFO - 2025-10-14 22:16:14 --> Límite obtenido (general): 0.1280 kWh, IP: 192.168.0.232
INFO - 2025-10-14 22:16:15 --> Session: Class initialized using 'CodeIgniter\Session\Handlers\FileHandler' driver.
INFO - 2025-10-14 22:16:16 --> Session: Class initialized using 'CodeIgniter\Session\Handlers\FileHandler' driver.
INFO - 2025-10-14 22:16:16 --> Session: Class initialized using 'CodeIgniter\Session\Handlers\FileHandler' driver.
INFO - 2025-10-14 22:16:17 --> Session: Class initialized using 'CodeIgniter\Session\Handlers\FileHandler' driver.
INFO - 2025-10-14 22:16:17 --> Límite obtenido (general): 0.1280 kWh, IP: 192.168.0.232
INFO - 2025-10-14 22:16:18 --> Session: Class initialized using 'CodeIgniter\Session\Handlers\FileHandler' driver.
INFO - 2025-10-14 22:16:20 --> Session: Class initialized using 'CodeIgniter\Session\Handlers\FileHandler' driver.
INFO - 2025-10-14 22:16:20 --> Límite obtenido (general): 0.1280 kWh, IP: 192.168.0.232
INFO - 2025-10-14 22:16:21 --> Session: Class initialized using 'CodeIgniter\Session\Handlers\FileHandler' driver.
INFO - 2025-10-14 22:16:21 --> Session: Class initialized using 'CodeIgniter\Session\Handlers\FileHandler' driver.
INFO - 2025-10-14 22:16:21 --> Session: Class initialized using 'CodeIgniter\Session\Handlers\FileHandler' driver.
INFO - 2025-10-14 22:16:23 --> Session: Class initialized using 'CodeIgniter\Session\Handlers\FileHandler' driver.
INFO - 2025-10-14 22:16:23 --> Límite obtenido (general): 0.1280 kWh, IP: 192.168.0.232
INFO - 2025-10-14 22:16:25 --> Session: Class initialized using 'CodeIgniter\Session\Handlers\FileHandler' driver.
INFO - 2025-10-14 22:16:26 --> Session: Class initialized using 'CodeIgniter\Session\Handlers\FileHandler' driver.
INFO - 2025-10-14 22:16:26 --> Session: Class initialized using 'CodeIgniter\Session\Handlers\FileHandler' driver.
INFO - 2025-10-14 22:16:26 --> Session: Class initialized using 'CodeIgniter\Session\Handlers\FileHandler' driver.
INFO - 2025-10-14 22:16:26 --> Límite obtenido (general): 0.1280 kWh, IP: 192.168.0.232
INFO - 2025-10-14 22:16:28 --> Session: Class initialized using 'CodeIgniter\Session\Handlers\FileHandler' driver.
INFO - 2025-10-14 22:16:29 --> Session: Class initialized using 'CodeIgniter\Session\Handlers\FileHandler' driver.
INFO - 2025-10-14 22:16:29 --> Límite obtenido (general): 0.1280 kWh, IP: 192.168.0.232
INFO - 2025-10-14 22:16:31 --> Session: Class initialized using 'CodeIgniter\Session\Handlers\FileHandler' driver.
INFO - 2025-10-14 22:16:31 --> Session: Class initialized using 'CodeIgniter\Session\Handlers\FileHandler' driver.
INFO - 2025-10-14 22:16:31 --> Session: Class initialized using 'CodeIgniter\Session\Handlers\FileHandler' driver.
INFO - 2025-10-14 22:16:33 --> Session: Class initialized using 'CodeIgniter\Session\Handlers\FileHandler' driver.
INFO - 2025-10-14 22:16:33 --> Límite obtenido (general): 0.1280 kWh, IP: 192.168.0.232
INFO - 2025-10-14 22:16:34 --> Session: Class initialized using 'CodeIgniter\Session\Handlers\FileHandler' driver.
INFO - 2025-10-14 22:16:36 --> Session: Class initialized using 'CodeIgniter\Session\Handlers\FileHandler' driver.
INFO - 2025-10-14 22:16:36 --> Session: Class initialized using 'CodeIgniter\Session\Handlers\FileHandler' driver.
INFO - 2025-10-14 22:16:36 --> Límite obtenido (general): 0.1280 kWh, IP: 192.168.0.232
INFO - 2025-10-14 22:16:36 --> Session: Class initialized using 'CodeIgniter\Session\Handlers\FileHandler' driver.
INFO - 2025-10-14 22:16:37 --> Session: Class initialized using 'CodeIgniter\Session\Handlers\FileHandler' driver.
INFO - 2025-10-14 22:16:39 --> Session: Class initialized using 'CodeIgniter\Session\Handlers\FileHandler' driver.
INFO - 2025-10-14 22:16:39 --> Límite obtenido (general): 0.1280 kWh, IP: 192.168.0.232
INFO - 2025-10-14 22:16:40 --> Session: Class initialized using 'CodeIgniter\Session\Handlers\FileHandler' driver.
INFO - 2025-10-14 22:16:41 --> Session: Class initialized using 'CodeIgniter\Session\Handlers\FileHandler' driver.
INFO - 2025-10-14 22:16:41 --> Session: Class initialized using 'CodeIgniter\Session\Handlers\FileHandler' driver.
INFO - 2025-10-14 22:16:42 --> Session: Class initialized using 'CodeIgniter\Session\Handlers\FileHandler' driver.
INFO - 2025-10-14 22:16:42 --> Límite obtenido (general): 0.1280 kWh, IP: 192.168.0.232
INFO - 2025-10-14 22:16:43 --> Session: Class initialized using 'CodeIgniter\Session\Handlers\FileHandler' driver.
INFO - 2025-10-14 22:16:45 --> Session: Class initialized using 'CodeIgniter\Session\Handlers\FileHandler' driver.
INFO - 2025-10-14 22:16:45 --> Límite obtenido (general): 0.1280 kWh, IP: 192.168.0.232
INFO - 2025-10-14 22:16:46 --> Session: Class initialized using 'CodeIgniter\Session\Handlers\FileHandler' driver.
INFO - 2025-10-14 22:16:46 --> Session: Class initialized using 'CodeIgniter\Session\Handlers\FileHandler' driver.
INFO - 2025-10-14 22:16:46 --> Session: Class initialized using 'CodeIgniter\Session\Handlers\FileHandler' driver.
INFO - 2025-10-14 22:16:48 --> Session: Class initialized using 'CodeIgniter\Session\Handlers\FileHandler' driver.
INFO - 2025-10-14 22:16:48 --> Límite obtenido (general): 0.1280 kWh, IP: 192.168.0.232
INFO - 2025-10-14 22:16:49 --> Session: Class initialized using 'CodeIgniter\Session\Handlers\FileHandler' driver.
INFO - 2025-10-14 22:16:51 --> Session: Class initialized using 'CodeIgniter\Session\Handlers\FileHandler' driver.
INFO - 2025-10-14 22:16:51 --> Session: Class initialized using 'CodeIgniter\Session\Handlers\FileHandler' driver.
INFO - 2025-10-14 22:16:51 --> Session: Class initialized using 'CodeIgniter\Session\Handlers\FileHandler' driver.
INFO - 2025-10-14 22:16:51 --> Límite obtenido (general): 0.1280 kWh, IP: 192.168.0.232
INFO - 2025-10-14 22:16:52 --> Session: Class initialized using 'CodeIgniter\Session\Handlers\FileHandler' driver.
INFO - 2025-10-14 22:16:54 --> Session: Class initialized using 'CodeIgniter\Session\Handlers\FileHandler' driver.
INFO - 2025-10-14 22:16:54 --> Límite obtenido (general): 0.1280 kWh, IP: 192.168.0.232
INFO - 2025-10-14 22:16:56 --> Session: Class initialized using 'CodeIgniter\Session\Handlers\FileHandler' driver.
INFO - 2025-10-14 22:16:56 --> Session: Class initialized using 'CodeIgniter\Session\Handlers\FileHandler' driver.
INFO - 2025-10-14 22:16:56 --> Session: Class initialized using 'CodeIgniter\Session\Handlers\FileHandler' driver.
INFO - 2025-10-14 22:16:57 --> Session: Class initialized using 'CodeIgniter\Session\Handlers\FileHandler' driver.
INFO - 2025-10-14 22:16:57 --> Límite obtenido (general): 0.1280 kWh, IP: 192.168.0.232
INFO - 2025-10-14 22:16:59 --> Session: Class initialized using 'CodeIgniter\Session\Handlers\FileHandler' driver.
INFO - 2025-10-14 22:17:00 --> Session: Class initialized using 'CodeIgniter\Session\Handlers\FileHandler' driver.
INFO - 2025-10-14 22:17:00 --> Límite obtenido (general): 0.1280 kWh, IP: 192.168.0.232
INFO - 2025-10-14 22:17:01 --> Session: Class initialized using 'CodeIgniter\Session\Handlers\FileHandler' driver.
INFO - 2025-10-14 22:17:01 --> Session: Class initialized using 'CodeIgniter\Session\Handlers\FileHandler' driver.
INFO - 2025-10-14 22:17:02 --> Session: Class initialized using 'CodeIgniter\Session\Handlers\FileHandler' driver.
INFO - 2025-10-14 22:17:03 --> Session: Class initialized using 'CodeIgniter\Session\Handlers\FileHandler' driver.
INFO - 2025-10-14 22:17:03 --> Límite obtenido (general): 0.1280 kWh, IP: 192.168.0.232
INFO - 2025-10-14 22:17:05 --> Session: Class initialized using 'CodeIgniter\Session\Handlers\FileHandler' driver.
DEBUG - 2025-10-14 22:17:05 --> Ruta actual: /Tesina/public/energia/actualizarLimite
INFO - 2025-10-14 22:17:05 --> Session: Class initialized using 'CodeIgniter\Session\Handlers\FileHandler' driver.
DEBUG - 2025-10-14 22:17:05 --> Datos en sesión: Array
(
    [__ci_last_regenerate] => 1760490815
    [_ci_previous_url] => http://192.168.0.138/Tesina/public/energia/dispositivo/2
    [id_usuario] => 1
    [nombre] => brunito
    [apellido] => barber
    [email] => brunocameille@alumnos.itr3.edu.ar
    [rol] => admin
    [logged_in] => 1
)

INFO - 2025-10-14 22:17:06 --> Session: Class initialized using 'CodeIgniter\Session\Handlers\FileHandler' driver.
INFO - 2025-10-14 22:17:07 --> Límite obtenido (general): 0.1350 kWh, IP: 192.168.0.232
INFO - 2025-10-14 22:17:08 --> Session: Class initialized using 'CodeIgniter\Session\Handlers\FileHandler' driver.
INFO - 2025-10-14 22:17:10 --> Session: Class initialized using 'CodeIgniter\Session\Handlers\FileHandler' driver.
INFO - 2025-10-14 22:17:10 --> Límite obtenido (general): 0.1350 kWh, IP: 192.168.0.232
INFO - 2025-10-14 22:17:11 --> Session: Class initialized using 'CodeIgniter\Session\Handlers\FileHandler' driver.
INFO - 2025-10-14 22:17:11 --> Session: Class initialized using 'CodeIgniter\Session\Handlers\FileHandler' driver.
INFO - 2025-10-14 22:17:11 --> Session: Class initialized using 'CodeIgniter\Session\Handlers\FileHandler' driver.
INFO - 2025-10-14 22:17:12 --> Session: Class initialized using 'CodeIgniter\Session\Handlers\FileHandler' driver.
INFO - 2025-10-14 22:17:12 --> Límite obtenido (general): 0.1350 kWh, IP: 192.168.0.232
INFO - 2025-10-14 22:17:14 --> Session: Class initialized using 'CodeIgniter\Session\Handlers\FileHandler' driver.
INFO - 2025-10-14 22:17:16 --> Session: Class initialized using 'CodeIgniter\Session\Handlers\FileHandler' driver.
INFO - 2025-10-14 22:17:16 --> Límite obtenido (general): 0.1350 kWh, IP: 192.168.0.232
INFO - 2025-10-14 22:17:16 --> Session: Class initialized using 'CodeIgniter\Session\Handlers\FileHandler' driver.
INFO - 2025-10-14 22:17:17 --> Session: Class initialized using 'CodeIgniter\Session\Handlers\FileHandler' driver.
INFO - 2025-10-14 22:17:18 --> Session: Class initialized using 'CodeIgniter\Session\Handlers\FileHandler' driver.
INFO - 2025-10-14 22:17:19 --> Límite obtenido (general): 0.1350 kWh, IP: 192.168.0.232
INFO - 2025-10-14 22:17:20 --> Session: Class initialized using 'CodeIgniter\Session\Handlers\FileHandler' driver.
INFO - 2025-10-14 22:17:21 --> Session: Class initialized using 'CodeIgniter\Session\Handlers\FileHandler' driver.
INFO - 2025-10-14 22:17:22 --> Session: Class initialized using 'CodeIgniter\Session\Handlers\FileHandler' driver.
INFO - 2025-10-14 22:17:22 --> Límite obtenido (general): 0.1350 kWh, IP: 192.168.0.232
INFO - 2025-10-14 22:17:23 --> Session: Class initialized using 'CodeIgniter\Session\Handlers\FileHandler' driver.
INFO - 2025-10-14 22:17:25 --> Session: Class initialized using 'CodeIgniter\Session\Handlers\FileHandler' driver.
INFO - 2025-10-14 22:17:25 --> Límite obtenido (general): 0.1350 kWh, IP: 192.168.0.232
INFO - 2025-10-14 22:17:26 --> Session: Class initialized using 'CodeIgniter\Session\Handlers\FileHandler' driver.
INFO - 2025-10-14 22:17:26 --> Session: Class initialized using 'CodeIgniter\Session\Handlers\FileHandler' driver.
DEBUG - 2025-10-14 22:17:26 --> Buscando usuario ID: 1
DEBUG - 2025-10-14 22:17:26 --> Resultado de la búsqueda: Array
(
    [id_usuario] => 1
    [nombre] => brunito
    [apellido] => barber
    [email] => brunocameille@alumnos.itr3.edu.ar
    [contrasena] => $2y$10$DfVf5j75GUow.8KQIROrQ.HgppT0Rq0gHjnl3td.ZZBDLZAYggz.u
    [direccion_id] => 0
    [id_rol] => 1
    [created_at] => 2025-04-07 13:37:30
    [updated_at] => 2025-10-13 19:57:07
    [invitado_por] => 
    [estado] => activo
    [token_activacion] => 
)

INFO - 2025-10-14 22:17:30 --> Alerta de consumo enviada correctamente a brunocameille@alumnos.itr3.edu.ar
INFO - 2025-10-14 22:17:31 --> Session: Class initialized using 'CodeIgniter\Session\Handlers\FileHandler' driver.
INFO - 2025-10-14 22:17:34 --> Session: Class initialized using 'CodeIgniter\Session\Handlers\FileHandler' driver.
INFO - 2025-10-14 22:17:34 --> Límite obtenido (general): 0.1350 kWh, IP: 192.168.0.232
INFO - 2025-10-14 22:17:35 --> Session: Class initialized using 'CodeIgniter\Session\Handlers\FileHandler' driver.
INFO - 2025-10-14 22:17:36 --> Session: Class initialized using 'CodeIgniter\Session\Handlers\FileHandler' driver.
INFO - 2025-10-14 22:17:36 --> Session: Class initialized using 'CodeIgniter\Session\Handlers\FileHandler' driver.
INFO - 2025-10-14 22:17:37 --> Session: Class initialized using 'CodeIgniter\Session\Handlers\FileHandler' driver.
INFO - 2025-10-14 22:17:37 --> Límite obtenido (general): 0.1350 kWh, IP: 192.168.0.232
INFO - 2025-10-14 22:17:39 --> Session: Class initialized using 'CodeIgniter\Session\Handlers\FileHandler' driver.
INFO - 2025-10-14 22:17:41 --> Session: Class initialized using 'CodeIgniter\Session\Handlers\FileHandler' driver.
INFO - 2025-10-14 22:17:41 --> Session: Class initialized using 'CodeIgniter\Session\Handlers\FileHandler' driver.
INFO - 2025-10-14 22:17:41 --> Session: Class initialized using 'CodeIgniter\Session\Handlers\FileHandler' driver.
INFO - 2025-10-14 22:17:41 --> Límite obtenido (general): 0.1350 kWh, IP: 192.168.0.232
INFO - 2025-10-14 22:17:42 --> Session: Class initialized using 'CodeIgniter\Session\Handlers\FileHandler' driver.
INFO - 2025-10-14 22:17:44 --> Session: Class initialized using 'CodeIgniter\Session\Handlers\FileHandler' driver.
INFO - 2025-10-14 22:17:44 --> Límite obtenido (general): 0.1350 kWh, IP: 192.168.0.232
INFO - 2025-10-14 22:17:45 --> Session: Class initialized using 'CodeIgniter\Session\Handlers\FileHandler' driver.
INFO - 2025-10-14 22:17:46 --> Session: Class initialized using 'CodeIgniter\Session\Handlers\FileHandler' driver.
INFO - 2025-10-14 22:17:46 --> Session: Class initialized using 'CodeIgniter\Session\Handlers\FileHandler' driver.
INFO - 2025-10-14 22:17:47 --> Session: Class initialized using 'CodeIgniter\Session\Handlers\FileHandler' driver.
INFO - 2025-10-14 22:17:47 --> Límite obtenido (general): 0.1350 kWh, IP: 192.168.0.232
INFO - 2025-10-14 22:17:48 --> Session: Class initialized using 'CodeIgniter\Session\Handlers\FileHandler' driver.
INFO - 2025-10-14 22:17:50 --> Session: Class initialized using 'CodeIgniter\Session\Handlers\FileHandler' driver.
INFO - 2025-10-14 22:17:50 --> Límite obtenido (general): 0.1350 kWh, IP: 192.168.0.232
INFO - 2025-10-14 22:17:51 --> Session: Class initialized using 'CodeIgniter\Session\Handlers\FileHandler' driver.
INFO - 2025-10-14 22:17:51 --> Session: Class initialized using 'CodeIgniter\Session\Handlers\FileHandler' driver.
INFO - 2025-10-14 22:17:51 --> Session: Class initialized using 'CodeIgniter\Session\Handlers\FileHandler' driver.
INFO - 2025-10-14 22:17:52 --> Session: Class initialized using 'CodeIgniter\Session\Handlers\FileHandler' driver.
INFO - 2025-10-14 22:17:52 --> Session: Class initialized using 'CodeIgniter\Session\Handlers\FileHandler' driver.
INFO - 2025-10-14 22:17:53 --> Session: Class initialized using 'CodeIgniter\Session\Handlers\FileHandler' driver.
INFO - 2025-10-14 22:17:53 --> Límite obtenido (general): 0.1350 kWh, IP: 192.168.0.232
INFO - 2025-10-14 22:17:54 --> Session: Class initialized using 'CodeIgniter\Session\Handlers\FileHandler' driver.
INFO - 2025-10-14 22:17:56 --> Session: Class initialized using 'CodeIgniter\Session\Handlers\FileHandler' driver.
INFO - 2025-10-14 22:17:56 --> Límite obtenido (general): 0.1350 kWh, IP: 192.168.0.232
INFO - 2025-10-14 22:17:57 --> Session: Class initialized using 'CodeIgniter\Session\Handlers\FileHandler' driver.
INFO - 2025-10-14 22:17:59 --> Session: Class initialized using 'CodeIgniter\Session\Handlers\FileHandler' driver.
INFO - 2025-10-14 22:17:59 --> Límite obtenido (general): 0.1350 kWh, IP: 192.168.0.232
INFO - 2025-10-14 22:18:00 --> Session: Class initialized using 'CodeIgniter\Session\Handlers\FileHandler' driver.
DEBUG - 2025-10-14 22:18:00 --> Intento de inicio de sesión para email: brunocameille@alumnos.itr3.edu.ar
DEBUG - 2025-10-14 22:18:00 --> Longitud de la contraseña ingresada: 17
DEBUG - 2025-10-14 22:18:00 --> Usuario encontrado: {"id":"1","email":"brunocameille@alumnos.itr3.edu.ar","estado":"activo","rol":"1"}
INFO - 2025-10-14 22:18:00 --> Session: Class initialized using 'CodeIgniter\Session\Handlers\FileHandler' driver.
DEBUG - 2025-10-14 22:18:00 --> Resultado de verificación de contraseña: true
DEBUG - 2025-10-14 22:18:00 --> Hash almacenado en la base de datos: $2y$10$DfVf5j75GUow.8KQIROrQ.HgppT0Rq0gHjnl3td.ZZBDLZAYggz.u
DEBUG - 2025-10-14 22:18:00 --> Inicio de sesión exitoso para usuario: brunocameille@alumnos.itr3.edu.ar
DEBUG - 2025-10-14 22:18:00 --> Datos de sesión guardados: {"id_usuario":"1","nombre":"brunito","apellido":"barber","email":"brunocameille@alumnos.itr3.edu.ar","rol":"admin","logged_in":true}
DEBUG - 2025-10-14 22:18:01 --> Ruta actual: /Tesina/public/admin
INFO - 2025-10-14 22:18:01 --> Session: Class initialized using 'CodeIgniter\Session\Handlers\FileHandler' driver.
DEBUG - 2025-10-14 22:18:01 --> Datos en sesión: Array
(
    [__ci_last_regenerate] => 1760491072
    [_ci_previous_url] => http://192.168.0.138/Tesina/public/autenticacion/login
    [id_usuario] => 1
    [nombre] => brunito
    [apellido] => barber
    [email] => brunocameille@alumnos.itr3.edu.ar
    [rol] => admin
    [logged_in] => 1
)

DEBUG - 2025-10-14 22:18:02 --> Ruta actual: /Tesina/public/admin/dispositivos
INFO - 2025-10-14 22:18:02 --> Session: Class initialized using 'CodeIgniter\Session\Handlers\FileHandler' driver.
DEBUG - 2025-10-14 22:18:02 --> Datos en sesión: Array
(
    [__ci_last_regenerate] => 1760491072
    [_ci_previous_url] => http://192.168.0.138/Tesina/public/admin
    [id_usuario] => 1
    [nombre] => brunito
    [apellido] => barber
    [email] => brunocameille@alumnos.itr3.edu.ar
    [rol] => admin
    [logged_in] => 1
)

DEBUG - 2025-10-14 22:18:02 --> Buscando usuario ID: 1
DEBUG - 2025-10-14 22:18:02 --> Resultado de la búsqueda: Array
(
    [id_usuario] => 1
    [nombre] => brunito
    [apellido] => barber
    [email] => brunocameille@alumnos.itr3.edu.ar
    [contrasena] => $2y$10$DfVf5j75GUow.8KQIROrQ.HgppT0Rq0gHjnl3td.ZZBDLZAYggz.u
    [direccion_id] => 0
    [id_rol] => 1
    [created_at] => 2025-04-07 13:37:30
    [updated_at] => 2025-10-13 19:57:07
    [invitado_por] => 
    [estado] => activo
    [token_activacion] => 
)

INFO - 2025-10-14 22:18:02 --> Session: Class initialized using 'CodeIgniter\Session\Handlers\FileHandler' driver.
INFO - 2025-10-14 22:18:02 --> Límite obtenido (general): 0.1350 kWh, IP: 192.168.0.232
INFO - 2025-10-14 22:18:03 --> Session: Class initialized using 'CodeIgniter\Session\Handlers\FileHandler' driver.
DEBUG - 2025-10-14 22:18:03 --> Ruta actual: /Tesina/public/energia/dispositivo/2
INFO - 2025-10-14 22:18:03 --> Session: Class initialized using 'CodeIgniter\Session\Handlers\FileHandler' driver.
DEBUG - 2025-10-14 22:18:03 --> Datos en sesión: Array
(
    [__ci_last_regenerate] => 1760491072
    [_ci_previous_url] => http://192.168.0.138/Tesina/public/admin/dispositivos
    [id_usuario] => 1
    [nombre] => brunito
    [apellido] => barber
    [email] => brunocameille@alumnos.itr3.edu.ar
    [rol] => admin
    [logged_in] => 1
)

INFO - 2025-10-14 22:18:05 --> Session: Class initialized using 'CodeIgniter\Session\Handlers\FileHandler' driver.
INFO - 2025-10-14 22:18:05 --> Session: Class initialized using 'CodeIgniter\Session\Handlers\FileHandler' driver.
INFO - 2025-10-14 22:18:05 --> Límite obtenido (general): 0.1350 kWh, IP: 192.168.0.232
INFO - 2025-10-14 22:18:06 --> Session: Class initialized using 'CodeIgniter\Session\Handlers\FileHandler' driver.
INFO - 2025-10-14 22:18:08 --> Session: Class initialized using 'CodeIgniter\Session\Handlers\FileHandler' driver.
INFO - 2025-10-14 22:18:08 --> Límite obtenido (general): 0.1350 kWh, IP: 192.168.0.232
INFO - 2025-10-14 22:18:09 --> Session: Class initialized using 'CodeIgniter\Session\Handlers\FileHandler' driver.
INFO - 2025-10-14 22:18:09 --> Session: Class initialized using 'CodeIgniter\Session\Handlers\FileHandler' driver.
INFO - 2025-10-14 22:18:09 --> Session: Class initialized using 'CodeIgniter\Session\Handlers\FileHandler' driver.
INFO - 2025-10-14 22:18:11 --> Session: Class initialized using 'CodeIgniter\Session\Handlers\FileHandler' driver.
INFO - 2025-10-14 22:18:11 --> Límite obtenido (general): 0.1350 kWh, IP: 192.168.0.232
INFO - 2025-10-14 22:18:12 --> Session: Class initialized using 'CodeIgniter\Session\Handlers\FileHandler' driver.
INFO - 2025-10-14 22:18:14 --> Session: Class initialized using 'CodeIgniter\Session\Handlers\FileHandler' driver.
INFO - 2025-10-14 22:18:14 --> Límite obtenido (general): 0.1350 kWh, IP: 192.168.0.232
INFO - 2025-10-14 22:18:14 --> Session: Class initialized using 'CodeIgniter\Session\Handlers\FileHandler' driver.
INFO - 2025-10-14 22:18:14 --> Session: Class initialized using 'CodeIgniter\Session\Handlers\FileHandler' driver.
INFO - 2025-10-14 22:18:16 --> Session: Class initialized using 'CodeIgniter\Session\Handlers\FileHandler' driver.
INFO - 2025-10-14 22:18:18 --> Session: Class initialized using 'CodeIgniter\Session\Handlers\FileHandler' driver.
INFO - 2025-10-14 22:18:18 --> Límite obtenido (general): 0.1350 kWh, IP: 192.168.0.232
INFO - 2025-10-14 22:18:19 --> Session: Class initialized using 'CodeIgniter\Session\Handlers\FileHandler' driver.
INFO - 2025-10-14 22:18:19 --> Session: Class initialized using 'CodeIgniter\Session\Handlers\FileHandler' driver.
INFO - 2025-10-14 22:18:20 --> Session: Class initialized using 'CodeIgniter\Session\Handlers\FileHandler' driver.
INFO - 2025-10-14 22:18:21 --> Session: Class initialized using 'CodeIgniter\Session\Handlers\FileHandler' driver.
INFO - 2025-10-14 22:18:21 --> Límite obtenido (general): 0.1350 kWh, IP: 192.168.0.232
INFO - 2025-10-14 22:18:22 --> Session: Class initialized using 'CodeIgniter\Session\Handlers\FileHandler' driver.
INFO - 2025-10-14 22:18:24 --> Session: Class initialized using 'CodeIgniter\Session\Handlers\FileHandler' driver.
INFO - 2025-10-14 22:18:24 --> Session: Class initialized using 'CodeIgniter\Session\Handlers\FileHandler' driver.
INFO - 2025-10-14 22:18:24 --> Session: Class initialized using 'CodeIgniter\Session\Handlers\FileHandler' driver.
INFO - 2025-10-14 22:18:24 --> Límite obtenido (general): 0.1350 kWh, IP: 192.168.0.232
INFO - 2025-10-14 22:18:26 --> Session: Class initialized using 'CodeIgniter\Session\Handlers\FileHandler' driver.
INFO - 2025-10-14 22:18:27 --> Session: Class initialized using 'CodeIgniter\Session\Handlers\FileHandler' driver.
INFO - 2025-10-14 22:18:28 --> Límite obtenido (general): 0.1350 kWh, IP: 192.168.0.232
INFO - 2025-10-14 22:18:29 --> Session: Class initialized using 'CodeIgniter\Session\Handlers\FileHandler' driver.
INFO - 2025-10-14 22:18:29 --> Session: Class initialized using 'CodeIgniter\Session\Handlers\FileHandler' driver.
INFO - 2025-10-14 22:18:29 --> Session: Class initialized using 'CodeIgniter\Session\Handlers\FileHandler' driver.
INFO - 2025-10-14 22:18:31 --> Session: Class initialized using 'CodeIgniter\Session\Handlers\FileHandler' driver.
INFO - 2025-10-14 22:18:31 --> Límite obtenido (general): 0.1350 kWh, IP: 192.168.0.232
INFO - 2025-10-14 22:18:32 --> Session: Class initialized using 'CodeIgniter\Session\Handlers\FileHandler' driver.
INFO - 2025-10-14 22:18:34 --> Session: Class initialized using 'CodeIgniter\Session\Handlers\FileHandler' driver.
INFO - 2025-10-14 22:18:34 --> Límite obtenido (general): 0.1350 kWh, IP: 192.168.0.232
INFO - 2025-10-14 22:18:34 --> Session: Class initialized using 'CodeIgniter\Session\Handlers\FileHandler' driver.
INFO - 2025-10-14 22:18:34 --> Session: Class initialized using 'CodeIgniter\Session\Handlers\FileHandler' driver.
INFO - 2025-10-14 22:18:35 --> Session: Class initialized using 'CodeIgniter\Session\Handlers\FileHandler' driver.
INFO - 2025-10-14 22:18:37 --> Session: Class initialized using 'CodeIgniter\Session\Handlers\FileHandler' driver.
INFO - 2025-10-14 22:18:37 --> Límite obtenido (general): 0.1350 kWh, IP: 192.168.0.232
INFO - 2025-10-14 22:18:38 --> Session: Class initialized using 'CodeIgniter\Session\Handlers\FileHandler' driver.
INFO - 2025-10-14 22:18:39 --> Session: Class initialized using 'CodeIgniter\Session\Handlers\FileHandler' driver.
INFO - 2025-10-14 22:18:39 --> Session: Class initialized using 'CodeIgniter\Session\Handlers\FileHandler' driver.
DEBUG - 2025-10-14 22:18:39 --> Ruta actual: /Tesina/public/energia/actualizarLimite
INFO - 2025-10-14 22:18:39 --> Session: Class initialized using 'CodeIgniter\Session\Handlers\FileHandler' driver.
DEBUG - 2025-10-14 22:18:39 --> Datos en sesión: Array
(
    [__ci_last_regenerate] => 1760491072
    [_ci_previous_url] => http://192.168.0.138/Tesina/public/energia/dispositivo/2
    [id_usuario] => 1
    [nombre] => brunito
    [apellido] => barber
    [email] => brunocameille@alumnos.itr3.edu.ar
    [rol] => admin
    [logged_in] => 1
)

INFO - 2025-10-14 22:18:40 --> Session: Class initialized using 'CodeIgniter\Session\Handlers\FileHandler' driver.
INFO - 2025-10-14 22:18:40 --> Límite obtenido (general): 1.0000 kWh, IP: 192.168.0.232
INFO - 2025-10-14 22:18:41 --> Session: Class initialized using 'CodeIgniter\Session\Handlers\FileHandler' driver.
INFO - 2025-10-14 22:18:43 --> Session: Class initialized using 'CodeIgniter\Session\Handlers\FileHandler' driver.
INFO - 2025-10-14 22:18:43 --> Límite obtenido (general): 1.0000 kWh, IP: 192.168.0.232
INFO - 2025-10-14 22:18:44 --> Session: Class initialized using 'CodeIgniter\Session\Handlers\FileHandler' driver.
INFO - 2025-10-14 22:18:45 --> Session: Class initialized using 'CodeIgniter\Session\Handlers\FileHandler' driver.
INFO - 2025-10-14 22:18:46 --> Session: Class initialized using 'CodeIgniter\Session\Handlers\FileHandler' driver.
INFO - 2025-10-14 22:18:46 --> Límite obtenido (general): 1.0000 kWh, IP: 192.168.0.232
INFO - 2025-10-14 22:18:47 --> Session: Class initialized using 'CodeIgniter\Session\Handlers\FileHandler' driver.
INFO - 2025-10-14 22:18:48 --> Session: Class initialized using 'CodeIgniter\Session\Handlers\FileHandler' driver.
INFO - 2025-10-14 22:18:48 --> Límite obtenido (general): 1.0000 kWh, IP: 192.168.0.232
INFO - 2025-10-14 22:18:49 --> Session: Class initialized using 'CodeIgniter\Session\Handlers\FileHandler' driver.
INFO - 2025-10-14 22:18:50 --> Session: Class initialized using 'CodeIgniter\Session\Handlers\FileHandler' driver.
INFO - 2025-10-14 22:18:51 --> Session: Class initialized using 'CodeIgniter\Session\Handlers\FileHandler' driver.
INFO - 2025-10-14 22:18:51 --> Límite obtenido (general): 1.0000 kWh, IP: 192.168.0.232
INFO - 2025-10-14 22:18:53 --> Session: Class initialized using 'CodeIgniter\Session\Handlers\FileHandler' driver.
INFO - 2025-10-14 22:18:54 --> Session: Class initialized using 'CodeIgniter\Session\Handlers\FileHandler' driver.
INFO - 2025-10-14 22:18:54 --> Session: Class initialized using 'CodeIgniter\Session\Handlers\FileHandler' driver.
INFO - 2025-10-14 22:18:54 --> Límite obtenido (general): 1.0000 kWh, IP: 192.168.0.232
INFO - 2025-10-14 22:18:56 --> Session: Class initialized using 'CodeIgniter\Session\Handlers\FileHandler' driver.
INFO - 2025-10-14 22:18:57 --> Session: Class initialized using 'CodeIgniter\Session\Handlers\FileHandler' driver.
INFO - 2025-10-14 22:18:57 --> Límite obtenido (general): 1.0000 kWh, IP: 192.168.0.232
INFO - 2025-10-14 22:18:59 --> Session: Class initialized using 'CodeIgniter\Session\Handlers\FileHandler' driver.
INFO - 2025-10-14 22:18:59 --> Session: Class initialized using 'CodeIgniter\Session\Handlers\FileHandler' driver.
INFO - 2025-10-14 22:19:00 --> Session: Class initialized using 'CodeIgniter\Session\Handlers\FileHandler' driver.
INFO - 2025-10-14 22:19:01 --> Límite obtenido (general): 1.0000 kWh, IP: 192.168.0.232
INFO - 2025-10-14 22:19:02 --> Session: Class initialized using 'CodeIgniter\Session\Handlers\FileHandler' driver.
INFO - 2025-10-14 22:19:04 --> Session: Class initialized using 'CodeIgniter\Session\Handlers\FileHandler' driver.
INFO - 2025-10-14 22:19:04 --> Límite obtenido (general): 1.0000 kWh, IP: 192.168.0.232
INFO - 2025-10-14 22:19:04 --> Session: Class initialized using 'CodeIgniter\Session\Handlers\FileHandler' driver.
INFO - 2025-10-14 22:19:05 --> Session: Class initialized using 'CodeIgniter\Session\Handlers\FileHandler' driver.
INFO - 2025-10-14 22:19:07 --> Session: Class initialized using 'CodeIgniter\Session\Handlers\FileHandler' driver.
INFO - 2025-10-14 22:19:07 --> Límite obtenido (general): 1.0000 kWh, IP: 192.168.0.232
INFO - 2025-10-14 22:19:08 --> Session: Class initialized using 'CodeIgniter\Session\Handlers\FileHandler' driver.
INFO - 2025-10-14 22:19:09 --> Session: Class initialized using 'CodeIgniter\Session\Handlers\FileHandler' driver.
INFO - 2025-10-14 22:19:10 --> Session: Class initialized using 'CodeIgniter\Session\Handlers\FileHandler' driver.
INFO - 2025-10-14 22:19:10 --> Límite obtenido (general): 1.0000 kWh, IP: 192.168.0.232
INFO - 2025-10-14 22:19:11 --> Session: Class initialized using 'CodeIgniter\Session\Handlers\FileHandler' driver.
INFO - 2025-10-14 22:19:12 --> Session: Class initialized using 'CodeIgniter\Session\Handlers\FileHandler' driver.
INFO - 2025-10-14 22:19:12 --> Límite obtenido (general): 1.0000 kWh, IP: 192.168.0.232
INFO - 2025-10-14 22:19:14 --> Session: Class initialized using 'CodeIgniter\Session\Handlers\FileHandler' driver.
INFO - 2025-10-14 22:19:14 --> Session: Class initialized using 'CodeIgniter\Session\Handlers\FileHandler' driver.
INFO - 2025-10-14 22:19:16 --> Session: Class initialized using 'CodeIgniter\Session\Handlers\FileHandler' driver.
INFO - 2025-10-14 22:19:16 --> Límite obtenido (general): 1.0000 kWh, IP: 192.168.0.232
INFO - 2025-10-14 22:19:17 --> Session: Class initialized using 'CodeIgniter\Session\Handlers\FileHandler' driver.
INFO - 2025-10-14 22:19:19 --> Session: Class initialized using 'CodeIgniter\Session\Handlers\FileHandler' driver.
INFO - 2025-10-14 22:19:19 --> Límite obtenido (general): 1.0000 kWh, IP: 192.168.0.232
INFO - 2025-10-14 22:19:19 --> Session: Class initialized using 'CodeIgniter\Session\Handlers\FileHandler' driver.
INFO - 2025-10-14 22:19:20 --> Session: Class initialized using 'CodeIgniter\Session\Handlers\FileHandler' driver.
INFO - 2025-10-14 22:19:22 --> Session: Class initialized using 'CodeIgniter\Session\Handlers\FileHandler' driver.
INFO - 2025-10-14 22:19:22 --> Límite obtenido (general): 1.0000 kWh, IP: 192.168.0.232
INFO - 2025-10-14 22:19:23 --> Session: Class initialized using 'CodeIgniter\Session\Handlers\FileHandler' driver.
INFO - 2025-10-14 22:19:24 --> Session: Class initialized using 'CodeIgniter\Session\Handlers\FileHandler' driver.
INFO - 2025-10-14 22:19:25 --> Session: Class initialized using 'CodeIgniter\Session\Handlers\FileHandler' driver.
INFO - 2025-10-14 22:19:25 --> Límite obtenido (general): 1.0000 kWh, IP: 192.168.0.232
INFO - 2025-10-14 22:19:26 --> Session: Class initialized using 'CodeIgniter\Session\Handlers\FileHandler' driver.
INFO - 2025-10-14 22:19:28 --> Session: Class initialized using 'CodeIgniter\Session\Handlers\FileHandler' driver.
INFO - 2025-10-14 22:19:28 --> Límite obtenido (general): 1.0000 kWh, IP: 192.168.0.232
INFO - 2025-10-14 22:19:29 --> Session: Class initialized using 'CodeIgniter\Session\Handlers\FileHandler' driver.
INFO - 2025-10-14 22:19:29 --> Session: Class initialized using 'CodeIgniter\Session\Handlers\FileHandler' driver.
INFO - 2025-10-14 22:19:30 --> Session: Class initialized using 'CodeIgniter\Session\Handlers\FileHandler' driver.
INFO - 2025-10-14 22:19:30 --> Límite obtenido (general): 1.0000 kWh, IP: 192.168.0.232
INFO - 2025-10-14 22:19:32 --> Session: Class initialized using 'CodeIgniter\Session\Handlers\FileHandler' driver.
INFO - 2025-10-14 22:19:33 --> Session: Class initialized using 'CodeIgniter\Session\Handlers\FileHandler' driver.
INFO - 2025-10-14 22:19:33 --> Límite obtenido (general): 1.0000 kWh, IP: 192.168.0.232
INFO - 2025-10-14 22:19:34 --> Session: Class initialized using 'CodeIgniter\Session\Handlers\FileHandler' driver.
INFO - 2025-10-14 22:19:34 --> Session: Class initialized using 'CodeIgniter\Session\Handlers\FileHandler' driver.
INFO - 2025-10-14 22:19:36 --> Session: Class initialized using 'CodeIgniter\Session\Handlers\FileHandler' driver.
INFO - 2025-10-14 22:19:36 --> Límite obtenido (general): 1.0000 kWh, IP: 192.168.0.232
INFO - 2025-10-14 22:19:37 --> Session: Class initialized using 'CodeIgniter\Session\Handlers\FileHandler' driver.
INFO - 2025-10-14 22:19:39 --> Session: Class initialized using 'CodeIgniter\Session\Handlers\FileHandler' driver.
INFO - 2025-10-14 22:19:39 --> Session: Class initialized using 'CodeIgniter\Session\Handlers\FileHandler' driver.
INFO - 2025-10-14 22:19:39 --> Límite obtenido (general): 1.0000 kWh, IP: 192.168.0.232
INFO - 2025-10-14 22:19:40 --> Session: Class initialized using 'CodeIgniter\Session\Handlers\FileHandler' driver.
INFO - 2025-10-14 22:19:42 --> Session: Class initialized using 'CodeIgniter\Session\Handlers\FileHandler' driver.
INFO - 2025-10-14 22:19:42 --> Límite obtenido (general): 1.0000 kWh, IP: 192.168.0.232
INFO - 2025-10-14 22:19:44 --> Session: Class initialized using 'CodeIgniter\Session\Handlers\FileHandler' driver.
INFO - 2025-10-14 22:19:44 --> Session: Class initialized using 'CodeIgniter\Session\Handlers\FileHandler' driver.
INFO - 2025-10-14 22:19:45 --> Session: Class initialized using 'CodeIgniter\Session\Handlers\FileHandler' driver.
INFO - 2025-10-14 22:19:45 --> Límite obtenido (general): 1.0000 kWh, IP: 192.168.0.232
INFO - 2025-10-14 22:19:47 --> Session: Class initialized using 'CodeIgniter\Session\Handlers\FileHandler' driver.
INFO - 2025-10-14 22:19:48 --> Session: Class initialized using 'CodeIgniter\Session\Handlers\FileHandler' driver.
INFO - 2025-10-14 22:19:48 --> Límite obtenido (general): 1.0000 kWh, IP: 192.168.0.232
INFO - 2025-10-14 22:19:49 --> Session: Class initialized using 'CodeIgniter\Session\Handlers\FileHandler' driver.
INFO - 2025-10-14 22:19:49 --> Session: Class initialized using 'CodeIgniter\Session\Handlers\FileHandler' driver.
DEBUG - 2025-10-14 22:19:50 --> Ruta actual: /Tesina/public/energia/actualizarLimite
INFO - 2025-10-14 22:19:50 --> Session: Class initialized using 'CodeIgniter\Session\Handlers\FileHandler' driver.
DEBUG - 2025-10-14 22:19:50 --> Datos en sesión: Array
(
    [__ci_last_regenerate] => 1760491072
    [_ci_previous_url] => http://192.168.0.138/Tesina/public/energia/dispositivo/2
    [id_usuario] => 1
    [nombre] => brunito
    [apellido] => barber
    [email] => brunocameille@alumnos.itr3.edu.ar
    [rol] => admin
    [logged_in] => 1
)

INFO - 2025-10-14 22:19:51 --> Session: Class initialized using 'CodeIgniter\Session\Handlers\FileHandler' driver.
INFO - 2025-10-14 22:19:51 --> Límite obtenido (general): 0.1470 kWh, IP: 192.168.0.232
INFO - 2025-10-14 22:19:52 --> Session: Class initialized using 'CodeIgniter\Session\Handlers\FileHandler' driver.
INFO - 2025-10-14 22:19:54 --> Session: Class initialized using 'CodeIgniter\Session\Handlers\FileHandler' driver.
INFO - 2025-10-14 22:19:54 --> Límite obtenido (general): 0.1470 kWh, IP: 192.168.0.232
INFO - 2025-10-14 22:19:55 --> Session: Class initialized using 'CodeIgniter\Session\Handlers\FileHandler' driver.
INFO - 2025-10-14 22:19:56 --> Session: Class initialized using 'CodeIgniter\Session\Handlers\FileHandler' driver.
DEBUG - 2025-10-14 22:19:57 --> Ruta actual: /Tesina/public/energia/dispositivo/2
INFO - 2025-10-14 22:19:57 --> Session: Class initialized using 'CodeIgniter\Session\Handlers\FileHandler' driver.
DEBUG - 2025-10-14 22:19:57 --> Datos en sesión: Array
(
    [__ci_last_regenerate] => 1760491072
    [_ci_previous_url] => http://192.168.0.138/Tesina/public/energia/dispositivo/2
    [id_usuario] => 1
    [nombre] => brunito
    [apellido] => barber
    [email] => brunocameille@alumnos.itr3.edu.ar
    [rol] => admin
    [logged_in] => 1
)

INFO - 2025-10-14 22:19:57 --> Session: Class initialized using 'CodeIgniter\Session\Handlers\FileHandler' driver.
INFO - 2025-10-14 22:19:57 --> Límite obtenido (general): 0.1470 kWh, IP: 192.168.0.232
INFO - 2025-10-14 22:19:58 --> Session: Class initialized using 'CodeIgniter\Session\Handlers\FileHandler' driver.
DEBUG - 2025-10-14 22:19:59 --> Buscando usuario ID: 1
DEBUG - 2025-10-14 22:19:59 --> Resultado de la búsqueda: Array
(
    [id_usuario] => 1
    [nombre] => brunito
    [apellido] => barber
    [email] => brunocameille@alumnos.itr3.edu.ar
    [contrasena] => $2y$10$DfVf5j75GUow.8KQIROrQ.HgppT0Rq0gHjnl3td.ZZBDLZAYggz.u
    [direccion_id] => 0
    [id_rol] => 1
    [created_at] => 2025-04-07 13:37:30
    [updated_at] => 2025-10-13 19:57:07
    [invitado_por] => 
    [estado] => activo
    [token_activacion] => 
)

INFO - 2025-10-14 22:19:59 --> Session: Class initialized using 'CodeIgniter\Session\Handlers\FileHandler' driver.
INFO - 2025-10-14 22:20:02 --> Alerta de consumo enviada correctamente a brunocameille@alumnos.itr3.edu.ar
INFO - 2025-10-14 22:20:03 --> Session: Class initialized using 'CodeIgniter\Session\Handlers\FileHandler' driver.
INFO - 2025-10-14 22:20:06 --> Session: Class initialized using 'CodeIgniter\Session\Handlers\FileHandler' driver.
INFO - 2025-10-14 22:20:06 --> Límite obtenido (general): 0.1470 kWh, IP: 192.168.0.232
INFO - 2025-10-14 22:20:07 --> Session: Class initialized using 'CodeIgniter\Session\Handlers\FileHandler' driver.
INFO - 2025-10-14 22:20:08 --> Session: Class initialized using 'CodeIgniter\Session\Handlers\FileHandler' driver.
INFO - 2025-10-14 22:20:08 --> Session: Class initialized using 'CodeIgniter\Session\Handlers\FileHandler' driver.
INFO - 2025-10-14 22:20:09 --> Session: Class initialized using 'CodeIgniter\Session\Handlers\FileHandler' driver.
INFO - 2025-10-14 22:20:09 --> Límite obtenido (general): 0.1470 kWh, IP: 192.168.0.232
INFO - 2025-10-14 22:20:10 --> Session: Class initialized using 'CodeIgniter\Session\Handlers\FileHandler' driver.
INFO - 2025-10-14 22:20:12 --> Session: Class initialized using 'CodeIgniter\Session\Handlers\FileHandler' driver.
INFO - 2025-10-14 22:20:12 --> Límite obtenido (general): 0.1470 kWh, IP: 192.168.0.232
INFO - 2025-10-14 22:20:13 --> Session: Class initialized using 'CodeIgniter\Session\Handlers\FileHandler' driver.
INFO - 2025-10-14 22:20:13 --> Session: Class initialized using 'CodeIgniter\Session\Handlers\FileHandler' driver.
INFO - 2025-10-14 22:20:13 --> Session: Class initialized using 'CodeIgniter\Session\Handlers\FileHandler' driver.
INFO - 2025-10-14 22:20:15 --> Session: Class initialized using 'CodeIgniter\Session\Handlers\FileHandler' driver.
INFO - 2025-10-14 22:20:15 --> Límite obtenido (general): 0.1470 kWh, IP: 192.168.0.232
INFO - 2025-10-14 22:20:16 --> Session: Class initialized using 'CodeIgniter\Session\Handlers\FileHandler' driver.
INFO - 2025-10-14 22:20:18 --> Session: Class initialized using 'CodeIgniter\Session\Handlers\FileHandler' driver.
INFO - 2025-10-14 22:20:18 --> Session: Class initialized using 'CodeIgniter\Session\Handlers\FileHandler' driver.
INFO - 2025-10-14 22:20:18 --> Session: Class initialized using 'CodeIgniter\Session\Handlers\FileHandler' driver.
INFO - 2025-10-14 22:20:18 --> Límite obtenido (general): 0.1470 kWh, IP: 192.168.0.232
INFO - 2025-10-14 22:20:20 --> Session: Class initialized using 'CodeIgniter\Session\Handlers\FileHandler' driver.
INFO - 2025-10-14 22:20:21 --> Session: Class initialized using 'CodeIgniter\Session\Handlers\FileHandler' driver.
INFO - 2025-10-14 22:20:21 --> Límite obtenido (general): 0.1470 kWh, IP: 192.168.0.232
INFO - 2025-10-14 22:20:23 --> Session: Class initialized using 'CodeIgniter\Session\Handlers\FileHandler' driver.
INFO - 2025-10-14 22:20:23 --> Session: Class initialized using 'CodeIgniter\Session\Handlers\FileHandler' driver.
INFO - 2025-10-14 22:20:23 --> Session: Class initialized using 'CodeIgniter\Session\Handlers\FileHandler' driver.
INFO - 2025-10-14 22:20:24 --> Session: Class initialized using 'CodeIgniter\Session\Handlers\FileHandler' driver.
INFO - 2025-10-14 22:20:24 --> Límite obtenido (general): 0.1470 kWh, IP: 192.168.0.232
INFO - 2025-10-14 22:20:28 --> Session: Class initialized using 'CodeIgniter\Session\Handlers\FileHandler' driver.
INFO - 2025-10-14 22:20:33 --> Session: Class initialized using 'CodeIgniter\Session\Handlers\FileHandler' driver.
INFO - 2025-10-14 22:20:38 --> Session: Class initialized using 'CodeIgniter\Session\Handlers\FileHandler' driver.
INFO - 2025-10-14 22:20:43 --> Session: Class initialized using 'CodeIgniter\Session\Handlers\FileHandler' driver.
INFO - 2025-10-14 22:20:48 --> Session: Class initialized using 'CodeIgniter\Session\Handlers\FileHandler' driver.
INFO - 2025-10-14 22:20:53 --> Session: Class initialized using 'CodeIgniter\Session\Handlers\FileHandler' driver.
INFO - 2025-10-14 22:20:58 --> Session: Class initialized using 'CodeIgniter\Session\Handlers\FileHandler' driver.
INFO - 2025-10-14 22:21:03 --> Session: Class initialized using 'CodeIgniter\Session\Handlers\FileHandler' driver.
DEBUG - 2025-10-14 22:21:04 --> Ruta actual: /Tesina/public/energia/actualizarLimite
INFO - 2025-10-14 22:21:04 --> Session: Class initialized using 'CodeIgniter\Session\Handlers\FileHandler' driver.
DEBUG - 2025-10-14 22:21:04 --> Datos en sesión: Array
(
    [__ci_last_regenerate] => 1760491072
    [_ci_previous_url] => http://192.168.0.138/Tesina/public/energia/dispositivo/2
    [id_usuario] => 1
    [nombre] => brunito
    [apellido] => barber
    [email] => brunocameille@alumnos.itr3.edu.ar
    [rol] => admin
    [logged_in] => 1
)

INFO - 2025-10-14 22:21:11 --> Session: Class initialized using 'CodeIgniter\Session\Handlers\FileHandler' driver.
INFO - 2025-10-14 22:21:13 --> Session: Class initialized using 'CodeIgniter\Session\Handlers\FileHandler' driver.
INFO - 2025-10-14 22:21:18 --> Session: Class initialized using 'CodeIgniter\Session\Handlers\FileHandler' driver.
INFO - 2025-10-14 22:21:23 --> Session: Class initialized using 'CodeIgniter\Session\Handlers\FileHandler' driver.
INFO - 2025-10-14 22:21:28 --> Session: Class initialized using 'CodeIgniter\Session\Handlers\FileHandler' driver.
INFO - 2025-10-14 22:21:33 --> Session: Class initialized using 'CodeIgniter\Session\Handlers\FileHandler' driver.
INFO - 2025-10-14 22:21:38 --> Session: Class initialized using 'CodeIgniter\Session\Handlers\FileHandler' driver.
INFO - 2025-10-14 22:21:43 --> Session: Class initialized using 'CodeIgniter\Session\Handlers\FileHandler' driver.
INFO - 2025-10-14 22:21:48 --> Session: Class initialized using 'CodeIgniter\Session\Handlers\FileHandler' driver.
INFO - 2025-10-14 22:21:53 --> Session: Class initialized using 'CodeIgniter\Session\Handlers\FileHandler' driver.
INFO - 2025-10-14 22:21:58 --> Session: Class initialized using 'CodeIgniter\Session\Handlers\FileHandler' driver.
INFO - 2025-10-14 22:22:03 --> Session: Class initialized using 'CodeIgniter\Session\Handlers\FileHandler' driver.
INFO - 2025-10-14 22:22:08 --> Session: Class initialized using 'CodeIgniter\Session\Handlers\FileHandler' driver.
INFO - 2025-10-14 22:22:13 --> Session: Class initialized using 'CodeIgniter\Session\Handlers\FileHandler' driver.
INFO - 2025-10-14 22:22:18 --> Session: Class initialized using 'CodeIgniter\Session\Handlers\FileHandler' driver.
INFO - 2025-10-14 22:22:23 --> Session: Class initialized using 'CodeIgniter\Session\Handlers\FileHandler' driver.
INFO - 2025-10-14 22:22:28 --> Session: Class initialized using 'CodeIgniter\Session\Handlers\FileHandler' driver.
INFO - 2025-10-14 22:22:33 --> Session: Class initialized using 'CodeIgniter\Session\Handlers\FileHandler' driver.
INFO - 2025-10-14 22:22:38 --> Session: Class initialized using 'CodeIgniter\Session\Handlers\FileHandler' driver.
INFO - 2025-10-14 22:22:43 --> Session: Class initialized using 'CodeIgniter\Session\Handlers\FileHandler' driver.
INFO - 2025-10-14 22:22:48 --> Session: Class initialized using 'CodeIgniter\Session\Handlers\FileHandler' driver.
INFO - 2025-10-14 22:22:53 --> Session: Class initialized using 'CodeIgniter\Session\Handlers\FileHandler' driver.
INFO - 2025-10-14 22:22:58 --> Session: Class initialized using 'CodeIgniter\Session\Handlers\FileHandler' driver.
INFO - 2025-10-14 22:23:03 --> Session: Class initialized using 'CodeIgniter\Session\Handlers\FileHandler' driver.
INFO - 2025-10-14 22:23:08 --> Session: Class initialized using 'CodeIgniter\Session\Handlers\FileHandler' driver.
INFO - 2025-10-14 22:23:13 --> Session: Class initialized using 'CodeIgniter\Session\Handlers\FileHandler' driver.
INFO - 2025-10-14 22:23:18 --> Session: Class initialized using 'CodeIgniter\Session\Handlers\FileHandler' driver.
DEBUG - 2025-10-14 22:23:20 --> Ruta actual: /Tesina/public/energia/actualizarDispositivo
INFO - 2025-10-14 22:23:20 --> Session: Class initialized using 'CodeIgniter\Session\Handlers\FileHandler' driver.
DEBUG - 2025-10-14 22:23:20 --> Datos en sesión: Array
(
    [__ci_last_regenerate] => 1760491373
    [_ci_previous_url] => http://192.168.0.138/Tesina/public/energia/dispositivo/2
    [id_usuario] => 1
    [nombre] => brunito
    [apellido] => barber
    [email] => brunocameille@alumnos.itr3.edu.ar
    [rol] => admin
    [logged_in] => 1
)

INFO - 2025-10-14 22:23:23 --> Session: Class initialized using 'CodeIgniter\Session\Handlers\FileHandler' driver.
INFO - 2025-10-14 22:23:28 --> Session: Class initialized using 'CodeIgniter\Session\Handlers\FileHandler' driver.
DEBUG - 2025-10-14 22:23:28 --> Ruta actual: /Tesina/public/energia/actualizarDispositivo
INFO - 2025-10-14 22:23:28 --> Session: Class initialized using 'CodeIgniter\Session\Handlers\FileHandler' driver.
DEBUG - 2025-10-14 22:23:28 --> Datos en sesión: Array
(
    [__ci_last_regenerate] => 1760491373
    [_ci_previous_url] => http://192.168.0.138/Tesina/public/energia/dispositivo/2
    [id_usuario] => 1
    [nombre] => brunito
    [apellido] => barber
    [email] => brunocameille@alumnos.itr3.edu.ar
    [rol] => admin
    [logged_in] => 1
)

INFO - 2025-10-14 22:23:33 --> Session: Class initialized using 'CodeIgniter\Session\Handlers\FileHandler' driver.
INFO - 2025-10-14 22:23:38 --> Session: Class initialized using 'CodeIgniter\Session\Handlers\FileHandler' driver.
INFO - 2025-10-14 22:23:43 --> Session: Class initialized using 'CodeIgniter\Session\Handlers\FileHandler' driver.
INFO - 2025-10-14 22:23:48 --> Session: Class initialized using 'CodeIgniter\Session\Handlers\FileHandler' driver.
INFO - 2025-10-14 22:23:53 --> Session: Class initialized using 'CodeIgniter\Session\Handlers\FileHandler' driver.
INFO - 2025-10-14 22:23:58 --> Session: Class initialized using 'CodeIgniter\Session\Handlers\FileHandler' driver.
INFO - 2025-10-14 22:24:03 --> Session: Class initialized using 'CodeIgniter\Session\Handlers\FileHandler' driver.
INFO - 2025-10-14 22:24:08 --> Session: Class initialized using 'CodeIgniter\Session\Handlers\FileHandler' driver.
INFO - 2025-10-14 22:24:13 --> Session: Class initialized using 'CodeIgniter\Session\Handlers\FileHandler' driver.
INFO - 2025-10-14 22:24:18 --> Session: Class initialized using 'CodeIgniter\Session\Handlers\FileHandler' driver.
INFO - 2025-10-14 22:24:23 --> Session: Class initialized using 'CodeIgniter\Session\Handlers\FileHandler' driver.
INFO - 2025-10-14 22:24:28 --> Session: Class initialized using 'CodeIgniter\Session\Handlers\FileHandler' driver.
INFO - 2025-10-14 22:24:33 --> Session: Class initialized using 'CodeIgniter\Session\Handlers\FileHandler' driver.
INFO - 2025-10-14 22:24:38 --> Session: Class initialized using 'CodeIgniter\Session\Handlers\FileHandler' driver.
INFO - 2025-10-14 22:24:43 --> Session: Class initialized using 'CodeIgniter\Session\Handlers\FileHandler' driver.
INFO - 2025-10-14 22:24:48 --> Session: Class initialized using 'CodeIgniter\Session\Handlers\FileHandler' driver.
INFO - 2025-10-14 22:24:53 --> Session: Class initialized using 'CodeIgniter\Session\Handlers\FileHandler' driver.
INFO - 2025-10-14 22:24:58 --> Session: Class initialized using 'CodeIgniter\Session\Handlers\FileHandler' driver.
INFO - 2025-10-14 22:25:03 --> Session: Class initialized using 'CodeIgniter\Session\Handlers\FileHandler' driver.
INFO - 2025-10-14 22:25:08 --> Session: Class initialized using 'CodeIgniter\Session\Handlers\FileHandler' driver.
INFO - 2025-10-14 22:25:13 --> Session: Class initialized using 'CodeIgniter\Session\Handlers\FileHandler' driver.
INFO - 2025-10-14 22:25:18 --> Session: Class initialized using 'CodeIgniter\Session\Handlers\FileHandler' driver.
INFO - 2025-10-14 22:25:23 --> Session: Class initialized using 'CodeIgniter\Session\Handlers\FileHandler' driver.
INFO - 2025-10-14 22:25:28 --> Session: Class initialized using 'CodeIgniter\Session\Handlers\FileHandler' driver.
INFO - 2025-10-14 22:25:33 --> Session: Class initialized using 'CodeIgniter\Session\Handlers\FileHandler' driver.
INFO - 2025-10-14 22:25:38 --> Session: Class initialized using 'CodeIgniter\Session\Handlers\FileHandler' driver.
INFO - 2025-10-14 22:25:43 --> Session: Class initialized using 'CodeIgniter\Session\Handlers\FileHandler' driver.
INFO - 2025-10-14 22:25:48 --> Session: Class initialized using 'CodeIgniter\Session\Handlers\FileHandler' driver.
INFO - 2025-10-14 22:25:53 --> Session: Class initialized using 'CodeIgniter\Session\Handlers\FileHandler' driver.
INFO - 2025-10-14 22:25:58 --> Session: Class initialized using 'CodeIgniter\Session\Handlers\FileHandler' driver.
INFO - 2025-10-14 22:26:03 --> Session: Class initialized using 'CodeIgniter\Session\Handlers\FileHandler' driver.
INFO - 2025-10-14 22:26:08 --> Session: Class initialized using 'CodeIgniter\Session\Handlers\FileHandler' driver.
INFO - 2025-10-14 22:26:13 --> Session: Class initialized using 'CodeIgniter\Session\Handlers\FileHandler' driver.
INFO - 2025-10-14 22:26:18 --> Session: Class initialized using 'CodeIgniter\Session\Handlers\FileHandler' driver.
INFO - 2025-10-14 22:26:23 --> Session: Class initialized using 'CodeIgniter\Session\Handlers\FileHandler' driver.
INFO - 2025-10-14 22:26:28 --> Session: Class initialized using 'CodeIgniter\Session\Handlers\FileHandler' driver.
INFO - 2025-10-14 22:26:33 --> Session: Class initialized using 'CodeIgniter\Session\Handlers\FileHandler' driver.
INFO - 2025-10-14 22:26:38 --> Session: Class initialized using 'CodeIgniter\Session\Handlers\FileHandler' driver.
INFO - 2025-10-14 22:26:43 --> Session: Class initialized using 'CodeIgniter\Session\Handlers\FileHandler' driver.
INFO - 2025-10-14 22:26:48 --> Session: Class initialized using 'CodeIgniter\Session\Handlers\FileHandler' driver.
INFO - 2025-10-14 22:26:53 --> Session: Class initialized using 'CodeIgniter\Session\Handlers\FileHandler' driver.
INFO - 2025-10-14 22:26:58 --> Session: Class initialized using 'CodeIgniter\Session\Handlers\FileHandler' driver.
INFO - 2025-10-14 22:27:03 --> Session: Class initialized using 'CodeIgniter\Session\Handlers\FileHandler' driver.
INFO - 2025-10-14 22:27:08 --> Session: Class initialized using 'CodeIgniter\Session\Handlers\FileHandler' driver.
INFO - 2025-10-14 22:27:17 --> Session: Class initialized using 'CodeIgniter\Session\Handlers\FileHandler' driver.
INFO - 2025-10-14 22:28:17 --> Session: Class initialized using 'CodeIgniter\Session\Handlers\FileHandler' driver.
INFO - 2025-10-14 22:29:17 --> Session: Class initialized using 'CodeIgniter\Session\Handlers\FileHandler' driver.
INFO - 2025-10-14 22:30:17 --> Session: Class initialized using 'CodeIgniter\Session\Handlers\FileHandler' driver.
INFO - 2025-10-14 22:31:17 --> Session: Class initialized using 'CodeIgniter\Session\Handlers\FileHandler' driver.
INFO - 2025-10-14 22:32:17 --> Session: Class initialized using 'CodeIgniter\Session\Handlers\FileHandler' driver.
INFO - 2025-10-14 22:33:17 --> Session: Class initialized using 'CodeIgniter\Session\Handlers\FileHandler' driver.
INFO - 2025-10-14 22:34:17 --> Session: Class initialized using 'CodeIgniter\Session\Handlers\FileHandler' driver.
INFO - 2025-10-14 22:35:17 --> Session: Class initialized using 'CodeIgniter\Session\Handlers\FileHandler' driver.
INFO - 2025-10-14 22:36:17 --> Session: Class initialized using 'CodeIgniter\Session\Handlers\FileHandler' driver.
INFO - 2025-10-14 22:37:17 --> Session: Class initialized using 'CodeIgniter\Session\Handlers\FileHandler' driver.
INFO - 2025-10-14 22:38:17 --> Session: Class initialized using 'CodeIgniter\Session\Handlers\FileHandler' driver.
INFO - 2025-10-14 22:39:17 --> Session: Class initialized using 'CodeIgniter\Session\Handlers\FileHandler' driver.
INFO - 2025-10-14 22:40:17 --> Session: Class initialized using 'CodeIgniter\Session\Handlers\FileHandler' driver.
INFO - 2025-10-14 22:41:17 --> Session: Class initialized using 'CodeIgniter\Session\Handlers\FileHandler' driver.
INFO - 2025-10-14 22:41:21 --> Session: Class initialized using 'CodeIgniter\Session\Handlers\FileHandler' driver.
