INFO - 2025-10-24 08:26:33 --> Session: Class initialized using 'CodeIgniter\Session\Handlers\FileHandler' driver.
INFO - 2025-10-24 08:28:29 --> Session: Class initialized using 'CodeIgniter\Session\Handlers\FileHandler' driver.
INFO - 2025-10-24 08:28:47 --> Session: Class initialized using 'CodeIgniter\Session\Handlers\FileHandler' driver.
INFO - 2025-10-24 08:31:10 --> Session: Class initialized using 'CodeIgniter\Session\Handlers\FileHandler' driver.
INFO - 2025-10-24 08:31:11 --> Session: Class initialized using 'CodeIgniter\Session\Handlers\FileHandler' driver.
INFO - 2025-10-24 08:31:11 --> Session: Class initialized using 'CodeIgniter\Session\Handlers\FileHandler' driver.
INFO - 2025-10-24 08:31:13 --> Session: Class initialized using 'CodeIgniter\Session\Handlers\FileHandler' driver.
INFO - 2025-10-24 08:31:21 --> Session: Class initialized using 'CodeIgniter\Session\Handlers\FileHandler' driver.
INFO - 2025-10-24 08:31:29 --> Session: Class initialized using 'CodeIgniter\Session\Handlers\FileHandler' driver.
INFO - 2025-10-24 08:31:34 --> Session: Class initialized using 'CodeIgniter\Session\Handlers\FileHandler' driver.
INFO - 2025-10-24 08:31:55 --> Session: Class initialized using 'CodeIgniter\Session\Handlers\FileHandler' driver.
INFO - 2025-10-24 08:32:01 --> Session: Class initialized using 'CodeIgniter\Session\Handlers\FileHandler' driver.
INFO - 2025-10-24 08:32:11 --> Session: Class initialized using 'CodeIgniter\Session\Handlers\FileHandler' driver.
INFO - 2025-10-24 08:39:35 --> Session: Class initialized using 'CodeIgniter\Session\Handlers\FileHandler' driver.
INFO - 2025-10-24 08:39:35 --> Session: Class initialized using 'CodeIgniter\Session\Handlers\FileHandler' driver.
INFO - 2025-10-24 08:39:37 --> Session: Class initialized using 'CodeIgniter\Session\Handlers\FileHandler' driver.
INFO - 2025-10-24 08:39:59 --> Session: Class initialized using 'CodeIgniter\Session\Handlers\FileHandler' driver.
INFO - 2025-10-24 08:40:00 --> Session: Class initialized using 'CodeIgniter\Session\Handlers\FileHandler' driver.
INFO - 2025-10-24 08:40:03 --> Session: Class initialized using 'CodeIgniter\Session\Handlers\FileHandler' driver.
INFO - 2025-10-24 08:40:09 --> Session: Class initialized using 'CodeIgniter\Session\Handlers\FileHandler' driver.
INFO - 2025-10-24 08:42:31 --> Session: Class initialized using 'CodeIgniter\Session\Handlers\FileHandler' driver.
INFO - 2025-10-24 08:43:31 --> Session: Class initialized using 'CodeIgniter\Session\Handlers\FileHandler' driver.
INFO - 2025-10-24 08:43:33 --> Session: Class initialized using 'CodeIgniter\Session\Handlers\FileHandler' driver.
INFO - 2025-10-24 08:43:34 --> Session: Class initialized using 'CodeIgniter\Session\Handlers\FileHandler' driver.
INFO - 2025-10-24 08:46:25 --> Session: Class initialized using 'CodeIgniter\Session\Handlers\FileHandler' driver.
INFO - 2025-10-24 08:47:00 --> Session: Class initialized using 'CodeIgniter\Session\Handlers\FileHandler' driver.
INFO - 2025-10-24 08:47:22 --> Session: Class initialized using 'CodeIgniter\Session\Handlers\FileHandler' driver.
INFO - 2025-10-24 08:47:41 --> Session: Class initialized using 'CodeIgniter\Session\Handlers\FileHandler' driver.
INFO - 2025-10-24 08:47:56 --> Session: Class initialized using 'CodeIgniter\Session\Handlers\FileHandler' driver.
INFO - 2025-10-24 08:48:28 --> Session: Class initialized using 'CodeIgniter\Session\Handlers\FileHandler' driver.
INFO - 2025-10-24 08:52:01 --> Session: Class initialized using 'CodeIgniter\Session\Handlers\FileHandler' driver.
INFO - 2025-10-24 09:00:20 --> Session: Class initialized using 'CodeIgniter\Session\Handlers\FileHandler' driver.
INFO - 2025-10-24 09:00:24 --> Session: Class initialized using 'CodeIgniter\Session\Handlers\FileHandler' driver.
INFO - 2025-10-24 09:00:31 --> Session: Class initialized using 'CodeIgniter\Session\Handlers\FileHandler' driver.
INFO - 2025-10-24 09:00:31 --> Session: Class initialized using 'CodeIgniter\Session\Handlers\FileHandler' driver.
INFO - 2025-10-24 09:00:38 --> Session: Class initialized using 'CodeIgniter\Session\Handlers\FileHandler' driver.
INFO - 2025-10-24 09:01:06 --> Session: Class initialized using 'CodeIgniter\Session\Handlers\FileHandler' driver.
INFO - 2025-10-24 09:01:19 --> Session: Class initialized using 'CodeIgniter\Session\Handlers\FileHandler' driver.
DEBUG - 2025-10-24 09:01:19 --> Intento de inicio de sesión para email: brunocameille@alumnos.itr3.edu.ar
DEBUG - 2025-10-24 09:01:19 --> Longitud de la contraseña ingresada: 18
DEBUG - 2025-10-24 09:01:19 --> Usuario encontrado: {"id":"1","email":"brunocameille@alumnos.itr3.edu.ar","estado":"activo","rol":"1"}
DEBUG - 2025-10-24 09:01:19 --> Resultado de verificación de contraseña: false
DEBUG - 2025-10-24 09:01:19 --> Hash almacenado en la base de datos: $2y$10$DfVf5j75GUow.8KQIROrQ.HgppT0Rq0gHjnl3td.ZZBDLZAYggz.u
DEBUG - 2025-10-24 09:01:19 --> Contraseña incorrecta para usuario: brunocameille@alumnos.itr3.edu.ar
INFO - 2025-10-24 09:01:20 --> Session: Class initialized using 'CodeIgniter\Session\Handlers\FileHandler' driver.
INFO - 2025-10-24 09:01:34 --> Session: Class initialized using 'CodeIgniter\Session\Handlers\FileHandler' driver.
DEBUG - 2025-10-24 09:01:34 --> Intento de inicio de sesión para email: brunocameille@alumnos.itr3.edu.ar
DEBUG - 2025-10-24 09:01:34 --> Longitud de la contraseña ingresada: 17
DEBUG - 2025-10-24 09:01:34 --> Usuario encontrado: {"id":"1","email":"brunocameille@alumnos.itr3.edu.ar","estado":"activo","rol":"1"}
DEBUG - 2025-10-24 09:01:34 --> Resultado de verificación de contraseña: true
DEBUG - 2025-10-24 09:01:34 --> Hash almacenado en la base de datos: $2y$10$DfVf5j75GUow.8KQIROrQ.HgppT0Rq0gHjnl3td.ZZBDLZAYggz.u
DEBUG - 2025-10-24 09:01:34 --> Inicio de sesión exitoso para usuario: brunocameille@alumnos.itr3.edu.ar
DEBUG - 2025-10-24 09:01:34 --> Datos de sesión guardados: {"id_usuario":"1","nombre":"brunito","apellido":"barber","email":"brunocameille@alumnos.itr3.edu.ar","rol":"admin","logged_in":true}
DEBUG - 2025-10-24 09:01:34 --> Ruta actual: /Tesina/public/admin
INFO - 2025-10-24 09:01:34 --> Session: Class initialized using 'CodeIgniter\Session\Handlers\FileHandler' driver.
DEBUG - 2025-10-24 09:01:34 --> Datos en sesión: Array
(
    [__ci_last_regenerate] => 1761307220
    [_ci_previous_url] => http://192.168.2.149/Tesina/public/autenticacion/login
    [id_usuario] => 1
    [nombre] => brunito
    [apellido] => barber
    [email] => brunocameille@alumnos.itr3.edu.ar
    [rol] => admin
    [logged_in] => 1
)

DEBUG - 2025-10-24 09:01:37 --> Ruta actual: /Tesina/public/admin/dispositivos
INFO - 2025-10-24 09:01:37 --> Session: Class initialized using 'CodeIgniter\Session\Handlers\FileHandler' driver.
DEBUG - 2025-10-24 09:01:37 --> Datos en sesión: Array
(
    [__ci_last_regenerate] => 1761307220
    [_ci_previous_url] => http://192.168.2.149/Tesina/public/admin
    [id_usuario] => 1
    [nombre] => brunito
    [apellido] => barber
    [email] => brunocameille@alumnos.itr3.edu.ar
    [rol] => admin
    [logged_in] => 1
)

DEBUG - 2025-10-24 09:01:37 --> Buscando usuario ID: 1
DEBUG - 2025-10-24 09:01:37 --> Resultado de la búsqueda: Array
(
    [id_usuario] => 1
    [nombre] => brunito
    [apellido] => barber
    [email] => brunocameille@alumnos.itr3.edu.ar
    [contrasena] => $2y$10$DfVf5j75GUow.8KQIROrQ.HgppT0Rq0gHjnl3td.ZZBDLZAYggz.u
    [direccion_id] => 0
    [id_rol] => 1
    [created_at] => 2025-04-07 13:37:30
    [updated_at] => 2025-10-13 19:57:07
    [invitado_por] => 
    [estado] => activo
    [token_activacion] => 
)

DEBUG - 2025-10-24 09:02:49 --> Ruta actual: /Tesina/public/admin/dispositivos/buscar
INFO - 2025-10-24 09:02:49 --> Session: Class initialized using 'CodeIgniter\Session\Handlers\FileHandler' driver.
DEBUG - 2025-10-24 09:02:49 --> Datos en sesión: Array
(
    [__ci_last_regenerate] => 1761307220
    [_ci_previous_url] => http://192.168.2.149/Tesina/public/admin/dispositivos
    [id_usuario] => 1
    [nombre] => brunito
    [apellido] => barber
    [email] => brunocameille@alumnos.itr3.edu.ar
    [rol] => admin
    [logged_in] => 1
)

DEBUG - 2025-10-24 09:02:49 --> Buscando usuario ID: 1
DEBUG - 2025-10-24 09:02:49 --> Resultado de la búsqueda: Array
(
    [id_usuario] => 1
    [nombre] => brunito
    [apellido] => barber
    [email] => brunocameille@alumnos.itr3.edu.ar
    [contrasena] => $2y$10$DfVf5j75GUow.8KQIROrQ.HgppT0Rq0gHjnl3td.ZZBDLZAYggz.u
    [direccion_id] => 0
    [id_rol] => 1
    [created_at] => 2025-04-07 13:37:30
    [updated_at] => 2025-10-13 19:57:07
    [invitado_por] => 
    [estado] => activo
    [token_activacion] => 
)

DEBUG - 2025-10-24 09:03:53 --> Ruta actual: /Tesina/public/dispositivo/agregar
INFO - 2025-10-24 09:03:53 --> Session: Class initialized using 'CodeIgniter\Session\Handlers\FileHandler' driver.
DEBUG - 2025-10-24 09:03:53 --> Datos en sesión: Array
(
    [__ci_last_regenerate] => 1761307220
    [_ci_previous_url] => http://192.168.2.149/Tesina/public/admin/dispositivos/buscar
    [id_usuario] => 1
    [nombre] => brunito
    [apellido] => barber
    [email] => brunocameille@alumnos.itr3.edu.ar
    [rol] => admin
    [logged_in] => 1
)

DEBUG - 2025-10-24 09:03:55 --> Ruta actual: /Tesina/public/admin/dispositivos
INFO - 2025-10-24 09:03:55 --> Session: Class initialized using 'CodeIgniter\Session\Handlers\FileHandler' driver.
DEBUG - 2025-10-24 09:03:55 --> Datos en sesión: Array
(
    [__ci_last_regenerate] => 1761307220
    [_ci_previous_url] => http://192.168.2.149/Tesina/public/dispositivo/agregar
    [id_usuario] => 1
    [nombre] => brunito
    [apellido] => barber
    [email] => brunocameille@alumnos.itr3.edu.ar
    [rol] => admin
    [logged_in] => 1
)

DEBUG - 2025-10-24 09:03:55 --> Buscando usuario ID: 1
DEBUG - 2025-10-24 09:03:55 --> Resultado de la búsqueda: Array
(
    [id_usuario] => 1
    [nombre] => brunito
    [apellido] => barber
    [email] => brunocameille@alumnos.itr3.edu.ar
    [contrasena] => $2y$10$DfVf5j75GUow.8KQIROrQ.HgppT0Rq0gHjnl3td.ZZBDLZAYggz.u
    [direccion_id] => 0
    [id_rol] => 1
    [created_at] => 2025-04-07 13:37:30
    [updated_at] => 2025-10-13 19:57:07
    [invitado_por] => 
    [estado] => activo
    [token_activacion] => 
)

DEBUG - 2025-10-24 09:27:44 --> Ruta actual: /Tesina/public/admin
INFO - 2025-10-24 09:27:44 --> Session: Class initialized using 'CodeIgniter\Session\Handlers\FileHandler' driver.
DEBUG - 2025-10-24 09:27:44 --> Datos en sesión: Array
(
    [__ci_last_regenerate] => 1761308864
    [_ci_previous_url] => http://192.168.2.149/Tesina/public/admin/dispositivos
    [id_usuario] => 1
    [nombre] => brunito
    [apellido] => barber
    [email] => brunocameille@alumnos.itr3.edu.ar
    [rol] => admin
    [logged_in] => 1
)

DEBUG - 2025-10-24 09:27:46 --> Ruta actual: /Tesina/public/admin
INFO - 2025-10-24 09:27:46 --> Session: Class initialized using 'CodeIgniter\Session\Handlers\FileHandler' driver.
DEBUG - 2025-10-24 09:27:46 --> Datos en sesión: Array
(
    [__ci_last_regenerate] => 1761308864
    [_ci_previous_url] => http://192.168.2.149/Tesina/public/admin/dispositivos
    [id_usuario] => 1
    [nombre] => brunito
    [apellido] => barber
    [email] => brunocameille@alumnos.itr3.edu.ar
    [rol] => admin
    [logged_in] => 1
)

DEBUG - 2025-10-24 09:41:36 --> Ruta actual: /Tesina/public/admin/dispositivos
INFO - 2025-10-24 09:41:36 --> Session: Class initialized using 'CodeIgniter\Session\Handlers\FileHandler' driver.
DEBUG - 2025-10-24 09:41:36 --> Datos en sesión: Array
(
    [__ci_last_regenerate] => 1761309696
    [_ci_previous_url] => http://192.168.2.149/Tesina/public/admin
    [id_usuario] => 1
    [nombre] => brunito
    [apellido] => barber
    [email] => brunocameille@alumnos.itr3.edu.ar
    [rol] => admin
    [logged_in] => 1
)

DEBUG - 2025-10-24 09:41:36 --> Buscando usuario ID: 1
DEBUG - 2025-10-24 09:41:36 --> Resultado de la búsqueda: Array
(
    [id_usuario] => 1
    [nombre] => brunito
    [apellido] => barber
    [email] => brunocameille@alumnos.itr3.edu.ar
    [contrasena] => $2y$10$DfVf5j75GUow.8KQIROrQ.HgppT0Rq0gHjnl3td.ZZBDLZAYggz.u
    [direccion_id] => 0
    [id_rol] => 1
    [created_at] => 2025-04-07 13:37:30
    [updated_at] => 2025-10-13 19:57:07
    [invitado_por] => 
    [estado] => activo
    [token_activacion] => 
)

DEBUG - 2025-10-24 09:41:38 --> Ruta actual: /Tesina/public/energia/dispositivo/2
INFO - 2025-10-24 09:41:38 --> Session: Class initialized using 'CodeIgniter\Session\Handlers\FileHandler' driver.
DEBUG - 2025-10-24 09:41:38 --> Datos en sesión: Array
(
    [__ci_last_regenerate] => 1761309696
    [_ci_previous_url] => http://192.168.2.149/Tesina/public/admin/dispositivos
    [id_usuario] => 1
    [nombre] => brunito
    [apellido] => barber
    [email] => brunocameille@alumnos.itr3.edu.ar
    [rol] => admin
    [logged_in] => 1
)

CRITICAL - 2025-10-24 09:41:38 --> ParseError: syntax error, unexpected end of file, expecting "elseif" or "else" or "endif"
[Method: GET, Route: energia/dispositivo/2]
in APPPATH\Views\energia\dispositivo.php on line 2282.
 1 SYSTEMPATH\View\View.php(237): CodeIgniter\View\View->CodeIgniter\View\{closure}()
 2 SYSTEMPATH\Common.php(1169): CodeIgniter\View\View->render('energia/dispositivo', [], true)
 3 APPPATH\Controllers\Energia.php(959): view('energia/dispositivo', [...])
 4 SYSTEMPATH\CodeIgniter.php(933): App\Controllers\Energia->dispositivo('2')
 5 SYSTEMPATH\CodeIgniter.php(509): CodeIgniter\CodeIgniter->runController(Object(App\Controllers\Energia))
 6 SYSTEMPATH\CodeIgniter.php(355): CodeIgniter\CodeIgniter->handleRequest(null, Object(Config\Cache), false)
 7 SYSTEMPATH\Boot.php(325): CodeIgniter\CodeIgniter->run()
 8 SYSTEMPATH\Boot.php(67): CodeIgniter\Boot::runCodeIgniter(Object(CodeIgniter\CodeIgniter))
 9 FCPATH\index.php(56): CodeIgniter\Boot::bootWeb(Object(Config\Paths))
DEBUG - 2025-10-24 09:41:51 --> Ruta actual: /Tesina/public/energia/dispositivo/2
INFO - 2025-10-24 09:41:51 --> Session: Class initialized using 'CodeIgniter\Session\Handlers\FileHandler' driver.
DEBUG - 2025-10-24 09:41:51 --> Datos en sesión: Array
(
    [__ci_last_regenerate] => 1761309696
    [_ci_previous_url] => http://192.168.2.149/Tesina/public/admin/dispositivos
    [id_usuario] => 1
    [nombre] => brunito
    [apellido] => barber
    [email] => brunocameille@alumnos.itr3.edu.ar
    [rol] => admin
    [logged_in] => 1
)

INFO - 2025-10-24 09:41:51 --> Session: Class initialized using 'CodeIgniter\Session\Handlers\FileHandler' driver.
INFO - 2025-10-24 09:41:52 --> Session: Class initialized using 'CodeIgniter\Session\Handlers\FileHandler' driver.
INFO - 2025-10-24 09:41:53 --> Session: Class initialized using 'CodeIgniter\Session\Handlers\FileHandler' driver.
INFO - 2025-10-24 09:41:57 --> Session: Class initialized using 'CodeIgniter\Session\Handlers\FileHandler' driver.
INFO - 2025-10-24 09:42:02 --> Session: Class initialized using 'CodeIgniter\Session\Handlers\FileHandler' driver.
INFO - 2025-10-24 09:42:07 --> Session: Class initialized using 'CodeIgniter\Session\Handlers\FileHandler' driver.
INFO - 2025-10-24 09:42:12 --> Session: Class initialized using 'CodeIgniter\Session\Handlers\FileHandler' driver.
INFO - 2025-10-24 09:42:17 --> Session: Class initialized using 'CodeIgniter\Session\Handlers\FileHandler' driver.
INFO - 2025-10-24 09:42:34 --> Session: Class initialized using 'CodeIgniter\Session\Handlers\FileHandler' driver.
INFO - 2025-10-24 09:43:38 --> Session: Class initialized using 'CodeIgniter\Session\Handlers\FileHandler' driver.
INFO - 2025-10-24 09:43:42 --> Session: Class initialized using 'CodeIgniter\Session\Handlers\FileHandler' driver.
INFO - 2025-10-24 09:43:47 --> Session: Class initialized using 'CodeIgniter\Session\Handlers\FileHandler' driver.
INFO - 2025-10-24 09:43:52 --> Session: Class initialized using 'CodeIgniter\Session\Handlers\FileHandler' driver.
INFO - 2025-10-24 09:43:57 --> Session: Class initialized using 'CodeIgniter\Session\Handlers\FileHandler' driver.
INFO - 2025-10-24 09:44:02 --> Session: Class initialized using 'CodeIgniter\Session\Handlers\FileHandler' driver.
INFO - 2025-10-24 09:44:07 --> Session: Class initialized using 'CodeIgniter\Session\Handlers\FileHandler' driver.
INFO - 2025-10-24 09:44:12 --> Session: Class initialized using 'CodeIgniter\Session\Handlers\FileHandler' driver.
INFO - 2025-10-24 09:44:17 --> Session: Class initialized using 'CodeIgniter\Session\Handlers\FileHandler' driver.
INFO - 2025-10-24 09:44:30 --> Session: Class initialized using 'CodeIgniter\Session\Handlers\FileHandler' driver.
INFO - 2025-10-24 09:44:36 --> Session: Class initialized using 'CodeIgniter\Session\Handlers\FileHandler' driver.
INFO - 2025-10-24 09:45:38 --> Session: Class initialized using 'CodeIgniter\Session\Handlers\FileHandler' driver.
INFO - 2025-10-24 09:46:38 --> Session: Class initialized using 'CodeIgniter\Session\Handlers\FileHandler' driver.
INFO - 2025-10-24 09:47:38 --> Session: Class initialized using 'CodeIgniter\Session\Handlers\FileHandler' driver.
INFO - 2025-10-24 09:48:38 --> Session: Class initialized using 'CodeIgniter\Session\Handlers\FileHandler' driver.
INFO - 2025-10-24 09:49:38 --> Session: Class initialized using 'CodeIgniter\Session\Handlers\FileHandler' driver.
INFO - 2025-10-24 09:50:38 --> Session: Class initialized using 'CodeIgniter\Session\Handlers\FileHandler' driver.
INFO - 2025-10-24 09:51:38 --> Session: Class initialized using 'CodeIgniter\Session\Handlers\FileHandler' driver.
INFO - 2025-10-24 09:52:38 --> Session: Class initialized using 'CodeIgniter\Session\Handlers\FileHandler' driver.
INFO - 2025-10-24 09:53:38 --> Session: Class initialized using 'CodeIgniter\Session\Handlers\FileHandler' driver.
INFO - 2025-10-24 09:54:38 --> Session: Class initialized using 'CodeIgniter\Session\Handlers\FileHandler' driver.
INFO - 2025-10-24 09:55:38 --> Session: Class initialized using 'CodeIgniter\Session\Handlers\FileHandler' driver.
INFO - 2025-10-24 09:56:38 --> Session: Class initialized using 'CodeIgniter\Session\Handlers\FileHandler' driver.
INFO - 2025-10-24 09:57:38 --> Session: Class initialized using 'CodeIgniter\Session\Handlers\FileHandler' driver.
INFO - 2025-10-24 09:58:38 --> Session: Class initialized using 'CodeIgniter\Session\Handlers\FileHandler' driver.
INFO - 2025-10-24 09:59:38 --> Session: Class initialized using 'CodeIgniter\Session\Handlers\FileHandler' driver.
INFO - 2025-10-24 10:00:38 --> Session: Class initialized using 'CodeIgniter\Session\Handlers\FileHandler' driver.
INFO - 2025-10-24 10:01:38 --> Session: Class initialized using 'CodeIgniter\Session\Handlers\FileHandler' driver.
INFO - 2025-10-24 10:02:38 --> Session: Class initialized using 'CodeIgniter\Session\Handlers\FileHandler' driver.
INFO - 2025-10-24 10:03:38 --> Session: Class initialized using 'CodeIgniter\Session\Handlers\FileHandler' driver.
INFO - 2025-10-24 10:04:15 --> Session: Class initialized using 'CodeIgniter\Session\Handlers\FileHandler' driver.
INFO - 2025-10-24 10:04:16 --> Session: Class initialized using 'CodeIgniter\Session\Handlers\FileHandler' driver.
INFO - 2025-10-24 10:04:18 --> Session: Class initialized using 'CodeIgniter\Session\Handlers\FileHandler' driver.
INFO - 2025-10-24 10:04:19 --> Session: Class initialized using 'CodeIgniter\Session\Handlers\FileHandler' driver.
INFO - 2025-10-24 10:04:19 --> Session: Class initialized using 'CodeIgniter\Session\Handlers\FileHandler' driver.
INFO - 2025-10-24 10:04:19 --> Session: Class initialized using 'CodeIgniter\Session\Handlers\FileHandler' driver.
INFO - 2025-10-24 10:04:22 --> Session: Class initialized using 'CodeIgniter\Session\Handlers\FileHandler' driver.
INFO - 2025-10-24 10:04:32 --> Session: Class initialized using 'CodeIgniter\Session\Handlers\FileHandler' driver.
INFO - 2025-10-24 10:04:41 --> Session: Class initialized using 'CodeIgniter\Session\Handlers\FileHandler' driver.
INFO - 2025-10-24 10:05:00 --> Session: Class initialized using 'CodeIgniter\Session\Handlers\FileHandler' driver.
INFO - 2025-10-24 10:05:02 --> Session: Class initialized using 'CodeIgniter\Session\Handlers\FileHandler' driver.
INFO - 2025-10-24 10:05:02 --> Session: Class initialized using 'CodeIgniter\Session\Handlers\FileHandler' driver.
INFO - 2025-10-24 10:05:03 --> Session: Class initialized using 'CodeIgniter\Session\Handlers\FileHandler' driver.
INFO - 2025-10-24 10:05:06 --> Session: Class initialized using 'CodeIgniter\Session\Handlers\FileHandler' driver.
INFO - 2025-10-24 10:10:23 --> Session: Class initialized using 'CodeIgniter\Session\Handlers\FileHandler' driver.
INFO - 2025-10-24 10:10:23 --> Session: Class initialized using 'CodeIgniter\Session\Handlers\FileHandler' driver.
INFO - 2025-10-24 10:10:23 --> Session: Class initialized using 'CodeIgniter\Session\Handlers\FileHandler' driver.
INFO - 2025-10-24 10:10:23 --> Session: Class initialized using 'CodeIgniter\Session\Handlers\FileHandler' driver.
INFO - 2025-10-24 10:10:44 --> Session: Class initialized using 'CodeIgniter\Session\Handlers\FileHandler' driver.
INFO - 2025-10-24 10:10:44 --> Session: Class initialized using 'CodeIgniter\Session\Handlers\FileHandler' driver.
INFO - 2025-10-24 10:10:44 --> Session: Class initialized using 'CodeIgniter\Session\Handlers\FileHandler' driver.
INFO - 2025-10-24 10:10:44 --> Session: Class initialized using 'CodeIgniter\Session\Handlers\FileHandler' driver.
DEBUG - 2025-10-24 10:10:46 --> Ruta actual: /Tesina/public/energia/dispositivo/2
INFO - 2025-10-24 10:10:46 --> Session: Class initialized using 'CodeIgniter\Session\Handlers\FileHandler' driver.
DEBUG - 2025-10-24 10:10:46 --> Datos en sesión: Array
(
    [__ci_last_regenerate] => 1761311446
    [_ci_previous_url] => http://192.168.2.149/Tesina/public/home/manual
)

INFO - 2025-10-24 10:10:47 --> Session: Class initialized using 'CodeIgniter\Session\Handlers\FileHandler' driver.
DEBUG - 2025-10-24 10:10:47 --> Ruta actual: /Tesina/public/admin
INFO - 2025-10-24 10:10:47 --> Session: Class initialized using 'CodeIgniter\Session\Handlers\FileHandler' driver.
DEBUG - 2025-10-24 10:10:47 --> Datos en sesión: Array
(
    [__ci_last_regenerate] => 1761311423
    [_ci_previous_url] => http://192.168.2.149/Tesina/public/energia/cortes
    [id_usuario] => 1
    [nombre] => brunito
    [apellido] => barber
    [email] => brunocameille@alumnos.itr3.edu.ar
    [rol] => admin
    [logged_in] => 1
)

DEBUG - 2025-10-24 10:10:49 --> Ruta actual: /Tesina/public/admin/dispositivos
INFO - 2025-10-24 10:10:49 --> Session: Class initialized using 'CodeIgniter\Session\Handlers\FileHandler' driver.
DEBUG - 2025-10-24 10:10:49 --> Datos en sesión: Array
(
    [__ci_last_regenerate] => 1761311423
    [_ci_previous_url] => http://192.168.2.149/Tesina/public/admin
    [id_usuario] => 1
    [nombre] => brunito
    [apellido] => barber
    [email] => brunocameille@alumnos.itr3.edu.ar
    [rol] => admin
    [logged_in] => 1
)

DEBUG - 2025-10-24 10:10:49 --> Buscando usuario ID: 1
DEBUG - 2025-10-24 10:10:49 --> Resultado de la búsqueda: Array
(
    [id_usuario] => 1
    [nombre] => brunito
    [apellido] => barber
    [email] => brunocameille@alumnos.itr3.edu.ar
    [contrasena] => $2y$10$DfVf5j75GUow.8KQIROrQ.HgppT0Rq0gHjnl3td.ZZBDLZAYggz.u
    [direccion_id] => 0
    [id_rol] => 1
    [created_at] => 2025-04-07 13:37:30
    [updated_at] => 2025-10-13 19:57:07
    [invitado_por] => 
    [estado] => activo
    [token_activacion] => 
)

DEBUG - 2025-10-24 10:10:51 --> Ruta actual: /Tesina/public/energia/dispositivo/2
INFO - 2025-10-24 10:10:51 --> Session: Class initialized using 'CodeIgniter\Session\Handlers\FileHandler' driver.
DEBUG - 2025-10-24 10:10:51 --> Datos en sesión: Array
(
    [__ci_last_regenerate] => 1761311423
    [_ci_previous_url] => http://192.168.2.149/Tesina/public/admin/dispositivos
    [id_usuario] => 1
    [nombre] => brunito
    [apellido] => barber
    [email] => brunocameille@alumnos.itr3.edu.ar
    [rol] => admin
    [logged_in] => 1
)

INFO - 2025-10-24 10:10:52 --> Session: Class initialized using 'CodeIgniter\Session\Handlers\FileHandler' driver.
INFO - 2025-10-24 10:10:52 --> Session: Class initialized using 'CodeIgniter\Session\Handlers\FileHandler' driver.
INFO - 2025-10-24 10:10:53 --> Session: Class initialized using 'CodeIgniter\Session\Handlers\FileHandler' driver.
INFO - 2025-10-24 10:10:57 --> Session: Class initialized using 'CodeIgniter\Session\Handlers\FileHandler' driver.
INFO - 2025-10-24 10:11:02 --> Session: Class initialized using 'CodeIgniter\Session\Handlers\FileHandler' driver.
INFO - 2025-10-24 10:11:07 --> Session: Class initialized using 'CodeIgniter\Session\Handlers\FileHandler' driver.
INFO - 2025-10-24 10:11:12 --> Session: Class initialized using 'CodeIgniter\Session\Handlers\FileHandler' driver.
INFO - 2025-10-24 10:11:17 --> Session: Class initialized using 'CodeIgniter\Session\Handlers\FileHandler' driver.
INFO - 2025-10-24 10:11:22 --> Session: Class initialized using 'CodeIgniter\Session\Handlers\FileHandler' driver.
INFO - 2025-10-24 10:11:27 --> Session: Class initialized using 'CodeIgniter\Session\Handlers\FileHandler' driver.
INFO - 2025-10-24 10:11:32 --> Session: Class initialized using 'CodeIgniter\Session\Handlers\FileHandler' driver.
INFO - 2025-10-24 10:11:37 --> Session: Class initialized using 'CodeIgniter\Session\Handlers\FileHandler' driver.
INFO - 2025-10-24 10:11:42 --> Session: Class initialized using 'CodeIgniter\Session\Handlers\FileHandler' driver.
INFO - 2025-10-24 10:11:47 --> Session: Class initialized using 'CodeIgniter\Session\Handlers\FileHandler' driver.
INFO - 2025-10-24 10:11:52 --> Session: Class initialized using 'CodeIgniter\Session\Handlers\FileHandler' driver.
INFO - 2025-10-24 10:12:38 --> Session: Class initialized using 'CodeIgniter\Session\Handlers\FileHandler' driver.
INFO - 2025-10-24 10:13:15 --> Session: Class initialized using 'CodeIgniter\Session\Handlers\FileHandler' driver.
INFO - 2025-10-24 10:13:17 --> Session: Class initialized using 'CodeIgniter\Session\Handlers\FileHandler' driver.
INFO - 2025-10-24 10:13:18 --> Session: Class initialized using 'CodeIgniter\Session\Handlers\FileHandler' driver.
INFO - 2025-10-24 10:13:19 --> Session: Class initialized using 'CodeIgniter\Session\Handlers\FileHandler' driver.
INFO - 2025-10-24 10:13:19 --> Session: Class initialized using 'CodeIgniter\Session\Handlers\FileHandler' driver.
INFO - 2025-10-24 10:13:19 --> Session: Class initialized using 'CodeIgniter\Session\Handlers\FileHandler' driver.
INFO - 2025-10-24 10:13:21 --> Session: Class initialized using 'CodeIgniter\Session\Handlers\FileHandler' driver.
INFO - 2025-10-24 10:13:29 --> Session: Class initialized using 'CodeIgniter\Session\Handlers\FileHandler' driver.
INFO - 2025-10-24 10:13:32 --> Session: Class initialized using 'CodeIgniter\Session\Handlers\FileHandler' driver.
INFO - 2025-10-24 10:14:52 --> Session: Class initialized using 'CodeIgniter\Session\Handlers\FileHandler' driver.
DEBUG - 2025-10-24 10:22:58 --> Ruta actual: /Tesina/public/energia/dispositivo/2
INFO - 2025-10-24 10:22:58 --> Session: Class initialized using 'CodeIgniter\Session\Handlers\FileHandler' driver.
DEBUG - 2025-10-24 10:22:58 --> Datos en sesión: Array
(
    [__ci_last_regenerate] => 1761312178
    [_ci_previous_url] => http://192.168.2.149/Tesina/public/home/manual
)

INFO - 2025-10-24 10:22:59 --> Session: Class initialized using 'CodeIgniter\Session\Handlers\FileHandler' driver.
DEBUG - 2025-10-24 10:22:59 --> Ruta actual: /Tesina/public/admin
INFO - 2025-10-24 10:22:59 --> Session: Class initialized using 'CodeIgniter\Session\Handlers\FileHandler' driver.
DEBUG - 2025-10-24 10:22:59 --> Datos en sesión: Array
(
    [__ci_last_regenerate] => 1761312179
    [_ci_previous_url] => http://192.168.2.149/Tesina/public/energia/cortes
    [id_usuario] => 1
    [nombre] => brunito
    [apellido] => barber
    [email] => brunocameille@alumnos.itr3.edu.ar
    [rol] => admin
    [logged_in] => 1
)

DEBUG - 2025-10-24 10:23:04 --> Ruta actual: /Tesina/public/admin/dispositivos
INFO - 2025-10-24 10:23:04 --> Session: Class initialized using 'CodeIgniter\Session\Handlers\FileHandler' driver.
DEBUG - 2025-10-24 10:23:04 --> Datos en sesión: Array
(
    [__ci_last_regenerate] => 1761312179
    [_ci_previous_url] => http://192.168.2.149/Tesina/public/admin
    [id_usuario] => 1
    [nombre] => brunito
    [apellido] => barber
    [email] => brunocameille@alumnos.itr3.edu.ar
    [rol] => admin
    [logged_in] => 1
)

DEBUG - 2025-10-24 10:23:04 --> Buscando usuario ID: 1
DEBUG - 2025-10-24 10:23:04 --> Resultado de la búsqueda: Array
(
    [id_usuario] => 1
    [nombre] => brunito
    [apellido] => barber
    [email] => brunocameille@alumnos.itr3.edu.ar
    [contrasena] => $2y$10$DfVf5j75GUow.8KQIROrQ.HgppT0Rq0gHjnl3td.ZZBDLZAYggz.u
    [direccion_id] => 0
    [id_rol] => 1
    [created_at] => 2025-04-07 13:37:30
    [updated_at] => 2025-10-13 19:57:07
    [invitado_por] => 
    [estado] => activo
    [token_activacion] => 
)

DEBUG - 2025-10-24 10:23:07 --> Ruta actual: /Tesina/public/energia/dispositivo/2
INFO - 2025-10-24 10:23:07 --> Session: Class initialized using 'CodeIgniter\Session\Handlers\FileHandler' driver.
DEBUG - 2025-10-24 10:23:07 --> Datos en sesión: Array
(
    [__ci_last_regenerate] => 1761312179
    [_ci_previous_url] => http://192.168.2.149/Tesina/public/admin/dispositivos
    [id_usuario] => 1
    [nombre] => brunito
    [apellido] => barber
    [email] => brunocameille@alumnos.itr3.edu.ar
    [rol] => admin
    [logged_in] => 1
)

INFO - 2025-10-24 10:23:08 --> Session: Class initialized using 'CodeIgniter\Session\Handlers\FileHandler' driver.
INFO - 2025-10-24 10:23:09 --> Session: Class initialized using 'CodeIgniter\Session\Handlers\FileHandler' driver.
INFO - 2025-10-24 10:23:09 --> Session: Class initialized using 'CodeIgniter\Session\Handlers\FileHandler' driver.
DEBUG - 2025-10-24 10:23:10 --> Ruta actual: /Tesina/public/admin/dispositivos
INFO - 2025-10-24 10:23:10 --> Session: Class initialized using 'CodeIgniter\Session\Handlers\FileHandler' driver.
DEBUG - 2025-10-24 10:23:10 --> Datos en sesión: Array
(
    [__ci_last_regenerate] => 1761312179
    [_ci_previous_url] => http://192.168.2.149/Tesina/public/energia/dispositivo/2
    [id_usuario] => 1
    [nombre] => brunito
    [apellido] => barber
    [email] => brunocameille@alumnos.itr3.edu.ar
    [rol] => admin
    [logged_in] => 1
)

DEBUG - 2025-10-24 10:23:10 --> Buscando usuario ID: 1
DEBUG - 2025-10-24 10:23:10 --> Resultado de la búsqueda: Array
(
    [id_usuario] => 1
    [nombre] => brunito
    [apellido] => barber
    [email] => brunocameille@alumnos.itr3.edu.ar
    [contrasena] => $2y$10$DfVf5j75GUow.8KQIROrQ.HgppT0Rq0gHjnl3td.ZZBDLZAYggz.u
    [direccion_id] => 0
    [id_rol] => 1
    [created_at] => 2025-04-07 13:37:30
    [updated_at] => 2025-10-13 19:57:07
    [invitado_por] => 
    [estado] => activo
    [token_activacion] => 
)

INFO - 2025-10-24 10:23:12 --> Session: Class initialized using 'CodeIgniter\Session\Handlers\FileHandler' driver.
INFO - 2025-10-24 10:23:13 --> Session: Class initialized using 'CodeIgniter\Session\Handlers\FileHandler' driver.
INFO - 2025-10-24 10:23:13 --> Session: Class initialized using 'CodeIgniter\Session\Handlers\FileHandler' driver.
INFO - 2025-10-24 10:23:13 --> Session: Class initialized using 'CodeIgniter\Session\Handlers\FileHandler' driver.
INFO - 2025-10-24 10:23:18 --> Session: Class initialized using 'CodeIgniter\Session\Handlers\FileHandler' driver.
INFO - 2025-10-24 10:23:19 --> Session: Class initialized using 'CodeIgniter\Session\Handlers\FileHandler' driver.
INFO - 2025-10-24 10:23:19 --> Session: Class initialized using 'CodeIgniter\Session\Handlers\FileHandler' driver.
INFO - 2025-10-24 10:23:19 --> Session: Class initialized using 'CodeIgniter\Session\Handlers\FileHandler' driver.
DEBUG - 2025-10-24 10:23:48 --> Ruta actual: /Tesina/public/energia/dispositivo/29
INFO - 2025-10-24 10:23:48 --> Session: Class initialized using 'CodeIgniter\Session\Handlers\FileHandler' driver.
DEBUG - 2025-10-24 10:23:48 --> Datos en sesión: Array
(
    [__ci_last_regenerate] => 1761312179
    [_ci_previous_url] => http://192.168.2.149/Tesina/public/energia/cortes?dispositivo=29
    [id_usuario] => 1
    [nombre] => brunito
    [apellido] => barber
    [email] => brunocameille@alumnos.itr3.edu.ar
    [rol] => admin
    [logged_in] => 1
)

INFO - 2025-10-24 10:23:52 --> Session: Class initialized using 'CodeIgniter\Session\Handlers\FileHandler' driver.
INFO - 2025-10-24 10:23:53 --> Session: Class initialized using 'CodeIgniter\Session\Handlers\FileHandler' driver.
INFO - 2025-10-24 10:23:53 --> Session: Class initialized using 'CodeIgniter\Session\Handlers\FileHandler' driver.
INFO - 2025-10-24 10:23:53 --> Session: Class initialized using 'CodeIgniter\Session\Handlers\FileHandler' driver.
DEBUG - 2025-10-24 10:24:01 --> Ruta actual: /Tesina/public/energia/dispositivo/29
INFO - 2025-10-24 10:24:01 --> Session: Class initialized using 'CodeIgniter\Session\Handlers\FileHandler' driver.
DEBUG - 2025-10-24 10:24:01 --> Datos en sesión: Array
(
    [__ci_last_regenerate] => 1761312179
    [_ci_previous_url] => http://192.168.2.149/Tesina/public/energia/cortes
    [id_usuario] => 1
    [nombre] => brunito
    [apellido] => barber
    [email] => brunocameille@alumnos.itr3.edu.ar
    [rol] => admin
    [logged_in] => 1
)

DEBUG - 2025-10-24 10:26:44 --> Ruta actual: /Tesina/public/admin
INFO - 2025-10-24 10:26:44 --> Session: Class initialized using 'CodeIgniter\Session\Handlers\FileHandler' driver.
DEBUG - 2025-10-24 10:26:44 --> Datos en sesión: Array
(
    [__ci_last_regenerate] => 1761312179
    [_ci_previous_url] => http://192.168.2.149/Tesina/public/energia/dispositivo/29
    [id_usuario] => 1
    [nombre] => brunito
    [apellido] => barber
    [email] => brunocameille@alumnos.itr3.edu.ar
    [rol] => admin
    [logged_in] => 1
)

DEBUG - 2025-10-24 10:26:47 --> Ruta actual: /Tesina/public/admin/dispositivos
INFO - 2025-10-24 10:26:47 --> Session: Class initialized using 'CodeIgniter\Session\Handlers\FileHandler' driver.
DEBUG - 2025-10-24 10:26:47 --> Datos en sesión: Array
(
    [__ci_last_regenerate] => 1761312179
    [_ci_previous_url] => http://192.168.2.149/Tesina/public/admin
    [id_usuario] => 1
    [nombre] => brunito
    [apellido] => barber
    [email] => brunocameille@alumnos.itr3.edu.ar
    [rol] => admin
    [logged_in] => 1
)

DEBUG - 2025-10-24 10:26:47 --> Buscando usuario ID: 1
DEBUG - 2025-10-24 10:26:47 --> Resultado de la búsqueda: Array
(
    [id_usuario] => 1
    [nombre] => brunito
    [apellido] => barber
    [email] => brunocameille@alumnos.itr3.edu.ar
    [contrasena] => $2y$10$DfVf5j75GUow.8KQIROrQ.HgppT0Rq0gHjnl3td.ZZBDLZAYggz.u
    [direccion_id] => 0
    [id_rol] => 1
    [created_at] => 2025-04-07 13:37:30
    [updated_at] => 2025-10-13 19:57:07
    [invitado_por] => 
    [estado] => activo
    [token_activacion] => 
)

DEBUG - 2025-10-24 10:26:50 --> Ruta actual: /Tesina/public/energia/dispositivo/2
INFO - 2025-10-24 10:26:50 --> Session: Class initialized using 'CodeIgniter\Session\Handlers\FileHandler' driver.
DEBUG - 2025-10-24 10:26:50 --> Datos en sesión: Array
(
    [__ci_last_regenerate] => 1761312179
    [_ci_previous_url] => http://192.168.2.149/Tesina/public/admin/dispositivos
    [id_usuario] => 1
    [nombre] => brunito
    [apellido] => barber
    [email] => brunocameille@alumnos.itr3.edu.ar
    [rol] => admin
    [logged_in] => 1
)

INFO - 2025-10-24 10:26:51 --> Session: Class initialized using 'CodeIgniter\Session\Handlers\FileHandler' driver.
INFO - 2025-10-24 10:26:51 --> Session: Class initialized using 'CodeIgniter\Session\Handlers\FileHandler' driver.
INFO - 2025-10-24 10:26:51 --> Session: Class initialized using 'CodeIgniter\Session\Handlers\FileHandler' driver.
INFO - 2025-10-24 10:26:55 --> Session: Class initialized using 'CodeIgniter\Session\Handlers\FileHandler' driver.
INFO - 2025-10-24 10:27:00 --> Session: Class initialized using 'CodeIgniter\Session\Handlers\FileHandler' driver.
INFO - 2025-10-24 10:27:05 --> Session: Class initialized using 'CodeIgniter\Session\Handlers\FileHandler' driver.
INFO - 2025-10-24 10:27:10 --> Session: Class initialized using 'CodeIgniter\Session\Handlers\FileHandler' driver.
INFO - 2025-10-24 10:27:15 --> Session: Class initialized using 'CodeIgniter\Session\Handlers\FileHandler' driver.
INFO - 2025-10-24 10:27:17 --> Session: Class initialized using 'CodeIgniter\Session\Handlers\FileHandler' driver.
INFO - 2025-10-24 10:27:20 --> Session: Class initialized using 'CodeIgniter\Session\Handlers\FileHandler' driver.
DEBUG - 2025-10-24 10:27:20 --> Ruta actual: /Tesina/public/energia/dispositivo/2
INFO - 2025-10-24 10:27:20 --> Session: Class initialized using 'CodeIgniter\Session\Handlers\FileHandler' driver.
DEBUG - 2025-10-24 10:27:20 --> Datos en sesión: Array
(
    [__ci_last_regenerate] => 1761312179
    [_ci_previous_url] => http://192.168.2.149/Tesina/public/energia/dispositivo/2
    [id_usuario] => 1
    [nombre] => brunito
    [apellido] => barber
    [email] => brunocameille@alumnos.itr3.edu.ar
    [rol] => admin
    [logged_in] => 1
)

INFO - 2025-10-24 10:27:21 --> Session: Class initialized using 'CodeIgniter\Session\Handlers\FileHandler' driver.
INFO - 2025-10-24 10:27:21 --> Session: Class initialized using 'CodeIgniter\Session\Handlers\FileHandler' driver.
INFO - 2025-10-24 10:27:22 --> Session: Class initialized using 'CodeIgniter\Session\Handlers\FileHandler' driver.
INFO - 2025-10-24 10:27:26 --> Session: Class initialized using 'CodeIgniter\Session\Handlers\FileHandler' driver.
INFO - 2025-10-24 10:27:31 --> Session: Class initialized using 'CodeIgniter\Session\Handlers\FileHandler' driver.
INFO - 2025-10-24 10:27:36 --> Session: Class initialized using 'CodeIgniter\Session\Handlers\FileHandler' driver.
DEBUG - 2025-10-24 10:27:39 --> Ruta actual: /Tesina/public/admin
INFO - 2025-10-24 10:27:39 --> Session: Class initialized using 'CodeIgniter\Session\Handlers\FileHandler' driver.
DEBUG - 2025-10-24 10:27:39 --> Datos en sesión: Array
(
    [__ci_last_regenerate] => 1761312179
    [_ci_previous_url] => http://192.168.2.149/Tesina/public/energia/dispositivo/2
    [id_usuario] => 1
    [nombre] => brunito
    [apellido] => barber
    [email] => brunocameille@alumnos.itr3.edu.ar
    [rol] => admin
    [logged_in] => 1
)

DEBUG - 2025-10-24 10:27:41 --> Ruta actual: /Tesina/public/admin/dispositivos
INFO - 2025-10-24 10:27:41 --> Session: Class initialized using 'CodeIgniter\Session\Handlers\FileHandler' driver.
DEBUG - 2025-10-24 10:27:41 --> Datos en sesión: Array
(
    [__ci_last_regenerate] => 1761312179
    [_ci_previous_url] => http://192.168.2.149/Tesina/public/admin
    [id_usuario] => 1
    [nombre] => brunito
    [apellido] => barber
    [email] => brunocameille@alumnos.itr3.edu.ar
    [rol] => admin
    [logged_in] => 1
)

DEBUG - 2025-10-24 10:27:41 --> Buscando usuario ID: 1
DEBUG - 2025-10-24 10:27:41 --> Resultado de la búsqueda: Array
(
    [id_usuario] => 1
    [nombre] => brunito
    [apellido] => barber
    [email] => brunocameille@alumnos.itr3.edu.ar
    [contrasena] => $2y$10$DfVf5j75GUow.8KQIROrQ.HgppT0Rq0gHjnl3td.ZZBDLZAYggz.u
    [direccion_id] => 0
    [id_rol] => 1
    [created_at] => 2025-04-07 13:37:30
    [updated_at] => 2025-10-13 19:57:07
    [invitado_por] => 
    [estado] => activo
    [token_activacion] => 
)

DEBUG - 2025-10-24 10:27:46 --> Ruta actual: /Tesina/public/energia/dispositivo/2
INFO - 2025-10-24 10:27:46 --> Session: Class initialized using 'CodeIgniter\Session\Handlers\FileHandler' driver.
DEBUG - 2025-10-24 10:27:46 --> Datos en sesión: Array
(
    [__ci_last_regenerate] => 1761312179
    [_ci_previous_url] => http://192.168.2.149/Tesina/public/admin/dispositivos
    [id_usuario] => 1
    [nombre] => brunito
    [apellido] => barber
    [email] => brunocameille@alumnos.itr3.edu.ar
    [rol] => admin
    [logged_in] => 1
)

INFO - 2025-10-24 10:27:46 --> Session: Class initialized using 'CodeIgniter\Session\Handlers\FileHandler' driver.
INFO - 2025-10-24 10:27:46 --> Session: Class initialized using 'CodeIgniter\Session\Handlers\FileHandler' driver.
INFO - 2025-10-24 10:27:47 --> Session: Class initialized using 'CodeIgniter\Session\Handlers\FileHandler' driver.
INFO - 2025-10-24 10:27:51 --> Session: Class initialized using 'CodeIgniter\Session\Handlers\FileHandler' driver.
INFO - 2025-10-24 10:27:57 --> Session: Class initialized using 'CodeIgniter\Session\Handlers\FileHandler' driver.
INFO - 2025-10-24 10:28:02 --> Session: Class initialized using 'CodeIgniter\Session\Handlers\FileHandler' driver.
INFO - 2025-10-24 10:28:07 --> Session: Class initialized using 'CodeIgniter\Session\Handlers\FileHandler' driver.
INFO - 2025-10-24 10:28:12 --> Session: Class initialized using 'CodeIgniter\Session\Handlers\FileHandler' driver.
INFO - 2025-10-24 10:28:16 --> Session: Class initialized using 'CodeIgniter\Session\Handlers\FileHandler' driver.
INFO - 2025-10-24 10:28:21 --> Session: Class initialized using 'CodeIgniter\Session\Handlers\FileHandler' driver.
INFO - 2025-10-24 10:28:27 --> Session: Class initialized using 'CodeIgniter\Session\Handlers\FileHandler' driver.
INFO - 2025-10-24 10:28:32 --> Session: Class initialized using 'CodeIgniter\Session\Handlers\FileHandler' driver.
INFO - 2025-10-24 10:28:37 --> Session: Class initialized using 'CodeIgniter\Session\Handlers\FileHandler' driver.
INFO - 2025-10-24 10:28:42 --> Session: Class initialized using 'CodeIgniter\Session\Handlers\FileHandler' driver.
INFO - 2025-10-24 10:28:47 --> Session: Class initialized using 'CodeIgniter\Session\Handlers\FileHandler' driver.
INFO - 2025-10-24 10:28:52 --> Session: Class initialized using 'CodeIgniter\Session\Handlers\FileHandler' driver.
INFO - 2025-10-24 10:28:57 --> Session: Class initialized using 'CodeIgniter\Session\Handlers\FileHandler' driver.
INFO - 2025-10-24 10:29:02 --> Session: Class initialized using 'CodeIgniter\Session\Handlers\FileHandler' driver.
INFO - 2025-10-24 10:29:07 --> Session: Class initialized using 'CodeIgniter\Session\Handlers\FileHandler' driver.
INFO - 2025-10-24 10:29:12 --> Session: Class initialized using 'CodeIgniter\Session\Handlers\FileHandler' driver.
INFO - 2025-10-24 10:29:17 --> Session: Class initialized using 'CodeIgniter\Session\Handlers\FileHandler' driver.
INFO - 2025-10-24 10:29:22 --> Session: Class initialized using 'CodeIgniter\Session\Handlers\FileHandler' driver.
INFO - 2025-10-24 10:29:31 --> Session: Class initialized using 'CodeIgniter\Session\Handlers\FileHandler' driver.
INFO - 2025-10-24 10:29:33 --> Session: Class initialized using 'CodeIgniter\Session\Handlers\FileHandler' driver.
INFO - 2025-10-24 10:29:34 --> Session: Class initialized using 'CodeIgniter\Session\Handlers\FileHandler' driver.
INFO - 2025-10-24 10:29:34 --> Session: Class initialized using 'CodeIgniter\Session\Handlers\FileHandler' driver.
INFO - 2025-10-24 10:29:34 --> Session: Class initialized using 'CodeIgniter\Session\Handlers\FileHandler' driver.
INFO - 2025-10-24 10:29:39 --> Session: Class initialized using 'CodeIgniter\Session\Handlers\FileHandler' driver.
DEBUG - 2025-10-24 10:29:49 --> Ruta actual: /Tesina/public/admin
INFO - 2025-10-24 10:29:49 --> Session: Class initialized using 'CodeIgniter\Session\Handlers\FileHandler' driver.
DEBUG - 2025-10-24 10:29:49 --> Datos en sesión: Array
(
    [__ci_last_regenerate] => 1761312482
    [_ci_previous_url] => http://192.168.2.149/Tesina/public/energia/cortes
    [id_usuario] => 1
    [nombre] => brunito
    [apellido] => barber
    [email] => brunocameille@alumnos.itr3.edu.ar
    [rol] => admin
    [logged_in] => 1
)

DEBUG - 2025-10-24 10:29:51 --> Ruta actual: /Tesina/public/admin/dispositivos
INFO - 2025-10-24 10:29:51 --> Session: Class initialized using 'CodeIgniter\Session\Handlers\FileHandler' driver.
DEBUG - 2025-10-24 10:29:51 --> Datos en sesión: Array
(
    [__ci_last_regenerate] => 1761312482
    [_ci_previous_url] => http://192.168.2.149/Tesina/public/admin
    [id_usuario] => 1
    [nombre] => brunito
    [apellido] => barber
    [email] => brunocameille@alumnos.itr3.edu.ar
    [rol] => admin
    [logged_in] => 1
)

DEBUG - 2025-10-24 10:29:51 --> Buscando usuario ID: 1
DEBUG - 2025-10-24 10:29:51 --> Resultado de la búsqueda: Array
(
    [id_usuario] => 1
    [nombre] => brunito
    [apellido] => barber
    [email] => brunocameille@alumnos.itr3.edu.ar
    [contrasena] => $2y$10$DfVf5j75GUow.8KQIROrQ.HgppT0Rq0gHjnl3td.ZZBDLZAYggz.u
    [direccion_id] => 0
    [id_rol] => 1
    [created_at] => 2025-04-07 13:37:30
    [updated_at] => 2025-10-13 19:57:07
    [invitado_por] => 
    [estado] => activo
    [token_activacion] => 
)

DEBUG - 2025-10-24 10:29:52 --> Ruta actual: /Tesina/public/energia/dispositivo/29
INFO - 2025-10-24 10:29:52 --> Session: Class initialized using 'CodeIgniter\Session\Handlers\FileHandler' driver.
DEBUG - 2025-10-24 10:29:52 --> Datos en sesión: Array
(
    [__ci_last_regenerate] => 1761312482
    [_ci_previous_url] => http://192.168.2.149/Tesina/public/admin/dispositivos
    [id_usuario] => 1
    [nombre] => brunito
    [apellido] => barber
    [email] => brunocameille@alumnos.itr3.edu.ar
    [rol] => admin
    [logged_in] => 1
)

INFO - 2025-10-24 10:29:55 --> Session: Class initialized using 'CodeIgniter\Session\Handlers\FileHandler' driver.
INFO - 2025-10-24 10:29:56 --> Session: Class initialized using 'CodeIgniter\Session\Handlers\FileHandler' driver.
INFO - 2025-10-24 10:29:56 --> Session: Class initialized using 'CodeIgniter\Session\Handlers\FileHandler' driver.
INFO - 2025-10-24 10:29:56 --> Session: Class initialized using 'CodeIgniter\Session\Handlers\FileHandler' driver.
INFO - 2025-10-24 10:29:56 --> Session: Class initialized using 'CodeIgniter\Session\Handlers\FileHandler' driver.
INFO - 2025-10-24 10:30:00 --> Session: Class initialized using 'CodeIgniter\Session\Handlers\FileHandler' driver.
INFO - 2025-10-24 10:30:00 --> Session: Class initialized using 'CodeIgniter\Session\Handlers\FileHandler' driver.
INFO - 2025-10-24 10:30:01 --> Session: Class initialized using 'CodeIgniter\Session\Handlers\FileHandler' driver.
INFO - 2025-10-24 10:30:03 --> Session: Class initialized using 'CodeIgniter\Session\Handlers\FileHandler' driver.
INFO - 2025-10-24 10:30:03 --> Session: Class initialized using 'CodeIgniter\Session\Handlers\FileHandler' driver.
INFO - 2025-10-24 10:31:11 --> Session: Class initialized using 'CodeIgniter\Session\Handlers\FileHandler' driver.
INFO - 2025-10-24 10:31:11 --> Session: Class initialized using 'CodeIgniter\Session\Handlers\FileHandler' driver.
INFO - 2025-10-24 10:31:11 --> Session: Class initialized using 'CodeIgniter\Session\Handlers\FileHandler' driver.
INFO - 2025-10-24 10:31:11 --> Session: Class initialized using 'CodeIgniter\Session\Handlers\FileHandler' driver.
INFO - 2025-10-24 10:31:12 --> Session: Class initialized using 'CodeIgniter\Session\Handlers\FileHandler' driver.
DEBUG - 2025-10-24 10:31:13 --> Ruta actual: /Tesina/public/admin
INFO - 2025-10-24 10:31:13 --> Session: Class initialized using 'CodeIgniter\Session\Handlers\FileHandler' driver.
DEBUG - 2025-10-24 10:31:13 --> Datos en sesión: Array
(
    [__ci_last_regenerate] => 1761312482
    [_ci_previous_url] => http://192.168.2.149/Tesina/public/energia/cortes?dispositivo=29
    [id_usuario] => 1
    [nombre] => brunito
    [apellido] => barber
    [email] => brunocameille@alumnos.itr3.edu.ar
    [rol] => admin
    [logged_in] => 1
)

DEBUG - 2025-10-24 10:31:14 --> Ruta actual: /Tesina/public/admin/dispositivos
INFO - 2025-10-24 10:31:14 --> Session: Class initialized using 'CodeIgniter\Session\Handlers\FileHandler' driver.
DEBUG - 2025-10-24 10:31:14 --> Datos en sesión: Array
(
    [__ci_last_regenerate] => 1761312482
    [_ci_previous_url] => http://192.168.2.149/Tesina/public/admin
    [id_usuario] => 1
    [nombre] => brunito
    [apellido] => barber
    [email] => brunocameille@alumnos.itr3.edu.ar
    [rol] => admin
    [logged_in] => 1
)

DEBUG - 2025-10-24 10:31:14 --> Buscando usuario ID: 1
DEBUG - 2025-10-24 10:31:14 --> Resultado de la búsqueda: Array
(
    [id_usuario] => 1
    [nombre] => brunito
    [apellido] => barber
    [email] => brunocameille@alumnos.itr3.edu.ar
    [contrasena] => $2y$10$DfVf5j75GUow.8KQIROrQ.HgppT0Rq0gHjnl3td.ZZBDLZAYggz.u
    [direccion_id] => 0
    [id_rol] => 1
    [created_at] => 2025-04-07 13:37:30
    [updated_at] => 2025-10-13 19:57:07
    [invitado_por] => 
    [estado] => activo
    [token_activacion] => 
)

DEBUG - 2025-10-24 10:31:16 --> Ruta actual: /Tesina/public/energia/dispositivo/2
INFO - 2025-10-24 10:31:16 --> Session: Class initialized using 'CodeIgniter\Session\Handlers\FileHandler' driver.
DEBUG - 2025-10-24 10:31:16 --> Datos en sesión: Array
(
    [__ci_last_regenerate] => 1761312482
    [_ci_previous_url] => http://192.168.2.149/Tesina/public/admin/dispositivos
    [id_usuario] => 1
    [nombre] => brunito
    [apellido] => barber
    [email] => brunocameille@alumnos.itr3.edu.ar
    [rol] => admin
    [logged_in] => 1
)

INFO - 2025-10-24 10:31:17 --> Session: Class initialized using 'CodeIgniter\Session\Handlers\FileHandler' driver.
INFO - 2025-10-24 10:31:17 --> Session: Class initialized using 'CodeIgniter\Session\Handlers\FileHandler' driver.
INFO - 2025-10-24 10:31:18 --> Session: Class initialized using 'CodeIgniter\Session\Handlers\FileHandler' driver.
INFO - 2025-10-24 10:31:19 --> Session: Class initialized using 'CodeIgniter\Session\Handlers\FileHandler' driver.
INFO - 2025-10-24 10:31:19 --> Session: Class initialized using 'CodeIgniter\Session\Handlers\FileHandler' driver.
INFO - 2025-10-24 10:31:19 --> Session: Class initialized using 'CodeIgniter\Session\Handlers\FileHandler' driver.
INFO - 2025-10-24 10:31:20 --> Session: Class initialized using 'CodeIgniter\Session\Handlers\FileHandler' driver.
INFO - 2025-10-24 10:31:20 --> Session: Class initialized using 'CodeIgniter\Session\Handlers\FileHandler' driver.
INFO - 2025-10-24 10:31:22 --> Session: Class initialized using 'CodeIgniter\Session\Handlers\FileHandler' driver.
DEBUG - 2025-10-24 10:31:25 --> Ruta actual: /Tesina/public/energia/dispositivo/2
INFO - 2025-10-24 10:31:25 --> Session: Class initialized using 'CodeIgniter\Session\Handlers\FileHandler' driver.
DEBUG - 2025-10-24 10:31:25 --> Datos en sesión: Array
(
    [__ci_last_regenerate] => 1761312482
    [_ci_previous_url] => http://192.168.2.149/Tesina/public/energia/cortes?dispositivo=2
    [id_usuario] => 1
    [nombre] => brunito
    [apellido] => barber
    [email] => brunocameille@alumnos.itr3.edu.ar
    [rol] => admin
    [logged_in] => 1
)

INFO - 2025-10-24 10:31:25 --> Session: Class initialized using 'CodeIgniter\Session\Handlers\FileHandler' driver.
INFO - 2025-10-24 10:31:25 --> Session: Class initialized using 'CodeIgniter\Session\Handlers\FileHandler' driver.
INFO - 2025-10-24 10:31:26 --> Session: Class initialized using 'CodeIgniter\Session\Handlers\FileHandler' driver.
DEBUG - 2025-10-24 10:31:29 --> Ruta actual: /Tesina/public/admin/dispositivos
INFO - 2025-10-24 10:31:29 --> Session: Class initialized using 'CodeIgniter\Session\Handlers\FileHandler' driver.
DEBUG - 2025-10-24 10:31:29 --> Datos en sesión: Array
(
    [__ci_last_regenerate] => 1761312482
    [_ci_previous_url] => http://192.168.2.149/Tesina/public/energia/dispositivo/2
    [id_usuario] => 1
    [nombre] => brunito
    [apellido] => barber
    [email] => brunocameille@alumnos.itr3.edu.ar
    [rol] => admin
    [logged_in] => 1
)

DEBUG - 2025-10-24 10:31:29 --> Buscando usuario ID: 1
DEBUG - 2025-10-24 10:31:29 --> Resultado de la búsqueda: Array
(
    [id_usuario] => 1
    [nombre] => brunito
    [apellido] => barber
    [email] => brunocameille@alumnos.itr3.edu.ar
    [contrasena] => $2y$10$DfVf5j75GUow.8KQIROrQ.HgppT0Rq0gHjnl3td.ZZBDLZAYggz.u
    [direccion_id] => 0
    [id_rol] => 1
    [created_at] => 2025-04-07 13:37:30
    [updated_at] => 2025-10-13 19:57:07
    [invitado_por] => 
    [estado] => activo
    [token_activacion] => 
)

DEBUG - 2025-10-24 10:31:35 --> Ruta actual: /Tesina/public/energia/dispositivo/29
INFO - 2025-10-24 10:31:35 --> Session: Class initialized using 'CodeIgniter\Session\Handlers\FileHandler' driver.
DEBUG - 2025-10-24 10:31:35 --> Datos en sesión: Array
(
    [__ci_last_regenerate] => 1761312482
    [_ci_previous_url] => http://192.168.2.149/Tesina/public/admin/dispositivos
    [id_usuario] => 1
    [nombre] => brunito
    [apellido] => barber
    [email] => brunocameille@alumnos.itr3.edu.ar
    [rol] => admin
    [logged_in] => 1
)

INFO - 2025-10-24 10:31:37 --> Session: Class initialized using 'CodeIgniter\Session\Handlers\FileHandler' driver.
INFO - 2025-10-24 10:31:38 --> Session: Class initialized using 'CodeIgniter\Session\Handlers\FileHandler' driver.
INFO - 2025-10-24 10:31:38 --> Session: Class initialized using 'CodeIgniter\Session\Handlers\FileHandler' driver.
INFO - 2025-10-24 10:31:38 --> Session: Class initialized using 'CodeIgniter\Session\Handlers\FileHandler' driver.
INFO - 2025-10-24 10:31:38 --> Session: Class initialized using 'CodeIgniter\Session\Handlers\FileHandler' driver.
INFO - 2025-10-24 10:31:46 --> Session: Class initialized using 'CodeIgniter\Session\Handlers\FileHandler' driver.
INFO - 2025-10-24 10:31:53 --> Session: Class initialized using 'CodeIgniter\Session\Handlers\FileHandler' driver.
INFO - 2025-10-24 10:31:54 --> Session: Class initialized using 'CodeIgniter\Session\Handlers\FileHandler' driver.
DEBUG - 2025-10-24 10:31:56 --> Ruta actual: /Tesina/public/energia/dispositivo/2
INFO - 2025-10-24 10:31:56 --> Session: Class initialized using 'CodeIgniter\Session\Handlers\FileHandler' driver.
DEBUG - 2025-10-24 10:31:56 --> Datos en sesión: Array
(
    [__ci_last_regenerate] => 1761312716
    [_ci_previous_url] => http://192.168.2.149/Tesina/public/home/manual
)

INFO - 2025-10-24 10:31:56 --> Session: Class initialized using 'CodeIgniter\Session\Handlers\FileHandler' driver.
DEBUG - 2025-10-24 10:31:57 --> Ruta actual: /Tesina/public/admin
INFO - 2025-10-24 10:31:57 --> Session: Class initialized using 'CodeIgniter\Session\Handlers\FileHandler' driver.
DEBUG - 2025-10-24 10:31:57 --> Datos en sesión: Array
(
    [__ci_last_regenerate] => 1761312482
    [_ci_previous_url] => http://192.168.2.149/Tesina/public/energia/cortes?dispositivo=29
    [id_usuario] => 1
    [nombre] => brunito
    [apellido] => barber
    [email] => brunocameille@alumnos.itr3.edu.ar
    [rol] => admin
    [logged_in] => 1
)

DEBUG - 2025-10-24 10:31:58 --> Ruta actual: /Tesina/public/admin/dispositivos
INFO - 2025-10-24 10:31:58 --> Session: Class initialized using 'CodeIgniter\Session\Handlers\FileHandler' driver.
DEBUG - 2025-10-24 10:31:58 --> Datos en sesión: Array
(
    [__ci_last_regenerate] => 1761312482
    [_ci_previous_url] => http://192.168.2.149/Tesina/public/admin
    [id_usuario] => 1
    [nombre] => brunito
    [apellido] => barber
    [email] => brunocameille@alumnos.itr3.edu.ar
    [rol] => admin
    [logged_in] => 1
)

DEBUG - 2025-10-24 10:31:58 --> Buscando usuario ID: 1
DEBUG - 2025-10-24 10:31:58 --> Resultado de la búsqueda: Array
(
    [id_usuario] => 1
    [nombre] => brunito
    [apellido] => barber
    [email] => brunocameille@alumnos.itr3.edu.ar
    [contrasena] => $2y$10$DfVf5j75GUow.8KQIROrQ.HgppT0Rq0gHjnl3td.ZZBDLZAYggz.u
    [direccion_id] => 0
    [id_rol] => 1
    [created_at] => 2025-04-07 13:37:30
    [updated_at] => 2025-10-13 19:57:07
    [invitado_por] => 
    [estado] => activo
    [token_activacion] => 
)

DEBUG - 2025-10-24 10:33:42 --> Ruta actual: /Tesina/public/usuario/perfil
INFO - 2025-10-24 10:33:42 --> Session: Class initialized using 'CodeIgniter\Session\Handlers\FileHandler' driver.
DEBUG - 2025-10-24 10:33:42 --> Datos en sesión: Array
(
    [__ci_last_regenerate] => 1761312822
    [_ci_previous_url] => http://192.168.2.149/Tesina/public/admin/dispositivos
    [id_usuario] => 1
    [nombre] => brunito
    [apellido] => barber
    [email] => brunocameille@alumnos.itr3.edu.ar
    [rol] => admin
    [logged_in] => 1
)

DEBUG - 2025-10-24 10:33:42 --> Buscando usuario ID: 1
DEBUG - 2025-10-24 10:33:42 --> Resultado de la búsqueda: Array
(
    [id_usuario] => 1
    [nombre] => brunito
    [apellido] => barber
    [email] => brunocameille@alumnos.itr3.edu.ar
    [contrasena] => $2y$10$DfVf5j75GUow.8KQIROrQ.HgppT0Rq0gHjnl3td.ZZBDLZAYggz.u
    [direccion_id] => 0
    [id_rol] => 1
    [created_at] => 2025-04-07 13:37:30
    [updated_at] => 2025-10-13 19:57:07
    [invitado_por] => 
    [estado] => activo
    [token_activacion] => 
)

DEBUG - 2025-10-24 10:33:52 --> Ruta actual: /Tesina/public/usuario/perfil
INFO - 2025-10-24 10:33:52 --> Session: Class initialized using 'CodeIgniter\Session\Handlers\FileHandler' driver.
DEBUG - 2025-10-24 10:33:52 --> Datos en sesión: Array
(
    [__ci_last_regenerate] => 1761312822
    [_ci_previous_url] => http://192.168.2.149/Tesina/public/usuario/perfil
    [id_usuario] => 1
    [nombre] => brunito
    [apellido] => barber
    [email] => brunocameille@alumnos.itr3.edu.ar
    [rol] => admin
    [logged_in] => 1
)

DEBUG - 2025-10-24 10:33:52 --> Buscando usuario ID: 1
DEBUG - 2025-10-24 10:33:52 --> Resultado de la búsqueda: Array
(
    [id_usuario] => 1
    [nombre] => brunito
    [apellido] => barber
    [email] => brunocameille@alumnos.itr3.edu.ar
    [contrasena] => $2y$10$DfVf5j75GUow.8KQIROrQ.HgppT0Rq0gHjnl3td.ZZBDLZAYggz.u
    [direccion_id] => 0
    [id_rol] => 1
    [created_at] => 2025-04-07 13:37:30
    [updated_at] => 2025-10-13 19:57:07
    [invitado_por] => 
    [estado] => activo
    [token_activacion] => 
)

DEBUG - 2025-10-24 10:34:51 --> Ruta actual: /Tesina/public/usuario/perfil
INFO - 2025-10-24 10:34:51 --> Session: Class initialized using 'CodeIgniter\Session\Handlers\FileHandler' driver.
DEBUG - 2025-10-24 10:34:51 --> Datos en sesión: Array
(
    [__ci_last_regenerate] => 1761312822
    [_ci_previous_url] => http://192.168.2.149/Tesina/public/usuario/perfil
    [id_usuario] => 1
    [nombre] => brunito
    [apellido] => barber
    [email] => brunocameille@alumnos.itr3.edu.ar
    [rol] => admin
    [logged_in] => 1
)

DEBUG - 2025-10-24 10:34:51 --> Buscando usuario ID: 1
DEBUG - 2025-10-24 10:34:51 --> Resultado de la búsqueda: Array
(
    [id_usuario] => 1
    [nombre] => brunito
    [apellido] => barber
    [email] => brunocameille@alumnos.itr3.edu.ar
    [contrasena] => $2y$10$DfVf5j75GUow.8KQIROrQ.HgppT0Rq0gHjnl3td.ZZBDLZAYggz.u
    [direccion_id] => 0
    [id_rol] => 1
    [created_at] => 2025-04-07 13:37:30
    [updated_at] => 2025-10-13 19:57:07
    [invitado_por] => 
    [estado] => activo
    [token_activacion] => 
)

DEBUG - 2025-10-24 10:34:53 --> Ruta actual: /Tesina/public/usuario/perfil
INFO - 2025-10-24 10:34:53 --> Session: Class initialized using 'CodeIgniter\Session\Handlers\FileHandler' driver.
DEBUG - 2025-10-24 10:34:53 --> Datos en sesión: Array
(
    [__ci_last_regenerate] => 1761312822
    [_ci_previous_url] => http://192.168.2.149/Tesina/public/usuario/perfil
    [id_usuario] => 1
    [nombre] => brunito
    [apellido] => barber
    [email] => brunocameille@alumnos.itr3.edu.ar
    [rol] => admin
    [logged_in] => 1
)

DEBUG - 2025-10-24 10:34:53 --> Buscando usuario ID: 1
DEBUG - 2025-10-24 10:34:53 --> Resultado de la búsqueda: Array
(
    [id_usuario] => 1
    [nombre] => brunito
    [apellido] => barber
    [email] => brunocameille@alumnos.itr3.edu.ar
    [contrasena] => $2y$10$DfVf5j75GUow.8KQIROrQ.HgppT0Rq0gHjnl3td.ZZBDLZAYggz.u
    [direccion_id] => 0
    [id_rol] => 1
    [created_at] => 2025-04-07 13:37:30
    [updated_at] => 2025-10-13 19:57:07
    [invitado_por] => 
    [estado] => activo
    [token_activacion] => 
)

DEBUG - 2025-10-24 10:34:53 --> Ruta actual: /Tesina/public/usuario/perfil
INFO - 2025-10-24 10:34:53 --> Session: Class initialized using 'CodeIgniter\Session\Handlers\FileHandler' driver.
DEBUG - 2025-10-24 10:34:53 --> Datos en sesión: Array
(
    [__ci_last_regenerate] => 1761312822
    [_ci_previous_url] => http://192.168.2.149/Tesina/public/usuario/perfil
    [id_usuario] => 1
    [nombre] => brunito
    [apellido] => barber
    [email] => brunocameille@alumnos.itr3.edu.ar
    [rol] => admin
    [logged_in] => 1
)

DEBUG - 2025-10-24 10:34:53 --> Buscando usuario ID: 1
DEBUG - 2025-10-24 10:34:53 --> Resultado de la búsqueda: Array
(
    [id_usuario] => 1
    [nombre] => brunito
    [apellido] => barber
    [email] => brunocameille@alumnos.itr3.edu.ar
    [contrasena] => $2y$10$DfVf5j75GUow.8KQIROrQ.HgppT0Rq0gHjnl3td.ZZBDLZAYggz.u
    [direccion_id] => 0
    [id_rol] => 1
    [created_at] => 2025-04-07 13:37:30
    [updated_at] => 2025-10-13 19:57:07
    [invitado_por] => 
    [estado] => activo
    [token_activacion] => 
)

DEBUG - 2025-10-24 10:34:57 --> Ruta actual: /Tesina/public/usuario/perfil
INFO - 2025-10-24 10:34:57 --> Session: Class initialized using 'CodeIgniter\Session\Handlers\FileHandler' driver.
DEBUG - 2025-10-24 10:34:57 --> Datos en sesión: Array
(
    [__ci_last_regenerate] => 1761312822
    [_ci_previous_url] => http://192.168.2.149/Tesina/public/usuario/perfil
    [id_usuario] => 1
    [nombre] => brunito
    [apellido] => barber
    [email] => brunocameille@alumnos.itr3.edu.ar
    [rol] => admin
    [logged_in] => 1
)

DEBUG - 2025-10-24 10:34:57 --> Buscando usuario ID: 1
DEBUG - 2025-10-24 10:34:57 --> Resultado de la búsqueda: Array
(
    [id_usuario] => 1
    [nombre] => brunito
    [apellido] => barber
    [email] => brunocameille@alumnos.itr3.edu.ar
    [contrasena] => $2y$10$DfVf5j75GUow.8KQIROrQ.HgppT0Rq0gHjnl3td.ZZBDLZAYggz.u
    [direccion_id] => 0
    [id_rol] => 1
    [created_at] => 2025-04-07 13:37:30
    [updated_at] => 2025-10-13 19:57:07
    [invitado_por] => 
    [estado] => activo
    [token_activacion] => 
)

DEBUG - 2025-10-24 10:35:21 --> Ruta actual: /Tesina/public/usuario/perfil
INFO - 2025-10-24 10:35:21 --> Session: Class initialized using 'CodeIgniter\Session\Handlers\FileHandler' driver.
DEBUG - 2025-10-24 10:35:21 --> Datos en sesión: Array
(
    [__ci_last_regenerate] => 1761312822
    [_ci_previous_url] => http://192.168.2.149/Tesina/public/usuario/perfil
    [id_usuario] => 1
    [nombre] => brunito
    [apellido] => barber
    [email] => brunocameille@alumnos.itr3.edu.ar
    [rol] => admin
    [logged_in] => 1
)

DEBUG - 2025-10-24 10:35:21 --> Buscando usuario ID: 1
DEBUG - 2025-10-24 10:35:21 --> Resultado de la búsqueda: Array
(
    [id_usuario] => 1
    [nombre] => brunito
    [apellido] => barber
    [email] => brunocameille@alumnos.itr3.edu.ar
    [contrasena] => $2y$10$DfVf5j75GUow.8KQIROrQ.HgppT0Rq0gHjnl3td.ZZBDLZAYggz.u
    [direccion_id] => 0
    [id_rol] => 1
    [created_at] => 2025-04-07 13:37:30
    [updated_at] => 2025-10-13 19:57:07
    [invitado_por] => 
    [estado] => activo
    [token_activacion] => 
)

INFO - 2025-10-24 10:35:24 --> Session: Class initialized using 'CodeIgniter\Session\Handlers\FileHandler' driver.
INFO - 2025-10-24 10:35:24 --> Session: Class initialized using 'CodeIgniter\Session\Handlers\FileHandler' driver.
INFO - 2025-10-24 10:35:38 --> Session: Class initialized using 'CodeIgniter\Session\Handlers\FileHandler' driver.
INFO - 2025-10-24 10:35:38 --> Session: Class initialized using 'CodeIgniter\Session\Handlers\FileHandler' driver.
INFO - 2025-10-24 10:37:20 --> Session: Class initialized using 'CodeIgniter\Session\Handlers\FileHandler' driver.
INFO - 2025-10-24 10:37:20 --> Session: Class initialized using 'CodeIgniter\Session\Handlers\FileHandler' driver.
INFO - 2025-10-24 10:37:21 --> Session: Class initialized using 'CodeIgniter\Session\Handlers\FileHandler' driver.
INFO - 2025-10-24 10:37:21 --> Session: Class initialized using 'CodeIgniter\Session\Handlers\FileHandler' driver.
DEBUG - 2025-10-24 10:37:23 --> Ruta actual: /Tesina/public/usuario/perfil
INFO - 2025-10-24 10:37:23 --> Session: Class initialized using 'CodeIgniter\Session\Handlers\FileHandler' driver.
DEBUG - 2025-10-24 10:37:23 --> Datos en sesión: Array
(
    [__ci_last_regenerate] => 1761312822
    [_ci_previous_url] => http://192.168.2.149/Tesina/public/energia/cortes
    [id_usuario] => 1
    [nombre] => brunito
    [apellido] => barber
    [email] => brunocameille@alumnos.itr3.edu.ar
    [rol] => admin
    [logged_in] => 1
)

DEBUG - 2025-10-24 10:37:23 --> Buscando usuario ID: 1
DEBUG - 2025-10-24 10:37:23 --> Resultado de la búsqueda: Array
(
    [id_usuario] => 1
    [nombre] => brunito
    [apellido] => barber
    [email] => brunocameille@alumnos.itr3.edu.ar
    [contrasena] => $2y$10$DfVf5j75GUow.8KQIROrQ.HgppT0Rq0gHjnl3td.ZZBDLZAYggz.u
    [direccion_id] => 0
    [id_rol] => 1
    [created_at] => 2025-04-07 13:37:30
    [updated_at] => 2025-10-13 19:57:07
    [invitado_por] => 
    [estado] => activo
    [token_activacion] => 
)

INFO - 2025-10-24 10:37:26 --> Session: Class initialized using 'CodeIgniter\Session\Handlers\FileHandler' driver.
INFO - 2025-10-24 10:37:26 --> Session: Class initialized using 'CodeIgniter\Session\Handlers\FileHandler' driver.
INFO - 2025-10-24 10:38:51 --> Session: Class initialized using 'CodeIgniter\Session\Handlers\FileHandler' driver.
INFO - 2025-10-24 10:38:51 --> Session: Class initialized using 'CodeIgniter\Session\Handlers\FileHandler' driver.
INFO - 2025-10-24 10:38:53 --> Session: Class initialized using 'CodeIgniter\Session\Handlers\FileHandler' driver.
INFO - 2025-10-24 10:38:57 --> Session: Class initialized using 'CodeIgniter\Session\Handlers\FileHandler' driver.
INFO - 2025-10-24 10:39:06 --> Session: Class initialized using 'CodeIgniter\Session\Handlers\FileHandler' driver.
INFO - 2025-10-24 10:39:08 --> Session: Class initialized using 'CodeIgniter\Session\Handlers\FileHandler' driver.
INFO - 2025-10-24 10:39:08 --> Session: Class initialized using 'CodeIgniter\Session\Handlers\FileHandler' driver.
INFO - 2025-10-24 10:39:16 --> Session: Class initialized using 'CodeIgniter\Session\Handlers\FileHandler' driver.
DEBUG - 2025-10-24 10:39:16 --> Intento de login para compra adicional - Email: brunocameille@alumnos.itr3.edu.ar
DEBUG - 2025-10-24 10:39:16 --> Usuario encontrado para compra adicional: {"id":"1","email":"brunocameille@alumnos.itr3.edu.ar","estado":"activo","rol":"1"}
DEBUG - 2025-10-24 10:39:16 --> Contraseña incorrecta para compra adicional - Email: brunocameille@alumnos.itr3.edu.ar
INFO - 2025-10-24 10:39:16 --> Session: Class initialized using 'CodeIgniter\Session\Handlers\FileHandler' driver.
INFO - 2025-10-24 10:56:05 --> Session: Class initialized using 'CodeIgniter\Session\Handlers\FileHandler' driver.
INFO - 2025-10-24 10:56:09 --> Session: Class initialized using 'CodeIgniter\Session\Handlers\FileHandler' driver.
INFO - 2025-10-24 10:56:10 --> Session: Class initialized using 'CodeIgniter\Session\Handlers\FileHandler' driver.
INFO - 2025-10-24 10:56:12 --> Session: Class initialized using 'CodeIgniter\Session\Handlers\FileHandler' driver.
INFO - 2025-10-24 10:56:12 --> Session: Class initialized using 'CodeIgniter\Session\Handlers\FileHandler' driver.
INFO - 2025-10-24 10:56:21 --> Session: Class initialized using 'CodeIgniter\Session\Handlers\FileHandler' driver.
INFO - 2025-10-24 10:56:28 --> Session: Class initialized using 'CodeIgniter\Session\Handlers\FileHandler' driver.
INFO - 2025-10-24 10:56:30 --> Session: Class initialized using 'CodeIgniter\Session\Handlers\FileHandler' driver.
INFO - 2025-10-24 10:58:50 --> Session: Class initialized using 'CodeIgniter\Session\Handlers\FileHandler' driver.
DEBUG - 2025-10-24 10:58:50 --> Intento de inicio de sesión para email: brunocameille@alumnos.itr3.edu.ar
DEBUG - 2025-10-24 10:58:50 --> Longitud de la contraseña ingresada: 16
DEBUG - 2025-10-24 10:58:50 --> Usuario encontrado: {"id":"1","email":"brunocameille@alumnos.itr3.edu.ar","estado":"activo","rol":"1"}
DEBUG - 2025-10-24 10:58:50 --> Resultado de verificación de contraseña: false
DEBUG - 2025-10-24 10:58:50 --> Hash almacenado en la base de datos: $2y$10$DfVf5j75GUow.8KQIROrQ.HgppT0Rq0gHjnl3td.ZZBDLZAYggz.u
DEBUG - 2025-10-24 10:58:50 --> Contraseña incorrecta para usuario: brunocameille@alumnos.itr3.edu.ar
INFO - 2025-10-24 10:58:50 --> Session: Class initialized using 'CodeIgniter\Session\Handlers\FileHandler' driver.
INFO - 2025-10-24 10:59:02 --> Session: Class initialized using 'CodeIgniter\Session\Handlers\FileHandler' driver.
DEBUG - 2025-10-24 10:59:02 --> Intento de inicio de sesión para email: brunocameille@alumnos.itr3.edu.ar
DEBUG - 2025-10-24 10:59:02 --> Longitud de la contraseña ingresada: 17
DEBUG - 2025-10-24 10:59:02 --> Usuario encontrado: {"id":"1","email":"brunocameille@alumnos.itr3.edu.ar","estado":"activo","rol":"1"}
DEBUG - 2025-10-24 10:59:02 --> Resultado de verificación de contraseña: true
DEBUG - 2025-10-24 10:59:02 --> Hash almacenado en la base de datos: $2y$10$DfVf5j75GUow.8KQIROrQ.HgppT0Rq0gHjnl3td.ZZBDLZAYggz.u
DEBUG - 2025-10-24 10:59:02 --> Inicio de sesión exitoso para usuario: brunocameille@alumnos.itr3.edu.ar
DEBUG - 2025-10-24 10:59:02 --> Datos de sesión guardados: {"id_usuario":"1","nombre":"brunito","apellido":"barber","email":"brunocameille@alumnos.itr3.edu.ar","rol":"admin","logged_in":true}
DEBUG - 2025-10-24 10:59:02 --> Ruta actual: /Tesina/public/admin
INFO - 2025-10-24 10:59:02 --> Session: Class initialized using 'CodeIgniter\Session\Handlers\FileHandler' driver.
DEBUG - 2025-10-24 10:59:02 --> Datos en sesión: Array
(
    [__ci_last_regenerate] => 1761314165
    [_ci_previous_url] => http://192.168.2.149/Tesina/public/autenticacion/login
    [id_usuario] => 1
    [nombre] => brunito
    [apellido] => barber
    [email] => brunocameille@alumnos.itr3.edu.ar
    [rol] => admin
    [logged_in] => 1
)

DEBUG - 2025-10-24 10:59:04 --> Ruta actual: /Tesina/public/admin/dispositivos
INFO - 2025-10-24 10:59:04 --> Session: Class initialized using 'CodeIgniter\Session\Handlers\FileHandler' driver.
DEBUG - 2025-10-24 10:59:04 --> Datos en sesión: Array
(
    [__ci_last_regenerate] => 1761314165
    [_ci_previous_url] => http://192.168.2.149/Tesina/public/admin
    [id_usuario] => 1
    [nombre] => brunito
    [apellido] => barber
    [email] => brunocameille@alumnos.itr3.edu.ar
    [rol] => admin
    [logged_in] => 1
)

DEBUG - 2025-10-24 10:59:04 --> Buscando usuario ID: 1
DEBUG - 2025-10-24 10:59:04 --> Resultado de la búsqueda: Array
(
    [id_usuario] => 1
    [nombre] => brunito
    [apellido] => barber
    [email] => brunocameille@alumnos.itr3.edu.ar
    [contrasena] => $2y$10$DfVf5j75GUow.8KQIROrQ.HgppT0Rq0gHjnl3td.ZZBDLZAYggz.u
    [direccion_id] => 0
    [id_rol] => 1
    [created_at] => 2025-04-07 13:37:30
    [updated_at] => 2025-10-13 19:57:07
    [invitado_por] => 
    [estado] => activo
    [token_activacion] => 
)

DEBUG - 2025-10-24 10:59:06 --> Ruta actual: /Tesina/public/energia/dispositivo/29
INFO - 2025-10-24 10:59:06 --> Session: Class initialized using 'CodeIgniter\Session\Handlers\FileHandler' driver.
DEBUG - 2025-10-24 10:59:06 --> Datos en sesión: Array
(
    [__ci_last_regenerate] => 1761314165
    [_ci_previous_url] => http://192.168.2.149/Tesina/public/admin/dispositivos
    [id_usuario] => 1
    [nombre] => brunito
    [apellido] => barber
    [email] => brunocameille@alumnos.itr3.edu.ar
    [rol] => admin
    [logged_in] => 1
)

DEBUG - 2025-10-24 10:59:08 --> Ruta actual: /Tesina/public/admin/dispositivos
INFO - 2025-10-24 10:59:08 --> Session: Class initialized using 'CodeIgniter\Session\Handlers\FileHandler' driver.
DEBUG - 2025-10-24 10:59:08 --> Datos en sesión: Array
(
    [__ci_last_regenerate] => 1761314165
    [_ci_previous_url] => http://192.168.2.149/Tesina/public/energia/dispositivo/29
    [id_usuario] => 1
    [nombre] => brunito
    [apellido] => barber
    [email] => brunocameille@alumnos.itr3.edu.ar
    [rol] => admin
    [logged_in] => 1
)

DEBUG - 2025-10-24 10:59:08 --> Buscando usuario ID: 1
DEBUG - 2025-10-24 10:59:08 --> Resultado de la búsqueda: Array
(
    [id_usuario] => 1
    [nombre] => brunito
    [apellido] => barber
    [email] => brunocameille@alumnos.itr3.edu.ar
    [contrasena] => $2y$10$DfVf5j75GUow.8KQIROrQ.HgppT0Rq0gHjnl3td.ZZBDLZAYggz.u
    [direccion_id] => 0
    [id_rol] => 1
    [created_at] => 2025-04-07 13:37:30
    [updated_at] => 2025-10-13 19:57:07
    [invitado_por] => 
    [estado] => activo
    [token_activacion] => 
)

DEBUG - 2025-10-24 10:59:11 --> Ruta actual: /Tesina/public/energia/dispositivo/2
INFO - 2025-10-24 10:59:11 --> Session: Class initialized using 'CodeIgniter\Session\Handlers\FileHandler' driver.
DEBUG - 2025-10-24 10:59:11 --> Datos en sesión: Array
(
    [__ci_last_regenerate] => 1761314165
    [_ci_previous_url] => http://192.168.2.149/Tesina/public/admin/dispositivos
    [id_usuario] => 1
    [nombre] => brunito
    [apellido] => barber
    [email] => brunocameille@alumnos.itr3.edu.ar
    [rol] => admin
    [logged_in] => 1
)

INFO - 2025-10-24 10:59:11 --> Session: Class initialized using 'CodeIgniter\Session\Handlers\FileHandler' driver.
INFO - 2025-10-24 10:59:11 --> Session: Class initialized using 'CodeIgniter\Session\Handlers\FileHandler' driver.
INFO - 2025-10-24 10:59:12 --> Session: Class initialized using 'CodeIgniter\Session\Handlers\FileHandler' driver.
INFO - 2025-10-24 10:59:16 --> Session: Class initialized using 'CodeIgniter\Session\Handlers\FileHandler' driver.
INFO - 2025-10-24 10:59:21 --> Session: Class initialized using 'CodeIgniter\Session\Handlers\FileHandler' driver.
INFO - 2025-10-24 10:59:27 --> Session: Class initialized using 'CodeIgniter\Session\Handlers\FileHandler' driver.
INFO - 2025-10-24 10:59:33 --> Session: Class initialized using 'CodeIgniter\Session\Handlers\FileHandler' driver.
INFO - 2025-10-24 10:59:37 --> Session: Class initialized using 'CodeIgniter\Session\Handlers\FileHandler' driver.
INFO - 2025-10-24 10:59:42 --> Session: Class initialized using 'CodeIgniter\Session\Handlers\FileHandler' driver.
INFO - 2025-10-24 10:59:47 --> Session: Class initialized using 'CodeIgniter\Session\Handlers\FileHandler' driver.
INFO - 2025-10-24 10:59:52 --> Session: Class initialized using 'CodeIgniter\Session\Handlers\FileHandler' driver.
INFO - 2025-10-24 10:59:57 --> Session: Class initialized using 'CodeIgniter\Session\Handlers\FileHandler' driver.
INFO - 2025-10-24 11:00:02 --> Session: Class initialized using 'CodeIgniter\Session\Handlers\FileHandler' driver.
DEBUG - 2025-10-24 11:00:04 --> Ruta actual: /Tesina/public/admin
INFO - 2025-10-24 11:00:04 --> Session: Class initialized using 'CodeIgniter\Session\Handlers\FileHandler' driver.
DEBUG - 2025-10-24 11:00:04 --> Datos en sesión: Array
(
    [__ci_last_regenerate] => 1761314165
    [_ci_previous_url] => http://192.168.2.149/Tesina/public/energia/dispositivo/2
    [id_usuario] => 1
    [nombre] => brunito
    [apellido] => barber
    [email] => brunocameille@alumnos.itr3.edu.ar
    [rol] => admin
    [logged_in] => 1
)

DEBUG - 2025-10-24 11:00:05 --> Ruta actual: /Tesina/public/admin/dispositivos
INFO - 2025-10-24 11:00:05 --> Session: Class initialized using 'CodeIgniter\Session\Handlers\FileHandler' driver.
DEBUG - 2025-10-24 11:00:05 --> Datos en sesión: Array
(
    [__ci_last_regenerate] => 1761314165
    [_ci_previous_url] => http://192.168.2.149/Tesina/public/admin
    [id_usuario] => 1
    [nombre] => brunito
    [apellido] => barber
    [email] => brunocameille@alumnos.itr3.edu.ar
    [rol] => admin
    [logged_in] => 1
)

DEBUG - 2025-10-24 11:00:05 --> Buscando usuario ID: 1
DEBUG - 2025-10-24 11:00:05 --> Resultado de la búsqueda: Array
(
    [id_usuario] => 1
    [nombre] => brunito
    [apellido] => barber
    [email] => brunocameille@alumnos.itr3.edu.ar
    [contrasena] => $2y$10$DfVf5j75GUow.8KQIROrQ.HgppT0Rq0gHjnl3td.ZZBDLZAYggz.u
    [direccion_id] => 0
    [id_rol] => 1
    [created_at] => 2025-04-07 13:37:30
    [updated_at] => 2025-10-13 19:57:07
    [invitado_por] => 
    [estado] => activo
    [token_activacion] => 
)

DEBUG - 2025-10-24 11:00:43 --> Ruta actual: /Tesina/public/admin/dispositivos
INFO - 2025-10-24 11:00:43 --> Session: Class initialized using 'CodeIgniter\Session\Handlers\FileHandler' driver.
DEBUG - 2025-10-24 11:00:43 --> Datos en sesión: Array
(
    [__ci_last_regenerate] => 1761314165
    [_ci_previous_url] => http://192.168.2.149/Tesina/public/admin/dispositivos
    [id_usuario] => 1
    [nombre] => brunito
    [apellido] => barber
    [email] => brunocameille@alumnos.itr3.edu.ar
    [rol] => admin
    [logged_in] => 1
)

DEBUG - 2025-10-24 11:00:43 --> Buscando usuario ID: 1
DEBUG - 2025-10-24 11:00:43 --> Resultado de la búsqueda: Array
(
    [id_usuario] => 1
    [nombre] => brunito
    [apellido] => barber
    [email] => brunocameille@alumnos.itr3.edu.ar
    [contrasena] => $2y$10$DfVf5j75GUow.8KQIROrQ.HgppT0Rq0gHjnl3td.ZZBDLZAYggz.u
    [direccion_id] => 0
    [id_rol] => 1
    [created_at] => 2025-04-07 13:37:30
    [updated_at] => 2025-10-13 19:57:07
    [invitado_por] => 
    [estado] => activo
    [token_activacion] => 
)

DEBUG - 2025-10-24 11:00:54 --> Ruta actual: /Tesina/public/admin/dispositivos
INFO - 2025-10-24 11:00:54 --> Session: Class initialized using 'CodeIgniter\Session\Handlers\FileHandler' driver.
DEBUG - 2025-10-24 11:00:54 --> Datos en sesión: Array
(
    [__ci_last_regenerate] => 1761314165
    [_ci_previous_url] => http://192.168.2.149/Tesina/public/admin/dispositivos
    [id_usuario] => 1
    [nombre] => brunito
    [apellido] => barber
    [email] => brunocameille@alumnos.itr3.edu.ar
    [rol] => admin
    [logged_in] => 1
)

DEBUG - 2025-10-24 11:00:54 --> Buscando usuario ID: 1
DEBUG - 2025-10-24 11:00:54 --> Resultado de la búsqueda: Array
(
    [id_usuario] => 1
    [nombre] => brunito
    [apellido] => barber
    [email] => brunocameille@alumnos.itr3.edu.ar
    [contrasena] => $2y$10$DfVf5j75GUow.8KQIROrQ.HgppT0Rq0gHjnl3td.ZZBDLZAYggz.u
    [direccion_id] => 0
    [id_rol] => 1
    [created_at] => 2025-04-07 13:37:30
    [updated_at] => 2025-10-13 19:57:07
    [invitado_por] => 
    [estado] => activo
    [token_activacion] => 
)

DEBUG - 2025-10-24 11:01:06 --> Ruta actual: /Tesina/public/admin/dispositivos
INFO - 2025-10-24 11:01:06 --> Session: Class initialized using 'CodeIgniter\Session\Handlers\FileHandler' driver.
DEBUG - 2025-10-24 11:01:06 --> Datos en sesión: Array
(
    [__ci_last_regenerate] => 1761314466
    [_ci_previous_url] => http://192.168.2.149/Tesina/public/admin/dispositivos
    [id_usuario] => 1
    [nombre] => brunito
    [apellido] => barber
    [email] => brunocameille@alumnos.itr3.edu.ar
    [rol] => admin
    [logged_in] => 1
)

DEBUG - 2025-10-24 11:01:06 --> Buscando usuario ID: 1
DEBUG - 2025-10-24 11:01:07 --> Resultado de la búsqueda: Array
(
    [id_usuario] => 1
    [nombre] => brunito
    [apellido] => barber
    [email] => brunocameille@alumnos.itr3.edu.ar
    [contrasena] => $2y$10$DfVf5j75GUow.8KQIROrQ.HgppT0Rq0gHjnl3td.ZZBDLZAYggz.u
    [direccion_id] => 0
    [id_rol] => 1
    [created_at] => 2025-04-07 13:37:30
    [updated_at] => 2025-10-13 19:57:07
    [invitado_por] => 
    [estado] => activo
    [token_activacion] => 
)

DEBUG - 2025-10-24 11:03:08 --> Ruta actual: /Tesina/public/energia/dispositivo/2
INFO - 2025-10-24 11:03:08 --> Session: Class initialized using 'CodeIgniter\Session\Handlers\FileHandler' driver.
DEBUG - 2025-10-24 11:03:08 --> Datos en sesión: Array
(
    [__ci_last_regenerate] => 1761314466
    [_ci_previous_url] => http://192.168.2.149/Tesina/public/admin/dispositivos
    [id_usuario] => 1
    [nombre] => brunito
    [apellido] => barber
    [email] => brunocameille@alumnos.itr3.edu.ar
    [rol] => admin
    [logged_in] => 1
)

INFO - 2025-10-24 11:03:09 --> Session: Class initialized using 'CodeIgniter\Session\Handlers\FileHandler' driver.
INFO - 2025-10-24 11:03:09 --> Session: Class initialized using 'CodeIgniter\Session\Handlers\FileHandler' driver.
INFO - 2025-10-24 11:03:10 --> Session: Class initialized using 'CodeIgniter\Session\Handlers\FileHandler' driver.
INFO - 2025-10-24 11:03:14 --> Session: Class initialized using 'CodeIgniter\Session\Handlers\FileHandler' driver.
INFO - 2025-10-24 11:03:19 --> Session: Class initialized using 'CodeIgniter\Session\Handlers\FileHandler' driver.
INFO - 2025-10-24 11:03:24 --> Session: Class initialized using 'CodeIgniter\Session\Handlers\FileHandler' driver.
INFO - 2025-10-24 11:03:29 --> Session: Class initialized using 'CodeIgniter\Session\Handlers\FileHandler' driver.
INFO - 2025-10-24 11:03:34 --> Session: Class initialized using 'CodeIgniter\Session\Handlers\FileHandler' driver.
INFO - 2025-10-24 11:03:39 --> Session: Class initialized using 'CodeIgniter\Session\Handlers\FileHandler' driver.
INFO - 2025-10-24 11:03:44 --> Session: Class initialized using 'CodeIgniter\Session\Handlers\FileHandler' driver.
INFO - 2025-10-24 11:03:49 --> Session: Class initialized using 'CodeIgniter\Session\Handlers\FileHandler' driver.
INFO - 2025-10-24 11:03:54 --> Session: Class initialized using 'CodeIgniter\Session\Handlers\FileHandler' driver.
INFO - 2025-10-24 11:03:59 --> Session: Class initialized using 'CodeIgniter\Session\Handlers\FileHandler' driver.
INFO - 2025-10-24 11:04:04 --> Session: Class initialized using 'CodeIgniter\Session\Handlers\FileHandler' driver.
INFO - 2025-10-24 11:04:09 --> Session: Class initialized using 'CodeIgniter\Session\Handlers\FileHandler' driver.
INFO - 2025-10-24 11:04:14 --> Session: Class initialized using 'CodeIgniter\Session\Handlers\FileHandler' driver.
INFO - 2025-10-24 11:04:19 --> Session: Class initialized using 'CodeIgniter\Session\Handlers\FileHandler' driver.
INFO - 2025-10-24 11:04:24 --> Session: Class initialized using 'CodeIgniter\Session\Handlers\FileHandler' driver.
INFO - 2025-10-24 11:04:29 --> Session: Class initialized using 'CodeIgniter\Session\Handlers\FileHandler' driver.
INFO - 2025-10-24 11:04:34 --> Session: Class initialized using 'CodeIgniter\Session\Handlers\FileHandler' driver.
INFO - 2025-10-24 11:04:39 --> Session: Class initialized using 'CodeIgniter\Session\Handlers\FileHandler' driver.
INFO - 2025-10-24 11:04:44 --> Session: Class initialized using 'CodeIgniter\Session\Handlers\FileHandler' driver.
INFO - 2025-10-24 11:04:49 --> Session: Class initialized using 'CodeIgniter\Session\Handlers\FileHandler' driver.
INFO - 2025-10-24 11:04:54 --> Session: Class initialized using 'CodeIgniter\Session\Handlers\FileHandler' driver.
INFO - 2025-10-24 11:04:59 --> Session: Class initialized using 'CodeIgniter\Session\Handlers\FileHandler' driver.
INFO - 2025-10-24 11:05:04 --> Session: Class initialized using 'CodeIgniter\Session\Handlers\FileHandler' driver.
INFO - 2025-10-24 11:05:09 --> Session: Class initialized using 'CodeIgniter\Session\Handlers\FileHandler' driver.
INFO - 2025-10-24 11:05:14 --> Session: Class initialized using 'CodeIgniter\Session\Handlers\FileHandler' driver.
INFO - 2025-10-24 11:05:19 --> Session: Class initialized using 'CodeIgniter\Session\Handlers\FileHandler' driver.
INFO - 2025-10-24 11:05:38 --> Session: Class initialized using 'CodeIgniter\Session\Handlers\FileHandler' driver.
INFO - 2025-10-24 11:06:38 --> Session: Class initialized using 'CodeIgniter\Session\Handlers\FileHandler' driver.
INFO - 2025-10-24 11:07:38 --> Session: Class initialized using 'CodeIgniter\Session\Handlers\FileHandler' driver.
INFO - 2025-10-24 11:08:38 --> Session: Class initialized using 'CodeIgniter\Session\Handlers\FileHandler' driver.
INFO - 2025-10-24 11:09:38 --> Session: Class initialized using 'CodeIgniter\Session\Handlers\FileHandler' driver.
INFO - 2025-10-24 11:10:38 --> Session: Class initialized using 'CodeIgniter\Session\Handlers\FileHandler' driver.
INFO - 2025-10-24 11:11:38 --> Session: Class initialized using 'CodeIgniter\Session\Handlers\FileHandler' driver.
INFO - 2025-10-24 11:12:38 --> Session: Class initialized using 'CodeIgniter\Session\Handlers\FileHandler' driver.
INFO - 2025-10-24 11:13:38 --> Session: Class initialized using 'CodeIgniter\Session\Handlers\FileHandler' driver.
INFO - 2025-10-24 11:14:38 --> Session: Class initialized using 'CodeIgniter\Session\Handlers\FileHandler' driver.
INFO - 2025-10-24 11:15:38 --> Session: Class initialized using 'CodeIgniter\Session\Handlers\FileHandler' driver.
INFO - 2025-10-24 11:16:15 --> Session: Class initialized using 'CodeIgniter\Session\Handlers\FileHandler' driver.
DEBUG - 2025-10-24 11:16:16 --> Ruta actual: /Tesina/public/admin/dispositivos
INFO - 2025-10-24 11:16:16 --> Session: Class initialized using 'CodeIgniter\Session\Handlers\FileHandler' driver.
DEBUG - 2025-10-24 11:16:16 --> Datos en sesión: Array
(
    [__ci_last_regenerate] => 1761315158
    [_ci_previous_url] => http://192.168.2.149/Tesina/public/energia/dispositivo/2
    [id_usuario] => 1
    [nombre] => brunito
    [apellido] => barber
    [email] => brunocameille@alumnos.itr3.edu.ar
    [rol] => admin
    [logged_in] => 1
)

DEBUG - 2025-10-24 11:16:16 --> Buscando usuario ID: 1
DEBUG - 2025-10-24 11:16:16 --> Resultado de la búsqueda: Array
(
    [id_usuario] => 1
    [nombre] => brunito
    [apellido] => barber
    [email] => brunocameille@alumnos.itr3.edu.ar
    [contrasena] => $2y$10$DfVf5j75GUow.8KQIROrQ.HgppT0Rq0gHjnl3td.ZZBDLZAYggz.u
    [direccion_id] => 0
    [id_rol] => 1
    [created_at] => 2025-04-07 13:37:30
    [updated_at] => 2025-10-13 19:57:07
    [invitado_por] => 
    [estado] => activo
    [token_activacion] => 
)

DEBUG - 2025-10-24 11:16:35 --> Ruta actual: /Tesina/public/admin/dispositivos/desactivar/29
INFO - 2025-10-24 11:16:35 --> Session: Class initialized using 'CodeIgniter\Session\Handlers\FileHandler' driver.
DEBUG - 2025-10-24 11:16:35 --> Datos en sesión: Array
(
    [__ci_last_regenerate] => 1761315158
    [_ci_previous_url] => http://192.168.2.149/Tesina/public/admin/dispositivos
    [id_usuario] => 1
    [nombre] => brunito
    [apellido] => barber
    [email] => brunocameille@alumnos.itr3.edu.ar
    [rol] => admin
    [logged_in] => 1
)

DEBUG - 2025-10-24 11:16:36 --> Ruta actual: /Tesina/public/admin/dispositivos
INFO - 2025-10-24 11:16:36 --> Session: Class initialized using 'CodeIgniter\Session\Handlers\FileHandler' driver.
DEBUG - 2025-10-24 11:16:36 --> Datos en sesión: Array
(
    [__ci_last_regenerate] => 1761315158
    [_ci_previous_url] => http://192.168.2.149/Tesina/public/admin/dispositivos
    [id_usuario] => 1
    [nombre] => brunito
    [apellido] => barber
    [email] => brunocameille@alumnos.itr3.edu.ar
    [rol] => admin
    [logged_in] => 1
)

DEBUG - 2025-10-24 11:16:36 --> Buscando usuario ID: 1
DEBUG - 2025-10-24 11:16:36 --> Resultado de la búsqueda: Array
(
    [id_usuario] => 1
    [nombre] => brunito
    [apellido] => barber
    [email] => brunocameille@alumnos.itr3.edu.ar
    [contrasena] => $2y$10$DfVf5j75GUow.8KQIROrQ.HgppT0Rq0gHjnl3td.ZZBDLZAYggz.u
    [direccion_id] => 0
    [id_rol] => 1
    [created_at] => 2025-04-07 13:37:30
    [updated_at] => 2025-10-13 19:57:07
    [invitado_por] => 
    [estado] => activo
    [token_activacion] => 
)

DEBUG - 2025-10-24 11:16:39 --> Ruta actual: /Tesina/public/admin/dispositivos/activar/29
INFO - 2025-10-24 11:16:39 --> Session: Class initialized using 'CodeIgniter\Session\Handlers\FileHandler' driver.
DEBUG - 2025-10-24 11:16:39 --> Datos en sesión: Array
(
    [__ci_last_regenerate] => 1761315158
    [_ci_previous_url] => http://192.168.2.149/Tesina/public/admin/dispositivos
    [id_usuario] => 1
    [nombre] => brunito
    [apellido] => barber
    [email] => brunocameille@alumnos.itr3.edu.ar
    [rol] => admin
    [logged_in] => 1
)

DEBUG - 2025-10-24 11:16:40 --> Ruta actual: /Tesina/public/admin/dispositivos
INFO - 2025-10-24 11:16:40 --> Session: Class initialized using 'CodeIgniter\Session\Handlers\FileHandler' driver.
DEBUG - 2025-10-24 11:16:40 --> Datos en sesión: Array
(
    [__ci_last_regenerate] => 1761315158
    [_ci_previous_url] => http://192.168.2.149/Tesina/public/admin/dispositivos
    [id_usuario] => 1
    [nombre] => brunito
    [apellido] => barber
    [email] => brunocameille@alumnos.itr3.edu.ar
    [rol] => admin
    [logged_in] => 1
)

DEBUG - 2025-10-24 11:16:40 --> Buscando usuario ID: 1
DEBUG - 2025-10-24 11:16:40 --> Resultado de la búsqueda: Array
(
    [id_usuario] => 1
    [nombre] => brunito
    [apellido] => barber
    [email] => brunocameille@alumnos.itr3.edu.ar
    [contrasena] => $2y$10$DfVf5j75GUow.8KQIROrQ.HgppT0Rq0gHjnl3td.ZZBDLZAYggz.u
    [direccion_id] => 0
    [id_rol] => 1
    [created_at] => 2025-04-07 13:37:30
    [updated_at] => 2025-10-13 19:57:07
    [invitado_por] => 
    [estado] => activo
    [token_activacion] => 
)

DEBUG - 2025-10-24 11:16:47 --> Ruta actual: /Tesina/public/admin/dispositivos/detalles/29
INFO - 2025-10-24 11:16:47 --> Session: Class initialized using 'CodeIgniter\Session\Handlers\FileHandler' driver.
DEBUG - 2025-10-24 11:16:47 --> Datos en sesión: Array
(
    [__ci_last_regenerate] => 1761315158
    [_ci_previous_url] => http://192.168.2.149/Tesina/public/admin/dispositivos
    [id_usuario] => 1
    [nombre] => brunito
    [apellido] => barber
    [email] => brunocameille@alumnos.itr3.edu.ar
    [rol] => admin
    [logged_in] => 1
)

DEBUG - 2025-10-24 11:16:53 --> Ruta actual: /Tesina/public/admin/dispositivos/detalles/29
INFO - 2025-10-24 11:16:53 --> Session: Class initialized using 'CodeIgniter\Session\Handlers\FileHandler' driver.
DEBUG - 2025-10-24 11:16:53 --> Datos en sesión: Array
(
    [__ci_last_regenerate] => 1761315158
    [_ci_previous_url] => http://192.168.2.149/Tesina/public/admin/dispositivos
    [id_usuario] => 1
    [nombre] => brunito
    [apellido] => barber
    [email] => brunocameille@alumnos.itr3.edu.ar
    [rol] => admin
    [logged_in] => 1
)

DEBUG - 2025-10-24 11:17:00 --> Ruta actual: /Tesina/public/admin/dispositivos/buscar
INFO - 2025-10-24 11:17:00 --> Session: Class initialized using 'CodeIgniter\Session\Handlers\FileHandler' driver.
DEBUG - 2025-10-24 11:17:00 --> Datos en sesión: Array
(
    [__ci_last_regenerate] => 1761315158
    [_ci_previous_url] => http://192.168.2.149/Tesina/public/admin/dispositivos
    [id_usuario] => 1
    [nombre] => brunito
    [apellido] => barber
    [email] => brunocameille@alumnos.itr3.edu.ar
    [rol] => admin
    [logged_in] => 1
)

DEBUG - 2025-10-24 11:17:00 --> Buscando usuario ID: 1
DEBUG - 2025-10-24 11:17:00 --> Resultado de la búsqueda: Array
(
    [id_usuario] => 1
    [nombre] => brunito
    [apellido] => barber
    [email] => brunocameille@alumnos.itr3.edu.ar
    [contrasena] => $2y$10$DfVf5j75GUow.8KQIROrQ.HgppT0Rq0gHjnl3td.ZZBDLZAYggz.u
    [direccion_id] => 0
    [id_rol] => 1
    [created_at] => 2025-04-07 13:37:30
    [updated_at] => 2025-10-13 19:57:07
    [invitado_por] => 
    [estado] => activo
    [token_activacion] => 
)

DEBUG - 2025-10-24 11:17:05 --> Ruta actual: /Tesina/public/admin/dispositivos
INFO - 2025-10-24 11:17:05 --> Session: Class initialized using 'CodeIgniter\Session\Handlers\FileHandler' driver.
DEBUG - 2025-10-24 11:17:05 --> Datos en sesión: Array
(
    [__ci_last_regenerate] => 1761315158
    [_ci_previous_url] => http://192.168.2.149/Tesina/public/admin/dispositivos/buscar
    [id_usuario] => 1
    [nombre] => brunito
    [apellido] => barber
    [email] => brunocameille@alumnos.itr3.edu.ar
    [rol] => admin
    [logged_in] => 1
)

DEBUG - 2025-10-24 11:17:05 --> Buscando usuario ID: 1
DEBUG - 2025-10-24 11:17:05 --> Resultado de la búsqueda: Array
(
    [id_usuario] => 1
    [nombre] => brunito
    [apellido] => barber
    [email] => brunocameille@alumnos.itr3.edu.ar
    [contrasena] => $2y$10$DfVf5j75GUow.8KQIROrQ.HgppT0Rq0gHjnl3td.ZZBDLZAYggz.u
    [direccion_id] => 0
    [id_rol] => 1
    [created_at] => 2025-04-07 13:37:30
    [updated_at] => 2025-10-13 19:57:07
    [invitado_por] => 
    [estado] => activo
    [token_activacion] => 
)

DEBUG - 2025-10-24 11:17:33 --> Ruta actual: /Tesina/public/admin/dispositivos
INFO - 2025-10-24 11:17:33 --> Session: Class initialized using 'CodeIgniter\Session\Handlers\FileHandler' driver.
DEBUG - 2025-10-24 11:17:33 --> Datos en sesión: Array
(
    [__ci_last_regenerate] => 1761315158
    [_ci_previous_url] => http://192.168.2.149/Tesina/public/admin/dispositivos
    [id_usuario] => 1
    [nombre] => brunito
    [apellido] => barber
    [email] => brunocameille@alumnos.itr3.edu.ar
    [rol] => admin
    [logged_in] => 1
)

DEBUG - 2025-10-24 11:17:33 --> Buscando usuario ID: 1
DEBUG - 2025-10-24 11:17:33 --> Resultado de la búsqueda: Array
(
    [id_usuario] => 1
    [nombre] => brunito
    [apellido] => barber
    [email] => brunocameille@alumnos.itr3.edu.ar
    [contrasena] => $2y$10$DfVf5j75GUow.8KQIROrQ.HgppT0Rq0gHjnl3td.ZZBDLZAYggz.u
    [direccion_id] => 0
    [id_rol] => 1
    [created_at] => 2025-04-07 13:37:30
    [updated_at] => 2025-10-13 19:57:07
    [invitado_por] => 
    [estado] => activo
    [token_activacion] => 
)

DEBUG - 2025-10-24 11:19:23 --> Ruta actual: /Tesina/public/admin/dispositivos
INFO - 2025-10-24 11:19:23 --> Session: Class initialized using 'CodeIgniter\Session\Handlers\FileHandler' driver.
DEBUG - 2025-10-24 11:19:23 --> Datos en sesión: Array
(
    [__ci_last_regenerate] => 1761315563
    [_ci_previous_url] => http://192.168.2.149/Tesina/public/admin/dispositivos
    [id_usuario] => 1
    [nombre] => brunito
    [apellido] => barber
    [email] => brunocameille@alumnos.itr3.edu.ar
    [rol] => admin
    [logged_in] => 1
)

DEBUG - 2025-10-24 11:19:23 --> Buscando usuario ID: 1
DEBUG - 2025-10-24 11:19:23 --> Resultado de la búsqueda: Array
(
    [id_usuario] => 1
    [nombre] => brunito
    [apellido] => barber
    [email] => brunocameille@alumnos.itr3.edu.ar
    [contrasena] => $2y$10$DfVf5j75GUow.8KQIROrQ.HgppT0Rq0gHjnl3td.ZZBDLZAYggz.u
    [direccion_id] => 0
    [id_rol] => 1
    [created_at] => 2025-04-07 13:37:30
    [updated_at] => 2025-10-13 19:57:07
    [invitado_por] => 
    [estado] => activo
    [token_activacion] => 
)

DEBUG - 2025-10-24 11:21:53 --> Ruta actual: /Tesina/public/admin/dispositivos
INFO - 2025-10-24 11:21:53 --> Session: Class initialized using 'CodeIgniter\Session\Handlers\FileHandler' driver.
DEBUG - 2025-10-24 11:21:53 --> Datos en sesión: Array
(
    [__ci_last_regenerate] => 1761315563
    [_ci_previous_url] => http://192.168.2.149/Tesina/public/admin/dispositivos
    [id_usuario] => 1
    [nombre] => brunito
    [apellido] => barber
    [email] => brunocameille@alumnos.itr3.edu.ar
    [rol] => admin
    [logged_in] => 1
)

DEBUG - 2025-10-24 11:21:53 --> Buscando usuario ID: 1
DEBUG - 2025-10-24 11:21:53 --> Resultado de la búsqueda: Array
(
    [id_usuario] => 1
    [nombre] => brunito
    [apellido] => barber
    [email] => brunocameille@alumnos.itr3.edu.ar
    [contrasena] => $2y$10$DfVf5j75GUow.8KQIROrQ.HgppT0Rq0gHjnl3td.ZZBDLZAYggz.u
    [direccion_id] => 0
    [id_rol] => 1
    [created_at] => 2025-04-07 13:37:30
    [updated_at] => 2025-10-13 19:57:07
    [invitado_por] => 
    [estado] => activo
    [token_activacion] => 
)

DEBUG - 2025-10-24 11:22:04 --> Ruta actual: /Tesina/public/admin/dispositivos
INFO - 2025-10-24 11:22:04 --> Session: Class initialized using 'CodeIgniter\Session\Handlers\FileHandler' driver.
DEBUG - 2025-10-24 11:22:04 --> Datos en sesión: Array
(
    [__ci_last_regenerate] => 1761315563
    [_ci_previous_url] => http://192.168.2.149/Tesina/public/admin/dispositivos
    [id_usuario] => 1
    [nombre] => brunito
    [apellido] => barber
    [email] => brunocameille@alumnos.itr3.edu.ar
    [rol] => admin
    [logged_in] => 1
)

DEBUG - 2025-10-24 11:22:04 --> Buscando usuario ID: 1
DEBUG - 2025-10-24 11:22:04 --> Resultado de la búsqueda: Array
(
    [id_usuario] => 1
    [nombre] => brunito
    [apellido] => barber
    [email] => brunocameille@alumnos.itr3.edu.ar
    [contrasena] => $2y$10$DfVf5j75GUow.8KQIROrQ.HgppT0Rq0gHjnl3td.ZZBDLZAYggz.u
    [direccion_id] => 0
    [id_rol] => 1
    [created_at] => 2025-04-07 13:37:30
    [updated_at] => 2025-10-13 19:57:07
    [invitado_por] => 
    [estado] => activo
    [token_activacion] => 
)

DEBUG - 2025-10-24 11:24:28 --> Ruta actual: /Tesina/public/admin/dispositivos
INFO - 2025-10-24 11:24:28 --> Session: Class initialized using 'CodeIgniter\Session\Handlers\FileHandler' driver.
DEBUG - 2025-10-24 11:24:28 --> Datos en sesión: Array
(
    [__ci_last_regenerate] => 1761315868
    [_ci_previous_url] => http://192.168.2.149/Tesina/public/admin/dispositivos
    [id_usuario] => 1
    [nombre] => brunito
    [apellido] => barber
    [email] => brunocameille@alumnos.itr3.edu.ar
    [rol] => admin
    [logged_in] => 1
)

DEBUG - 2025-10-24 11:24:28 --> Buscando usuario ID: 1
DEBUG - 2025-10-24 11:24:28 --> Resultado de la búsqueda: Array
(
    [id_usuario] => 1
    [nombre] => brunito
    [apellido] => barber
    [email] => brunocameille@alumnos.itr3.edu.ar
    [contrasena] => $2y$10$DfVf5j75GUow.8KQIROrQ.HgppT0Rq0gHjnl3td.ZZBDLZAYggz.u
    [direccion_id] => 0
    [id_rol] => 1
    [created_at] => 2025-04-07 13:37:30
    [updated_at] => 2025-10-13 19:57:07
    [invitado_por] => 
    [estado] => activo
    [token_activacion] => 
)

DEBUG - 2025-10-24 11:24:38 --> Ruta actual: /Tesina/public/admin/dispositivos
INFO - 2025-10-24 11:24:38 --> Session: Class initialized using 'CodeIgniter\Session\Handlers\FileHandler' driver.
DEBUG - 2025-10-24 11:24:38 --> Datos en sesión: Array
(
    [__ci_last_regenerate] => 1761315868
    [_ci_previous_url] => http://192.168.2.149/Tesina/public/admin/dispositivos
    [id_usuario] => 1
    [nombre] => brunito
    [apellido] => barber
    [email] => brunocameille@alumnos.itr3.edu.ar
    [rol] => admin
    [logged_in] => 1
)

DEBUG - 2025-10-24 11:24:38 --> Buscando usuario ID: 1
DEBUG - 2025-10-24 11:24:38 --> Resultado de la búsqueda: Array
(
    [id_usuario] => 1
    [nombre] => brunito
    [apellido] => barber
    [email] => brunocameille@alumnos.itr3.edu.ar
    [contrasena] => $2y$10$DfVf5j75GUow.8KQIROrQ.HgppT0Rq0gHjnl3td.ZZBDLZAYggz.u
    [direccion_id] => 0
    [id_rol] => 1
    [created_at] => 2025-04-07 13:37:30
    [updated_at] => 2025-10-13 19:57:07
    [invitado_por] => 
    [estado] => activo
    [token_activacion] => 
)

DEBUG - 2025-10-24 11:24:41 --> Ruta actual: /Tesina/public/energia/dispositivo/29
INFO - 2025-10-24 11:24:41 --> Session: Class initialized using 'CodeIgniter\Session\Handlers\FileHandler' driver.
DEBUG - 2025-10-24 11:24:41 --> Datos en sesión: Array
(
    [__ci_last_regenerate] => 1761315868
    [_ci_previous_url] => http://192.168.2.149/Tesina/public/admin/dispositivos
    [id_usuario] => 1
    [nombre] => brunito
    [apellido] => barber
    [email] => brunocameille@alumnos.itr3.edu.ar
    [rol] => admin
    [logged_in] => 1
)

DEBUG - 2025-10-24 11:30:17 --> Ruta actual: /Tesina/public/admin/dispositivos
INFO - 2025-10-24 11:30:17 --> Session: Class initialized using 'CodeIgniter\Session\Handlers\FileHandler' driver.
DEBUG - 2025-10-24 11:30:17 --> Datos en sesión: Array
(
    [__ci_last_regenerate] => 1761316217
    [_ci_previous_url] => http://192.168.2.149/Tesina/public/energia/dispositivo/29
    [id_usuario] => 1
    [nombre] => brunito
    [apellido] => barber
    [email] => brunocameille@alumnos.itr3.edu.ar
    [rol] => admin
    [logged_in] => 1
)

DEBUG - 2025-10-24 11:30:17 --> Buscando usuario ID: 1
DEBUG - 2025-10-24 11:30:17 --> Resultado de la búsqueda: Array
(
    [id_usuario] => 1
    [nombre] => brunito
    [apellido] => barber
    [email] => brunocameille@alumnos.itr3.edu.ar
    [contrasena] => $2y$10$DfVf5j75GUow.8KQIROrQ.HgppT0Rq0gHjnl3td.ZZBDLZAYggz.u
    [direccion_id] => 0
    [id_rol] => 1
    [created_at] => 2025-04-07 13:37:30
    [updated_at] => 2025-10-13 19:57:07
    [invitado_por] => 
    [estado] => activo
    [token_activacion] => 
)

DEBUG - 2025-10-24 11:30:30 --> Ruta actual: /Tesina/public/admin/dispositivos
INFO - 2025-10-24 11:30:30 --> Session: Class initialized using 'CodeIgniter\Session\Handlers\FileHandler' driver.
DEBUG - 2025-10-24 11:30:30 --> Datos en sesión: Array
(
    [__ci_last_regenerate] => 1761316217
    [_ci_previous_url] => http://192.168.2.149/Tesina/public/admin/dispositivos
    [id_usuario] => 1
    [nombre] => brunito
    [apellido] => barber
    [email] => brunocameille@alumnos.itr3.edu.ar
    [rol] => admin
    [logged_in] => 1
)

DEBUG - 2025-10-24 11:30:30 --> Buscando usuario ID: 1
DEBUG - 2025-10-24 11:30:30 --> Resultado de la búsqueda: Array
(
    [id_usuario] => 1
    [nombre] => brunito
    [apellido] => barber
    [email] => brunocameille@alumnos.itr3.edu.ar
    [contrasena] => $2y$10$DfVf5j75GUow.8KQIROrQ.HgppT0Rq0gHjnl3td.ZZBDLZAYggz.u
    [direccion_id] => 0
    [id_rol] => 1
    [created_at] => 2025-04-07 13:37:30
    [updated_at] => 2025-10-13 19:57:07
    [invitado_por] => 
    [estado] => activo
    [token_activacion] => 
)

DEBUG - 2025-10-24 11:30:37 --> Ruta actual: /Tesina/public/admin/dispositivos
INFO - 2025-10-24 11:30:37 --> Session: Class initialized using 'CodeIgniter\Session\Handlers\FileHandler' driver.
DEBUG - 2025-10-24 11:30:37 --> Datos en sesión: Array
(
    [__ci_last_regenerate] => 1761316217
    [_ci_previous_url] => http://192.168.2.149/Tesina/public/admin/dispositivos
    [id_usuario] => 1
    [nombre] => brunito
    [apellido] => barber
    [email] => brunocameille@alumnos.itr3.edu.ar
    [rol] => admin
    [logged_in] => 1
)

DEBUG - 2025-10-24 11:30:37 --> Buscando usuario ID: 1
DEBUG - 2025-10-24 11:30:37 --> Resultado de la búsqueda: Array
(
    [id_usuario] => 1
    [nombre] => brunito
    [apellido] => barber
    [email] => brunocameille@alumnos.itr3.edu.ar
    [contrasena] => $2y$10$DfVf5j75GUow.8KQIROrQ.HgppT0Rq0gHjnl3td.ZZBDLZAYggz.u
    [direccion_id] => 0
    [id_rol] => 1
    [created_at] => 2025-04-07 13:37:30
    [updated_at] => 2025-10-13 19:57:07
    [invitado_por] => 
    [estado] => activo
    [token_activacion] => 
)

DEBUG - 2025-10-24 11:31:07 --> Ruta actual: /Tesina/public/admin/dispositivos
INFO - 2025-10-24 11:31:07 --> Session: Class initialized using 'CodeIgniter\Session\Handlers\FileHandler' driver.
DEBUG - 2025-10-24 11:31:07 --> Datos en sesión: Array
(
    [__ci_last_regenerate] => 1761316217
    [_ci_previous_url] => http://192.168.2.149/Tesina/public/admin/dispositivos
    [id_usuario] => 1
    [nombre] => brunito
    [apellido] => barber
    [email] => brunocameille@alumnos.itr3.edu.ar
    [rol] => admin
    [logged_in] => 1
)

DEBUG - 2025-10-24 11:31:07 --> Buscando usuario ID: 1
DEBUG - 2025-10-24 11:31:07 --> Resultado de la búsqueda: Array
(
    [id_usuario] => 1
    [nombre] => brunito
    [apellido] => barber
    [email] => brunocameille@alumnos.itr3.edu.ar
    [contrasena] => $2y$10$DfVf5j75GUow.8KQIROrQ.HgppT0Rq0gHjnl3td.ZZBDLZAYggz.u
    [direccion_id] => 0
    [id_rol] => 1
    [created_at] => 2025-04-07 13:37:30
    [updated_at] => 2025-10-13 19:57:07
    [invitado_por] => 
    [estado] => activo
    [token_activacion] => 
)

DEBUG - 2025-10-24 11:31:09 --> Ruta actual: /Tesina/public/energia/dispositivo/2
INFO - 2025-10-24 11:31:09 --> Session: Class initialized using 'CodeIgniter\Session\Handlers\FileHandler' driver.
DEBUG - 2025-10-24 11:31:09 --> Datos en sesión: Array
(
    [__ci_last_regenerate] => 1761316217
    [_ci_previous_url] => http://192.168.2.149/Tesina/public/admin/dispositivos
    [id_usuario] => 1
    [nombre] => brunito
    [apellido] => barber
    [email] => brunocameille@alumnos.itr3.edu.ar
    [rol] => admin
    [logged_in] => 1
)

INFO - 2025-10-24 11:31:10 --> Session: Class initialized using 'CodeIgniter\Session\Handlers\FileHandler' driver.
INFO - 2025-10-24 11:31:10 --> Session: Class initialized using 'CodeIgniter\Session\Handlers\FileHandler' driver.
INFO - 2025-10-24 11:31:11 --> Session: Class initialized using 'CodeIgniter\Session\Handlers\FileHandler' driver.
INFO - 2025-10-24 11:31:15 --> Session: Class initialized using 'CodeIgniter\Session\Handlers\FileHandler' driver.
INFO - 2025-10-24 11:31:20 --> Session: Class initialized using 'CodeIgniter\Session\Handlers\FileHandler' driver.
INFO - 2025-10-24 11:31:25 --> Session: Class initialized using 'CodeIgniter\Session\Handlers\FileHandler' driver.
INFO - 2025-10-24 11:31:30 --> Session: Class initialized using 'CodeIgniter\Session\Handlers\FileHandler' driver.
INFO - 2025-10-24 11:31:35 --> Session: Class initialized using 'CodeIgniter\Session\Handlers\FileHandler' driver.
INFO - 2025-10-24 11:31:40 --> Session: Class initialized using 'CodeIgniter\Session\Handlers\FileHandler' driver.
INFO - 2025-10-24 11:31:45 --> Session: Class initialized using 'CodeIgniter\Session\Handlers\FileHandler' driver.
INFO - 2025-10-24 11:31:50 --> Session: Class initialized using 'CodeIgniter\Session\Handlers\FileHandler' driver.
INFO - 2025-10-24 11:31:55 --> Session: Class initialized using 'CodeIgniter\Session\Handlers\FileHandler' driver.
INFO - 2025-10-24 11:32:00 --> Session: Class initialized using 'CodeIgniter\Session\Handlers\FileHandler' driver.
INFO - 2025-10-24 11:32:05 --> Session: Class initialized using 'CodeIgniter\Session\Handlers\FileHandler' driver.
INFO - 2025-10-24 11:32:10 --> Session: Class initialized using 'CodeIgniter\Session\Handlers\FileHandler' driver.
INFO - 2025-10-24 11:32:15 --> Session: Class initialized using 'CodeIgniter\Session\Handlers\FileHandler' driver.
INFO - 2025-10-24 11:32:20 --> Session: Class initialized using 'CodeIgniter\Session\Handlers\FileHandler' driver.
INFO - 2025-10-24 11:32:25 --> Session: Class initialized using 'CodeIgniter\Session\Handlers\FileHandler' driver.
INFO - 2025-10-24 11:32:30 --> Session: Class initialized using 'CodeIgniter\Session\Handlers\FileHandler' driver.
INFO - 2025-10-24 11:32:35 --> Session: Class initialized using 'CodeIgniter\Session\Handlers\FileHandler' driver.
INFO - 2025-10-24 11:32:40 --> Session: Class initialized using 'CodeIgniter\Session\Handlers\FileHandler' driver.
INFO - 2025-10-24 11:32:45 --> Session: Class initialized using 'CodeIgniter\Session\Handlers\FileHandler' driver.
INFO - 2025-10-24 11:32:50 --> Session: Class initialized using 'CodeIgniter\Session\Handlers\FileHandler' driver.
INFO - 2025-10-24 11:32:55 --> Session: Class initialized using 'CodeIgniter\Session\Handlers\FileHandler' driver.
INFO - 2025-10-24 11:33:38 --> Session: Class initialized using 'CodeIgniter\Session\Handlers\FileHandler' driver.
INFO - 2025-10-24 11:34:38 --> Session: Class initialized using 'CodeIgniter\Session\Handlers\FileHandler' driver.
INFO - 2025-10-24 11:35:38 --> Session: Class initialized using 'CodeIgniter\Session\Handlers\FileHandler' driver.
INFO - 2025-10-24 11:36:38 --> Session: Class initialized using 'CodeIgniter\Session\Handlers\FileHandler' driver.
INFO - 2025-10-24 11:37:38 --> Session: Class initialized using 'CodeIgniter\Session\Handlers\FileHandler' driver.
INFO - 2025-10-24 11:38:38 --> Session: Class initialized using 'CodeIgniter\Session\Handlers\FileHandler' driver.
INFO - 2025-10-24 11:39:38 --> Session: Class initialized using 'CodeIgniter\Session\Handlers\FileHandler' driver.
INFO - 2025-10-24 11:40:38 --> Session: Class initialized using 'CodeIgniter\Session\Handlers\FileHandler' driver.
INFO - 2025-10-24 11:41:38 --> Session: Class initialized using 'CodeIgniter\Session\Handlers\FileHandler' driver.
INFO - 2025-10-24 11:42:38 --> Session: Class initialized using 'CodeIgniter\Session\Handlers\FileHandler' driver.
INFO - 2025-10-24 11:43:38 --> Session: Class initialized using 'CodeIgniter\Session\Handlers\FileHandler' driver.
INFO - 2025-10-24 11:44:38 --> Session: Class initialized using 'CodeIgniter\Session\Handlers\FileHandler' driver.
INFO - 2025-10-24 11:45:38 --> Session: Class initialized using 'CodeIgniter\Session\Handlers\FileHandler' driver.
INFO - 2025-10-24 11:46:38 --> Session: Class initialized using 'CodeIgniter\Session\Handlers\FileHandler' driver.
INFO - 2025-10-24 11:47:38 --> Session: Class initialized using 'CodeIgniter\Session\Handlers\FileHandler' driver.
INFO - 2025-10-24 11:48:38 --> Session: Class initialized using 'CodeIgniter\Session\Handlers\FileHandler' driver.
INFO - 2025-10-24 11:49:38 --> Session: Class initialized using 'CodeIgniter\Session\Handlers\FileHandler' driver.
INFO - 2025-10-24 11:50:38 --> Session: Class initialized using 'CodeIgniter\Session\Handlers\FileHandler' driver.
INFO - 2025-10-24 11:51:38 --> Session: Class initialized using 'CodeIgniter\Session\Handlers\FileHandler' driver.
INFO - 2025-10-24 11:52:38 --> Session: Class initialized using 'CodeIgniter\Session\Handlers\FileHandler' driver.
INFO - 2025-10-24 11:53:38 --> Session: Class initialized using 'CodeIgniter\Session\Handlers\FileHandler' driver.
INFO - 2025-10-24 11:54:38 --> Session: Class initialized using 'CodeIgniter\Session\Handlers\FileHandler' driver.
INFO - 2025-10-24 11:55:38 --> Session: Class initialized using 'CodeIgniter\Session\Handlers\FileHandler' driver.
INFO - 2025-10-24 11:56:38 --> Session: Class initialized using 'CodeIgniter\Session\Handlers\FileHandler' driver.
INFO - 2025-10-24 11:57:38 --> Session: Class initialized using 'CodeIgniter\Session\Handlers\FileHandler' driver.
INFO - 2025-10-24 11:58:38 --> Session: Class initialized using 'CodeIgniter\Session\Handlers\FileHandler' driver.
INFO - 2025-10-24 11:59:38 --> Session: Class initialized using 'CodeIgniter\Session\Handlers\FileHandler' driver.
INFO - 2025-10-24 12:00:07 --> Session: Class initialized using 'CodeIgniter\Session\Handlers\FileHandler' driver.
INFO - 2025-10-24 12:00:10 --> Session: Class initialized using 'CodeIgniter\Session\Handlers\FileHandler' driver.
INFO - 2025-10-24 12:00:15 --> Session: Class initialized using 'CodeIgniter\Session\Handlers\FileHandler' driver.
INFO - 2025-10-24 12:00:20 --> Session: Class initialized using 'CodeIgniter\Session\Handlers\FileHandler' driver.
INFO - 2025-10-24 12:00:25 --> Session: Class initialized using 'CodeIgniter\Session\Handlers\FileHandler' driver.
INFO - 2025-10-24 12:00:30 --> Session: Class initialized using 'CodeIgniter\Session\Handlers\FileHandler' driver.
INFO - 2025-10-24 12:00:35 --> Session: Class initialized using 'CodeIgniter\Session\Handlers\FileHandler' driver.
INFO - 2025-10-24 12:00:40 --> Session: Class initialized using 'CodeIgniter\Session\Handlers\FileHandler' driver.
INFO - 2025-10-24 12:00:45 --> Session: Class initialized using 'CodeIgniter\Session\Handlers\FileHandler' driver.
INFO - 2025-10-24 12:00:50 --> Session: Class initialized using 'CodeIgniter\Session\Handlers\FileHandler' driver.
INFO - 2025-10-24 12:00:55 --> Session: Class initialized using 'CodeIgniter\Session\Handlers\FileHandler' driver.
INFO - 2025-10-24 12:01:00 --> Session: Class initialized using 'CodeIgniter\Session\Handlers\FileHandler' driver.
INFO - 2025-10-24 12:01:05 --> Session: Class initialized using 'CodeIgniter\Session\Handlers\FileHandler' driver.
INFO - 2025-10-24 12:01:38 --> Session: Class initialized using 'CodeIgniter\Session\Handlers\FileHandler' driver.
INFO - 2025-10-24 12:02:31 --> Session: Class initialized using 'CodeIgniter\Session\Handlers\FileHandler' driver.
INFO - 2025-10-24 12:02:35 --> Session: Class initialized using 'CodeIgniter\Session\Handlers\FileHandler' driver.
INFO - 2025-10-24 12:02:40 --> Session: Class initialized using 'CodeIgniter\Session\Handlers\FileHandler' driver.
INFO - 2025-10-24 12:02:45 --> Session: Class initialized using 'CodeIgniter\Session\Handlers\FileHandler' driver.
INFO - 2025-10-24 12:02:50 --> Session: Class initialized using 'CodeIgniter\Session\Handlers\FileHandler' driver.
INFO - 2025-10-24 12:02:55 --> Session: Class initialized using 'CodeIgniter\Session\Handlers\FileHandler' driver.
INFO - 2025-10-24 12:03:00 --> Session: Class initialized using 'CodeIgniter\Session\Handlers\FileHandler' driver.
INFO - 2025-10-24 12:03:05 --> Session: Class initialized using 'CodeIgniter\Session\Handlers\FileHandler' driver.
INFO - 2025-10-24 12:03:10 --> Session: Class initialized using 'CodeIgniter\Session\Handlers\FileHandler' driver.
INFO - 2025-10-24 12:03:15 --> Session: Class initialized using 'CodeIgniter\Session\Handlers\FileHandler' driver.
INFO - 2025-10-24 12:03:20 --> Session: Class initialized using 'CodeIgniter\Session\Handlers\FileHandler' driver.
INFO - 2025-10-24 12:03:25 --> Session: Class initialized using 'CodeIgniter\Session\Handlers\FileHandler' driver.
INFO - 2025-10-24 12:03:30 --> Session: Class initialized using 'CodeIgniter\Session\Handlers\FileHandler' driver.
INFO - 2025-10-24 12:03:38 --> Session: Class initialized using 'CodeIgniter\Session\Handlers\FileHandler' driver.
INFO - 2025-10-24 12:04:38 --> Session: Class initialized using 'CodeIgniter\Session\Handlers\FileHandler' driver.
INFO - 2025-10-24 12:05:20 --> Session: Class initialized using 'CodeIgniter\Session\Handlers\FileHandler' driver.
DEBUG - 2025-10-24 12:05:21 --> Ruta actual: /Tesina/public/admin/dispositivos
INFO - 2025-10-24 12:05:21 --> Session: Class initialized using 'CodeIgniter\Session\Handlers\FileHandler' driver.
DEBUG - 2025-10-24 12:05:21 --> Datos en sesión: Array
(
    [__ci_last_regenerate] => 1761318320
    [_ci_previous_url] => http://192.168.2.149/Tesina/public/energia/dispositivo/2
    [id_usuario] => 1
    [nombre] => brunito
    [apellido] => barber
    [email] => brunocameille@alumnos.itr3.edu.ar
    [rol] => admin
    [logged_in] => 1
)

DEBUG - 2025-10-24 12:05:21 --> Buscando usuario ID: 1
DEBUG - 2025-10-24 12:05:21 --> Resultado de la búsqueda: Array
(
    [id_usuario] => 1
    [nombre] => brunito
    [apellido] => barber
    [email] => brunocameille@alumnos.itr3.edu.ar
    [contrasena] => $2y$10$DfVf5j75GUow.8KQIROrQ.HgppT0Rq0gHjnl3td.ZZBDLZAYggz.u
    [direccion_id] => 0
    [id_rol] => 1
    [created_at] => 2025-04-07 13:37:30
    [updated_at] => 2025-10-13 19:57:07
    [invitado_por] => 
    [estado] => activo
    [token_activacion] => 
)

DEBUG - 2025-10-24 12:05:23 --> Ruta actual: /Tesina/public/admin/dispositivos
INFO - 2025-10-24 12:05:23 --> Session: Class initialized using 'CodeIgniter\Session\Handlers\FileHandler' driver.
DEBUG - 2025-10-24 12:05:23 --> Datos en sesión: Array
(
    [__ci_last_regenerate] => 1761318320
    [_ci_previous_url] => http://192.168.2.149/Tesina/public/admin/dispositivos
    [id_usuario] => 1
    [nombre] => brunito
    [apellido] => barber
    [email] => brunocameille@alumnos.itr3.edu.ar
    [rol] => admin
    [logged_in] => 1
)

DEBUG - 2025-10-24 12:05:23 --> Buscando usuario ID: 1
DEBUG - 2025-10-24 12:05:23 --> Resultado de la búsqueda: Array
(
    [id_usuario] => 1
    [nombre] => brunito
    [apellido] => barber
    [email] => brunocameille@alumnos.itr3.edu.ar
    [contrasena] => $2y$10$DfVf5j75GUow.8KQIROrQ.HgppT0Rq0gHjnl3td.ZZBDLZAYggz.u
    [direccion_id] => 0
    [id_rol] => 1
    [created_at] => 2025-04-07 13:37:30
    [updated_at] => 2025-10-13 19:57:07
    [invitado_por] => 
    [estado] => activo
    [token_activacion] => 
)

DEBUG - 2025-10-24 12:07:06 --> Ruta actual: /Tesina/public/admin/dispositivos
INFO - 2025-10-24 12:07:06 --> Session: Class initialized using 'CodeIgniter\Session\Handlers\FileHandler' driver.
DEBUG - 2025-10-24 12:07:06 --> Datos en sesión: Array
(
    [__ci_last_regenerate] => 1761318320
    [_ci_previous_url] => http://192.168.2.149/Tesina/public/admin/dispositivos
    [id_usuario] => 1
    [nombre] => brunito
    [apellido] => barber
    [email] => brunocameille@alumnos.itr3.edu.ar
    [rol] => admin
    [logged_in] => 1
)

DEBUG - 2025-10-24 12:07:06 --> Buscando usuario ID: 1
DEBUG - 2025-10-24 12:07:06 --> Resultado de la búsqueda: Array
(
    [id_usuario] => 1
    [nombre] => brunito
    [apellido] => barber
    [email] => brunocameille@alumnos.itr3.edu.ar
    [contrasena] => $2y$10$DfVf5j75GUow.8KQIROrQ.HgppT0Rq0gHjnl3td.ZZBDLZAYggz.u
    [direccion_id] => 0
    [id_rol] => 1
    [created_at] => 2025-04-07 13:37:30
    [updated_at] => 2025-10-13 19:57:07
    [invitado_por] => 
    [estado] => activo
    [token_activacion] => 
)

DEBUG - 2025-10-24 12:07:12 --> Ruta actual: /Tesina/public/admin/dispositivos/detalles/29
INFO - 2025-10-24 12:07:12 --> Session: Class initialized using 'CodeIgniter\Session\Handlers\FileHandler' driver.
DEBUG - 2025-10-24 12:07:12 --> Datos en sesión: Array
(
    [__ci_last_regenerate] => 1761318320
    [_ci_previous_url] => http://192.168.2.149/Tesina/public/admin/dispositivos
    [id_usuario] => 1
    [nombre] => brunito
    [apellido] => barber
    [email] => brunocameille@alumnos.itr3.edu.ar
    [rol] => admin
    [logged_in] => 1
)

DEBUG - 2025-10-24 12:07:16 --> Ruta actual: /Tesina/public/admin/dispositivos/detalles/2
INFO - 2025-10-24 12:07:16 --> Session: Class initialized using 'CodeIgniter\Session\Handlers\FileHandler' driver.
DEBUG - 2025-10-24 12:07:16 --> Datos en sesión: Array
(
    [__ci_last_regenerate] => 1761318320
    [_ci_previous_url] => http://192.168.2.149/Tesina/public/admin/dispositivos
    [id_usuario] => 1
    [nombre] => brunito
    [apellido] => barber
    [email] => brunocameille@alumnos.itr3.edu.ar
    [rol] => admin
    [logged_in] => 1
)

DEBUG - 2025-10-24 12:07:24 --> Ruta actual: /Tesina/public/admin/dispositivos/actualizar
INFO - 2025-10-24 12:07:24 --> Session: Class initialized using 'CodeIgniter\Session\Handlers\FileHandler' driver.
DEBUG - 2025-10-24 12:07:24 --> Datos en sesión: Array
(
    [__ci_last_regenerate] => 1761318320
    [_ci_previous_url] => http://192.168.2.149/Tesina/public/admin/dispositivos
    [id_usuario] => 1
    [nombre] => brunito
    [apellido] => barber
    [email] => brunocameille@alumnos.itr3.edu.ar
    [rol] => admin
    [logged_in] => 1
)

DEBUG - 2025-10-24 12:07:24 --> Buscando usuario ID: 1
DEBUG - 2025-10-24 12:07:24 --> Resultado de la búsqueda: Array
(
    [id_usuario] => 1
    [nombre] => brunito
    [apellido] => barber
    [email] => brunocameille@alumnos.itr3.edu.ar
    [contrasena] => $2y$10$DfVf5j75GUow.8KQIROrQ.HgppT0Rq0gHjnl3td.ZZBDLZAYggz.u
    [direccion_id] => 0
    [id_rol] => 1
    [created_at] => 2025-04-07 13:37:30
    [updated_at] => 2025-10-13 19:57:07
    [invitado_por] => 
    [estado] => activo
    [token_activacion] => 
)

DEBUG - 2025-10-24 12:07:25 --> Ruta actual: /Tesina/public/admin/dispositivos
INFO - 2025-10-24 12:07:25 --> Session: Class initialized using 'CodeIgniter\Session\Handlers\FileHandler' driver.
DEBUG - 2025-10-24 12:07:25 --> Datos en sesión: Array
(
    [__ci_last_regenerate] => 1761318320
    [_ci_previous_url] => http://192.168.2.149/Tesina/public/admin/dispositivos
    [id_usuario] => 1
    [nombre] => brunito
    [apellido] => barber
    [email] => brunocameille@alumnos.itr3.edu.ar
    [rol] => admin
    [logged_in] => 1
)

DEBUG - 2025-10-24 12:07:25 --> Buscando usuario ID: 1
DEBUG - 2025-10-24 12:07:25 --> Resultado de la búsqueda: Array
(
    [id_usuario] => 1
    [nombre] => brunito
    [apellido] => barber
    [email] => brunocameille@alumnos.itr3.edu.ar
    [contrasena] => $2y$10$DfVf5j75GUow.8KQIROrQ.HgppT0Rq0gHjnl3td.ZZBDLZAYggz.u
    [direccion_id] => 0
    [id_rol] => 1
    [created_at] => 2025-04-07 13:37:30
    [updated_at] => 2025-10-13 19:57:07
    [invitado_por] => 
    [estado] => activo
    [token_activacion] => 
)

DEBUG - 2025-10-24 12:07:31 --> Ruta actual: /Tesina/public/admin/dispositivos/actualizar
INFO - 2025-10-24 12:07:31 --> Session: Class initialized using 'CodeIgniter\Session\Handlers\FileHandler' driver.
DEBUG - 2025-10-24 12:07:31 --> Datos en sesión: Array
(
    [__ci_last_regenerate] => 1761318320
    [_ci_previous_url] => http://192.168.2.149/Tesina/public/admin/dispositivos
    [id_usuario] => 1
    [nombre] => brunito
    [apellido] => barber
    [email] => brunocameille@alumnos.itr3.edu.ar
    [rol] => admin
    [logged_in] => 1
)

DEBUG - 2025-10-24 12:07:31 --> Buscando usuario ID: 1
DEBUG - 2025-10-24 12:07:31 --> Resultado de la búsqueda: Array
(
    [id_usuario] => 1
    [nombre] => brunito
    [apellido] => barber
    [email] => brunocameille@alumnos.itr3.edu.ar
    [contrasena] => $2y$10$DfVf5j75GUow.8KQIROrQ.HgppT0Rq0gHjnl3td.ZZBDLZAYggz.u
    [direccion_id] => 0
    [id_rol] => 1
    [created_at] => 2025-04-07 13:37:30
    [updated_at] => 2025-10-13 19:57:07
    [invitado_por] => 
    [estado] => activo
    [token_activacion] => 
)

DEBUG - 2025-10-24 12:07:32 --> Ruta actual: /Tesina/public/admin/dispositivos
INFO - 2025-10-24 12:07:32 --> Session: Class initialized using 'CodeIgniter\Session\Handlers\FileHandler' driver.
DEBUG - 2025-10-24 12:07:32 --> Datos en sesión: Array
(
    [__ci_last_regenerate] => 1761318320
    [_ci_previous_url] => http://192.168.2.149/Tesina/public/admin/dispositivos
    [id_usuario] => 1
    [nombre] => brunito
    [apellido] => barber
    [email] => brunocameille@alumnos.itr3.edu.ar
    [rol] => admin
    [logged_in] => 1
)

DEBUG - 2025-10-24 12:07:32 --> Buscando usuario ID: 1
DEBUG - 2025-10-24 12:07:32 --> Resultado de la búsqueda: Array
(
    [id_usuario] => 1
    [nombre] => brunito
    [apellido] => barber
    [email] => brunocameille@alumnos.itr3.edu.ar
    [contrasena] => $2y$10$DfVf5j75GUow.8KQIROrQ.HgppT0Rq0gHjnl3td.ZZBDLZAYggz.u
    [direccion_id] => 0
    [id_rol] => 1
    [created_at] => 2025-04-07 13:37:30
    [updated_at] => 2025-10-13 19:57:07
    [invitado_por] => 
    [estado] => activo
    [token_activacion] => 
)

INFO - 2025-10-24 12:07:38 --> Session: Class initialized using 'CodeIgniter\Session\Handlers\FileHandler' driver.
INFO - 2025-10-24 12:07:39 --> Session: Class initialized using 'CodeIgniter\Session\Handlers\FileHandler' driver.
INFO - 2025-10-24 12:07:39 --> Session: Class initialized using 'CodeIgniter\Session\Handlers\FileHandler' driver.
INFO - 2025-10-24 12:07:39 --> Session: Class initialized using 'CodeIgniter\Session\Handlers\FileHandler' driver.
INFO - 2025-10-24 12:07:39 --> Session: Class initialized using 'CodeIgniter\Session\Handlers\FileHandler' driver.
DEBUG - 2025-10-24 12:07:41 --> Ruta actual: /Tesina/public/energia/dispositivo/2
INFO - 2025-10-24 12:07:41 --> Session: Class initialized using 'CodeIgniter\Session\Handlers\FileHandler' driver.
DEBUG - 2025-10-24 12:07:41 --> Datos en sesión: Array
(
    [__ci_last_regenerate] => 1761318461
    [_ci_previous_url] => http://192.168.2.149/Tesina/public/home/manual
)

INFO - 2025-10-24 12:07:41 --> Session: Class initialized using 'CodeIgniter\Session\Handlers\FileHandler' driver.
DEBUG - 2025-10-24 12:07:42 --> Ruta actual: /Tesina/public/admin
INFO - 2025-10-24 12:07:42 --> Session: Class initialized using 'CodeIgniter\Session\Handlers\FileHandler' driver.
DEBUG - 2025-10-24 12:07:42 --> Datos en sesión: Array
(
    [__ci_last_regenerate] => 1761318320
    [_ci_previous_url] => http://192.168.2.149/Tesina/public/energia/cortes?dispositivo=2
    [id_usuario] => 1
    [nombre] => brunito
    [apellido] => barber
    [email] => brunocameille@alumnos.itr3.edu.ar
    [rol] => admin
    [logged_in] => 1
)

DEBUG - 2025-10-24 12:07:44 --> Ruta actual: /Tesina/public/admin/dispositivos
INFO - 2025-10-24 12:07:44 --> Session: Class initialized using 'CodeIgniter\Session\Handlers\FileHandler' driver.
DEBUG - 2025-10-24 12:07:44 --> Datos en sesión: Array
(
    [__ci_last_regenerate] => 1761318320
    [_ci_previous_url] => http://192.168.2.149/Tesina/public/admin
    [id_usuario] => 1
    [nombre] => brunito
    [apellido] => barber
    [email] => brunocameille@alumnos.itr3.edu.ar
    [rol] => admin
    [logged_in] => 1
)

DEBUG - 2025-10-24 12:07:44 --> Buscando usuario ID: 1
DEBUG - 2025-10-24 12:07:44 --> Resultado de la búsqueda: Array
(
    [id_usuario] => 1
    [nombre] => brunito
    [apellido] => barber
    [email] => brunocameille@alumnos.itr3.edu.ar
    [contrasena] => $2y$10$DfVf5j75GUow.8KQIROrQ.HgppT0Rq0gHjnl3td.ZZBDLZAYggz.u
    [direccion_id] => 0
    [id_rol] => 1
    [created_at] => 2025-04-07 13:37:30
    [updated_at] => 2025-10-13 19:57:07
    [invitado_por] => 
    [estado] => activo
    [token_activacion] => 
)

INFO - 2025-10-24 12:07:54 --> Session: Class initialized using 'CodeIgniter\Session\Handlers\FileHandler' driver.
INFO - 2025-10-24 12:07:54 --> Session: Class initialized using 'CodeIgniter\Session\Handlers\FileHandler' driver.
INFO - 2025-10-24 12:07:54 --> Session: Class initialized using 'CodeIgniter\Session\Handlers\FileHandler' driver.
INFO - 2025-10-24 12:07:54 --> Session: Class initialized using 'CodeIgniter\Session\Handlers\FileHandler' driver.
INFO - 2025-10-24 12:07:54 --> Session: Class initialized using 'CodeIgniter\Session\Handlers\FileHandler' driver.
DEBUG - 2025-10-24 12:08:57 --> Ruta actual: /Tesina/public/energia/dispositivo/2
INFO - 2025-10-24 12:08:57 --> Session: Class initialized using 'CodeIgniter\Session\Handlers\FileHandler' driver.
DEBUG - 2025-10-24 12:08:57 --> Datos en sesión: Array
(
    [__ci_last_regenerate] => 1761318461
    [_ci_previous_url] => http://192.168.2.149/Tesina/public/home/manual
)

INFO - 2025-10-24 12:08:58 --> Session: Class initialized using 'CodeIgniter\Session\Handlers\FileHandler' driver.
DEBUG - 2025-10-24 12:08:58 --> Ruta actual: /Tesina/public/admin
INFO - 2025-10-24 12:08:58 --> Session: Class initialized using 'CodeIgniter\Session\Handlers\FileHandler' driver.
DEBUG - 2025-10-24 12:08:58 --> Datos en sesión: Array
(
    [__ci_last_regenerate] => 1761318320
    [_ci_previous_url] => http://192.168.2.149/Tesina/public/energia/cortes?dispositivo=2
    [id_usuario] => 1
    [nombre] => brunito
    [apellido] => barber
    [email] => brunocameille@alumnos.itr3.edu.ar
    [rol] => admin
    [logged_in] => 1
)

DEBUG - 2025-10-24 12:08:59 --> Ruta actual: /Tesina/public/admin/dispositivos
INFO - 2025-10-24 12:08:59 --> Session: Class initialized using 'CodeIgniter\Session\Handlers\FileHandler' driver.
DEBUG - 2025-10-24 12:08:59 --> Datos en sesión: Array
(
    [__ci_last_regenerate] => 1761318320
    [_ci_previous_url] => http://192.168.2.149/Tesina/public/admin
    [id_usuario] => 1
    [nombre] => brunito
    [apellido] => barber
    [email] => brunocameille@alumnos.itr3.edu.ar
    [rol] => admin
    [logged_in] => 1
)

DEBUG - 2025-10-24 12:08:59 --> Buscando usuario ID: 1
DEBUG - 2025-10-24 12:08:59 --> Resultado de la búsqueda: Array
(
    [id_usuario] => 1
    [nombre] => brunito
    [apellido] => barber
    [email] => brunocameille@alumnos.itr3.edu.ar
    [contrasena] => $2y$10$DfVf5j75GUow.8KQIROrQ.HgppT0Rq0gHjnl3td.ZZBDLZAYggz.u
    [direccion_id] => 0
    [id_rol] => 1
    [created_at] => 2025-04-07 13:37:30
    [updated_at] => 2025-10-13 19:57:07
    [invitado_por] => 
    [estado] => activo
    [token_activacion] => 
)

DEBUG - 2025-10-24 12:09:06 --> Ruta actual: /Tesina/public/energia/dispositivo/2
INFO - 2025-10-24 12:09:06 --> Session: Class initialized using 'CodeIgniter\Session\Handlers\FileHandler' driver.
DEBUG - 2025-10-24 12:09:06 --> Datos en sesión: Array
(
    [__ci_last_regenerate] => 1761318320
    [_ci_previous_url] => http://192.168.2.149/Tesina/public/admin/dispositivos
    [id_usuario] => 1
    [nombre] => brunito
    [apellido] => barber
    [email] => brunocameille@alumnos.itr3.edu.ar
    [rol] => admin
    [logged_in] => 1
)

INFO - 2025-10-24 12:09:07 --> Session: Class initialized using 'CodeIgniter\Session\Handlers\FileHandler' driver.
INFO - 2025-10-24 12:09:07 --> Session: Class initialized using 'CodeIgniter\Session\Handlers\FileHandler' driver.
INFO - 2025-10-24 12:09:08 --> Session: Class initialized using 'CodeIgniter\Session\Handlers\FileHandler' driver.
INFO - 2025-10-24 12:09:12 --> Session: Class initialized using 'CodeIgniter\Session\Handlers\FileHandler' driver.
INFO - 2025-10-24 12:09:18 --> Session: Class initialized using 'CodeIgniter\Session\Handlers\FileHandler' driver.
INFO - 2025-10-24 12:09:23 --> Session: Class initialized using 'CodeIgniter\Session\Handlers\FileHandler' driver.
INFO - 2025-10-24 12:09:28 --> Session: Class initialized using 'CodeIgniter\Session\Handlers\FileHandler' driver.
INFO - 2025-10-24 12:09:33 --> Session: Class initialized using 'CodeIgniter\Session\Handlers\FileHandler' driver.
INFO - 2025-10-24 12:09:38 --> Session: Class initialized using 'CodeIgniter\Session\Handlers\FileHandler' driver.
INFO - 2025-10-24 12:09:43 --> Session: Class initialized using 'CodeIgniter\Session\Handlers\FileHandler' driver.
INFO - 2025-10-24 12:09:48 --> Session: Class initialized using 'CodeIgniter\Session\Handlers\FileHandler' driver.
INFO - 2025-10-24 12:09:53 --> Session: Class initialized using 'CodeIgniter\Session\Handlers\FileHandler' driver.
INFO - 2025-10-24 12:09:58 --> Session: Class initialized using 'CodeIgniter\Session\Handlers\FileHandler' driver.
INFO - 2025-10-24 12:10:03 --> Session: Class initialized using 'CodeIgniter\Session\Handlers\FileHandler' driver.
INFO - 2025-10-24 12:10:08 --> Session: Class initialized using 'CodeIgniter\Session\Handlers\FileHandler' driver.
INFO - 2025-10-24 12:10:36 --> Session: Class initialized using 'CodeIgniter\Session\Handlers\FileHandler' driver.
INFO - 2025-10-24 12:10:37 --> Session: Class initialized using 'CodeIgniter\Session\Handlers\FileHandler' driver.
INFO - 2025-10-24 12:10:40 --> Session: Class initialized using 'CodeIgniter\Session\Handlers\FileHandler' driver.
INFO - 2025-10-24 12:10:40 --> Session: Class initialized using 'CodeIgniter\Session\Handlers\FileHandler' driver.
INFO - 2025-10-24 12:10:40 --> Session: Class initialized using 'CodeIgniter\Session\Handlers\FileHandler' driver.
INFO - 2025-10-24 12:10:40 --> Session: Class initialized using 'CodeIgniter\Session\Handlers\FileHandler' driver.
DEBUG - 2025-10-24 12:10:46 --> Ruta actual: /Tesina/public/energia
INFO - 2025-10-24 12:10:46 --> Session: Class initialized using 'CodeIgniter\Session\Handlers\FileHandler' driver.
DEBUG - 2025-10-24 12:10:46 --> Datos en sesión: Array
(
    [__ci_last_regenerate] => 1761318636
    [_ci_previous_url] => http://192.168.2.149/Tesina/public/energia/cortes
    [id_usuario] => 1
    [nombre] => brunito
    [apellido] => barber
    [email] => brunocameille@alumnos.itr3.edu.ar
    [rol] => admin
    [logged_in] => 1
)

INFO - 2025-10-24 12:10:46 --> Dispositivo ID: 29
INFO - 2025-10-24 12:10:46 --> Número de lecturas encontradas: 0
ERROR - 2025-10-24 12:10:46 --> Error en Energia::index: Invalid file: "energia/index.php"
DEBUG - 2025-10-24 12:10:46 --> Ruta actual: /Tesina/public/dashboard
INFO - 2025-10-24 12:10:46 --> Session: Class initialized using 'CodeIgniter\Session\Handlers\FileHandler' driver.
DEBUG - 2025-10-24 12:10:46 --> Datos en sesión: Array
(
    [__ci_last_regenerate] => 1761318636
    [_ci_previous_url] => http://192.168.2.149/Tesina/public/energia/cortes
    [id_usuario] => 1
    [nombre] => brunito
    [apellido] => barber
    [email] => brunocameille@alumnos.itr3.edu.ar
    [rol] => admin
    [logged_in] => 1
)

DEBUG - 2025-10-24 12:10:47 --> Ruta actual: /Tesina/public/admin
INFO - 2025-10-24 12:10:47 --> Session: Class initialized using 'CodeIgniter\Session\Handlers\FileHandler' driver.
DEBUG - 2025-10-24 12:10:47 --> Datos en sesión: Array
(
    [__ci_last_regenerate] => 1761318636
    [_ci_previous_url] => http://192.168.2.149/Tesina/public/energia/cortes
    [id_usuario] => 1
    [nombre] => brunito
    [apellido] => barber
    [email] => brunocameille@alumnos.itr3.edu.ar
    [rol] => admin
    [logged_in] => 1
)

INFO - 2025-10-24 12:10:49 --> Session: Class initialized using 'CodeIgniter\Session\Handlers\FileHandler' driver.
INFO - 2025-10-24 12:10:49 --> Session: Class initialized using 'CodeIgniter\Session\Handlers\FileHandler' driver.
INFO - 2025-10-24 12:10:49 --> Session: Class initialized using 'CodeIgniter\Session\Handlers\FileHandler' driver.
INFO - 2025-10-24 12:10:49 --> Session: Class initialized using 'CodeIgniter\Session\Handlers\FileHandler' driver.
DEBUG - 2025-10-24 12:10:50 --> Ruta actual: /Tesina/public/admin/dispositivos
INFO - 2025-10-24 12:10:50 --> Session: Class initialized using 'CodeIgniter\Session\Handlers\FileHandler' driver.
DEBUG - 2025-10-24 12:10:50 --> Datos en sesión: Array
(
    [__ci_last_regenerate] => 1761318636
    [_ci_previous_url] => http://192.168.2.149/Tesina/public/energia/cortes
    [id_usuario] => 1
    [nombre] => brunito
    [apellido] => barber
    [email] => brunocameille@alumnos.itr3.edu.ar
    [rol] => admin
    [logged_in] => 1
)

DEBUG - 2025-10-24 12:10:50 --> Buscando usuario ID: 1
DEBUG - 2025-10-24 12:10:50 --> Resultado de la búsqueda: Array
(
    [id_usuario] => 1
    [nombre] => brunito
    [apellido] => barber
    [email] => brunocameille@alumnos.itr3.edu.ar
    [contrasena] => $2y$10$DfVf5j75GUow.8KQIROrQ.HgppT0Rq0gHjnl3td.ZZBDLZAYggz.u
    [direccion_id] => 0
    [id_rol] => 1
    [created_at] => 2025-04-07 13:37:30
    [updated_at] => 2025-10-13 19:57:07
    [invitado_por] => 
    [estado] => activo
    [token_activacion] => 
)

INFO - 2025-10-24 12:10:51 --> Session: Class initialized using 'CodeIgniter\Session\Handlers\FileHandler' driver.
INFO - 2025-10-24 12:10:51 --> Session: Class initialized using 'CodeIgniter\Session\Handlers\FileHandler' driver.
INFO - 2025-10-24 12:10:52 --> Session: Class initialized using 'CodeIgniter\Session\Handlers\FileHandler' driver.
INFO - 2025-10-24 12:10:52 --> Session: Class initialized using 'CodeIgniter\Session\Handlers\FileHandler' driver.
DEBUG - 2025-10-24 12:11:38 --> Ruta actual: /Tesina/public/energia/dispositivo/2
INFO - 2025-10-24 12:11:38 --> Session: Class initialized using 'CodeIgniter\Session\Handlers\FileHandler' driver.
DEBUG - 2025-10-24 12:11:38 --> Datos en sesión: Array
(
    [__ci_last_regenerate] => 1761318636
    [_ci_previous_url] => http://192.168.2.149/Tesina/public/energia/cortes
    [id_usuario] => 1
    [nombre] => brunito
    [apellido] => barber
    [email] => brunocameille@alumnos.itr3.edu.ar
    [rol] => admin
    [logged_in] => 1
)

INFO - 2025-10-24 12:11:38 --> Session: Class initialized using 'CodeIgniter\Session\Handlers\FileHandler' driver.
INFO - 2025-10-24 12:11:38 --> Session: Class initialized using 'CodeIgniter\Session\Handlers\FileHandler' driver.
INFO - 2025-10-24 12:11:39 --> Session: Class initialized using 'CodeIgniter\Session\Handlers\FileHandler' driver.
INFO - 2025-10-24 12:11:41 --> Session: Class initialized using 'CodeIgniter\Session\Handlers\FileHandler' driver.
INFO - 2025-10-24 12:11:41 --> Session: Class initialized using 'CodeIgniter\Session\Handlers\FileHandler' driver.
INFO - 2025-10-24 12:11:42 --> Session: Class initialized using 'CodeIgniter\Session\Handlers\FileHandler' driver.
INFO - 2025-10-24 12:11:42 --> Session: Class initialized using 'CodeIgniter\Session\Handlers\FileHandler' driver.
DEBUG - 2025-10-24 12:11:43 --> Ruta actual: /Tesina/public/admin/dispositivos
INFO - 2025-10-24 12:11:43 --> Session: Class initialized using 'CodeIgniter\Session\Handlers\FileHandler' driver.
DEBUG - 2025-10-24 12:11:43 --> Datos en sesión: Array
(
    [__ci_last_regenerate] => 1761318636
    [_ci_previous_url] => http://192.168.2.149/Tesina/public/energia/cortes
    [id_usuario] => 1
    [nombre] => brunito
    [apellido] => barber
    [email] => brunocameille@alumnos.itr3.edu.ar
    [rol] => admin
    [logged_in] => 1
)

DEBUG - 2025-10-24 12:11:43 --> Buscando usuario ID: 1
DEBUG - 2025-10-24 12:11:43 --> Resultado de la búsqueda: Array
(
    [id_usuario] => 1
    [nombre] => brunito
    [apellido] => barber
    [email] => brunocameille@alumnos.itr3.edu.ar
    [contrasena] => $2y$10$DfVf5j75GUow.8KQIROrQ.HgppT0Rq0gHjnl3td.ZZBDLZAYggz.u
    [direccion_id] => 0
    [id_rol] => 1
    [created_at] => 2025-04-07 13:37:30
    [updated_at] => 2025-10-13 19:57:07
    [invitado_por] => 
    [estado] => activo
    [token_activacion] => 
)

DEBUG - 2025-10-24 12:11:45 --> Ruta actual: /Tesina/public/energia/dispositivo/2
INFO - 2025-10-24 12:11:45 --> Session: Class initialized using 'CodeIgniter\Session\Handlers\FileHandler' driver.
DEBUG - 2025-10-24 12:11:45 --> Datos en sesión: Array
(
    [__ci_last_regenerate] => 1761318636
    [_ci_previous_url] => http://192.168.2.149/Tesina/public/admin/dispositivos
    [id_usuario] => 1
    [nombre] => brunito
    [apellido] => barber
    [email] => brunocameille@alumnos.itr3.edu.ar
    [rol] => admin
    [logged_in] => 1
)

INFO - 2025-10-24 12:11:46 --> Session: Class initialized using 'CodeIgniter\Session\Handlers\FileHandler' driver.
INFO - 2025-10-24 12:11:46 --> Session: Class initialized using 'CodeIgniter\Session\Handlers\FileHandler' driver.
INFO - 2025-10-24 12:11:47 --> Session: Class initialized using 'CodeIgniter\Session\Handlers\FileHandler' driver.
INFO - 2025-10-24 12:11:51 --> Session: Class initialized using 'CodeIgniter\Session\Handlers\FileHandler' driver.
INFO - 2025-10-24 12:11:56 --> Session: Class initialized using 'CodeIgniter\Session\Handlers\FileHandler' driver.
INFO - 2025-10-24 12:12:01 --> Session: Class initialized using 'CodeIgniter\Session\Handlers\FileHandler' driver.
INFO - 2025-10-24 12:12:06 --> Session: Class initialized using 'CodeIgniter\Session\Handlers\FileHandler' driver.
INFO - 2025-10-24 12:12:11 --> Session: Class initialized using 'CodeIgniter\Session\Handlers\FileHandler' driver.
INFO - 2025-10-24 12:12:16 --> Session: Class initialized using 'CodeIgniter\Session\Handlers\FileHandler' driver.
INFO - 2025-10-24 12:12:21 --> Session: Class initialized using 'CodeIgniter\Session\Handlers\FileHandler' driver.
INFO - 2025-10-24 12:12:26 --> Session: Class initialized using 'CodeIgniter\Session\Handlers\FileHandler' driver.
INFO - 2025-10-24 12:12:31 --> Session: Class initialized using 'CodeIgniter\Session\Handlers\FileHandler' driver.
INFO - 2025-10-24 12:12:36 --> Session: Class initialized using 'CodeIgniter\Session\Handlers\FileHandler' driver.
INFO - 2025-10-24 12:12:41 --> Session: Class initialized using 'CodeIgniter\Session\Handlers\FileHandler' driver.
INFO - 2025-10-24 12:12:46 --> Session: Class initialized using 'CodeIgniter\Session\Handlers\FileHandler' driver.
INFO - 2025-10-24 12:13:38 --> Session: Class initialized using 'CodeIgniter\Session\Handlers\FileHandler' driver.
INFO - 2025-10-24 12:14:38 --> Session: Class initialized using 'CodeIgniter\Session\Handlers\FileHandler' driver.
INFO - 2025-10-24 12:15:38 --> Session: Class initialized using 'CodeIgniter\Session\Handlers\FileHandler' driver.
INFO - 2025-10-24 12:16:38 --> Session: Class initialized using 'CodeIgniter\Session\Handlers\FileHandler' driver.
INFO - 2025-10-24 12:17:38 --> Session: Class initialized using 'CodeIgniter\Session\Handlers\FileHandler' driver.
INFO - 2025-10-24 12:18:38 --> Session: Class initialized using 'CodeIgniter\Session\Handlers\FileHandler' driver.
INFO - 2025-10-24 12:19:38 --> Session: Class initialized using 'CodeIgniter\Session\Handlers\FileHandler' driver.
INFO - 2025-10-24 12:20:38 --> Session: Class initialized using 'CodeIgniter\Session\Handlers\FileHandler' driver.
INFO - 2025-10-24 12:21:38 --> Session: Class initialized using 'CodeIgniter\Session\Handlers\FileHandler' driver.
INFO - 2025-10-24 12:22:38 --> Session: Class initialized using 'CodeIgniter\Session\Handlers\FileHandler' driver.
INFO - 2025-10-24 12:23:38 --> Session: Class initialized using 'CodeIgniter\Session\Handlers\FileHandler' driver.
INFO - 2025-10-24 12:24:38 --> Session: Class initialized using 'CodeIgniter\Session\Handlers\FileHandler' driver.
INFO - 2025-10-24 12:25:38 --> Session: Class initialized using 'CodeIgniter\Session\Handlers\FileHandler' driver.
INFO - 2025-10-24 12:26:38 --> Session: Class initialized using 'CodeIgniter\Session\Handlers\FileHandler' driver.
INFO - 2025-10-24 12:50:38 --> Session: Class initialized using 'CodeIgniter\Session\Handlers\FileHandler' driver.
INFO - 2025-10-24 12:51:38 --> Session: Class initialized using 'CodeIgniter\Session\Handlers\FileHandler' driver.
INFO - 2025-10-24 12:51:41 --> Session: Class initialized using 'CodeIgniter\Session\Handlers\FileHandler' driver.
INFO - 2025-10-24 12:51:44 --> Session: Class initialized using 'CodeIgniter\Session\Handlers\FileHandler' driver.
INFO - 2025-10-24 12:51:45 --> Session: Class initialized using 'CodeIgniter\Session\Handlers\FileHandler' driver.
INFO - 2025-10-24 12:51:45 --> Session: Class initialized using 'CodeIgniter\Session\Handlers\FileHandler' driver.
INFO - 2025-10-24 12:51:45 --> Session: Class initialized using 'CodeIgniter\Session\Handlers\FileHandler' driver.
INFO - 2025-10-24 12:51:45 --> Session: Class initialized using 'CodeIgniter\Session\Handlers\FileHandler' driver.
INFO - 2025-10-24 12:51:46 --> Session: Class initialized using 'CodeIgniter\Session\Handlers\FileHandler' driver.
INFO - 2025-10-24 12:51:46 --> Session: Class initialized using 'CodeIgniter\Session\Handlers\FileHandler' driver.
INFO - 2025-10-24 12:51:46 --> Session: Class initialized using 'CodeIgniter\Session\Handlers\FileHandler' driver.
DEBUG - 2025-10-24 12:51:47 --> Ruta actual: /Tesina/public/energia/dispositivo/2
INFO - 2025-10-24 12:51:47 --> Session: Class initialized using 'CodeIgniter\Session\Handlers\FileHandler' driver.
DEBUG - 2025-10-24 12:51:47 --> Datos en sesión: Array
(
    [__ci_last_regenerate] => 1761321038
    [_ci_previous_url] => http://192.168.2.149/Tesina/public/energia/cortes
    [id_usuario] => 1
    [nombre] => brunito
    [apellido] => barber
    [email] => brunocameille@alumnos.itr3.edu.ar
    [rol] => admin
    [logged_in] => 1
)

INFO - 2025-10-24 12:51:48 --> Session: Class initialized using 'CodeIgniter\Session\Handlers\FileHandler' driver.
INFO - 2025-10-24 12:51:48 --> Session: Class initialized using 'CodeIgniter\Session\Handlers\FileHandler' driver.
INFO - 2025-10-24 12:51:49 --> Session: Class initialized using 'CodeIgniter\Session\Handlers\FileHandler' driver.
INFO - 2025-10-24 12:51:49 --> Session: Class initialized using 'CodeIgniter\Session\Handlers\FileHandler' driver.
INFO - 2025-10-24 12:51:50 --> Session: Class initialized using 'CodeIgniter\Session\Handlers\FileHandler' driver.
INFO - 2025-10-24 12:51:50 --> Session: Class initialized using 'CodeIgniter\Session\Handlers\FileHandler' driver.
INFO - 2025-10-24 12:51:50 --> Session: Class initialized using 'CodeIgniter\Session\Handlers\FileHandler' driver.
DEBUG - 2025-10-24 12:51:50 --> Ruta actual: /Tesina/public/admin/dispositivos
INFO - 2025-10-24 12:51:50 --> Session: Class initialized using 'CodeIgniter\Session\Handlers\FileHandler' driver.
DEBUG - 2025-10-24 12:51:50 --> Datos en sesión: Array
(
    [__ci_last_regenerate] => 1761321038
    [_ci_previous_url] => http://192.168.2.149/Tesina/public/energia/cortes
    [id_usuario] => 1
    [nombre] => brunito
    [apellido] => barber
    [email] => brunocameille@alumnos.itr3.edu.ar
    [rol] => admin
    [logged_in] => 1
)

DEBUG - 2025-10-24 12:51:50 --> Buscando usuario ID: 1
DEBUG - 2025-10-24 12:51:50 --> Resultado de la búsqueda: Array
(
    [id_usuario] => 1
    [nombre] => brunito
    [apellido] => barber
    [email] => brunocameille@alumnos.itr3.edu.ar
    [contrasena] => $2y$10$DfVf5j75GUow.8KQIROrQ.HgppT0Rq0gHjnl3td.ZZBDLZAYggz.u
    [direccion_id] => 0
    [id_rol] => 1
    [created_at] => 2025-04-07 13:37:30
    [updated_at] => 2025-10-13 19:57:07
    [invitado_por] => 
    [estado] => activo
    [token_activacion] => 
)

DEBUG - 2025-10-24 12:53:09 --> Ruta actual: /Tesina/public/energia/dispositivo/2
INFO - 2025-10-24 12:53:09 --> Session: Class initialized using 'CodeIgniter\Session\Handlers\FileHandler' driver.
DEBUG - 2025-10-24 12:53:09 --> Datos en sesión: Array
(
    [__ci_last_regenerate] => 1761321038
    [_ci_previous_url] => http://192.168.2.149/Tesina/public/admin/dispositivos
    [id_usuario] => 1
    [nombre] => brunito
    [apellido] => barber
    [email] => brunocameille@alumnos.itr3.edu.ar
    [rol] => admin
    [logged_in] => 1
)

INFO - 2025-10-24 12:53:10 --> Session: Class initialized using 'CodeIgniter\Session\Handlers\FileHandler' driver.
INFO - 2025-10-24 12:53:10 --> Session: Class initialized using 'CodeIgniter\Session\Handlers\FileHandler' driver.
INFO - 2025-10-24 12:53:11 --> Session: Class initialized using 'CodeIgniter\Session\Handlers\FileHandler' driver.
INFO - 2025-10-24 12:53:15 --> Session: Class initialized using 'CodeIgniter\Session\Handlers\FileHandler' driver.
INFO - 2025-10-24 12:53:20 --> Session: Class initialized using 'CodeIgniter\Session\Handlers\FileHandler' driver.
INFO - 2025-10-24 12:53:25 --> Session: Class initialized using 'CodeIgniter\Session\Handlers\FileHandler' driver.
INFO - 2025-10-24 12:53:30 --> Session: Class initialized using 'CodeIgniter\Session\Handlers\FileHandler' driver.
INFO - 2025-10-24 12:53:35 --> Session: Class initialized using 'CodeIgniter\Session\Handlers\FileHandler' driver.
INFO - 2025-10-24 12:53:40 --> Session: Class initialized using 'CodeIgniter\Session\Handlers\FileHandler' driver.
INFO - 2025-10-24 12:53:45 --> Session: Class initialized using 'CodeIgniter\Session\Handlers\FileHandler' driver.
INFO - 2025-10-24 12:53:50 --> Session: Class initialized using 'CodeIgniter\Session\Handlers\FileHandler' driver.
INFO - 2025-10-24 12:53:55 --> Session: Class initialized using 'CodeIgniter\Session\Handlers\FileHandler' driver.
INFO - 2025-10-24 12:54:00 --> Session: Class initialized using 'CodeIgniter\Session\Handlers\FileHandler' driver.
INFO - 2025-10-24 12:54:05 --> Session: Class initialized using 'CodeIgniter\Session\Handlers\FileHandler' driver.
INFO - 2025-10-24 12:54:10 --> Session: Class initialized using 'CodeIgniter\Session\Handlers\FileHandler' driver.
INFO - 2025-10-24 12:54:15 --> Session: Class initialized using 'CodeIgniter\Session\Handlers\FileHandler' driver.
INFO - 2025-10-24 12:54:20 --> Session: Class initialized using 'CodeIgniter\Session\Handlers\FileHandler' driver.
INFO - 2025-10-24 12:54:25 --> Session: Class initialized using 'CodeIgniter\Session\Handlers\FileHandler' driver.
INFO - 2025-10-24 12:54:30 --> Session: Class initialized using 'CodeIgniter\Session\Handlers\FileHandler' driver.
INFO - 2025-10-24 12:54:35 --> Session: Class initialized using 'CodeIgniter\Session\Handlers\FileHandler' driver.
INFO - 2025-10-24 12:54:40 --> Session: Class initialized using 'CodeIgniter\Session\Handlers\FileHandler' driver.
INFO - 2025-10-24 12:54:45 --> Session: Class initialized using 'CodeIgniter\Session\Handlers\FileHandler' driver.
INFO - 2025-10-24 12:54:50 --> Session: Class initialized using 'CodeIgniter\Session\Handlers\FileHandler' driver.
INFO - 2025-10-24 12:54:55 --> Session: Class initialized using 'CodeIgniter\Session\Handlers\FileHandler' driver.
INFO - 2025-10-24 12:55:00 --> Session: Class initialized using 'CodeIgniter\Session\Handlers\FileHandler' driver.
INFO - 2025-10-24 12:55:05 --> Session: Class initialized using 'CodeIgniter\Session\Handlers\FileHandler' driver.
DEBUG - 2025-10-24 12:55:07 --> Ruta actual: /Tesina/public/admin/dispositivos
INFO - 2025-10-24 12:55:07 --> Session: Class initialized using 'CodeIgniter\Session\Handlers\FileHandler' driver.
DEBUG - 2025-10-24 12:55:07 --> Datos en sesión: Array
(
    [__ci_last_regenerate] => 1761321038
    [_ci_previous_url] => http://192.168.2.149/Tesina/public/energia/dispositivo/2
    [id_usuario] => 1
    [nombre] => brunito
    [apellido] => barber
    [email] => brunocameille@alumnos.itr3.edu.ar
    [rol] => admin
    [logged_in] => 1
)

DEBUG - 2025-10-24 12:55:07 --> Buscando usuario ID: 1
DEBUG - 2025-10-24 12:55:07 --> Resultado de la búsqueda: Array
(
    [id_usuario] => 1
    [nombre] => brunito
    [apellido] => barber
    [email] => brunocameille@alumnos.itr3.edu.ar
    [contrasena] => $2y$10$DfVf5j75GUow.8KQIROrQ.HgppT0Rq0gHjnl3td.ZZBDLZAYggz.u
    [direccion_id] => 0
    [id_rol] => 1
    [created_at] => 2025-04-07 13:37:30
    [updated_at] => 2025-10-13 19:57:07
    [invitado_por] => 
    [estado] => activo
    [token_activacion] => 
)

INFO - 2025-10-24 12:59:41 --> Session: Class initialized using 'CodeIgniter\Session\Handlers\FileHandler' driver.
INFO - 2025-10-24 12:59:41 --> Session: Class initialized using 'CodeIgniter\Session\Handlers\FileHandler' driver.
INFO - 2025-10-24 12:59:43 --> Session: Class initialized using 'CodeIgniter\Session\Handlers\FileHandler' driver.
INFO - 2025-10-24 12:59:48 --> Session: Class initialized using 'CodeIgniter\Session\Handlers\FileHandler' driver.
INFO - 2025-10-24 13:01:55 --> Session: Class initialized using 'CodeIgniter\Session\Handlers\FileHandler' driver.
INFO - 2025-10-24 13:01:58 --> Session: Class initialized using 'CodeIgniter\Session\Handlers\FileHandler' driver.
INFO - 2025-10-24 13:03:14 --> Session: Class initialized using 'CodeIgniter\Session\Handlers\FileHandler' driver.
INFO - 2025-10-24 13:03:14 --> Session: Class initialized using 'CodeIgniter\Session\Handlers\FileHandler' driver.
INFO - 2025-10-24 13:03:19 --> Session: Class initialized using 'CodeIgniter\Session\Handlers\FileHandler' driver.
DEBUG - 2025-10-24 13:03:19 --> Intento de login para compra adicional - Email: brunocameille@alumnos.itr3.edu.ar
DEBUG - 2025-10-24 13:03:19 --> Usuario encontrado para compra adicional: {"id":"1","email":"brunocameille@alumnos.itr3.edu.ar","estado":"activo","rol":"1"}
DEBUG - 2025-10-24 13:03:19 --> Login exitoso para compra adicional - Email: brunocameille@alumnos.itr3.edu.ar
DEBUG - 2025-10-24 13:03:19 --> Redirigiendo a compra adicional para usuario: brunocameille@alumnos.itr3.edu.ar
INFO - 2025-10-24 13:03:19 --> Session: Class initialized using 'CodeIgniter\Session\Handlers\FileHandler' driver.
DEBUG - 2025-10-24 13:03:19 --> Buscando usuario ID: 1
DEBUG - 2025-10-24 13:03:19 --> Resultado de la búsqueda: Array
(
    [id_usuario] => 1
    [nombre] => brunito
    [apellido] => barber
    [email] => brunocameille@alumnos.itr3.edu.ar
    [contrasena] => $2y$10$DfVf5j75GUow.8KQIROrQ.HgppT0Rq0gHjnl3td.ZZBDLZAYggz.u
    [direccion_id] => 0
    [id_rol] => 1
    [created_at] => 2025-04-07 13:37:30
    [updated_at] => 2025-10-13 19:57:07
    [invitado_por] => 
    [estado] => activo
    [token_activacion] => 
)

INFO - 2025-10-24 13:04:24 --> Session: Class initialized using 'CodeIgniter\Session\Handlers\FileHandler' driver.
INFO - 2025-10-24 13:04:24 --> Session: Class initialized using 'CodeIgniter\Session\Handlers\FileHandler' driver.
DEBUG - 2025-10-24 13:04:24 --> Buscando usuario ID: 1
DEBUG - 2025-10-24 13:04:24 --> Resultado de la búsqueda: Array
(
    [id_usuario] => 1
    [nombre] => brunito
    [apellido] => barber
    [email] => brunocameille@alumnos.itr3.edu.ar
    [contrasena] => $2y$10$DfVf5j75GUow.8KQIROrQ.HgppT0Rq0gHjnl3td.ZZBDLZAYggz.u
    [direccion_id] => 0
    [id_rol] => 1
    [created_at] => 2025-04-07 13:37:30
    [updated_at] => 2025-10-13 19:57:07
    [invitado_por] => 
    [estado] => activo
    [token_activacion] => 
)

INFO - 2025-10-24 13:04:34 --> Session: Class initialized using 'CodeIgniter\Session\Handlers\FileHandler' driver.
DEBUG - 2025-10-24 13:04:34 --> Buscando usuario ID: 1
DEBUG - 2025-10-24 13:04:34 --> Resultado de la búsqueda: Array
(
    [id_usuario] => 1
    [nombre] => brunito
    [apellido] => barber
    [email] => brunocameille@alumnos.itr3.edu.ar
    [contrasena] => $2y$10$DfVf5j75GUow.8KQIROrQ.HgppT0Rq0gHjnl3td.ZZBDLZAYggz.u
    [direccion_id] => 0
    [id_rol] => 1
    [created_at] => 2025-04-07 13:37:30
    [updated_at] => 2025-10-13 19:57:07
    [invitado_por] => 
    [estado] => activo
    [token_activacion] => 
)

INFO - 2025-10-24 13:04:43 --> Session: Class initialized using 'CodeIgniter\Session\Handlers\FileHandler' driver.
DEBUG - 2025-10-24 13:04:43 --> Buscando usuario ID: 1
DEBUG - 2025-10-24 13:04:43 --> Resultado de la búsqueda: Array
(
    [id_usuario] => 1
    [nombre] => brunito
    [apellido] => barber
    [email] => brunocameille@alumnos.itr3.edu.ar
    [contrasena] => $2y$10$DfVf5j75GUow.8KQIROrQ.HgppT0Rq0gHjnl3td.ZZBDLZAYggz.u
    [direccion_id] => 0
    [id_rol] => 1
    [created_at] => 2025-04-07 13:37:30
    [updated_at] => 2025-10-13 19:57:07
    [invitado_por] => 
    [estado] => activo
    [token_activacion] => 
)

INFO - 2025-10-24 13:05:40 --> Session: Class initialized using 'CodeIgniter\Session\Handlers\FileHandler' driver.
INFO - 2025-10-24 13:05:43 --> Session: Class initialized using 'CodeIgniter\Session\Handlers\FileHandler' driver.
DEBUG - 2025-10-24 13:05:43 --> Buscando usuario ID: 1
DEBUG - 2025-10-24 13:05:43 --> Resultado de la búsqueda: Array
(
    [id_usuario] => 1
    [nombre] => brunito
    [apellido] => barber
    [email] => brunocameille@alumnos.itr3.edu.ar
    [contrasena] => $2y$10$DfVf5j75GUow.8KQIROrQ.HgppT0Rq0gHjnl3td.ZZBDLZAYggz.u
    [direccion_id] => 0
    [id_rol] => 1
    [created_at] => 2025-04-07 13:37:30
    [updated_at] => 2025-10-13 19:57:07
    [invitado_por] => 
    [estado] => activo
    [token_activacion] => 
)

INFO - 2025-10-24 13:05:48 --> Session: Class initialized using 'CodeIgniter\Session\Handlers\FileHandler' driver.
INFO - 2025-10-24 13:05:51 --> Session: Class initialized using 'CodeIgniter\Session\Handlers\FileHandler' driver.
DEBUG - 2025-10-24 13:05:51 --> Buscando usuario ID: 1
DEBUG - 2025-10-24 13:05:51 --> Resultado de la búsqueda: Array
(
    [id_usuario] => 1
    [nombre] => brunito
    [apellido] => barber
    [email] => brunocameille@alumnos.itr3.edu.ar
    [contrasena] => $2y$10$DfVf5j75GUow.8KQIROrQ.HgppT0Rq0gHjnl3td.ZZBDLZAYggz.u
    [direccion_id] => 0
    [id_rol] => 1
    [created_at] => 2025-04-07 13:37:30
    [updated_at] => 2025-10-13 19:57:07
    [invitado_por] => 
    [estado] => activo
    [token_activacion] => 
)

INFO - 2025-10-24 13:06:45 --> Session: Class initialized using 'CodeIgniter\Session\Handlers\FileHandler' driver.
DEBUG - 2025-10-24 13:06:45 --> Buscando usuario ID: 1
DEBUG - 2025-10-24 13:06:45 --> Resultado de la búsqueda: Array
(
    [id_usuario] => 1
    [nombre] => brunito
    [apellido] => barber
    [email] => brunocameille@alumnos.itr3.edu.ar
    [contrasena] => $2y$10$DfVf5j75GUow.8KQIROrQ.HgppT0Rq0gHjnl3td.ZZBDLZAYggz.u
    [direccion_id] => 0
    [id_rol] => 1
    [created_at] => 2025-04-07 13:37:30
    [updated_at] => 2025-10-13 19:57:07
    [invitado_por] => 
    [estado] => activo
    [token_activacion] => 
)

INFO - 2025-10-24 13:07:02 --> Session: Class initialized using 'CodeIgniter\Session\Handlers\FileHandler' driver.
DEBUG - 2025-10-24 13:07:02 --> Buscando usuario ID: 1
DEBUG - 2025-10-24 13:07:02 --> Resultado de la búsqueda: Array
(
    [id_usuario] => 1
    [nombre] => brunito
    [apellido] => barber
    [email] => brunocameille@alumnos.itr3.edu.ar
    [contrasena] => $2y$10$DfVf5j75GUow.8KQIROrQ.HgppT0Rq0gHjnl3td.ZZBDLZAYggz.u
    [direccion_id] => 0
    [id_rol] => 1
    [created_at] => 2025-04-07 13:37:30
    [updated_at] => 2025-10-13 19:57:07
    [invitado_por] => 
    [estado] => activo
    [token_activacion] => 
)

INFO - 2025-10-24 13:07:12 --> Session: Class initialized using 'CodeIgniter\Session\Handlers\FileHandler' driver.
DEBUG - 2025-10-24 13:07:12 --> Buscando usuario ID: 1
DEBUG - 2025-10-24 13:07:12 --> Resultado de la búsqueda: Array
(
    [id_usuario] => 1
    [nombre] => brunito
    [apellido] => barber
    [email] => brunocameille@alumnos.itr3.edu.ar
    [contrasena] => $2y$10$DfVf5j75GUow.8KQIROrQ.HgppT0Rq0gHjnl3td.ZZBDLZAYggz.u
    [direccion_id] => 0
    [id_rol] => 1
    [created_at] => 2025-04-07 13:37:30
    [updated_at] => 2025-10-13 19:57:07
    [invitado_por] => 
    [estado] => activo
    [token_activacion] => 
)

INFO - 2025-10-24 13:07:34 --> Session: Class initialized using 'CodeIgniter\Session\Handlers\FileHandler' driver.
INFO - 2025-10-24 13:07:35 --> Session: Class initialized using 'CodeIgniter\Session\Handlers\FileHandler' driver.
DEBUG - 2025-10-24 13:07:35 --> Buscando usuario ID: 1
DEBUG - 2025-10-24 13:07:35 --> Resultado de la búsqueda: Array
(
    [id_usuario] => 1
    [nombre] => brunito
    [apellido] => barber
    [email] => brunocameille@alumnos.itr3.edu.ar
    [contrasena] => $2y$10$DfVf5j75GUow.8KQIROrQ.HgppT0Rq0gHjnl3td.ZZBDLZAYggz.u
    [direccion_id] => 0
    [id_rol] => 1
    [created_at] => 2025-04-07 13:37:30
    [updated_at] => 2025-10-13 19:57:07
    [invitado_por] => 
    [estado] => activo
    [token_activacion] => 
)

INFO - 2025-10-24 13:08:34 --> Session: Class initialized using 'CodeIgniter\Session\Handlers\FileHandler' driver.
DEBUG - 2025-10-24 13:08:34 --> Buscando usuario ID: 1
DEBUG - 2025-10-24 13:08:34 --> Resultado de la búsqueda: Array
(
    [id_usuario] => 1
    [nombre] => brunito
    [apellido] => barber
    [email] => brunocameille@alumnos.itr3.edu.ar
    [contrasena] => $2y$10$DfVf5j75GUow.8KQIROrQ.HgppT0Rq0gHjnl3td.ZZBDLZAYggz.u
    [direccion_id] => 0
    [id_rol] => 1
    [created_at] => 2025-04-07 13:37:30
    [updated_at] => 2025-10-13 19:57:07
    [invitado_por] => 
    [estado] => activo
    [token_activacion] => 
)

INFO - 2025-10-24 13:08:42 --> Session: Class initialized using 'CodeIgniter\Session\Handlers\FileHandler' driver.
DEBUG - 2025-10-24 13:08:42 --> Buscando usuario ID: 1
DEBUG - 2025-10-24 13:08:42 --> Resultado de la búsqueda: Array
(
    [id_usuario] => 1
    [nombre] => brunito
    [apellido] => barber
    [email] => brunocameille@alumnos.itr3.edu.ar
    [contrasena] => $2y$10$DfVf5j75GUow.8KQIROrQ.HgppT0Rq0gHjnl3td.ZZBDLZAYggz.u
    [direccion_id] => 0
    [id_rol] => 1
    [created_at] => 2025-04-07 13:37:30
    [updated_at] => 2025-10-13 19:57:07
    [invitado_por] => 
    [estado] => activo
    [token_activacion] => 
)

INFO - 2025-10-24 13:08:46 --> Session: Class initialized using 'CodeIgniter\Session\Handlers\FileHandler' driver.
DEBUG - 2025-10-24 13:08:46 --> Buscando usuario ID: 1
DEBUG - 2025-10-24 13:08:46 --> Resultado de la búsqueda: Array
(
    [id_usuario] => 1
    [nombre] => brunito
    [apellido] => barber
    [email] => brunocameille@alumnos.itr3.edu.ar
    [contrasena] => $2y$10$DfVf5j75GUow.8KQIROrQ.HgppT0Rq0gHjnl3td.ZZBDLZAYggz.u
    [direccion_id] => 0
    [id_rol] => 1
    [created_at] => 2025-04-07 13:37:30
    [updated_at] => 2025-10-13 19:57:07
    [invitado_por] => 
    [estado] => activo
    [token_activacion] => 
)

INFO - 2025-10-24 13:09:05 --> Session: Class initialized using 'CodeIgniter\Session\Handlers\FileHandler' driver.
DEBUG - 2025-10-24 13:09:05 --> Buscando usuario ID: 1
DEBUG - 2025-10-24 13:09:05 --> Resultado de la búsqueda: Array
(
    [id_usuario] => 1
    [nombre] => brunito
    [apellido] => barber
    [email] => brunocameille@alumnos.itr3.edu.ar
    [contrasena] => $2y$10$DfVf5j75GUow.8KQIROrQ.HgppT0Rq0gHjnl3td.ZZBDLZAYggz.u
    [direccion_id] => 0
    [id_rol] => 1
    [created_at] => 2025-04-07 13:37:30
    [updated_at] => 2025-10-13 19:57:07
    [invitado_por] => 
    [estado] => activo
    [token_activacion] => 
)

INFO - 2025-10-24 13:09:06 --> Session: Class initialized using 'CodeIgniter\Session\Handlers\FileHandler' driver.
DEBUG - 2025-10-24 13:09:06 --> Buscando usuario ID: 1
DEBUG - 2025-10-24 13:09:06 --> Resultado de la búsqueda: Array
(
    [id_usuario] => 1
    [nombre] => brunito
    [apellido] => barber
    [email] => brunocameille@alumnos.itr3.edu.ar
    [contrasena] => $2y$10$DfVf5j75GUow.8KQIROrQ.HgppT0Rq0gHjnl3td.ZZBDLZAYggz.u
    [direccion_id] => 0
    [id_rol] => 1
    [created_at] => 2025-04-07 13:37:30
    [updated_at] => 2025-10-13 19:57:07
    [invitado_por] => 
    [estado] => activo
    [token_activacion] => 
)

INFO - 2025-10-24 13:09:10 --> Session: Class initialized using 'CodeIgniter\Session\Handlers\FileHandler' driver.
INFO - 2025-10-24 13:09:10 --> Session: Class initialized using 'CodeIgniter\Session\Handlers\FileHandler' driver.
DEBUG - 2025-10-24 13:09:10 --> Buscando usuario ID: 1
DEBUG - 2025-10-24 13:09:10 --> Resultado de la búsqueda: Array
(
    [id_usuario] => 1
    [nombre] => brunito
    [apellido] => barber
    [email] => brunocameille@alumnos.itr3.edu.ar
    [contrasena] => $2y$10$DfVf5j75GUow.8KQIROrQ.HgppT0Rq0gHjnl3td.ZZBDLZAYggz.u
    [direccion_id] => 0
    [id_rol] => 1
    [created_at] => 2025-04-07 13:37:30
    [updated_at] => 2025-10-13 19:57:07
    [invitado_por] => 
    [estado] => activo
    [token_activacion] => 
)

