INFO - 2025-09-25 07:54:40 --> Session: Class initialized using 'CodeIgniter\Session\Handlers\FileHandler' driver.
INFO - 2025-09-25 07:54:46 --> Session: Class initialized using 'CodeIgniter\Session\Handlers\FileHandler' driver.
INFO - 2025-09-25 07:57:03 --> Session: Class initialized using 'CodeIgniter\Session\Handlers\FileHandler' driver.
INFO - 2025-09-25 07:57:19 --> Session: Class initialized using 'CodeIgniter\Session\Handlers\FileHandler' driver.
DEBUG - 2025-09-25 07:57:19 --> Intento de inicio de sesión para email: brunocameille@alumnos.itr3.edu.ar
DEBUG - 2025-09-25 07:57:19 --> Longitud de la contraseña ingresada: 17
DEBUG - 2025-09-25 07:57:19 --> Usuario encontrado: {"id":"1","email":"brunocameille@alumnos.itr3.edu.ar","estado":"activo","rol":"1"}
DEBUG - 2025-09-25 07:57:19 --> Resultado de verificación de contraseña: true
DEBUG - 2025-09-25 07:57:19 --> Hash almacenado en la base de datos: $2y$10$F4xQfULyrVhG1JD8Y21QR.vgn9Fzd257acxjmQqHQ3OYfEqBaAPb6
DEBUG - 2025-09-25 07:57:19 --> Inicio de sesión exitoso para usuario: brunocameille@alumnos.itr3.edu.ar
DEBUG - 2025-09-25 07:57:19 --> Datos de sesión guardados: {"id_usuario":"1","nombre":"brunito","apellido":"barber","email":"brunocameille@alumnos.itr3.edu.ar","rol":"admin","logged_in":true}
DEBUG - 2025-09-25 07:57:19 --> Ruta actual: /Tesina/public/admin
INFO - 2025-09-25 07:57:19 --> Session: Class initialized using 'CodeIgniter\Session\Handlers\FileHandler' driver.
DEBUG - 2025-09-25 07:57:19 --> Datos en sesión: Array
(
    [__ci_last_regenerate] => 1758797823
    [_ci_previous_url] => http://192.168.2.182/Tesina/public/autenticacion/login
    [id_usuario] => 1
    [nombre] => brunito
    [apellido] => barber
    [email] => brunocameille@alumnos.itr3.edu.ar
    [rol] => admin
    [logged_in] => 1
)

DEBUG - 2025-09-25 07:57:21 --> Ruta actual: /Tesina/public/admin/dispositivos
INFO - 2025-09-25 07:57:21 --> Session: Class initialized using 'CodeIgniter\Session\Handlers\FileHandler' driver.
DEBUG - 2025-09-25 07:57:21 --> Datos en sesión: Array
(
    [__ci_last_regenerate] => 1758797823
    [_ci_previous_url] => http://192.168.2.182/Tesina/public/admin
    [id_usuario] => 1
    [nombre] => brunito
    [apellido] => barber
    [email] => brunocameille@alumnos.itr3.edu.ar
    [rol] => admin
    [logged_in] => 1
)

DEBUG - 2025-09-25 07:57:21 --> Buscando usuario ID: 1
DEBUG - 2025-09-25 07:57:21 --> Resultado de la búsqueda: Array
(
    [id_usuario] => 1
    [nombre] => brunito
    [apellido] => barber
    [email] => brunocameille@alumnos.itr3.edu.ar
    [contrasena] => $2y$10$F4xQfULyrVhG1JD8Y21QR.vgn9Fzd257acxjmQqHQ3OYfEqBaAPb6
    [direccion_id] => 0
    [id_rol] => 1
    [created_at] => 2025-04-07 13:37:30
    [updated_at] => 2025-07-24 14:07:31
    [invitado_por] => 
    [estado] => activo
    [token_activacion] => 
)

DEBUG - 2025-09-25 07:57:25 --> Ruta actual: /Tesina/public/energia/dispositivo/2
INFO - 2025-09-25 07:57:25 --> Session: Class initialized using 'CodeIgniter\Session\Handlers\FileHandler' driver.
DEBUG - 2025-09-25 07:57:25 --> Datos en sesión: Array
(
    [__ci_last_regenerate] => 1758797823
    [_ci_previous_url] => http://192.168.2.182/Tesina/public/admin/dispositivos
    [id_usuario] => 1
    [nombre] => brunito
    [apellido] => barber
    [email] => brunocameille@alumnos.itr3.edu.ar
    [rol] => admin
    [logged_in] => 1
)

INFO - 2025-09-25 07:57:26 --> Session: Class initialized using 'CodeIgniter\Session\Handlers\FileHandler' driver.
INFO - 2025-09-25 07:57:30 --> Session: Class initialized using 'CodeIgniter\Session\Handlers\FileHandler' driver.
DEBUG - 2025-09-25 07:57:32 --> Ruta actual: /Tesina/public/admin/dispositivos
INFO - 2025-09-25 07:57:32 --> Session: Class initialized using 'CodeIgniter\Session\Handlers\FileHandler' driver.
DEBUG - 2025-09-25 07:57:32 --> Datos en sesión: Array
(
    [__ci_last_regenerate] => 1758797823
    [_ci_previous_url] => http://192.168.2.182/Tesina/public/energia/dispositivo/2
    [id_usuario] => 1
    [nombre] => brunito
    [apellido] => barber
    [email] => brunocameille@alumnos.itr3.edu.ar
    [rol] => admin
    [logged_in] => 1
)

DEBUG - 2025-09-25 07:57:32 --> Buscando usuario ID: 1
DEBUG - 2025-09-25 07:57:32 --> Resultado de la búsqueda: Array
(
    [id_usuario] => 1
    [nombre] => brunito
    [apellido] => barber
    [email] => brunocameille@alumnos.itr3.edu.ar
    [contrasena] => $2y$10$F4xQfULyrVhG1JD8Y21QR.vgn9Fzd257acxjmQqHQ3OYfEqBaAPb6
    [direccion_id] => 0
    [id_rol] => 1
    [created_at] => 2025-04-07 13:37:30
    [updated_at] => 2025-07-24 14:07:31
    [invitado_por] => 
    [estado] => activo
    [token_activacion] => 
)

INFO - 2025-09-25 07:58:51 --> Session: Class initialized using 'CodeIgniter\Session\Handlers\FileHandler' driver.
INFO - 2025-09-25 07:58:52 --> Session: Class initialized using 'CodeIgniter\Session\Handlers\FileHandler' driver.
INFO - 2025-09-25 07:58:57 --> Session: Class initialized using 'CodeIgniter\Session\Handlers\FileHandler' driver.
DEBUG - 2025-09-25 07:58:57 --> Intento de inicio de sesión para email: brunocameille@alumnos.itr3.edu.ar
DEBUG - 2025-09-25 07:58:57 --> Longitud de la contraseña ingresada: 17
DEBUG - 2025-09-25 07:58:57 --> Usuario encontrado: {"id":"1","email":"brunocameille@alumnos.itr3.edu.ar","estado":"activo","rol":"3"}
DEBUG - 2025-09-25 07:58:57 --> Resultado de verificación de contraseña: true
DEBUG - 2025-09-25 07:58:57 --> Hash almacenado en la base de datos: $2y$10$F4xQfULyrVhG1JD8Y21QR.vgn9Fzd257acxjmQqHQ3OYfEqBaAPb6
DEBUG - 2025-09-25 07:58:57 --> Inicio de sesión exitoso para usuario: brunocameille@alumnos.itr3.edu.ar
DEBUG - 2025-09-25 07:58:57 --> Datos de sesión guardados: {"id_usuario":"1","nombre":"brunito","apellido":"barber","email":"brunocameille@alumnos.itr3.edu.ar","rol":"supervisor","logged_in":true}
DEBUG - 2025-09-25 07:58:58 --> Ruta actual: /Tesina/public/supervisor
INFO - 2025-09-25 07:58:58 --> Session: Class initialized using 'CodeIgniter\Session\Handlers\FileHandler' driver.
DEBUG - 2025-09-25 07:58:58 --> Datos en sesión: Array
(
    [__ci_last_regenerate] => 1758797932
    [_ci_previous_url] => http://192.168.2.182/Tesina/public/autenticacion/login
    [id_usuario] => 1
    [nombre] => brunito
    [apellido] => barber
    [email] => brunocameille@alumnos.itr3.edu.ar
    [rol] => supervisor
    [logged_in] => 1
)

DEBUG - 2025-09-25 07:58:58 --> Buscando usuario ID: 
DEBUG - 2025-09-25 07:58:58 --> Resultado de la búsqueda: Array
(
    [0] => Array
        (
            [id_usuario] => 80
            [nombre] => elvito
            [apellido] => loacs
            [email] => gordoffofo@gmail.com
            [contrasena] => $2y$10$HsEYMPrnTHX2umHxJneNl.uGyJTGG.NYVccBIsTxGFQWx1nf9AWti
            [direccion_id] => 0
            [id_rol] => 1
            [created_at] => 2025-09-16 11:39:13
            [updated_at] => 2025-09-16 11:39:13
            [invitado_por] => 
            [estado] => pendiente
            [token_activacion] => 
            [nombre_rol] => admin
        )

    [1] => Array
        (
            [id_usuario] => 79
            [nombre] => elbajo
            [apellido] => jajjajaa
            [email] => elbajo07@gmail.com
            [contrasena] => $2y$10$1twjBNNrclek2GabqPUw..loUU17B.G5uC9AMbr.KbGr5EeZtzo36
            [direccion_id] => 0
            [id_rol] => 2
            [created_at] => 2025-06-27 08:52:11
            [updated_at] => 2025-06-27 08:52:11
            [invitado_por] => 1
            [estado] => activo
            [token_activacion] => 
            [nombre_rol] => usuario
        )

    [2] => Array
        (
            [id_usuario] => 78
            [nombre] => sopa
            [apellido] => estsasa
            [email] => sopa07@gmail.com
            [contrasena] => $2y$10$/vX5TGtXK2UJfO2/C36MQeKWkUeD/IXqieHeRH3jnLK2ncBSby.Oa
            [direccion_id] => 0
            [id_rol] => 1
            [created_at] => 2025-06-27 08:44:06
            [updated_at] => 2025-06-27 08:45:04
            [invitado_por] => 
            [estado] => activo
            [token_activacion] => 
            [nombre_rol] => admin
        )

    [3] => Array
        (
            [id_usuario] => 77
            [nombre] => llaldll
            [apellido] => asa
            [email] => salamin07@gmail.com
            [contrasena] => $2y$10$sXiTysDWNRBTlLhQawOoauIec0q5HQ/fhvi39Gl4mN61AMikpib0O
            [direccion_id] => 0
            [id_rol] => 1
            [created_at] => 2025-06-27 08:11:55
            [updated_at] => 2025-06-27 08:22:20
            [invitado_por] => 
            [estado] => activo
            [token_activacion] => 
            [nombre_rol] => admin
        )

    [4] => Array
        (
            [id_usuario] => 76
            [nombre] => Manuel
            [apellido] => Urrutia
            [email] => manuelurrutia@alumnos.itr3.edu.ar
            [contrasena] => $2y$10$ljDnuClSssl0YgngR8WkcORiaEEb0P0XtPL2bGwgZ.U50symRFe7u
            [direccion_id] => 0
            [id_rol] => 1
            [created_at] => 2025-06-19 08:22:31
            [updated_at] => 2025-06-19 08:23:16
            [invitado_por] => 75
            [estado] => activo
            [token_activacion] => 
            [nombre_rol] => admin
        )

    [5] => Array
        (
            [id_usuario] => 75
            [nombre] => Aylen
            [apellido] => berthalet
            [email] => aylen@itr3.edu.ar
            [contrasena] => $2y$10$x0R3zQXWhiw14RxYSK6HyOrCl3LPpp8iYxRfKaRXiuc0MKhYahp2i
            [direccion_id] => 0
            [id_rol] => 1
            [created_at] => 2025-06-19 08:14:45
            [updated_at] => 2025-06-19 08:26:02
            [invitado_por] => 
            [estado] => activo
            [token_activacion] => 
            [nombre_rol] => admin
        )

    [6] => Array
        (
            [id_usuario] => 74
            [nombre] => estefanito
            [apellido] => nazi
            [email] => estefano09@gmail.com
            [contrasena] => $2y$10$qjP50Kn8Ogr9Q/q1Iz6cAeJiVJl9HOUd2Yw.JhYH0.tqDtSMtww2W
            [direccion_id] => 0
            [id_rol] => 1
            [created_at] => 2025-06-18 08:56:44
            [updated_at] => 2025-06-18 08:57:09
            [invitado_por] => 
            [estado] => activo
            [token_activacion] => 
            [nombre_rol] => admin
        )

    [7] => Array
        (
            [id_usuario] => 73
            [nombre] => elmedo
            [apellido] => godoy
            [email] => elmedo@gmail.com
            [contrasena] => $2y$10$hsCiQS2iZtSHE7SmAtIzluzYeA0gcpB0eEp7iw0TfVJe7dX44uebC
            [direccion_id] => 0
            [id_rol] => 1
            [created_at] => 2025-06-12 16:52:10
            [updated_at] => 2025-06-12 18:22:19
            [invitado_por] => 
            [estado] => activo
            [token_activacion] => 
            [nombre_rol] => admin
        )

    [8] => Array
        (
            [id_usuario] => 72
            [nombre] => mayitooo
            [apellido] => kaka
            [email] => mayito@gmail.com
            [contrasena] => $2y$10$rq4u2.7llV6L4nGuy0R1dOt2CRvpTD6IeLQmWoUCcm/s3OXteXYcq
            [direccion_id] => 0
            [id_rol] => 1
            [created_at] => 2025-06-11 22:41:57
            [updated_at] => 2025-06-11 22:43:36
            [invitado_por] => 
            [estado] => activo
            [token_activacion] => 
            [nombre_rol] => admin
        )

    [9] => Array
        (
            [id_usuario] => 71
            [nombre] => iancito
            [apellido] => Cameille
            [email] => iancito@gmail.com
            [contrasena] => $2y$10$KCXxE7wnCSzdBEtgShio1.LQqJPG3HfFECdNklgR5Hs0utxhIzCje
            [direccion_id] => 0
            [id_rol] => 1
            [created_at] => 2025-06-03 15:53:41
            [updated_at] => 2025-06-03 15:56:30
            [invitado_por] => 70
            [estado] => activo
            [token_activacion] => 
            [nombre_rol] => admin
        )

)

DEBUG - 2025-09-25 07:59:03 --> Ruta actual: /Tesina/public/supervisor
INFO - 2025-09-25 07:59:03 --> Session: Class initialized using 'CodeIgniter\Session\Handlers\FileHandler' driver.
DEBUG - 2025-09-25 07:59:03 --> Datos en sesión: Array
(
    [__ci_last_regenerate] => 1758797932
    [_ci_previous_url] => http://192.168.2.182/Tesina/public/supervisor
    [id_usuario] => 1
    [nombre] => brunito
    [apellido] => barber
    [email] => brunocameille@alumnos.itr3.edu.ar
    [rol] => supervisor
    [logged_in] => 1
)

DEBUG - 2025-09-25 07:59:03 --> Buscando usuario ID: 
DEBUG - 2025-09-25 07:59:03 --> Resultado de la búsqueda: Array
(
    [0] => Array
        (
            [id_usuario] => 80
            [nombre] => elvito
            [apellido] => loacs
            [email] => gordoffofo@gmail.com
            [contrasena] => $2y$10$HsEYMPrnTHX2umHxJneNl.uGyJTGG.NYVccBIsTxGFQWx1nf9AWti
            [direccion_id] => 0
            [id_rol] => 1
            [created_at] => 2025-09-16 11:39:13
            [updated_at] => 2025-09-16 11:39:13
            [invitado_por] => 
            [estado] => pendiente
            [token_activacion] => 
            [nombre_rol] => admin
        )

    [1] => Array
        (
            [id_usuario] => 79
            [nombre] => elbajo
            [apellido] => jajjajaa
            [email] => elbajo07@gmail.com
            [contrasena] => $2y$10$1twjBNNrclek2GabqPUw..loUU17B.G5uC9AMbr.KbGr5EeZtzo36
            [direccion_id] => 0
            [id_rol] => 2
            [created_at] => 2025-06-27 08:52:11
            [updated_at] => 2025-06-27 08:52:11
            [invitado_por] => 1
            [estado] => activo
            [token_activacion] => 
            [nombre_rol] => usuario
        )

    [2] => Array
        (
            [id_usuario] => 78
            [nombre] => sopa
            [apellido] => estsasa
            [email] => sopa07@gmail.com
            [contrasena] => $2y$10$/vX5TGtXK2UJfO2/C36MQeKWkUeD/IXqieHeRH3jnLK2ncBSby.Oa
            [direccion_id] => 0
            [id_rol] => 1
            [created_at] => 2025-06-27 08:44:06
            [updated_at] => 2025-06-27 08:45:04
            [invitado_por] => 
            [estado] => activo
            [token_activacion] => 
            [nombre_rol] => admin
        )

    [3] => Array
        (
            [id_usuario] => 77
            [nombre] => llaldll
            [apellido] => asa
            [email] => salamin07@gmail.com
            [contrasena] => $2y$10$sXiTysDWNRBTlLhQawOoauIec0q5HQ/fhvi39Gl4mN61AMikpib0O
            [direccion_id] => 0
            [id_rol] => 1
            [created_at] => 2025-06-27 08:11:55
            [updated_at] => 2025-06-27 08:22:20
            [invitado_por] => 
            [estado] => activo
            [token_activacion] => 
            [nombre_rol] => admin
        )

    [4] => Array
        (
            [id_usuario] => 76
            [nombre] => Manuel
            [apellido] => Urrutia
            [email] => manuelurrutia@alumnos.itr3.edu.ar
            [contrasena] => $2y$10$ljDnuClSssl0YgngR8WkcORiaEEb0P0XtPL2bGwgZ.U50symRFe7u
            [direccion_id] => 0
            [id_rol] => 1
            [created_at] => 2025-06-19 08:22:31
            [updated_at] => 2025-06-19 08:23:16
            [invitado_por] => 75
            [estado] => activo
            [token_activacion] => 
            [nombre_rol] => admin
        )

    [5] => Array
        (
            [id_usuario] => 75
            [nombre] => Aylen
            [apellido] => berthalet
            [email] => aylen@itr3.edu.ar
            [contrasena] => $2y$10$x0R3zQXWhiw14RxYSK6HyOrCl3LPpp8iYxRfKaRXiuc0MKhYahp2i
            [direccion_id] => 0
            [id_rol] => 1
            [created_at] => 2025-06-19 08:14:45
            [updated_at] => 2025-06-19 08:26:02
            [invitado_por] => 
            [estado] => activo
            [token_activacion] => 
            [nombre_rol] => admin
        )

    [6] => Array
        (
            [id_usuario] => 74
            [nombre] => estefanito
            [apellido] => nazi
            [email] => estefano09@gmail.com
            [contrasena] => $2y$10$qjP50Kn8Ogr9Q/q1Iz6cAeJiVJl9HOUd2Yw.JhYH0.tqDtSMtww2W
            [direccion_id] => 0
            [id_rol] => 1
            [created_at] => 2025-06-18 08:56:44
            [updated_at] => 2025-06-18 08:57:09
            [invitado_por] => 
            [estado] => activo
            [token_activacion] => 
            [nombre_rol] => admin
        )

    [7] => Array
        (
            [id_usuario] => 73
            [nombre] => elmedo
            [apellido] => godoy
            [email] => elmedo@gmail.com
            [contrasena] => $2y$10$hsCiQS2iZtSHE7SmAtIzluzYeA0gcpB0eEp7iw0TfVJe7dX44uebC
            [direccion_id] => 0
            [id_rol] => 1
            [created_at] => 2025-06-12 16:52:10
            [updated_at] => 2025-06-12 18:22:19
            [invitado_por] => 
            [estado] => activo
            [token_activacion] => 
            [nombre_rol] => admin
        )

    [8] => Array
        (
            [id_usuario] => 72
            [nombre] => mayitooo
            [apellido] => kaka
            [email] => mayito@gmail.com
            [contrasena] => $2y$10$rq4u2.7llV6L4nGuy0R1dOt2CRvpTD6IeLQmWoUCcm/s3OXteXYcq
            [direccion_id] => 0
            [id_rol] => 1
            [created_at] => 2025-06-11 22:41:57
            [updated_at] => 2025-06-11 22:43:36
            [invitado_por] => 
            [estado] => activo
            [token_activacion] => 
            [nombre_rol] => admin
        )

    [9] => Array
        (
            [id_usuario] => 71
            [nombre] => iancito
            [apellido] => Cameille
            [email] => iancito@gmail.com
            [contrasena] => $2y$10$KCXxE7wnCSzdBEtgShio1.LQqJPG3HfFECdNklgR5Hs0utxhIzCje
            [direccion_id] => 0
            [id_rol] => 1
            [created_at] => 2025-06-03 15:53:41
            [updated_at] => 2025-06-03 15:56:30
            [invitado_por] => 70
            [estado] => activo
            [token_activacion] => 
            [nombre_rol] => admin
        )

)

DEBUG - 2025-09-25 07:59:05 --> Ruta actual: /Tesina/public/supervisor/gestionarUsuarios
INFO - 2025-09-25 07:59:05 --> Session: Class initialized using 'CodeIgniter\Session\Handlers\FileHandler' driver.
DEBUG - 2025-09-25 07:59:05 --> Datos en sesión: Array
(
    [__ci_last_regenerate] => 1758797932
    [_ci_previous_url] => http://192.168.2.182/Tesina/public/supervisor
    [id_usuario] => 1
    [nombre] => brunito
    [apellido] => barber
    [email] => brunocameille@alumnos.itr3.edu.ar
    [rol] => supervisor
    [logged_in] => 1
)

DEBUG - 2025-09-25 07:59:24 --> Ruta actual: /Tesina/public/supervisor/dispositivosUsuarios/50
INFO - 2025-09-25 07:59:24 --> Session: Class initialized using 'CodeIgniter\Session\Handlers\FileHandler' driver.
DEBUG - 2025-09-25 07:59:24 --> Datos en sesión: Array
(
    [__ci_last_regenerate] => 1758797932
    [_ci_previous_url] => http://192.168.2.182/Tesina/public/supervisor/gestionarUsuarios
    [id_usuario] => 1
    [nombre] => brunito
    [apellido] => barber
    [email] => brunocameille@alumnos.itr3.edu.ar
    [rol] => supervisor
    [logged_in] => 1
)

DEBUG - 2025-09-25 07:59:24 --> Buscando usuario ID: 50
DEBUG - 2025-09-25 07:59:24 --> Resultado de la búsqueda: Array
(
    [id_usuario] => 50
    [nombre] => chuyala
    [apellido] => jajajaa
    [email] => chuyala@gmail.com
    [contrasena] => $2y$10$KtydOaIRYpqzfUEaPYJejepJHIB6iJh8E/mYvNgz3iQmclw/Fcygm
    [direccion_id] => 0
    [id_rol] => 2
    [created_at] => 2025-05-28 10:34:09
    [updated_at] => 2025-06-11 21:17:01
    [invitado_por] => 1
    [estado] => activo
    [token_activacion] => 
)

INFO - 2025-09-25 07:59:25 --> Session: Class initialized using 'CodeIgniter\Session\Handlers\FileHandler' driver.
DEBUG - 2025-09-25 07:59:25 --> Accediendo a grafico con ID: 1
DEBUG - 2025-09-25 07:59:25 --> Número de lecturas para gráfico: 0
DEBUG - 2025-09-25 07:59:25 --> Datos del gráfico: Array
(
    [labels] => Array
        (
        )

    [consumo] => Array
        (
        )

)

INFO - 2025-09-25 07:59:25 --> Session: Class initialized using 'CodeIgniter\Session\Handlers\FileHandler' driver.
DEBUG - 2025-09-25 07:59:25 --> Accediendo a grafico con ID: 2
DEBUG - 2025-09-25 07:59:25 --> Número de lecturas para gráfico: 31
DEBUG - 2025-09-25 07:59:25 --> Datos del gráfico: Array
(
    [labels] => Array
        (
            [0] => 21/08 16:13
            [1] => 21/08 16:13
            [2] => 21/08 16:13
            [3] => 21/08 16:13
            [4] => 22/08 13:09
            [5] => 22/08 13:10
            [6] => 22/08 13:10
            [7] => 22/08 13:10
            [8] => 22/08 13:10
            [9] => 22/08 13:10
            [10] => 22/08 13:10
            [11] => 22/08 13:10
            [12] => 22/08 13:10
            [13] => 22/08 13:10
            [14] => 22/08 13:10
            [15] => 22/08 13:10
            [16] => 22/08 13:10
            [17] => 22/08 13:10
            [18] => 22/08 13:10
            [19] => 22/08 13:10
            [20] => 22/08 13:10
            [21] => 22/08 13:10
            [22] => 22/08 13:10
            [23] => 22/08 13:10
            [24] => 22/08 13:10
            [25] => 22/08 13:10
            [26] => 22/08 13:10
            [27] => 22/08 13:10
            [28] => 22/08 13:10
            [29] => 22/08 13:11
            [30] => 22/08 13:11
        )

    [consumo] => Array
        (
            [0] => 0
            [1] => 0
            [2] => 0
            [3] => 0
            [4] => 0.0004
            [5] => 0.0008
            [6] => 0.0012
            [7] => 0.0015
            [8] => 0.0019
            [9] => 0.0022
            [10] => 0.0026
            [11] => 0.003
            [12] => 0.0034
            [13] => 0.0037
            [14] => 0.0041
            [15] => 0.0044
            [16] => 0.0048
            [17] => 0.0052
            [18] => 0.0055
            [19] => 0.006
            [20] => 0.0064
            [21] => 0.0069
            [22] => 0.0074
            [23] => 0.0079
            [24] => 0.0083
            [25] => 0.0088
            [26] => 0.0093
            [27] => 0.0097
            [28] => 0.0098
            [29] => 0.0099
            [30] => 0.01
        )

)

INFO - 2025-09-25 07:59:25 --> Session: Class initialized using 'CodeIgniter\Session\Handlers\FileHandler' driver.
DEBUG - 2025-09-25 07:59:25 --> Accediendo a grafico con ID: 2
DEBUG - 2025-09-25 07:59:25 --> Número de lecturas para gráfico: 31
DEBUG - 2025-09-25 07:59:25 --> Datos del gráfico: Array
(
    [labels] => Array
        (
            [0] => 21/08 16:13
            [1] => 21/08 16:13
            [2] => 21/08 16:13
            [3] => 21/08 16:13
            [4] => 22/08 13:09
            [5] => 22/08 13:10
            [6] => 22/08 13:10
            [7] => 22/08 13:10
            [8] => 22/08 13:10
            [9] => 22/08 13:10
            [10] => 22/08 13:10
            [11] => 22/08 13:10
            [12] => 22/08 13:10
            [13] => 22/08 13:10
            [14] => 22/08 13:10
            [15] => 22/08 13:10
            [16] => 22/08 13:10
            [17] => 22/08 13:10
            [18] => 22/08 13:10
            [19] => 22/08 13:10
            [20] => 22/08 13:10
            [21] => 22/08 13:10
            [22] => 22/08 13:10
            [23] => 22/08 13:10
            [24] => 22/08 13:10
            [25] => 22/08 13:10
            [26] => 22/08 13:10
            [27] => 22/08 13:10
            [28] => 22/08 13:10
            [29] => 22/08 13:11
            [30] => 22/08 13:11
        )

    [consumo] => Array
        (
            [0] => 0
            [1] => 0
            [2] => 0
            [3] => 0
            [4] => 0.0004
            [5] => 0.0008
            [6] => 0.0012
            [7] => 0.0015
            [8] => 0.0019
            [9] => 0.0022
            [10] => 0.0026
            [11] => 0.003
            [12] => 0.0034
            [13] => 0.0037
            [14] => 0.0041
            [15] => 0.0044
            [16] => 0.0048
            [17] => 0.0052
            [18] => 0.0055
            [19] => 0.006
            [20] => 0.0064
            [21] => 0.0069
            [22] => 0.0074
            [23] => 0.0079
            [24] => 0.0083
            [25] => 0.0088
            [26] => 0.0093
            [27] => 0.0097
            [28] => 0.0098
            [29] => 0.0099
            [30] => 0.01
        )

)

INFO - 2025-09-25 07:59:35 --> Session: Class initialized using 'CodeIgniter\Session\Handlers\FileHandler' driver.
DEBUG - 2025-09-25 07:59:35 --> Accediendo a verDatos con ID: 2
DEBUG - 2025-09-25 07:59:35 --> Datos del dispositivo: Array
(
    [id_dispositivo] => 2
    [nombre] => ECOVOLT HOYY 11/4
    [id_usuario] => 1
    [mac_address] => 08:D1:F9:A5:2A:14
    [ip_address] => 
    [ultima_conexion] => 
    [estado] => activo
    [created_at] => 2025-04-11 10:03:27
    [stock] => 0
    [precio] => 0
    [descripcion] => adasdada
    [fecha_actualizacion] => 2025-09-23 11:54:53
    [updated_at] => 2025-09-23 11:54:53
    [codigo_activacion] => 
    [fecha_activacion] => 
)

DEBUG - 2025-09-25 07:59:35 --> Número de lecturas encontradas: 31
DEBUG - 2025-09-25 07:59:35 --> Primera lectura: Array
(
    [id] => 8813
    [id_dispositivo] => 2
    [id_usuario] => 1
    [voltaje] => 118.75
    [corriente] => 3.0956
    [potencia] => 367.6
    [kwh] => 0.01
    [limite_superado] => 0
    [fecha] => 2025-08-22 13:11:02
    [mac_address] => 08:D1:F9:A5:2A:14
)

DEBUG - 2025-09-25 07:59:35 --> Datos enviados a la vista: Array
(
    [dispositivo] => Array
        (
            [id_dispositivo] => 2
            [nombre] => ECOVOLT HOYY 11/4
            [id_usuario] => 1
            [mac_address] => 08:D1:F9:A5:2A:14
            [ip_address] => 
            [ultima_conexion] => 
            [estado] => activo
            [created_at] => 2025-04-11 10:03:27
            [stock] => 0
            [precio] => 0
            [descripcion] => adasdada
            [fecha_actualizacion] => 2025-09-23 11:54:53
            [updated_at] => 2025-09-23 11:54:53
            [codigo_activacion] => 
            [fecha_activacion] => 
        )

    [lecturas] => Array
        (
            [0] => Array
                (
                    [id] => 8813
                    [id_dispositivo] => 2
                    [id_usuario] => 1
                    [voltaje] => 118.75
                    [corriente] => 3.0956
                    [potencia] => 367.6
                    [kwh] => 0.01
                    [limite_superado] => 0
                    [fecha] => 2025-08-22 13:11:02
                    [mac_address] => 08:D1:F9:A5:2A:14
                )

            [1] => Array
                (
                    [id] => 8812
                    [id_dispositivo] => 2
                    [id_usuario] => 1
                    [voltaje] => 118.94
                    [corriente] => 3.0923
                    [potencia] => 367.82
                    [kwh] => 0.0099
                    [limite_superado] => 0
                    [fecha] => 2025-08-22 13:11:00
                    [mac_address] => 08:D1:F9:A5:2A:14
                )

            [2] => Array
                (
                    [id] => 8811
                    [id_dispositivo] => 2
                    [id_usuario] => 1
                    [voltaje] => 108.46
                    [corriente] => 2.432
                    [potencia] => 263.77
                    [kwh] => 0.0098
                    [limite_superado] => 0
                    [fecha] => 2025-08-22 13:10:58
                    [mac_address] => 08:D1:F9:A5:2A:14
                )

            [3] => Array
                (
                    [id] => 8810
                    [id_dispositivo] => 2
                    [id_usuario] => 1
                    [voltaje] => 105.7
                    [corriente] => 16.5
                    [potencia] => 1744.06
                    [kwh] => 0.0097
                    [limite_superado] => 0
                    [fecha] => 2025-08-22 13:10:54
                    [mac_address] => 08:D1:F9:A5:2A:14
                )

            [4] => Array
                (
                    [id] => 8809
                    [id_dispositivo] => 2
                    [id_usuario] => 1
                    [voltaje] => 105.32
                    [corriente] => 16.5
                    [potencia] => 1737.82
                    [kwh] => 0.0093
                    [limite_superado] => 0
                    [fecha] => 2025-08-22 13:10:52
                    [mac_address] => 08:D1:F9:A5:2A:14
                )

            [5] => Array
                (
                    [id] => 8808
                    [id_dispositivo] => 2
                    [id_usuario] => 1
                    [voltaje] => 97.92
                    [corriente] => 16.5
                    [potencia] => 1615.68
                    [kwh] => 0.0088
                    [limite_superado] => 0
                    [fecha] => 2025-08-22 13:10:51
                    [mac_address] => 08:D1:F9:A5:2A:14
                )

            [6] => Array
                (
                    [id] => 8807
                    [id_dispositivo] => 2
                    [id_usuario] => 1
                    [voltaje] => 86.57
                    [corriente] => 16.5
                    [potencia] => 1428.4
                    [kwh] => 0.0083
                    [limite_superado] => 0
                    [fecha] => 2025-08-22 13:10:47
                    [mac_address] => 08:D1:F9:A5:2A:14
                )

            [7] => Array
                (
                    [id] => 8806
                    [id_dispositivo] => 2
                    [id_usuario] => 1
                    [voltaje] => 115.21
                    [corriente] => 16.5
                    [potencia] => 1900.97
                    [kwh] => 0.0079
                    [limite_superado] => 0
                    [fecha] => 2025-08-22 13:10:43
                    [mac_address] => 08:D1:F9:A5:2A:14
                )

            [8] => Array
                (
                    [id] => 8805
                    [id_dispositivo] => 2
                    [id_usuario] => 1
                    [voltaje] => 110.65
                    [corriente] => 16.5
                    [potencia] => 1825.67
                    [kwh] => 0.0074
                    [limite_superado] => 0
                    [fecha] => 2025-08-22 13:10:36
                    [mac_address] => 08:D1:F9:A5:2A:14
                )

            [9] => Array
                (
                    [id] => 8804
                    [id_dispositivo] => 2
                    [id_usuario] => 1
                    [voltaje] => 113.03
                    [corriente] => 16.5
                    [potencia] => 1865.02
                    [kwh] => 0.0069
                    [limite_superado] => 0
                    [fecha] => 2025-08-22 13:10:34
                    [mac_address] => 08:D1:F9:A5:2A:14
                )

            [10] => Array
                (
                    [id] => 8803
                    [id_dispositivo] => 2
                    [id_usuario] => 1
                    [voltaje] => 85.81
                    [corriente] => 16.5
                    [potencia] => 1415.82
                    [kwh] => 0.0064
                    [limite_superado] => 0
                    [fecha] => 2025-08-22 13:10:33
                    [mac_address] => 08:D1:F9:A5:2A:14
                )

            [11] => Array
                (
                    [id] => 8802
                    [id_dispositivo] => 2
                    [id_usuario] => 1
                    [voltaje] => 99.91
                    [corriente] => 16.5
                    [potencia] => 1648.56
                    [kwh] => 0.006
                    [limite_superado] => 0
                    [fecha] => 2025-08-22 13:10:31
                    [mac_address] => 08:D1:F9:A5:2A:14
                )

            [12] => Array
                (
                    [id] => 8801
                    [id_dispositivo] => 2
                    [id_usuario] => 1
                    [voltaje] => 81.01
                    [corriente] => 16.5
                    [potencia] => 1336.63
                    [kwh] => 0.0055
                    [limite_superado] => 0
                    [fecha] => 2025-08-22 13:10:30
                    [mac_address] => 08:D1:F9:A5:2A:14
                )

            [13] => Array
                (
                    [id] => 8800
                    [id_dispositivo] => 2
                    [id_usuario] => 1
                    [voltaje] => 79.58
                    [corriente] => 16.5
                    [potencia] => 1313.09
                    [kwh] => 0.0052
                    [limite_superado] => 0
                    [fecha] => 2025-08-22 13:10:28
                    [mac_address] => 08:D1:F9:A5:2A:14
                )

            [14] => Array
                (
                    [id] => 8799
                    [id_dispositivo] => 2
                    [id_usuario] => 1
                    [voltaje] => 80.12
                    [corriente] => 16.5
                    [potencia] => 1321.94
                    [kwh] => 0.0048
                    [limite_superado] => 0
                    [fecha] => 2025-08-22 13:10:27
                    [mac_address] => 08:D1:F9:A5:2A:14
                )

            [15] => Array
                (
                    [id] => 8798
                    [id_dispositivo] => 2
                    [id_usuario] => 1
                    [voltaje] => 78.4
                    [corriente] => 16.5
                    [potencia] => 1293.59
                    [kwh] => 0.0044
                    [limite_superado] => 0
                    [fecha] => 2025-08-22 13:10:25
                    [mac_address] => 08:D1:F9:A5:2A:14
                )

            [16] => Array
                (
                    [id] => 8797
                    [id_dispositivo] => 2
                    [id_usuario] => 1
                    [voltaje] => 81.92
                    [corriente] => 16.5
                    [potencia] => 1351.67
                    [kwh] => 0.0041
                    [limite_superado] => 0
                    [fecha] => 2025-08-22 13:10:24
                    [mac_address] => 08:D1:F9:A5:2A:14
                )

            [17] => Array
                (
                    [id] => 8796
                    [id_dispositivo] => 2
                    [id_usuario] => 1
                    [voltaje] => 66.81
                    [corriente] => 16.5
                    [potencia] => 1102.29
                    [kwh] => 0.0037
                    [limite_superado] => 0
                    [fecha] => 2025-08-22 13:10:22
                    [mac_address] => 08:D1:F9:A5:2A:14
                )

            [18] => Array
                (
                    [id] => 8795
                    [id_dispositivo] => 2
                    [id_usuario] => 1
                    [voltaje] => 83.33
                    [corriente] => 16.5
                    [potencia] => 1374.97
                    [kwh] => 0.0034
                    [limite_superado] => 0
                    [fecha] => 2025-08-22 13:10:21
                    [mac_address] => 08:D1:F9:A5:2A:14
                )

            [19] => Array
                (
                    [id] => 8794
                    [id_dispositivo] => 2
                    [id_usuario] => 1
                    [voltaje] => 84.69
                    [corriente] => 16.5
                    [potencia] => 1397.41
                    [kwh] => 0.003
                    [limite_superado] => 0
                    [fecha] => 2025-08-22 13:10:19
                    [mac_address] => 08:D1:F9:A5:2A:14
                )

            [20] => Array
                (
                    [id] => 8793
                    [id_dispositivo] => 2
                    [id_usuario] => 1
                    [voltaje] => 82.51
                    [corriente] => 16.5
                    [potencia] => 1361.42
                    [kwh] => 0.0026
                    [limite_superado] => 0
                    [fecha] => 2025-08-22 13:10:17
                    [mac_address] => 08:D1:F9:A5:2A:14
                )

            [21] => Array
                (
                    [id] => 8792
                    [id_dispositivo] => 2
                    [id_usuario] => 1
                    [voltaje] => 78.49
                    [corriente] => 16.5
                    [potencia] => 1295.03
                    [kwh] => 0.0022
                    [limite_superado] => 0
                    [fecha] => 2025-08-22 13:10:13
                    [mac_address] => 08:D1:F9:A5:2A:14
                )

            [22] => Array
                (
                    [id] => 8791
                    [id_dispositivo] => 2
                    [id_usuario] => 1
                    [voltaje] => 78.55
                    [corriente] => 16.5
                    [potencia] => 1296.02
                    [kwh] => 0.0019
                    [limite_superado] => 0
                    [fecha] => 2025-08-22 13:10:07
                    [mac_address] => 08:D1:F9:A5:2A:14
                )

            [23] => Array
                (
                    [id] => 8790
                    [id_dispositivo] => 2
                    [id_usuario] => 1
                    [voltaje] => 78.26
                    [corriente] => 16.5
                    [potencia] => 1291.3
                    [kwh] => 0.0015
                    [limite_superado] => 0
                    [fecha] => 2025-08-22 13:10:05
                    [mac_address] => 08:D1:F9:A5:2A:14
                )

            [24] => Array
                (
                    [id] => 8789
                    [id_dispositivo] => 2
                    [id_usuario] => 1
                    [voltaje] => 84.13
                    [corriente] => 16.5
                    [potencia] => 1388.15
                    [kwh] => 0.0012
                    [limite_superado] => 0
                    [fecha] => 2025-08-22 13:10:04
                    [mac_address] => 08:D1:F9:A5:2A:14
                )

            [25] => Array
                (
                    [id] => 8788
                    [id_dispositivo] => 2
                    [id_usuario] => 1
                    [voltaje] => 81.49
                    [corriente] => 16.5
                    [potencia] => 1344.66
                    [kwh] => 0.0008
                    [limite_superado] => 0
                    [fecha] => 2025-08-22 13:10:00
                    [mac_address] => 08:D1:F9:A5:2A:14
                )

            [26] => Array
                (
                    [id] => 8787
                    [id_dispositivo] => 2
                    [id_usuario] => 1
                    [voltaje] => 86.02
                    [corriente] => 16.5
                    [potencia] => 1419.3
                    [kwh] => 0.0004
                    [limite_superado] => 0
                    [fecha] => 2025-08-22 13:09:58
                    [mac_address] => 08:D1:F9:A5:2A:14
                )

            [27] => Array
                (
                    [id] => 8786
                    [id_dispositivo] => 2
                    [id_usuario] => 1
                    [voltaje] => 220
                    [corriente] => 0
                    [potencia] => 0
                    [kwh] => 0
                    [limite_superado] => 0
                    [fecha] => 2025-08-21 16:13:34
                    [mac_address] => 08:D1:F9:A5:2A:14
                )

            [28] => Array
                (
                    [id] => 8785
                    [id_dispositivo] => 2
                    [id_usuario] => 1
                    [voltaje] => 220
                    [corriente] => 0
                    [potencia] => 0
                    [kwh] => 0
                    [limite_superado] => 0
                    [fecha] => 2025-08-21 16:13:24
                    [mac_address] => 08:D1:F9:A5:2A:14
                )

            [29] => Array
                (
                    [id] => 8784
                    [id_dispositivo] => 2
                    [id_usuario] => 1
                    [voltaje] => 220
                    [corriente] => 0
                    [potencia] => 0
                    [kwh] => 0
                    [limite_superado] => 0
                    [fecha] => 2025-08-21 16:13:14
                    [mac_address] => 08:D1:F9:A5:2A:14
                )

            [30] => Array
                (
                    [id] => 8783
                    [id_dispositivo] => 2
                    [id_usuario] => 1
                    [voltaje] => 220
                    [corriente] => 0
                    [potencia] => 0
                    [kwh] => 0
                    [limite_superado] => 0
                    [fecha] => 2025-08-21 16:13:03
                    [mac_address] => 08:D1:F9:A5:2A:14
                )

        )

)

DEBUG - 2025-09-25 07:59:41 --> Ruta actual: /Tesina/public/supervisor
INFO - 2025-09-25 07:59:41 --> Session: Class initialized using 'CodeIgniter\Session\Handlers\FileHandler' driver.
DEBUG - 2025-09-25 07:59:41 --> Datos en sesión: Array
(
    [__ci_last_regenerate] => 1758797932
    [_ci_previous_url] => http://192.168.2.182/Tesina/public/consumo/ver/2
    [id_usuario] => 1
    [nombre] => brunito
    [apellido] => barber
    [email] => brunocameille@alumnos.itr3.edu.ar
    [rol] => supervisor
    [logged_in] => 1
)

DEBUG - 2025-09-25 07:59:41 --> Buscando usuario ID: 
DEBUG - 2025-09-25 07:59:41 --> Resultado de la búsqueda: Array
(
    [0] => Array
        (
            [id_usuario] => 80
            [nombre] => elvito
            [apellido] => loacs
            [email] => gordoffofo@gmail.com
            [contrasena] => $2y$10$HsEYMPrnTHX2umHxJneNl.uGyJTGG.NYVccBIsTxGFQWx1nf9AWti
            [direccion_id] => 0
            [id_rol] => 1
            [created_at] => 2025-09-16 11:39:13
            [updated_at] => 2025-09-16 11:39:13
            [invitado_por] => 
            [estado] => pendiente
            [token_activacion] => 
            [nombre_rol] => admin
        )

    [1] => Array
        (
            [id_usuario] => 79
            [nombre] => elbajo
            [apellido] => jajjajaa
            [email] => elbajo07@gmail.com
            [contrasena] => $2y$10$1twjBNNrclek2GabqPUw..loUU17B.G5uC9AMbr.KbGr5EeZtzo36
            [direccion_id] => 0
            [id_rol] => 2
            [created_at] => 2025-06-27 08:52:11
            [updated_at] => 2025-06-27 08:52:11
            [invitado_por] => 1
            [estado] => activo
            [token_activacion] => 
            [nombre_rol] => usuario
        )

    [2] => Array
        (
            [id_usuario] => 78
            [nombre] => sopa
            [apellido] => estsasa
            [email] => sopa07@gmail.com
            [contrasena] => $2y$10$/vX5TGtXK2UJfO2/C36MQeKWkUeD/IXqieHeRH3jnLK2ncBSby.Oa
            [direccion_id] => 0
            [id_rol] => 1
            [created_at] => 2025-06-27 08:44:06
            [updated_at] => 2025-06-27 08:45:04
            [invitado_por] => 
            [estado] => activo
            [token_activacion] => 
            [nombre_rol] => admin
        )

    [3] => Array
        (
            [id_usuario] => 77
            [nombre] => llaldll
            [apellido] => asa
            [email] => salamin07@gmail.com
            [contrasena] => $2y$10$sXiTysDWNRBTlLhQawOoauIec0q5HQ/fhvi39Gl4mN61AMikpib0O
            [direccion_id] => 0
            [id_rol] => 1
            [created_at] => 2025-06-27 08:11:55
            [updated_at] => 2025-06-27 08:22:20
            [invitado_por] => 
            [estado] => activo
            [token_activacion] => 
            [nombre_rol] => admin
        )

    [4] => Array
        (
            [id_usuario] => 76
            [nombre] => Manuel
            [apellido] => Urrutia
            [email] => manuelurrutia@alumnos.itr3.edu.ar
            [contrasena] => $2y$10$ljDnuClSssl0YgngR8WkcORiaEEb0P0XtPL2bGwgZ.U50symRFe7u
            [direccion_id] => 0
            [id_rol] => 1
            [created_at] => 2025-06-19 08:22:31
            [updated_at] => 2025-06-19 08:23:16
            [invitado_por] => 75
            [estado] => activo
            [token_activacion] => 
            [nombre_rol] => admin
        )

    [5] => Array
        (
            [id_usuario] => 75
            [nombre] => Aylen
            [apellido] => berthalet
            [email] => aylen@itr3.edu.ar
            [contrasena] => $2y$10$x0R3zQXWhiw14RxYSK6HyOrCl3LPpp8iYxRfKaRXiuc0MKhYahp2i
            [direccion_id] => 0
            [id_rol] => 1
            [created_at] => 2025-06-19 08:14:45
            [updated_at] => 2025-06-19 08:26:02
            [invitado_por] => 
            [estado] => activo
            [token_activacion] => 
            [nombre_rol] => admin
        )

    [6] => Array
        (
            [id_usuario] => 74
            [nombre] => estefanito
            [apellido] => nazi
            [email] => estefano09@gmail.com
            [contrasena] => $2y$10$qjP50Kn8Ogr9Q/q1Iz6cAeJiVJl9HOUd2Yw.JhYH0.tqDtSMtww2W
            [direccion_id] => 0
            [id_rol] => 1
            [created_at] => 2025-06-18 08:56:44
            [updated_at] => 2025-06-18 08:57:09
            [invitado_por] => 
            [estado] => activo
            [token_activacion] => 
            [nombre_rol] => admin
        )

    [7] => Array
        (
            [id_usuario] => 73
            [nombre] => elmedo
            [apellido] => godoy
            [email] => elmedo@gmail.com
            [contrasena] => $2y$10$hsCiQS2iZtSHE7SmAtIzluzYeA0gcpB0eEp7iw0TfVJe7dX44uebC
            [direccion_id] => 0
            [id_rol] => 1
            [created_at] => 2025-06-12 16:52:10
            [updated_at] => 2025-06-12 18:22:19
            [invitado_por] => 
            [estado] => activo
            [token_activacion] => 
            [nombre_rol] => admin
        )

    [8] => Array
        (
            [id_usuario] => 72
            [nombre] => mayitooo
            [apellido] => kaka
            [email] => mayito@gmail.com
            [contrasena] => $2y$10$rq4u2.7llV6L4nGuy0R1dOt2CRvpTD6IeLQmWoUCcm/s3OXteXYcq
            [direccion_id] => 0
            [id_rol] => 1
            [created_at] => 2025-06-11 22:41:57
            [updated_at] => 2025-06-11 22:43:36
            [invitado_por] => 
            [estado] => activo
            [token_activacion] => 
            [nombre_rol] => admin
        )

    [9] => Array
        (
            [id_usuario] => 71
            [nombre] => iancito
            [apellido] => Cameille
            [email] => iancito@gmail.com
            [contrasena] => $2y$10$KCXxE7wnCSzdBEtgShio1.LQqJPG3HfFECdNklgR5Hs0utxhIzCje
            [direccion_id] => 0
            [id_rol] => 1
            [created_at] => 2025-06-03 15:53:41
            [updated_at] => 2025-06-03 15:56:30
            [invitado_por] => 70
            [estado] => activo
            [token_activacion] => 
            [nombre_rol] => admin
        )

)

DEBUG - 2025-09-25 07:59:46 --> Ruta actual: /Tesina/public/supervisor/gestionarUsuarios
INFO - 2025-09-25 07:59:46 --> Session: Class initialized using 'CodeIgniter\Session\Handlers\FileHandler' driver.
DEBUG - 2025-09-25 07:59:46 --> Datos en sesión: Array
(
    [__ci_last_regenerate] => 1758797932
    [_ci_previous_url] => http://192.168.2.182/Tesina/public/supervisor
    [id_usuario] => 1
    [nombre] => brunito
    [apellido] => barber
    [email] => brunocameille@alumnos.itr3.edu.ar
    [rol] => supervisor
    [logged_in] => 1
)

DEBUG - 2025-09-25 07:59:55 --> Ruta actual: /Tesina/public/supervisor/dispositivosUsuarios/1
INFO - 2025-09-25 07:59:55 --> Session: Class initialized using 'CodeIgniter\Session\Handlers\FileHandler' driver.
DEBUG - 2025-09-25 07:59:55 --> Datos en sesión: Array
(
    [__ci_last_regenerate] => 1758797932
    [_ci_previous_url] => http://192.168.2.182/Tesina/public/supervisor/gestionarUsuarios
    [id_usuario] => 1
    [nombre] => brunito
    [apellido] => barber
    [email] => brunocameille@alumnos.itr3.edu.ar
    [rol] => supervisor
    [logged_in] => 1
)

DEBUG - 2025-09-25 07:59:55 --> Buscando usuario ID: 1
DEBUG - 2025-09-25 07:59:55 --> Resultado de la búsqueda: Array
(
    [id_usuario] => 1
    [nombre] => brunito
    [apellido] => barber
    [email] => brunocameille@alumnos.itr3.edu.ar
    [contrasena] => $2y$10$F4xQfULyrVhG1JD8Y21QR.vgn9Fzd257acxjmQqHQ3OYfEqBaAPb6
    [direccion_id] => 0
    [id_rol] => 3
    [created_at] => 2025-04-07 13:37:30
    [updated_at] => 2025-09-25 07:58:44
    [invitado_por] => 
    [estado] => activo
    [token_activacion] => 
)

INFO - 2025-09-25 07:59:55 --> Session: Class initialized using 'CodeIgniter\Session\Handlers\FileHandler' driver.
DEBUG - 2025-09-25 07:59:55 --> Accediendo a grafico con ID: 1
DEBUG - 2025-09-25 07:59:55 --> Número de lecturas para gráfico: 0
DEBUG - 2025-09-25 07:59:55 --> Datos del gráfico: Array
(
    [labels] => Array
        (
        )

    [consumo] => Array
        (
        )

)

INFO - 2025-09-25 07:59:55 --> Session: Class initialized using 'CodeIgniter\Session\Handlers\FileHandler' driver.
DEBUG - 2025-09-25 07:59:55 --> Accediendo a grafico con ID: 2
DEBUG - 2025-09-25 07:59:55 --> Número de lecturas para gráfico: 31
DEBUG - 2025-09-25 07:59:55 --> Datos del gráfico: Array
(
    [labels] => Array
        (
            [0] => 21/08 16:13
            [1] => 21/08 16:13
            [2] => 21/08 16:13
            [3] => 21/08 16:13
            [4] => 22/08 13:09
            [5] => 22/08 13:10
            [6] => 22/08 13:10
            [7] => 22/08 13:10
            [8] => 22/08 13:10
            [9] => 22/08 13:10
            [10] => 22/08 13:10
            [11] => 22/08 13:10
            [12] => 22/08 13:10
            [13] => 22/08 13:10
            [14] => 22/08 13:10
            [15] => 22/08 13:10
            [16] => 22/08 13:10
            [17] => 22/08 13:10
            [18] => 22/08 13:10
            [19] => 22/08 13:10
            [20] => 22/08 13:10
            [21] => 22/08 13:10
            [22] => 22/08 13:10
            [23] => 22/08 13:10
            [24] => 22/08 13:10
            [25] => 22/08 13:10
            [26] => 22/08 13:10
            [27] => 22/08 13:10
            [28] => 22/08 13:10
            [29] => 22/08 13:11
            [30] => 22/08 13:11
        )

    [consumo] => Array
        (
            [0] => 0
            [1] => 0
            [2] => 0
            [3] => 0
            [4] => 0.0004
            [5] => 0.0008
            [6] => 0.0012
            [7] => 0.0015
            [8] => 0.0019
            [9] => 0.0022
            [10] => 0.0026
            [11] => 0.003
            [12] => 0.0034
            [13] => 0.0037
            [14] => 0.0041
            [15] => 0.0044
            [16] => 0.0048
            [17] => 0.0052
            [18] => 0.0055
            [19] => 0.006
            [20] => 0.0064
            [21] => 0.0069
            [22] => 0.0074
            [23] => 0.0079
            [24] => 0.0083
            [25] => 0.0088
            [26] => 0.0093
            [27] => 0.0097
            [28] => 0.0098
            [29] => 0.0099
            [30] => 0.01
        )

)

INFO - 2025-09-25 07:59:55 --> Session: Class initialized using 'CodeIgniter\Session\Handlers\FileHandler' driver.
DEBUG - 2025-09-25 07:59:55 --> Accediendo a grafico con ID: 2
DEBUG - 2025-09-25 07:59:55 --> Número de lecturas para gráfico: 31
DEBUG - 2025-09-25 07:59:55 --> Datos del gráfico: Array
(
    [labels] => Array
        (
            [0] => 21/08 16:13
            [1] => 21/08 16:13
            [2] => 21/08 16:13
            [3] => 21/08 16:13
            [4] => 22/08 13:09
            [5] => 22/08 13:10
            [6] => 22/08 13:10
            [7] => 22/08 13:10
            [8] => 22/08 13:10
            [9] => 22/08 13:10
            [10] => 22/08 13:10
            [11] => 22/08 13:10
            [12] => 22/08 13:10
            [13] => 22/08 13:10
            [14] => 22/08 13:10
            [15] => 22/08 13:10
            [16] => 22/08 13:10
            [17] => 22/08 13:10
            [18] => 22/08 13:10
            [19] => 22/08 13:10
            [20] => 22/08 13:10
            [21] => 22/08 13:10
            [22] => 22/08 13:10
            [23] => 22/08 13:10
            [24] => 22/08 13:10
            [25] => 22/08 13:10
            [26] => 22/08 13:10
            [27] => 22/08 13:10
            [28] => 22/08 13:10
            [29] => 22/08 13:11
            [30] => 22/08 13:11
        )

    [consumo] => Array
        (
            [0] => 0
            [1] => 0
            [2] => 0
            [3] => 0
            [4] => 0.0004
            [5] => 0.0008
            [6] => 0.0012
            [7] => 0.0015
            [8] => 0.0019
            [9] => 0.0022
            [10] => 0.0026
            [11] => 0.003
            [12] => 0.0034
            [13] => 0.0037
            [14] => 0.0041
            [15] => 0.0044
            [16] => 0.0048
            [17] => 0.0052
            [18] => 0.0055
            [19] => 0.006
            [20] => 0.0064
            [21] => 0.0069
            [22] => 0.0074
            [23] => 0.0079
            [24] => 0.0083
            [25] => 0.0088
            [26] => 0.0093
            [27] => 0.0097
            [28] => 0.0098
            [29] => 0.0099
            [30] => 0.01
        )

)

INFO - 2025-09-25 08:00:00 --> Session: Class initialized using 'CodeIgniter\Session\Handlers\FileHandler' driver.
DEBUG - 2025-09-25 08:00:00 --> Accediendo a verDatos con ID: 2
DEBUG - 2025-09-25 08:00:00 --> Datos del dispositivo: Array
(
    [id_dispositivo] => 2
    [nombre] => ECOVOLT HOYY 11/4
    [id_usuario] => 1
    [mac_address] => 08:D1:F9:A5:2A:14
    [ip_address] => 
    [ultima_conexion] => 
    [estado] => activo
    [created_at] => 2025-04-11 10:03:27
    [stock] => 0
    [precio] => 0
    [descripcion] => adasdada
    [fecha_actualizacion] => 2025-09-23 11:54:53
    [updated_at] => 2025-09-23 11:54:53
    [codigo_activacion] => 
    [fecha_activacion] => 
)

DEBUG - 2025-09-25 08:00:00 --> Número de lecturas encontradas: 31
DEBUG - 2025-09-25 08:00:00 --> Primera lectura: Array
(
    [id] => 8813
    [id_dispositivo] => 2
    [id_usuario] => 1
    [voltaje] => 118.75
    [corriente] => 3.0956
    [potencia] => 367.6
    [kwh] => 0.01
    [limite_superado] => 0
    [fecha] => 2025-08-22 13:11:02
    [mac_address] => 08:D1:F9:A5:2A:14
)

DEBUG - 2025-09-25 08:00:00 --> Datos enviados a la vista: Array
(
    [dispositivo] => Array
        (
            [id_dispositivo] => 2
            [nombre] => ECOVOLT HOYY 11/4
            [id_usuario] => 1
            [mac_address] => 08:D1:F9:A5:2A:14
            [ip_address] => 
            [ultima_conexion] => 
            [estado] => activo
            [created_at] => 2025-04-11 10:03:27
            [stock] => 0
            [precio] => 0
            [descripcion] => adasdada
            [fecha_actualizacion] => 2025-09-23 11:54:53
            [updated_at] => 2025-09-23 11:54:53
            [codigo_activacion] => 
            [fecha_activacion] => 
        )

    [lecturas] => Array
        (
            [0] => Array
                (
                    [id] => 8813
                    [id_dispositivo] => 2
                    [id_usuario] => 1
                    [voltaje] => 118.75
                    [corriente] => 3.0956
                    [potencia] => 367.6
                    [kwh] => 0.01
                    [limite_superado] => 0
                    [fecha] => 2025-08-22 13:11:02
                    [mac_address] => 08:D1:F9:A5:2A:14
                )

            [1] => Array
                (
                    [id] => 8812
                    [id_dispositivo] => 2
                    [id_usuario] => 1
                    [voltaje] => 118.94
                    [corriente] => 3.0923
                    [potencia] => 367.82
                    [kwh] => 0.0099
                    [limite_superado] => 0
                    [fecha] => 2025-08-22 13:11:00
                    [mac_address] => 08:D1:F9:A5:2A:14
                )

            [2] => Array
                (
                    [id] => 8811
                    [id_dispositivo] => 2
                    [id_usuario] => 1
                    [voltaje] => 108.46
                    [corriente] => 2.432
                    [potencia] => 263.77
                    [kwh] => 0.0098
                    [limite_superado] => 0
                    [fecha] => 2025-08-22 13:10:58
                    [mac_address] => 08:D1:F9:A5:2A:14
                )

            [3] => Array
                (
                    [id] => 8810
                    [id_dispositivo] => 2
                    [id_usuario] => 1
                    [voltaje] => 105.7
                    [corriente] => 16.5
                    [potencia] => 1744.06
                    [kwh] => 0.0097
                    [limite_superado] => 0
                    [fecha] => 2025-08-22 13:10:54
                    [mac_address] => 08:D1:F9:A5:2A:14
                )

            [4] => Array
                (
                    [id] => 8809
                    [id_dispositivo] => 2
                    [id_usuario] => 1
                    [voltaje] => 105.32
                    [corriente] => 16.5
                    [potencia] => 1737.82
                    [kwh] => 0.0093
                    [limite_superado] => 0
                    [fecha] => 2025-08-22 13:10:52
                    [mac_address] => 08:D1:F9:A5:2A:14
                )

            [5] => Array
                (
                    [id] => 8808
                    [id_dispositivo] => 2
                    [id_usuario] => 1
                    [voltaje] => 97.92
                    [corriente] => 16.5
                    [potencia] => 1615.68
                    [kwh] => 0.0088
                    [limite_superado] => 0
                    [fecha] => 2025-08-22 13:10:51
                    [mac_address] => 08:D1:F9:A5:2A:14
                )

            [6] => Array
                (
                    [id] => 8807
                    [id_dispositivo] => 2
                    [id_usuario] => 1
                    [voltaje] => 86.57
                    [corriente] => 16.5
                    [potencia] => 1428.4
                    [kwh] => 0.0083
                    [limite_superado] => 0
                    [fecha] => 2025-08-22 13:10:47
                    [mac_address] => 08:D1:F9:A5:2A:14
                )

            [7] => Array
                (
                    [id] => 8806
                    [id_dispositivo] => 2
                    [id_usuario] => 1
                    [voltaje] => 115.21
                    [corriente] => 16.5
                    [potencia] => 1900.97
                    [kwh] => 0.0079
                    [limite_superado] => 0
                    [fecha] => 2025-08-22 13:10:43
                    [mac_address] => 08:D1:F9:A5:2A:14
                )

            [8] => Array
                (
                    [id] => 8805
                    [id_dispositivo] => 2
                    [id_usuario] => 1
                    [voltaje] => 110.65
                    [corriente] => 16.5
                    [potencia] => 1825.67
                    [kwh] => 0.0074
                    [limite_superado] => 0
                    [fecha] => 2025-08-22 13:10:36
                    [mac_address] => 08:D1:F9:A5:2A:14
                )

            [9] => Array
                (
                    [id] => 8804
                    [id_dispositivo] => 2
                    [id_usuario] => 1
                    [voltaje] => 113.03
                    [corriente] => 16.5
                    [potencia] => 1865.02
                    [kwh] => 0.0069
                    [limite_superado] => 0
                    [fecha] => 2025-08-22 13:10:34
                    [mac_address] => 08:D1:F9:A5:2A:14
                )

            [10] => Array
                (
                    [id] => 8803
                    [id_dispositivo] => 2
                    [id_usuario] => 1
                    [voltaje] => 85.81
                    [corriente] => 16.5
                    [potencia] => 1415.82
                    [kwh] => 0.0064
                    [limite_superado] => 0
                    [fecha] => 2025-08-22 13:10:33
                    [mac_address] => 08:D1:F9:A5:2A:14
                )

            [11] => Array
                (
                    [id] => 8802
                    [id_dispositivo] => 2
                    [id_usuario] => 1
                    [voltaje] => 99.91
                    [corriente] => 16.5
                    [potencia] => 1648.56
                    [kwh] => 0.006
                    [limite_superado] => 0
                    [fecha] => 2025-08-22 13:10:31
                    [mac_address] => 08:D1:F9:A5:2A:14
                )

            [12] => Array
                (
                    [id] => 8801
                    [id_dispositivo] => 2
                    [id_usuario] => 1
                    [voltaje] => 81.01
                    [corriente] => 16.5
                    [potencia] => 1336.63
                    [kwh] => 0.0055
                    [limite_superado] => 0
                    [fecha] => 2025-08-22 13:10:30
                    [mac_address] => 08:D1:F9:A5:2A:14
                )

            [13] => Array
                (
                    [id] => 8800
                    [id_dispositivo] => 2
                    [id_usuario] => 1
                    [voltaje] => 79.58
                    [corriente] => 16.5
                    [potencia] => 1313.09
                    [kwh] => 0.0052
                    [limite_superado] => 0
                    [fecha] => 2025-08-22 13:10:28
                    [mac_address] => 08:D1:F9:A5:2A:14
                )

            [14] => Array
                (
                    [id] => 8799
                    [id_dispositivo] => 2
                    [id_usuario] => 1
                    [voltaje] => 80.12
                    [corriente] => 16.5
                    [potencia] => 1321.94
                    [kwh] => 0.0048
                    [limite_superado] => 0
                    [fecha] => 2025-08-22 13:10:27
                    [mac_address] => 08:D1:F9:A5:2A:14
                )

            [15] => Array
                (
                    [id] => 8798
                    [id_dispositivo] => 2
                    [id_usuario] => 1
                    [voltaje] => 78.4
                    [corriente] => 16.5
                    [potencia] => 1293.59
                    [kwh] => 0.0044
                    [limite_superado] => 0
                    [fecha] => 2025-08-22 13:10:25
                    [mac_address] => 08:D1:F9:A5:2A:14
                )

            [16] => Array
                (
                    [id] => 8797
                    [id_dispositivo] => 2
                    [id_usuario] => 1
                    [voltaje] => 81.92
                    [corriente] => 16.5
                    [potencia] => 1351.67
                    [kwh] => 0.0041
                    [limite_superado] => 0
                    [fecha] => 2025-08-22 13:10:24
                    [mac_address] => 08:D1:F9:A5:2A:14
                )

            [17] => Array
                (
                    [id] => 8796
                    [id_dispositivo] => 2
                    [id_usuario] => 1
                    [voltaje] => 66.81
                    [corriente] => 16.5
                    [potencia] => 1102.29
                    [kwh] => 0.0037
                    [limite_superado] => 0
                    [fecha] => 2025-08-22 13:10:22
                    [mac_address] => 08:D1:F9:A5:2A:14
                )

            [18] => Array
                (
                    [id] => 8795
                    [id_dispositivo] => 2
                    [id_usuario] => 1
                    [voltaje] => 83.33
                    [corriente] => 16.5
                    [potencia] => 1374.97
                    [kwh] => 0.0034
                    [limite_superado] => 0
                    [fecha] => 2025-08-22 13:10:21
                    [mac_address] => 08:D1:F9:A5:2A:14
                )

            [19] => Array
                (
                    [id] => 8794
                    [id_dispositivo] => 2
                    [id_usuario] => 1
                    [voltaje] => 84.69
                    [corriente] => 16.5
                    [potencia] => 1397.41
                    [kwh] => 0.003
                    [limite_superado] => 0
                    [fecha] => 2025-08-22 13:10:19
                    [mac_address] => 08:D1:F9:A5:2A:14
                )

            [20] => Array
                (
                    [id] => 8793
                    [id_dispositivo] => 2
                    [id_usuario] => 1
                    [voltaje] => 82.51
                    [corriente] => 16.5
                    [potencia] => 1361.42
                    [kwh] => 0.0026
                    [limite_superado] => 0
                    [fecha] => 2025-08-22 13:10:17
                    [mac_address] => 08:D1:F9:A5:2A:14
                )

            [21] => Array
                (
                    [id] => 8792
                    [id_dispositivo] => 2
                    [id_usuario] => 1
                    [voltaje] => 78.49
                    [corriente] => 16.5
                    [potencia] => 1295.03
                    [kwh] => 0.0022
                    [limite_superado] => 0
                    [fecha] => 2025-08-22 13:10:13
                    [mac_address] => 08:D1:F9:A5:2A:14
                )

            [22] => Array
                (
                    [id] => 8791
                    [id_dispositivo] => 2
                    [id_usuario] => 1
                    [voltaje] => 78.55
                    [corriente] => 16.5
                    [potencia] => 1296.02
                    [kwh] => 0.0019
                    [limite_superado] => 0
                    [fecha] => 2025-08-22 13:10:07
                    [mac_address] => 08:D1:F9:A5:2A:14
                )

            [23] => Array
                (
                    [id] => 8790
                    [id_dispositivo] => 2
                    [id_usuario] => 1
                    [voltaje] => 78.26
                    [corriente] => 16.5
                    [potencia] => 1291.3
                    [kwh] => 0.0015
                    [limite_superado] => 0
                    [fecha] => 2025-08-22 13:10:05
                    [mac_address] => 08:D1:F9:A5:2A:14
                )

            [24] => Array
                (
                    [id] => 8789
                    [id_dispositivo] => 2
                    [id_usuario] => 1
                    [voltaje] => 84.13
                    [corriente] => 16.5
                    [potencia] => 1388.15
                    [kwh] => 0.0012
                    [limite_superado] => 0
                    [fecha] => 2025-08-22 13:10:04
                    [mac_address] => 08:D1:F9:A5:2A:14
                )

            [25] => Array
                (
                    [id] => 8788
                    [id_dispositivo] => 2
                    [id_usuario] => 1
                    [voltaje] => 81.49
                    [corriente] => 16.5
                    [potencia] => 1344.66
                    [kwh] => 0.0008
                    [limite_superado] => 0
                    [fecha] => 2025-08-22 13:10:00
                    [mac_address] => 08:D1:F9:A5:2A:14
                )

            [26] => Array
                (
                    [id] => 8787
                    [id_dispositivo] => 2
                    [id_usuario] => 1
                    [voltaje] => 86.02
                    [corriente] => 16.5
                    [potencia] => 1419.3
                    [kwh] => 0.0004
                    [limite_superado] => 0
                    [fecha] => 2025-08-22 13:09:58
                    [mac_address] => 08:D1:F9:A5:2A:14
                )

            [27] => Array
                (
                    [id] => 8786
                    [id_dispositivo] => 2
                    [id_usuario] => 1
                    [voltaje] => 220
                    [corriente] => 0
                    [potencia] => 0
                    [kwh] => 0
                    [limite_superado] => 0
                    [fecha] => 2025-08-21 16:13:34
                    [mac_address] => 08:D1:F9:A5:2A:14
                )

            [28] => Array
                (
                    [id] => 8785
                    [id_dispositivo] => 2
                    [id_usuario] => 1
                    [voltaje] => 220
                    [corriente] => 0
                    [potencia] => 0
                    [kwh] => 0
                    [limite_superado] => 0
                    [fecha] => 2025-08-21 16:13:24
                    [mac_address] => 08:D1:F9:A5:2A:14
                )

            [29] => Array
                (
                    [id] => 8784
                    [id_dispositivo] => 2
                    [id_usuario] => 1
                    [voltaje] => 220
                    [corriente] => 0
                    [potencia] => 0
                    [kwh] => 0
                    [limite_superado] => 0
                    [fecha] => 2025-08-21 16:13:14
                    [mac_address] => 08:D1:F9:A5:2A:14
                )

            [30] => Array
                (
                    [id] => 8783
                    [id_dispositivo] => 2
                    [id_usuario] => 1
                    [voltaje] => 220
                    [corriente] => 0
                    [potencia] => 0
                    [kwh] => 0
                    [limite_superado] => 0
                    [fecha] => 2025-08-21 16:13:03
                    [mac_address] => 08:D1:F9:A5:2A:14
                )

        )

)

DEBUG - 2025-09-25 08:00:06 --> Ruta actual: /Tesina/public/admin/dispositivos
INFO - 2025-09-25 08:00:06 --> Session: Class initialized using 'CodeIgniter\Session\Handlers\FileHandler' driver.
DEBUG - 2025-09-25 08:00:06 --> Datos en sesión: Array
(
    [__ci_last_regenerate] => 1758797932
    [_ci_previous_url] => http://192.168.2.182/Tesina/public/consumo/ver/2
    [id_usuario] => 1
    [nombre] => brunito
    [apellido] => barber
    [email] => brunocameille@alumnos.itr3.edu.ar
    [rol] => supervisor
    [logged_in] => 1
)

DEBUG - 2025-09-25 08:00:06 --> Buscando usuario ID: 1
DEBUG - 2025-09-25 08:00:06 --> Resultado de la búsqueda: Array
(
    [id_usuario] => 1
    [nombre] => brunito
    [apellido] => barber
    [email] => brunocameille@alumnos.itr3.edu.ar
    [contrasena] => $2y$10$F4xQfULyrVhG1JD8Y21QR.vgn9Fzd257acxjmQqHQ3OYfEqBaAPb6
    [direccion_id] => 0
    [id_rol] => 3
    [created_at] => 2025-04-07 13:37:30
    [updated_at] => 2025-09-25 07:58:44
    [invitado_por] => 
    [estado] => activo
    [token_activacion] => 
)

DEBUG - 2025-09-25 08:00:10 --> Ruta actual: /Tesina/public/supervisor
INFO - 2025-09-25 08:00:10 --> Session: Class initialized using 'CodeIgniter\Session\Handlers\FileHandler' driver.
DEBUG - 2025-09-25 08:00:10 --> Datos en sesión: Array
(
    [__ci_last_regenerate] => 1758797932
    [_ci_previous_url] => http://192.168.2.182/Tesina/public/admin/dispositivos
    [id_usuario] => 1
    [nombre] => brunito
    [apellido] => barber
    [email] => brunocameille@alumnos.itr3.edu.ar
    [rol] => supervisor
    [logged_in] => 1
)

DEBUG - 2025-09-25 08:00:10 --> Buscando usuario ID: 
DEBUG - 2025-09-25 08:00:10 --> Resultado de la búsqueda: Array
(
    [0] => Array
        (
            [id_usuario] => 80
            [nombre] => elvito
            [apellido] => loacs
            [email] => gordoffofo@gmail.com
            [contrasena] => $2y$10$HsEYMPrnTHX2umHxJneNl.uGyJTGG.NYVccBIsTxGFQWx1nf9AWti
            [direccion_id] => 0
            [id_rol] => 1
            [created_at] => 2025-09-16 11:39:13
            [updated_at] => 2025-09-16 11:39:13
            [invitado_por] => 
            [estado] => pendiente
            [token_activacion] => 
            [nombre_rol] => admin
        )

    [1] => Array
        (
            [id_usuario] => 79
            [nombre] => elbajo
            [apellido] => jajjajaa
            [email] => elbajo07@gmail.com
            [contrasena] => $2y$10$1twjBNNrclek2GabqPUw..loUU17B.G5uC9AMbr.KbGr5EeZtzo36
            [direccion_id] => 0
            [id_rol] => 2
            [created_at] => 2025-06-27 08:52:11
            [updated_at] => 2025-06-27 08:52:11
            [invitado_por] => 1
            [estado] => activo
            [token_activacion] => 
            [nombre_rol] => usuario
        )

    [2] => Array
        (
            [id_usuario] => 78
            [nombre] => sopa
            [apellido] => estsasa
            [email] => sopa07@gmail.com
            [contrasena] => $2y$10$/vX5TGtXK2UJfO2/C36MQeKWkUeD/IXqieHeRH3jnLK2ncBSby.Oa
            [direccion_id] => 0
            [id_rol] => 1
            [created_at] => 2025-06-27 08:44:06
            [updated_at] => 2025-06-27 08:45:04
            [invitado_por] => 
            [estado] => activo
            [token_activacion] => 
            [nombre_rol] => admin
        )

    [3] => Array
        (
            [id_usuario] => 77
            [nombre] => llaldll
            [apellido] => asa
            [email] => salamin07@gmail.com
            [contrasena] => $2y$10$sXiTysDWNRBTlLhQawOoauIec0q5HQ/fhvi39Gl4mN61AMikpib0O
            [direccion_id] => 0
            [id_rol] => 1
            [created_at] => 2025-06-27 08:11:55
            [updated_at] => 2025-06-27 08:22:20
            [invitado_por] => 
            [estado] => activo
            [token_activacion] => 
            [nombre_rol] => admin
        )

    [4] => Array
        (
            [id_usuario] => 76
            [nombre] => Manuel
            [apellido] => Urrutia
            [email] => manuelurrutia@alumnos.itr3.edu.ar
            [contrasena] => $2y$10$ljDnuClSssl0YgngR8WkcORiaEEb0P0XtPL2bGwgZ.U50symRFe7u
            [direccion_id] => 0
            [id_rol] => 1
            [created_at] => 2025-06-19 08:22:31
            [updated_at] => 2025-06-19 08:23:16
            [invitado_por] => 75
            [estado] => activo
            [token_activacion] => 
            [nombre_rol] => admin
        )

    [5] => Array
        (
            [id_usuario] => 75
            [nombre] => Aylen
            [apellido] => berthalet
            [email] => aylen@itr3.edu.ar
            [contrasena] => $2y$10$x0R3zQXWhiw14RxYSK6HyOrCl3LPpp8iYxRfKaRXiuc0MKhYahp2i
            [direccion_id] => 0
            [id_rol] => 1
            [created_at] => 2025-06-19 08:14:45
            [updated_at] => 2025-06-19 08:26:02
            [invitado_por] => 
            [estado] => activo
            [token_activacion] => 
            [nombre_rol] => admin
        )

    [6] => Array
        (
            [id_usuario] => 74
            [nombre] => estefanito
            [apellido] => nazi
            [email] => estefano09@gmail.com
            [contrasena] => $2y$10$qjP50Kn8Ogr9Q/q1Iz6cAeJiVJl9HOUd2Yw.JhYH0.tqDtSMtww2W
            [direccion_id] => 0
            [id_rol] => 1
            [created_at] => 2025-06-18 08:56:44
            [updated_at] => 2025-06-18 08:57:09
            [invitado_por] => 
            [estado] => activo
            [token_activacion] => 
            [nombre_rol] => admin
        )

    [7] => Array
        (
            [id_usuario] => 73
            [nombre] => elmedo
            [apellido] => godoy
            [email] => elmedo@gmail.com
            [contrasena] => $2y$10$hsCiQS2iZtSHE7SmAtIzluzYeA0gcpB0eEp7iw0TfVJe7dX44uebC
            [direccion_id] => 0
            [id_rol] => 1
            [created_at] => 2025-06-12 16:52:10
            [updated_at] => 2025-06-12 18:22:19
            [invitado_por] => 
            [estado] => activo
            [token_activacion] => 
            [nombre_rol] => admin
        )

    [8] => Array
        (
            [id_usuario] => 72
            [nombre] => mayitooo
            [apellido] => kaka
            [email] => mayito@gmail.com
            [contrasena] => $2y$10$rq4u2.7llV6L4nGuy0R1dOt2CRvpTD6IeLQmWoUCcm/s3OXteXYcq
            [direccion_id] => 0
            [id_rol] => 1
            [created_at] => 2025-06-11 22:41:57
            [updated_at] => 2025-06-11 22:43:36
            [invitado_por] => 
            [estado] => activo
            [token_activacion] => 
            [nombre_rol] => admin
        )

    [9] => Array
        (
            [id_usuario] => 71
            [nombre] => iancito
            [apellido] => Cameille
            [email] => iancito@gmail.com
            [contrasena] => $2y$10$KCXxE7wnCSzdBEtgShio1.LQqJPG3HfFECdNklgR5Hs0utxhIzCje
            [direccion_id] => 0
            [id_rol] => 1
            [created_at] => 2025-06-03 15:53:41
            [updated_at] => 2025-06-03 15:56:30
            [invitado_por] => 70
            [estado] => activo
            [token_activacion] => 
            [nombre_rol] => admin
        )

)

DEBUG - 2025-09-25 08:00:12 --> Ruta actual: /Tesina/public/supervisor/gestionarUsuarios
INFO - 2025-09-25 08:00:12 --> Session: Class initialized using 'CodeIgniter\Session\Handlers\FileHandler' driver.
DEBUG - 2025-09-25 08:00:12 --> Datos en sesión: Array
(
    [__ci_last_regenerate] => 1758797932
    [_ci_previous_url] => http://192.168.2.182/Tesina/public/supervisor
    [id_usuario] => 1
    [nombre] => brunito
    [apellido] => barber
    [email] => brunocameille@alumnos.itr3.edu.ar
    [rol] => supervisor
    [logged_in] => 1
)

DEBUG - 2025-09-25 08:00:13 --> Ruta actual: /Tesina/public/supervisor
INFO - 2025-09-25 08:00:13 --> Session: Class initialized using 'CodeIgniter\Session\Handlers\FileHandler' driver.
DEBUG - 2025-09-25 08:00:13 --> Datos en sesión: Array
(
    [__ci_last_regenerate] => 1758797932
    [_ci_previous_url] => http://192.168.2.182/Tesina/public/supervisor/gestionarUsuarios
    [id_usuario] => 1
    [nombre] => brunito
    [apellido] => barber
    [email] => brunocameille@alumnos.itr3.edu.ar
    [rol] => supervisor
    [logged_in] => 1
)

DEBUG - 2025-09-25 08:00:13 --> Buscando usuario ID: 
DEBUG - 2025-09-25 08:00:13 --> Resultado de la búsqueda: Array
(
    [0] => Array
        (
            [id_usuario] => 80
            [nombre] => elvito
            [apellido] => loacs
            [email] => gordoffofo@gmail.com
            [contrasena] => $2y$10$HsEYMPrnTHX2umHxJneNl.uGyJTGG.NYVccBIsTxGFQWx1nf9AWti
            [direccion_id] => 0
            [id_rol] => 1
            [created_at] => 2025-09-16 11:39:13
            [updated_at] => 2025-09-16 11:39:13
            [invitado_por] => 
            [estado] => pendiente
            [token_activacion] => 
            [nombre_rol] => admin
        )

    [1] => Array
        (
            [id_usuario] => 79
            [nombre] => elbajo
            [apellido] => jajjajaa
            [email] => elbajo07@gmail.com
            [contrasena] => $2y$10$1twjBNNrclek2GabqPUw..loUU17B.G5uC9AMbr.KbGr5EeZtzo36
            [direccion_id] => 0
            [id_rol] => 2
            [created_at] => 2025-06-27 08:52:11
            [updated_at] => 2025-06-27 08:52:11
            [invitado_por] => 1
            [estado] => activo
            [token_activacion] => 
            [nombre_rol] => usuario
        )

    [2] => Array
        (
            [id_usuario] => 78
            [nombre] => sopa
            [apellido] => estsasa
            [email] => sopa07@gmail.com
            [contrasena] => $2y$10$/vX5TGtXK2UJfO2/C36MQeKWkUeD/IXqieHeRH3jnLK2ncBSby.Oa
            [direccion_id] => 0
            [id_rol] => 1
            [created_at] => 2025-06-27 08:44:06
            [updated_at] => 2025-06-27 08:45:04
            [invitado_por] => 
            [estado] => activo
            [token_activacion] => 
            [nombre_rol] => admin
        )

    [3] => Array
        (
            [id_usuario] => 77
            [nombre] => llaldll
            [apellido] => asa
            [email] => salamin07@gmail.com
            [contrasena] => $2y$10$sXiTysDWNRBTlLhQawOoauIec0q5HQ/fhvi39Gl4mN61AMikpib0O
            [direccion_id] => 0
            [id_rol] => 1
            [created_at] => 2025-06-27 08:11:55
            [updated_at] => 2025-06-27 08:22:20
            [invitado_por] => 
            [estado] => activo
            [token_activacion] => 
            [nombre_rol] => admin
        )

    [4] => Array
        (
            [id_usuario] => 76
            [nombre] => Manuel
            [apellido] => Urrutia
            [email] => manuelurrutia@alumnos.itr3.edu.ar
            [contrasena] => $2y$10$ljDnuClSssl0YgngR8WkcORiaEEb0P0XtPL2bGwgZ.U50symRFe7u
            [direccion_id] => 0
            [id_rol] => 1
            [created_at] => 2025-06-19 08:22:31
            [updated_at] => 2025-06-19 08:23:16
            [invitado_por] => 75
            [estado] => activo
            [token_activacion] => 
            [nombre_rol] => admin
        )

    [5] => Array
        (
            [id_usuario] => 75
            [nombre] => Aylen
            [apellido] => berthalet
            [email] => aylen@itr3.edu.ar
            [contrasena] => $2y$10$x0R3zQXWhiw14RxYSK6HyOrCl3LPpp8iYxRfKaRXiuc0MKhYahp2i
            [direccion_id] => 0
            [id_rol] => 1
            [created_at] => 2025-06-19 08:14:45
            [updated_at] => 2025-06-19 08:26:02
            [invitado_por] => 
            [estado] => activo
            [token_activacion] => 
            [nombre_rol] => admin
        )

    [6] => Array
        (
            [id_usuario] => 74
            [nombre] => estefanito
            [apellido] => nazi
            [email] => estefano09@gmail.com
            [contrasena] => $2y$10$qjP50Kn8Ogr9Q/q1Iz6cAeJiVJl9HOUd2Yw.JhYH0.tqDtSMtww2W
            [direccion_id] => 0
            [id_rol] => 1
            [created_at] => 2025-06-18 08:56:44
            [updated_at] => 2025-06-18 08:57:09
            [invitado_por] => 
            [estado] => activo
            [token_activacion] => 
            [nombre_rol] => admin
        )

    [7] => Array
        (
            [id_usuario] => 73
            [nombre] => elmedo
            [apellido] => godoy
            [email] => elmedo@gmail.com
            [contrasena] => $2y$10$hsCiQS2iZtSHE7SmAtIzluzYeA0gcpB0eEp7iw0TfVJe7dX44uebC
            [direccion_id] => 0
            [id_rol] => 1
            [created_at] => 2025-06-12 16:52:10
            [updated_at] => 2025-06-12 18:22:19
            [invitado_por] => 
            [estado] => activo
            [token_activacion] => 
            [nombre_rol] => admin
        )

    [8] => Array
        (
            [id_usuario] => 72
            [nombre] => mayitooo
            [apellido] => kaka
            [email] => mayito@gmail.com
            [contrasena] => $2y$10$rq4u2.7llV6L4nGuy0R1dOt2CRvpTD6IeLQmWoUCcm/s3OXteXYcq
            [direccion_id] => 0
            [id_rol] => 1
            [created_at] => 2025-06-11 22:41:57
            [updated_at] => 2025-06-11 22:43:36
            [invitado_por] => 
            [estado] => activo
            [token_activacion] => 
            [nombre_rol] => admin
        )

    [9] => Array
        (
            [id_usuario] => 71
            [nombre] => iancito
            [apellido] => Cameille
            [email] => iancito@gmail.com
            [contrasena] => $2y$10$KCXxE7wnCSzdBEtgShio1.LQqJPG3HfFECdNklgR5Hs0utxhIzCje
            [direccion_id] => 0
            [id_rol] => 1
            [created_at] => 2025-06-03 15:53:41
            [updated_at] => 2025-06-03 15:56:30
            [invitado_por] => 70
            [estado] => activo
            [token_activacion] => 
            [nombre_rol] => admin
        )

)

DEBUG - 2025-09-25 08:00:15 --> Ruta actual: /Tesina/public/supervisor/dispositivosUsuarios/80
INFO - 2025-09-25 08:00:15 --> Session: Class initialized using 'CodeIgniter\Session\Handlers\FileHandler' driver.
DEBUG - 2025-09-25 08:00:15 --> Datos en sesión: Array
(
    [__ci_last_regenerate] => 1758797932
    [_ci_previous_url] => http://192.168.2.182/Tesina/public/supervisor
    [id_usuario] => 1
    [nombre] => brunito
    [apellido] => barber
    [email] => brunocameille@alumnos.itr3.edu.ar
    [rol] => supervisor
    [logged_in] => 1
)

DEBUG - 2025-09-25 08:00:15 --> Buscando usuario ID: 80
DEBUG - 2025-09-25 08:00:15 --> Resultado de la búsqueda: Array
(
    [id_usuario] => 80
    [nombre] => elvito
    [apellido] => loacs
    [email] => gordoffofo@gmail.com
    [contrasena] => $2y$10$HsEYMPrnTHX2umHxJneNl.uGyJTGG.NYVccBIsTxGFQWx1nf9AWti
    [direccion_id] => 0
    [id_rol] => 1
    [created_at] => 2025-09-16 11:39:13
    [updated_at] => 2025-09-16 11:39:13
    [invitado_por] => 
    [estado] => pendiente
    [token_activacion] => 
)

DEBUG - 2025-09-25 08:00:18 --> Ruta actual: /Tesina/public/supervisor/gestionarUsuarios
INFO - 2025-09-25 08:00:18 --> Session: Class initialized using 'CodeIgniter\Session\Handlers\FileHandler' driver.
DEBUG - 2025-09-25 08:00:18 --> Datos en sesión: Array
(
    [__ci_last_regenerate] => 1758797932
    [_ci_previous_url] => http://192.168.2.182/Tesina/public/supervisor/dispositivosUsuarios/80
    [id_usuario] => 1
    [nombre] => brunito
    [apellido] => barber
    [email] => brunocameille@alumnos.itr3.edu.ar
    [rol] => supervisor
    [logged_in] => 1
)

DEBUG - 2025-09-25 08:00:19 --> Ruta actual: /Tesina/public/supervisor/dispositivosGlobal
INFO - 2025-09-25 08:00:19 --> Session: Class initialized using 'CodeIgniter\Session\Handlers\FileHandler' driver.
DEBUG - 2025-09-25 08:00:19 --> Datos en sesión: Array
(
    [__ci_last_regenerate] => 1758797932
    [_ci_previous_url] => http://192.168.2.182/Tesina/public/supervisor/gestionarUsuarios
    [id_usuario] => 1
    [nombre] => brunito
    [apellido] => barber
    [email] => brunocameille@alumnos.itr3.edu.ar
    [rol] => supervisor
    [logged_in] => 1
)

DEBUG - 2025-09-25 08:00:20 --> Ruta actual: /Tesina/public/supervisor/gestionarUsuarios
INFO - 2025-09-25 08:00:20 --> Session: Class initialized using 'CodeIgniter\Session\Handlers\FileHandler' driver.
DEBUG - 2025-09-25 08:00:20 --> Datos en sesión: Array
(
    [__ci_last_regenerate] => 1758797932
    [_ci_previous_url] => http://192.168.2.182/Tesina/public/supervisor/dispositivosGlobal
    [id_usuario] => 1
    [nombre] => brunito
    [apellido] => barber
    [email] => brunocameille@alumnos.itr3.edu.ar
    [rol] => supervisor
    [logged_in] => 1
)

DEBUG - 2025-09-25 08:00:21 --> Ruta actual: /Tesina/public/supervisor/dispositivosGlobal
INFO - 2025-09-25 08:00:21 --> Session: Class initialized using 'CodeIgniter\Session\Handlers\FileHandler' driver.
DEBUG - 2025-09-25 08:00:21 --> Datos en sesión: Array
(
    [__ci_last_regenerate] => 1758797932
    [_ci_previous_url] => http://192.168.2.182/Tesina/public/supervisor/gestionarUsuarios
    [id_usuario] => 1
    [nombre] => brunito
    [apellido] => barber
    [email] => brunocameille@alumnos.itr3.edu.ar
    [rol] => supervisor
    [logged_in] => 1
)

INFO - 2025-09-25 08:00:35 --> Session: Class initialized using 'CodeIgniter\Session\Handlers\FileHandler' driver.
DEBUG - 2025-09-25 08:00:35 --> Accediendo a verDatos con ID: 2
DEBUG - 2025-09-25 08:00:35 --> Datos del dispositivo: Array
(
    [id_dispositivo] => 2
    [nombre] => ECOVOLT HOYY 11/4
    [id_usuario] => 1
    [mac_address] => 08:D1:F9:A5:2A:14
    [ip_address] => 
    [ultima_conexion] => 
    [estado] => activo
    [created_at] => 2025-04-11 10:03:27
    [stock] => 0
    [precio] => 0
    [descripcion] => adasdada
    [fecha_actualizacion] => 2025-09-23 11:54:53
    [updated_at] => 2025-09-23 11:54:53
    [codigo_activacion] => 
    [fecha_activacion] => 
)

DEBUG - 2025-09-25 08:00:35 --> Número de lecturas encontradas: 31
DEBUG - 2025-09-25 08:00:35 --> Primera lectura: Array
(
    [id] => 8813
    [id_dispositivo] => 2
    [id_usuario] => 1
    [voltaje] => 118.75
    [corriente] => 3.0956
    [potencia] => 367.6
    [kwh] => 0.01
    [limite_superado] => 0
    [fecha] => 2025-08-22 13:11:02
    [mac_address] => 08:D1:F9:A5:2A:14
)

DEBUG - 2025-09-25 08:00:35 --> Datos enviados a la vista: Array
(
    [dispositivo] => Array
        (
            [id_dispositivo] => 2
            [nombre] => ECOVOLT HOYY 11/4
            [id_usuario] => 1
            [mac_address] => 08:D1:F9:A5:2A:14
            [ip_address] => 
            [ultima_conexion] => 
            [estado] => activo
            [created_at] => 2025-04-11 10:03:27
            [stock] => 0
            [precio] => 0
            [descripcion] => adasdada
            [fecha_actualizacion] => 2025-09-23 11:54:53
            [updated_at] => 2025-09-23 11:54:53
            [codigo_activacion] => 
            [fecha_activacion] => 
        )

    [lecturas] => Array
        (
            [0] => Array
                (
                    [id] => 8813
                    [id_dispositivo] => 2
                    [id_usuario] => 1
                    [voltaje] => 118.75
                    [corriente] => 3.0956
                    [potencia] => 367.6
                    [kwh] => 0.01
                    [limite_superado] => 0
                    [fecha] => 2025-08-22 13:11:02
                    [mac_address] => 08:D1:F9:A5:2A:14
                )

            [1] => Array
                (
                    [id] => 8812
                    [id_dispositivo] => 2
                    [id_usuario] => 1
                    [voltaje] => 118.94
                    [corriente] => 3.0923
                    [potencia] => 367.82
                    [kwh] => 0.0099
                    [limite_superado] => 0
                    [fecha] => 2025-08-22 13:11:00
                    [mac_address] => 08:D1:F9:A5:2A:14
                )

            [2] => Array
                (
                    [id] => 8811
                    [id_dispositivo] => 2
                    [id_usuario] => 1
                    [voltaje] => 108.46
                    [corriente] => 2.432
                    [potencia] => 263.77
                    [kwh] => 0.0098
                    [limite_superado] => 0
                    [fecha] => 2025-08-22 13:10:58
                    [mac_address] => 08:D1:F9:A5:2A:14
                )

            [3] => Array
                (
                    [id] => 8810
                    [id_dispositivo] => 2
                    [id_usuario] => 1
                    [voltaje] => 105.7
                    [corriente] => 16.5
                    [potencia] => 1744.06
                    [kwh] => 0.0097
                    [limite_superado] => 0
                    [fecha] => 2025-08-22 13:10:54
                    [mac_address] => 08:D1:F9:A5:2A:14
                )

            [4] => Array
                (
                    [id] => 8809
                    [id_dispositivo] => 2
                    [id_usuario] => 1
                    [voltaje] => 105.32
                    [corriente] => 16.5
                    [potencia] => 1737.82
                    [kwh] => 0.0093
                    [limite_superado] => 0
                    [fecha] => 2025-08-22 13:10:52
                    [mac_address] => 08:D1:F9:A5:2A:14
                )

            [5] => Array
                (
                    [id] => 8808
                    [id_dispositivo] => 2
                    [id_usuario] => 1
                    [voltaje] => 97.92
                    [corriente] => 16.5
                    [potencia] => 1615.68
                    [kwh] => 0.0088
                    [limite_superado] => 0
                    [fecha] => 2025-08-22 13:10:51
                    [mac_address] => 08:D1:F9:A5:2A:14
                )

            [6] => Array
                (
                    [id] => 8807
                    [id_dispositivo] => 2
                    [id_usuario] => 1
                    [voltaje] => 86.57
                    [corriente] => 16.5
                    [potencia] => 1428.4
                    [kwh] => 0.0083
                    [limite_superado] => 0
                    [fecha] => 2025-08-22 13:10:47
                    [mac_address] => 08:D1:F9:A5:2A:14
                )

            [7] => Array
                (
                    [id] => 8806
                    [id_dispositivo] => 2
                    [id_usuario] => 1
                    [voltaje] => 115.21
                    [corriente] => 16.5
                    [potencia] => 1900.97
                    [kwh] => 0.0079
                    [limite_superado] => 0
                    [fecha] => 2025-08-22 13:10:43
                    [mac_address] => 08:D1:F9:A5:2A:14
                )

            [8] => Array
                (
                    [id] => 8805
                    [id_dispositivo] => 2
                    [id_usuario] => 1
                    [voltaje] => 110.65
                    [corriente] => 16.5
                    [potencia] => 1825.67
                    [kwh] => 0.0074
                    [limite_superado] => 0
                    [fecha] => 2025-08-22 13:10:36
                    [mac_address] => 08:D1:F9:A5:2A:14
                )

            [9] => Array
                (
                    [id] => 8804
                    [id_dispositivo] => 2
                    [id_usuario] => 1
                    [voltaje] => 113.03
                    [corriente] => 16.5
                    [potencia] => 1865.02
                    [kwh] => 0.0069
                    [limite_superado] => 0
                    [fecha] => 2025-08-22 13:10:34
                    [mac_address] => 08:D1:F9:A5:2A:14
                )

            [10] => Array
                (
                    [id] => 8803
                    [id_dispositivo] => 2
                    [id_usuario] => 1
                    [voltaje] => 85.81
                    [corriente] => 16.5
                    [potencia] => 1415.82
                    [kwh] => 0.0064
                    [limite_superado] => 0
                    [fecha] => 2025-08-22 13:10:33
                    [mac_address] => 08:D1:F9:A5:2A:14
                )

            [11] => Array
                (
                    [id] => 8802
                    [id_dispositivo] => 2
                    [id_usuario] => 1
                    [voltaje] => 99.91
                    [corriente] => 16.5
                    [potencia] => 1648.56
                    [kwh] => 0.006
                    [limite_superado] => 0
                    [fecha] => 2025-08-22 13:10:31
                    [mac_address] => 08:D1:F9:A5:2A:14
                )

            [12] => Array
                (
                    [id] => 8801
                    [id_dispositivo] => 2
                    [id_usuario] => 1
                    [voltaje] => 81.01
                    [corriente] => 16.5
                    [potencia] => 1336.63
                    [kwh] => 0.0055
                    [limite_superado] => 0
                    [fecha] => 2025-08-22 13:10:30
                    [mac_address] => 08:D1:F9:A5:2A:14
                )

            [13] => Array
                (
                    [id] => 8800
                    [id_dispositivo] => 2
                    [id_usuario] => 1
                    [voltaje] => 79.58
                    [corriente] => 16.5
                    [potencia] => 1313.09
                    [kwh] => 0.0052
                    [limite_superado] => 0
                    [fecha] => 2025-08-22 13:10:28
                    [mac_address] => 08:D1:F9:A5:2A:14
                )

            [14] => Array
                (
                    [id] => 8799
                    [id_dispositivo] => 2
                    [id_usuario] => 1
                    [voltaje] => 80.12
                    [corriente] => 16.5
                    [potencia] => 1321.94
                    [kwh] => 0.0048
                    [limite_superado] => 0
                    [fecha] => 2025-08-22 13:10:27
                    [mac_address] => 08:D1:F9:A5:2A:14
                )

            [15] => Array
                (
                    [id] => 8798
                    [id_dispositivo] => 2
                    [id_usuario] => 1
                    [voltaje] => 78.4
                    [corriente] => 16.5
                    [potencia] => 1293.59
                    [kwh] => 0.0044
                    [limite_superado] => 0
                    [fecha] => 2025-08-22 13:10:25
                    [mac_address] => 08:D1:F9:A5:2A:14
                )

            [16] => Array
                (
                    [id] => 8797
                    [id_dispositivo] => 2
                    [id_usuario] => 1
                    [voltaje] => 81.92
                    [corriente] => 16.5
                    [potencia] => 1351.67
                    [kwh] => 0.0041
                    [limite_superado] => 0
                    [fecha] => 2025-08-22 13:10:24
                    [mac_address] => 08:D1:F9:A5:2A:14
                )

            [17] => Array
                (
                    [id] => 8796
                    [id_dispositivo] => 2
                    [id_usuario] => 1
                    [voltaje] => 66.81
                    [corriente] => 16.5
                    [potencia] => 1102.29
                    [kwh] => 0.0037
                    [limite_superado] => 0
                    [fecha] => 2025-08-22 13:10:22
                    [mac_address] => 08:D1:F9:A5:2A:14
                )

            [18] => Array
                (
                    [id] => 8795
                    [id_dispositivo] => 2
                    [id_usuario] => 1
                    [voltaje] => 83.33
                    [corriente] => 16.5
                    [potencia] => 1374.97
                    [kwh] => 0.0034
                    [limite_superado] => 0
                    [fecha] => 2025-08-22 13:10:21
                    [mac_address] => 08:D1:F9:A5:2A:14
                )

            [19] => Array
                (
                    [id] => 8794
                    [id_dispositivo] => 2
                    [id_usuario] => 1
                    [voltaje] => 84.69
                    [corriente] => 16.5
                    [potencia] => 1397.41
                    [kwh] => 0.003
                    [limite_superado] => 0
                    [fecha] => 2025-08-22 13:10:19
                    [mac_address] => 08:D1:F9:A5:2A:14
                )

            [20] => Array
                (
                    [id] => 8793
                    [id_dispositivo] => 2
                    [id_usuario] => 1
                    [voltaje] => 82.51
                    [corriente] => 16.5
                    [potencia] => 1361.42
                    [kwh] => 0.0026
                    [limite_superado] => 0
                    [fecha] => 2025-08-22 13:10:17
                    [mac_address] => 08:D1:F9:A5:2A:14
                )

            [21] => Array
                (
                    [id] => 8792
                    [id_dispositivo] => 2
                    [id_usuario] => 1
                    [voltaje] => 78.49
                    [corriente] => 16.5
                    [potencia] => 1295.03
                    [kwh] => 0.0022
                    [limite_superado] => 0
                    [fecha] => 2025-08-22 13:10:13
                    [mac_address] => 08:D1:F9:A5:2A:14
                )

            [22] => Array
                (
                    [id] => 8791
                    [id_dispositivo] => 2
                    [id_usuario] => 1
                    [voltaje] => 78.55
                    [corriente] => 16.5
                    [potencia] => 1296.02
                    [kwh] => 0.0019
                    [limite_superado] => 0
                    [fecha] => 2025-08-22 13:10:07
                    [mac_address] => 08:D1:F9:A5:2A:14
                )

            [23] => Array
                (
                    [id] => 8790
                    [id_dispositivo] => 2
                    [id_usuario] => 1
                    [voltaje] => 78.26
                    [corriente] => 16.5
                    [potencia] => 1291.3
                    [kwh] => 0.0015
                    [limite_superado] => 0
                    [fecha] => 2025-08-22 13:10:05
                    [mac_address] => 08:D1:F9:A5:2A:14
                )

            [24] => Array
                (
                    [id] => 8789
                    [id_dispositivo] => 2
                    [id_usuario] => 1
                    [voltaje] => 84.13
                    [corriente] => 16.5
                    [potencia] => 1388.15
                    [kwh] => 0.0012
                    [limite_superado] => 0
                    [fecha] => 2025-08-22 13:10:04
                    [mac_address] => 08:D1:F9:A5:2A:14
                )

            [25] => Array
                (
                    [id] => 8788
                    [id_dispositivo] => 2
                    [id_usuario] => 1
                    [voltaje] => 81.49
                    [corriente] => 16.5
                    [potencia] => 1344.66
                    [kwh] => 0.0008
                    [limite_superado] => 0
                    [fecha] => 2025-08-22 13:10:00
                    [mac_address] => 08:D1:F9:A5:2A:14
                )

            [26] => Array
                (
                    [id] => 8787
                    [id_dispositivo] => 2
                    [id_usuario] => 1
                    [voltaje] => 86.02
                    [corriente] => 16.5
                    [potencia] => 1419.3
                    [kwh] => 0.0004
                    [limite_superado] => 0
                    [fecha] => 2025-08-22 13:09:58
                    [mac_address] => 08:D1:F9:A5:2A:14
                )

            [27] => Array
                (
                    [id] => 8786
                    [id_dispositivo] => 2
                    [id_usuario] => 1
                    [voltaje] => 220
                    [corriente] => 0
                    [potencia] => 0
                    [kwh] => 0
                    [limite_superado] => 0
                    [fecha] => 2025-08-21 16:13:34
                    [mac_address] => 08:D1:F9:A5:2A:14
                )

            [28] => Array
                (
                    [id] => 8785
                    [id_dispositivo] => 2
                    [id_usuario] => 1
                    [voltaje] => 220
                    [corriente] => 0
                    [potencia] => 0
                    [kwh] => 0
                    [limite_superado] => 0
                    [fecha] => 2025-08-21 16:13:24
                    [mac_address] => 08:D1:F9:A5:2A:14
                )

            [29] => Array
                (
                    [id] => 8784
                    [id_dispositivo] => 2
                    [id_usuario] => 1
                    [voltaje] => 220
                    [corriente] => 0
                    [potencia] => 0
                    [kwh] => 0
                    [limite_superado] => 0
                    [fecha] => 2025-08-21 16:13:14
                    [mac_address] => 08:D1:F9:A5:2A:14
                )

            [30] => Array
                (
                    [id] => 8783
                    [id_dispositivo] => 2
                    [id_usuario] => 1
                    [voltaje] => 220
                    [corriente] => 0
                    [potencia] => 0
                    [kwh] => 0
                    [limite_superado] => 0
                    [fecha] => 2025-08-21 16:13:03
                    [mac_address] => 08:D1:F9:A5:2A:14
                )

        )

)

DEBUG - 2025-09-25 08:00:40 --> Ruta actual: /Tesina/public/admin/dispositivos
INFO - 2025-09-25 08:00:40 --> Session: Class initialized using 'CodeIgniter\Session\Handlers\FileHandler' driver.
DEBUG - 2025-09-25 08:00:40 --> Datos en sesión: Array
(
    [__ci_last_regenerate] => 1758797932
    [_ci_previous_url] => http://192.168.2.182/Tesina/public/consumo/ver/2
    [id_usuario] => 1
    [nombre] => brunito
    [apellido] => barber
    [email] => brunocameille@alumnos.itr3.edu.ar
    [rol] => supervisor
    [logged_in] => 1
)

DEBUG - 2025-09-25 08:00:40 --> Buscando usuario ID: 1
DEBUG - 2025-09-25 08:00:40 --> Resultado de la búsqueda: Array
(
    [id_usuario] => 1
    [nombre] => brunito
    [apellido] => barber
    [email] => brunocameille@alumnos.itr3.edu.ar
    [contrasena] => $2y$10$F4xQfULyrVhG1JD8Y21QR.vgn9Fzd257acxjmQqHQ3OYfEqBaAPb6
    [direccion_id] => 0
    [id_rol] => 3
    [created_at] => 2025-04-07 13:37:30
    [updated_at] => 2025-09-25 07:58:44
    [invitado_por] => 
    [estado] => activo
    [token_activacion] => 
)

DEBUG - 2025-09-25 08:00:48 --> Ruta actual: /Tesina/public/admin/dispositivos/eliminar/10
INFO - 2025-09-25 08:00:48 --> Session: Class initialized using 'CodeIgniter\Session\Handlers\FileHandler' driver.
DEBUG - 2025-09-25 08:00:48 --> Datos en sesión: Array
(
    [__ci_last_regenerate] => 1758797932
    [_ci_previous_url] => http://192.168.2.182/Tesina/public/admin/dispositivos
    [id_usuario] => 1
    [nombre] => brunito
    [apellido] => barber
    [email] => brunocameille@alumnos.itr3.edu.ar
    [rol] => supervisor
    [logged_in] => 1
)

DEBUG - 2025-09-25 08:00:52 --> Ruta actual: /Tesina/public/admin/dispositivos/eliminar/10
INFO - 2025-09-25 08:00:52 --> Session: Class initialized using 'CodeIgniter\Session\Handlers\FileHandler' driver.
DEBUG - 2025-09-25 08:00:52 --> Datos en sesión: Array
(
    [__ci_last_regenerate] => 1758797932
    [_ci_previous_url] => http://192.168.2.182/Tesina/public/admin/dispositivos
    [id_usuario] => 1
    [nombre] => brunito
    [apellido] => barber
    [email] => brunocameille@alumnos.itr3.edu.ar
    [rol] => supervisor
    [logged_in] => 1
)

DEBUG - 2025-09-25 08:00:55 --> Ruta actual: /Tesina/public/supervisor/dispositivosGlobal
INFO - 2025-09-25 08:00:55 --> Session: Class initialized using 'CodeIgniter\Session\Handlers\FileHandler' driver.
DEBUG - 2025-09-25 08:00:55 --> Datos en sesión: Array
(
    [__ci_last_regenerate] => 1758797932
    [_ci_previous_url] => http://192.168.2.182/Tesina/public/admin/dispositivos
    [id_usuario] => 1
    [nombre] => brunito
    [apellido] => barber
    [email] => brunocameille@alumnos.itr3.edu.ar
    [rol] => supervisor
    [logged_in] => 1
)

DEBUG - 2025-09-25 08:00:56 --> Ruta actual: /Tesina/public/supervisor/gestionarUsuarios
INFO - 2025-09-25 08:00:56 --> Session: Class initialized using 'CodeIgniter\Session\Handlers\FileHandler' driver.
DEBUG - 2025-09-25 08:00:56 --> Datos en sesión: Array
(
    [__ci_last_regenerate] => 1758797932
    [_ci_previous_url] => http://192.168.2.182/Tesina/public/supervisor/dispositivosGlobal
    [id_usuario] => 1
    [nombre] => brunito
    [apellido] => barber
    [email] => brunocameille@alumnos.itr3.edu.ar
    [rol] => supervisor
    [logged_in] => 1
)

DEBUG - 2025-09-25 08:00:57 --> Ruta actual: /Tesina/public/supervisor
INFO - 2025-09-25 08:00:57 --> Session: Class initialized using 'CodeIgniter\Session\Handlers\FileHandler' driver.
DEBUG - 2025-09-25 08:00:57 --> Datos en sesión: Array
(
    [__ci_last_regenerate] => 1758797932
    [_ci_previous_url] => http://192.168.2.182/Tesina/public/supervisor/gestionarUsuarios
    [id_usuario] => 1
    [nombre] => brunito
    [apellido] => barber
    [email] => brunocameille@alumnos.itr3.edu.ar
    [rol] => supervisor
    [logged_in] => 1
)

DEBUG - 2025-09-25 08:00:57 --> Buscando usuario ID: 
DEBUG - 2025-09-25 08:00:57 --> Resultado de la búsqueda: Array
(
    [0] => Array
        (
            [id_usuario] => 80
            [nombre] => elvito
            [apellido] => loacs
            [email] => gordoffofo@gmail.com
            [contrasena] => $2y$10$HsEYMPrnTHX2umHxJneNl.uGyJTGG.NYVccBIsTxGFQWx1nf9AWti
            [direccion_id] => 0
            [id_rol] => 1
            [created_at] => 2025-09-16 11:39:13
            [updated_at] => 2025-09-16 11:39:13
            [invitado_por] => 
            [estado] => pendiente
            [token_activacion] => 
            [nombre_rol] => admin
        )

    [1] => Array
        (
            [id_usuario] => 79
            [nombre] => elbajo
            [apellido] => jajjajaa
            [email] => elbajo07@gmail.com
            [contrasena] => $2y$10$1twjBNNrclek2GabqPUw..loUU17B.G5uC9AMbr.KbGr5EeZtzo36
            [direccion_id] => 0
            [id_rol] => 2
            [created_at] => 2025-06-27 08:52:11
            [updated_at] => 2025-06-27 08:52:11
            [invitado_por] => 1
            [estado] => activo
            [token_activacion] => 
            [nombre_rol] => usuario
        )

    [2] => Array
        (
            [id_usuario] => 78
            [nombre] => sopa
            [apellido] => estsasa
            [email] => sopa07@gmail.com
            [contrasena] => $2y$10$/vX5TGtXK2UJfO2/C36MQeKWkUeD/IXqieHeRH3jnLK2ncBSby.Oa
            [direccion_id] => 0
            [id_rol] => 1
            [created_at] => 2025-06-27 08:44:06
            [updated_at] => 2025-06-27 08:45:04
            [invitado_por] => 
            [estado] => activo
            [token_activacion] => 
            [nombre_rol] => admin
        )

    [3] => Array
        (
            [id_usuario] => 77
            [nombre] => llaldll
            [apellido] => asa
            [email] => salamin07@gmail.com
            [contrasena] => $2y$10$sXiTysDWNRBTlLhQawOoauIec0q5HQ/fhvi39Gl4mN61AMikpib0O
            [direccion_id] => 0
            [id_rol] => 1
            [created_at] => 2025-06-27 08:11:55
            [updated_at] => 2025-06-27 08:22:20
            [invitado_por] => 
            [estado] => activo
            [token_activacion] => 
            [nombre_rol] => admin
        )

    [4] => Array
        (
            [id_usuario] => 76
            [nombre] => Manuel
            [apellido] => Urrutia
            [email] => manuelurrutia@alumnos.itr3.edu.ar
            [contrasena] => $2y$10$ljDnuClSssl0YgngR8WkcORiaEEb0P0XtPL2bGwgZ.U50symRFe7u
            [direccion_id] => 0
            [id_rol] => 1
            [created_at] => 2025-06-19 08:22:31
            [updated_at] => 2025-06-19 08:23:16
            [invitado_por] => 75
            [estado] => activo
            [token_activacion] => 
            [nombre_rol] => admin
        )

    [5] => Array
        (
            [id_usuario] => 75
            [nombre] => Aylen
            [apellido] => berthalet
            [email] => aylen@itr3.edu.ar
            [contrasena] => $2y$10$x0R3zQXWhiw14RxYSK6HyOrCl3LPpp8iYxRfKaRXiuc0MKhYahp2i
            [direccion_id] => 0
            [id_rol] => 1
            [created_at] => 2025-06-19 08:14:45
            [updated_at] => 2025-06-19 08:26:02
            [invitado_por] => 
            [estado] => activo
            [token_activacion] => 
            [nombre_rol] => admin
        )

    [6] => Array
        (
            [id_usuario] => 74
            [nombre] => estefanito
            [apellido] => nazi
            [email] => estefano09@gmail.com
            [contrasena] => $2y$10$qjP50Kn8Ogr9Q/q1Iz6cAeJiVJl9HOUd2Yw.JhYH0.tqDtSMtww2W
            [direccion_id] => 0
            [id_rol] => 1
            [created_at] => 2025-06-18 08:56:44
            [updated_at] => 2025-06-18 08:57:09
            [invitado_por] => 
            [estado] => activo
            [token_activacion] => 
            [nombre_rol] => admin
        )

    [7] => Array
        (
            [id_usuario] => 73
            [nombre] => elmedo
            [apellido] => godoy
            [email] => elmedo@gmail.com
            [contrasena] => $2y$10$hsCiQS2iZtSHE7SmAtIzluzYeA0gcpB0eEp7iw0TfVJe7dX44uebC
            [direccion_id] => 0
            [id_rol] => 1
            [created_at] => 2025-06-12 16:52:10
            [updated_at] => 2025-06-12 18:22:19
            [invitado_por] => 
            [estado] => activo
            [token_activacion] => 
            [nombre_rol] => admin
        )

    [8] => Array
        (
            [id_usuario] => 72
            [nombre] => mayitooo
            [apellido] => kaka
            [email] => mayito@gmail.com
            [contrasena] => $2y$10$rq4u2.7llV6L4nGuy0R1dOt2CRvpTD6IeLQmWoUCcm/s3OXteXYcq
            [direccion_id] => 0
            [id_rol] => 1
            [created_at] => 2025-06-11 22:41:57
            [updated_at] => 2025-06-11 22:43:36
            [invitado_por] => 
            [estado] => activo
            [token_activacion] => 
            [nombre_rol] => admin
        )

    [9] => Array
        (
            [id_usuario] => 71
            [nombre] => iancito
            [apellido] => Cameille
            [email] => iancito@gmail.com
            [contrasena] => $2y$10$KCXxE7wnCSzdBEtgShio1.LQqJPG3HfFECdNklgR5Hs0utxhIzCje
            [direccion_id] => 0
            [id_rol] => 1
            [created_at] => 2025-06-03 15:53:41
            [updated_at] => 2025-06-03 15:56:30
            [invitado_por] => 70
            [estado] => activo
            [token_activacion] => 
            [nombre_rol] => admin
        )

)

DEBUG - 2025-09-25 08:00:58 --> Ruta actual: /Tesina/public/supervisor/gestionarUsuarios
INFO - 2025-09-25 08:00:58 --> Session: Class initialized using 'CodeIgniter\Session\Handlers\FileHandler' driver.
DEBUG - 2025-09-25 08:00:58 --> Datos en sesión: Array
(
    [__ci_last_regenerate] => 1758797932
    [_ci_previous_url] => http://192.168.2.182/Tesina/public/supervisor
    [id_usuario] => 1
    [nombre] => brunito
    [apellido] => barber
    [email] => brunocameille@alumnos.itr3.edu.ar
    [rol] => supervisor
    [logged_in] => 1
)

DEBUG - 2025-09-25 08:01:00 --> Ruta actual: /Tesina/public/supervisor/dispositivosUsuarios/13
INFO - 2025-09-25 08:01:00 --> Session: Class initialized using 'CodeIgniter\Session\Handlers\FileHandler' driver.
DEBUG - 2025-09-25 08:01:00 --> Datos en sesión: Array
(
    [__ci_last_regenerate] => 1758797932
    [_ci_previous_url] => http://192.168.2.182/Tesina/public/supervisor/gestionarUsuarios
    [id_usuario] => 1
    [nombre] => brunito
    [apellido] => barber
    [email] => brunocameille@alumnos.itr3.edu.ar
    [rol] => supervisor
    [logged_in] => 1
)

DEBUG - 2025-09-25 08:01:00 --> Buscando usuario ID: 13
DEBUG - 2025-09-25 08:01:00 --> Resultado de la búsqueda: Array
(
    [id_usuario] => 13
    [nombre] => dario
    [apellido] => BERAGALIA
    [email] => dariobergagna@gmail.com
    [contrasena] => $2y$10$Xdki8XC1qjdrXhXX/Yd48uQdtBiwiLMeTo5HvQMDxXj7KiR2shDoC
    [direccion_id] => 0
    [id_rol] => 1
    [created_at] => 2025-04-07 13:37:30
    [updated_at] => 2025-05-07 11:08:09
    [invitado_por] => 
    [estado] => pendiente
    [token_activacion] => 
)

DEBUG - 2025-09-25 08:01:01 --> Ruta actual: /Tesina/public/supervisor/gestionarUsuarios
INFO - 2025-09-25 08:01:01 --> Session: Class initialized using 'CodeIgniter\Session\Handlers\FileHandler' driver.
DEBUG - 2025-09-25 08:01:01 --> Datos en sesión: Array
(
    [__ci_last_regenerate] => 1758797932
    [_ci_previous_url] => http://192.168.2.182/Tesina/public/supervisor/dispositivosUsuarios/13
    [id_usuario] => 1
    [nombre] => brunito
    [apellido] => barber
    [email] => brunocameille@alumnos.itr3.edu.ar
    [rol] => supervisor
    [logged_in] => 1
)

DEBUG - 2025-09-25 08:01:03 --> Ruta actual: /Tesina/public/supervisor/dispositivosGlobal
INFO - 2025-09-25 08:01:03 --> Session: Class initialized using 'CodeIgniter\Session\Handlers\FileHandler' driver.
DEBUG - 2025-09-25 08:01:03 --> Datos en sesión: Array
(
    [__ci_last_regenerate] => 1758797932
    [_ci_previous_url] => http://192.168.2.182/Tesina/public/supervisor/gestionarUsuarios
    [id_usuario] => 1
    [nombre] => brunito
    [apellido] => barber
    [email] => brunocameille@alumnos.itr3.edu.ar
    [rol] => supervisor
    [logged_in] => 1
)

DEBUG - 2025-09-25 08:01:05 --> Ruta actual: /Tesina/public/supervisor/gestionarUsuarios
INFO - 2025-09-25 08:01:05 --> Session: Class initialized using 'CodeIgniter\Session\Handlers\FileHandler' driver.
DEBUG - 2025-09-25 08:01:05 --> Datos en sesión: Array
(
    [__ci_last_regenerate] => 1758797932
    [_ci_previous_url] => http://192.168.2.182/Tesina/public/supervisor/dispositivosGlobal
    [id_usuario] => 1
    [nombre] => brunito
    [apellido] => barber
    [email] => brunocameille@alumnos.itr3.edu.ar
    [rol] => supervisor
    [logged_in] => 1
)

DEBUG - 2025-09-25 08:01:06 --> Ruta actual: /Tesina/public/supervisor
INFO - 2025-09-25 08:01:06 --> Session: Class initialized using 'CodeIgniter\Session\Handlers\FileHandler' driver.
DEBUG - 2025-09-25 08:01:06 --> Datos en sesión: Array
(
    [__ci_last_regenerate] => 1758797932
    [_ci_previous_url] => http://192.168.2.182/Tesina/public/supervisor/gestionarUsuarios
    [id_usuario] => 1
    [nombre] => brunito
    [apellido] => barber
    [email] => brunocameille@alumnos.itr3.edu.ar
    [rol] => supervisor
    [logged_in] => 1
)

DEBUG - 2025-09-25 08:01:06 --> Buscando usuario ID: 
DEBUG - 2025-09-25 08:01:06 --> Resultado de la búsqueda: Array
(
    [0] => Array
        (
            [id_usuario] => 80
            [nombre] => elvito
            [apellido] => loacs
            [email] => gordoffofo@gmail.com
            [contrasena] => $2y$10$HsEYMPrnTHX2umHxJneNl.uGyJTGG.NYVccBIsTxGFQWx1nf9AWti
            [direccion_id] => 0
            [id_rol] => 1
            [created_at] => 2025-09-16 11:39:13
            [updated_at] => 2025-09-16 11:39:13
            [invitado_por] => 
            [estado] => pendiente
            [token_activacion] => 
            [nombre_rol] => admin
        )

    [1] => Array
        (
            [id_usuario] => 79
            [nombre] => elbajo
            [apellido] => jajjajaa
            [email] => elbajo07@gmail.com
            [contrasena] => $2y$10$1twjBNNrclek2GabqPUw..loUU17B.G5uC9AMbr.KbGr5EeZtzo36
            [direccion_id] => 0
            [id_rol] => 2
            [created_at] => 2025-06-27 08:52:11
            [updated_at] => 2025-06-27 08:52:11
            [invitado_por] => 1
            [estado] => activo
            [token_activacion] => 
            [nombre_rol] => usuario
        )

    [2] => Array
        (
            [id_usuario] => 78
            [nombre] => sopa
            [apellido] => estsasa
            [email] => sopa07@gmail.com
            [contrasena] => $2y$10$/vX5TGtXK2UJfO2/C36MQeKWkUeD/IXqieHeRH3jnLK2ncBSby.Oa
            [direccion_id] => 0
            [id_rol] => 1
            [created_at] => 2025-06-27 08:44:06
            [updated_at] => 2025-06-27 08:45:04
            [invitado_por] => 
            [estado] => activo
            [token_activacion] => 
            [nombre_rol] => admin
        )

    [3] => Array
        (
            [id_usuario] => 77
            [nombre] => llaldll
            [apellido] => asa
            [email] => salamin07@gmail.com
            [contrasena] => $2y$10$sXiTysDWNRBTlLhQawOoauIec0q5HQ/fhvi39Gl4mN61AMikpib0O
            [direccion_id] => 0
            [id_rol] => 1
            [created_at] => 2025-06-27 08:11:55
            [updated_at] => 2025-06-27 08:22:20
            [invitado_por] => 
            [estado] => activo
            [token_activacion] => 
            [nombre_rol] => admin
        )

    [4] => Array
        (
            [id_usuario] => 76
            [nombre] => Manuel
            [apellido] => Urrutia
            [email] => manuelurrutia@alumnos.itr3.edu.ar
            [contrasena] => $2y$10$ljDnuClSssl0YgngR8WkcORiaEEb0P0XtPL2bGwgZ.U50symRFe7u
            [direccion_id] => 0
            [id_rol] => 1
            [created_at] => 2025-06-19 08:22:31
            [updated_at] => 2025-06-19 08:23:16
            [invitado_por] => 75
            [estado] => activo
            [token_activacion] => 
            [nombre_rol] => admin
        )

    [5] => Array
        (
            [id_usuario] => 75
            [nombre] => Aylen
            [apellido] => berthalet
            [email] => aylen@itr3.edu.ar
            [contrasena] => $2y$10$x0R3zQXWhiw14RxYSK6HyOrCl3LPpp8iYxRfKaRXiuc0MKhYahp2i
            [direccion_id] => 0
            [id_rol] => 1
            [created_at] => 2025-06-19 08:14:45
            [updated_at] => 2025-06-19 08:26:02
            [invitado_por] => 
            [estado] => activo
            [token_activacion] => 
            [nombre_rol] => admin
        )

    [6] => Array
        (
            [id_usuario] => 74
            [nombre] => estefanito
            [apellido] => nazi
            [email] => estefano09@gmail.com
            [contrasena] => $2y$10$qjP50Kn8Ogr9Q/q1Iz6cAeJiVJl9HOUd2Yw.JhYH0.tqDtSMtww2W
            [direccion_id] => 0
            [id_rol] => 1
            [created_at] => 2025-06-18 08:56:44
            [updated_at] => 2025-06-18 08:57:09
            [invitado_por] => 
            [estado] => activo
            [token_activacion] => 
            [nombre_rol] => admin
        )

    [7] => Array
        (
            [id_usuario] => 73
            [nombre] => elmedo
            [apellido] => godoy
            [email] => elmedo@gmail.com
            [contrasena] => $2y$10$hsCiQS2iZtSHE7SmAtIzluzYeA0gcpB0eEp7iw0TfVJe7dX44uebC
            [direccion_id] => 0
            [id_rol] => 1
            [created_at] => 2025-06-12 16:52:10
            [updated_at] => 2025-06-12 18:22:19
            [invitado_por] => 
            [estado] => activo
            [token_activacion] => 
            [nombre_rol] => admin
        )

    [8] => Array
        (
            [id_usuario] => 72
            [nombre] => mayitooo
            [apellido] => kaka
            [email] => mayito@gmail.com
            [contrasena] => $2y$10$rq4u2.7llV6L4nGuy0R1dOt2CRvpTD6IeLQmWoUCcm/s3OXteXYcq
            [direccion_id] => 0
            [id_rol] => 1
            [created_at] => 2025-06-11 22:41:57
            [updated_at] => 2025-06-11 22:43:36
            [invitado_por] => 
            [estado] => activo
            [token_activacion] => 
            [nombre_rol] => admin
        )

    [9] => Array
        (
            [id_usuario] => 71
            [nombre] => iancito
            [apellido] => Cameille
            [email] => iancito@gmail.com
            [contrasena] => $2y$10$KCXxE7wnCSzdBEtgShio1.LQqJPG3HfFECdNklgR5Hs0utxhIzCje
            [direccion_id] => 0
            [id_rol] => 1
            [created_at] => 2025-06-03 15:53:41
            [updated_at] => 2025-06-03 15:56:30
            [invitado_por] => 70
            [estado] => activo
            [token_activacion] => 
            [nombre_rol] => admin
        )

)

DEBUG - 2025-09-25 08:01:08 --> Ruta actual: /Tesina/public/supervisor/dispositivosGlobal
INFO - 2025-09-25 08:01:08 --> Session: Class initialized using 'CodeIgniter\Session\Handlers\FileHandler' driver.
DEBUG - 2025-09-25 08:01:08 --> Datos en sesión: Array
(
    [__ci_last_regenerate] => 1758797932
    [_ci_previous_url] => http://192.168.2.182/Tesina/public/supervisor
    [id_usuario] => 1
    [nombre] => brunito
    [apellido] => barber
    [email] => brunocameille@alumnos.itr3.edu.ar
    [rol] => supervisor
    [logged_in] => 1
)

DEBUG - 2025-09-25 08:01:09 --> Ruta actual: /Tesina/public/supervisor/gestionarUsuarios
INFO - 2025-09-25 08:01:09 --> Session: Class initialized using 'CodeIgniter\Session\Handlers\FileHandler' driver.
DEBUG - 2025-09-25 08:01:09 --> Datos en sesión: Array
(
    [__ci_last_regenerate] => 1758797932
    [_ci_previous_url] => http://192.168.2.182/Tesina/public/supervisor/dispositivosGlobal
    [id_usuario] => 1
    [nombre] => brunito
    [apellido] => barber
    [email] => brunocameille@alumnos.itr3.edu.ar
    [rol] => supervisor
    [logged_in] => 1
)

DEBUG - 2025-09-25 08:01:10 --> Ruta actual: /Tesina/public/supervisor/gestionarUsuarios
INFO - 2025-09-25 08:01:10 --> Session: Class initialized using 'CodeIgniter\Session\Handlers\FileHandler' driver.
DEBUG - 2025-09-25 08:01:10 --> Datos en sesión: Array
(
    [__ci_last_regenerate] => 1758797932
    [_ci_previous_url] => http://192.168.2.182/Tesina/public/supervisor/gestionarUsuarios
    [id_usuario] => 1
    [nombre] => brunito
    [apellido] => barber
    [email] => brunocameille@alumnos.itr3.edu.ar
    [rol] => supervisor
    [logged_in] => 1
)

DEBUG - 2025-09-25 08:01:11 --> Ruta actual: /Tesina/public/supervisor/dispositivosUsuarios/13
INFO - 2025-09-25 08:01:11 --> Session: Class initialized using 'CodeIgniter\Session\Handlers\FileHandler' driver.
DEBUG - 2025-09-25 08:01:11 --> Datos en sesión: Array
(
    [__ci_last_regenerate] => 1758797932
    [_ci_previous_url] => http://192.168.2.182/Tesina/public/supervisor/gestionarUsuarios
    [id_usuario] => 1
    [nombre] => brunito
    [apellido] => barber
    [email] => brunocameille@alumnos.itr3.edu.ar
    [rol] => supervisor
    [logged_in] => 1
)

DEBUG - 2025-09-25 08:01:11 --> Buscando usuario ID: 13
DEBUG - 2025-09-25 08:01:11 --> Resultado de la búsqueda: Array
(
    [id_usuario] => 13
    [nombre] => dario
    [apellido] => BERAGALIA
    [email] => dariobergagna@gmail.com
    [contrasena] => $2y$10$Xdki8XC1qjdrXhXX/Yd48uQdtBiwiLMeTo5HvQMDxXj7KiR2shDoC
    [direccion_id] => 0
    [id_rol] => 1
    [created_at] => 2025-04-07 13:37:30
    [updated_at] => 2025-05-07 11:08:09
    [invitado_por] => 
    [estado] => pendiente
    [token_activacion] => 
)

DEBUG - 2025-09-25 08:01:12 --> Ruta actual: /Tesina/public/supervisor/gestionarUsuarios
INFO - 2025-09-25 08:01:12 --> Session: Class initialized using 'CodeIgniter\Session\Handlers\FileHandler' driver.
DEBUG - 2025-09-25 08:01:12 --> Datos en sesión: Array
(
    [__ci_last_regenerate] => 1758797932
    [_ci_previous_url] => http://192.168.2.182/Tesina/public/supervisor/dispositivosUsuarios/13
    [id_usuario] => 1
    [nombre] => brunito
    [apellido] => barber
    [email] => brunocameille@alumnos.itr3.edu.ar
    [rol] => supervisor
    [logged_in] => 1
)

DEBUG - 2025-09-25 08:01:19 --> Ruta actual: /Tesina/public/supervisor/dispositivosUsuarios/1
INFO - 2025-09-25 08:01:19 --> Session: Class initialized using 'CodeIgniter\Session\Handlers\FileHandler' driver.
DEBUG - 2025-09-25 08:01:19 --> Datos en sesión: Array
(
    [__ci_last_regenerate] => 1758797932
    [_ci_previous_url] => http://192.168.2.182/Tesina/public/supervisor/gestionarUsuarios
    [id_usuario] => 1
    [nombre] => brunito
    [apellido] => barber
    [email] => brunocameille@alumnos.itr3.edu.ar
    [rol] => supervisor
    [logged_in] => 1
)

DEBUG - 2025-09-25 08:01:19 --> Buscando usuario ID: 1
DEBUG - 2025-09-25 08:01:19 --> Resultado de la búsqueda: Array
(
    [id_usuario] => 1
    [nombre] => brunito
    [apellido] => barber
    [email] => brunocameille@alumnos.itr3.edu.ar
    [contrasena] => $2y$10$F4xQfULyrVhG1JD8Y21QR.vgn9Fzd257acxjmQqHQ3OYfEqBaAPb6
    [direccion_id] => 0
    [id_rol] => 3
    [created_at] => 2025-04-07 13:37:30
    [updated_at] => 2025-09-25 07:58:44
    [invitado_por] => 
    [estado] => activo
    [token_activacion] => 
)

INFO - 2025-09-25 08:01:19 --> Session: Class initialized using 'CodeIgniter\Session\Handlers\FileHandler' driver.
DEBUG - 2025-09-25 08:01:19 --> Accediendo a grafico con ID: 2
DEBUG - 2025-09-25 08:01:19 --> Número de lecturas para gráfico: 31
DEBUG - 2025-09-25 08:01:19 --> Datos del gráfico: Array
(
    [labels] => Array
        (
            [0] => 21/08 16:13
            [1] => 21/08 16:13
            [2] => 21/08 16:13
            [3] => 21/08 16:13
            [4] => 22/08 13:09
            [5] => 22/08 13:10
            [6] => 22/08 13:10
            [7] => 22/08 13:10
            [8] => 22/08 13:10
            [9] => 22/08 13:10
            [10] => 22/08 13:10
            [11] => 22/08 13:10
            [12] => 22/08 13:10
            [13] => 22/08 13:10
            [14] => 22/08 13:10
            [15] => 22/08 13:10
            [16] => 22/08 13:10
            [17] => 22/08 13:10
            [18] => 22/08 13:10
            [19] => 22/08 13:10
            [20] => 22/08 13:10
            [21] => 22/08 13:10
            [22] => 22/08 13:10
            [23] => 22/08 13:10
            [24] => 22/08 13:10
            [25] => 22/08 13:10
            [26] => 22/08 13:10
            [27] => 22/08 13:10
            [28] => 22/08 13:10
            [29] => 22/08 13:11
            [30] => 22/08 13:11
        )

    [consumo] => Array
        (
            [0] => 0
            [1] => 0
            [2] => 0
            [3] => 0
            [4] => 0.0004
            [5] => 0.0008
            [6] => 0.0012
            [7] => 0.0015
            [8] => 0.0019
            [9] => 0.0022
            [10] => 0.0026
            [11] => 0.003
            [12] => 0.0034
            [13] => 0.0037
            [14] => 0.0041
            [15] => 0.0044
            [16] => 0.0048
            [17] => 0.0052
            [18] => 0.0055
            [19] => 0.006
            [20] => 0.0064
            [21] => 0.0069
            [22] => 0.0074
            [23] => 0.0079
            [24] => 0.0083
            [25] => 0.0088
            [26] => 0.0093
            [27] => 0.0097
            [28] => 0.0098
            [29] => 0.0099
            [30] => 0.01
        )

)

INFO - 2025-09-25 08:01:19 --> Session: Class initialized using 'CodeIgniter\Session\Handlers\FileHandler' driver.
DEBUG - 2025-09-25 08:01:19 --> Accediendo a grafico con ID: 1
DEBUG - 2025-09-25 08:01:19 --> Número de lecturas para gráfico: 0
DEBUG - 2025-09-25 08:01:19 --> Datos del gráfico: Array
(
    [labels] => Array
        (
        )

    [consumo] => Array
        (
        )

)

INFO - 2025-09-25 08:01:19 --> Session: Class initialized using 'CodeIgniter\Session\Handlers\FileHandler' driver.
DEBUG - 2025-09-25 08:01:19 --> Accediendo a grafico con ID: 2
DEBUG - 2025-09-25 08:01:19 --> Número de lecturas para gráfico: 31
DEBUG - 2025-09-25 08:01:19 --> Datos del gráfico: Array
(
    [labels] => Array
        (
            [0] => 21/08 16:13
            [1] => 21/08 16:13
            [2] => 21/08 16:13
            [3] => 21/08 16:13
            [4] => 22/08 13:09
            [5] => 22/08 13:10
            [6] => 22/08 13:10
            [7] => 22/08 13:10
            [8] => 22/08 13:10
            [9] => 22/08 13:10
            [10] => 22/08 13:10
            [11] => 22/08 13:10
            [12] => 22/08 13:10
            [13] => 22/08 13:10
            [14] => 22/08 13:10
            [15] => 22/08 13:10
            [16] => 22/08 13:10
            [17] => 22/08 13:10
            [18] => 22/08 13:10
            [19] => 22/08 13:10
            [20] => 22/08 13:10
            [21] => 22/08 13:10
            [22] => 22/08 13:10
            [23] => 22/08 13:10
            [24] => 22/08 13:10
            [25] => 22/08 13:10
            [26] => 22/08 13:10
            [27] => 22/08 13:10
            [28] => 22/08 13:10
            [29] => 22/08 13:11
            [30] => 22/08 13:11
        )

    [consumo] => Array
        (
            [0] => 0
            [1] => 0
            [2] => 0
            [3] => 0
            [4] => 0.0004
            [5] => 0.0008
            [6] => 0.0012
            [7] => 0.0015
            [8] => 0.0019
            [9] => 0.0022
            [10] => 0.0026
            [11] => 0.003
            [12] => 0.0034
            [13] => 0.0037
            [14] => 0.0041
            [15] => 0.0044
            [16] => 0.0048
            [17] => 0.0052
            [18] => 0.0055
            [19] => 0.006
            [20] => 0.0064
            [21] => 0.0069
            [22] => 0.0074
            [23] => 0.0079
            [24] => 0.0083
            [25] => 0.0088
            [26] => 0.0093
            [27] => 0.0097
            [28] => 0.0098
            [29] => 0.0099
            [30] => 0.01
        )

)

INFO - 2025-09-25 08:01:21 --> Session: Class initialized using 'CodeIgniter\Session\Handlers\FileHandler' driver.
DEBUG - 2025-09-25 08:01:21 --> Accediendo a verDatos con ID: 2
DEBUG - 2025-09-25 08:01:21 --> Datos del dispositivo: Array
(
    [id_dispositivo] => 2
    [nombre] => ECOVOLT HOYY 11/4
    [id_usuario] => 1
    [mac_address] => 08:D1:F9:A5:2A:14
    [ip_address] => 
    [ultima_conexion] => 
    [estado] => activo
    [created_at] => 2025-04-11 10:03:27
    [stock] => 0
    [precio] => 0
    [descripcion] => adasdada
    [fecha_actualizacion] => 2025-09-23 11:54:53
    [updated_at] => 2025-09-23 11:54:53
    [codigo_activacion] => 
    [fecha_activacion] => 
)

DEBUG - 2025-09-25 08:01:21 --> Número de lecturas encontradas: 31
DEBUG - 2025-09-25 08:01:21 --> Primera lectura: Array
(
    [id] => 8813
    [id_dispositivo] => 2
    [id_usuario] => 1
    [voltaje] => 118.75
    [corriente] => 3.0956
    [potencia] => 367.6
    [kwh] => 0.01
    [limite_superado] => 0
    [fecha] => 2025-08-22 13:11:02
    [mac_address] => 08:D1:F9:A5:2A:14
)

DEBUG - 2025-09-25 08:01:21 --> Datos enviados a la vista: Array
(
    [dispositivo] => Array
        (
            [id_dispositivo] => 2
            [nombre] => ECOVOLT HOYY 11/4
            [id_usuario] => 1
            [mac_address] => 08:D1:F9:A5:2A:14
            [ip_address] => 
            [ultima_conexion] => 
            [estado] => activo
            [created_at] => 2025-04-11 10:03:27
            [stock] => 0
            [precio] => 0
            [descripcion] => adasdada
            [fecha_actualizacion] => 2025-09-23 11:54:53
            [updated_at] => 2025-09-23 11:54:53
            [codigo_activacion] => 
            [fecha_activacion] => 
        )

    [lecturas] => Array
        (
            [0] => Array
                (
                    [id] => 8813
                    [id_dispositivo] => 2
                    [id_usuario] => 1
                    [voltaje] => 118.75
                    [corriente] => 3.0956
                    [potencia] => 367.6
                    [kwh] => 0.01
                    [limite_superado] => 0
                    [fecha] => 2025-08-22 13:11:02
                    [mac_address] => 08:D1:F9:A5:2A:14
                )

            [1] => Array
                (
                    [id] => 8812
                    [id_dispositivo] => 2
                    [id_usuario] => 1
                    [voltaje] => 118.94
                    [corriente] => 3.0923
                    [potencia] => 367.82
                    [kwh] => 0.0099
                    [limite_superado] => 0
                    [fecha] => 2025-08-22 13:11:00
                    [mac_address] => 08:D1:F9:A5:2A:14
                )

            [2] => Array
                (
                    [id] => 8811
                    [id_dispositivo] => 2
                    [id_usuario] => 1
                    [voltaje] => 108.46
                    [corriente] => 2.432
                    [potencia] => 263.77
                    [kwh] => 0.0098
                    [limite_superado] => 0
                    [fecha] => 2025-08-22 13:10:58
                    [mac_address] => 08:D1:F9:A5:2A:14
                )

            [3] => Array
                (
                    [id] => 8810
                    [id_dispositivo] => 2
                    [id_usuario] => 1
                    [voltaje] => 105.7
                    [corriente] => 16.5
                    [potencia] => 1744.06
                    [kwh] => 0.0097
                    [limite_superado] => 0
                    [fecha] => 2025-08-22 13:10:54
                    [mac_address] => 08:D1:F9:A5:2A:14
                )

            [4] => Array
                (
                    [id] => 8809
                    [id_dispositivo] => 2
                    [id_usuario] => 1
                    [voltaje] => 105.32
                    [corriente] => 16.5
                    [potencia] => 1737.82
                    [kwh] => 0.0093
                    [limite_superado] => 0
                    [fecha] => 2025-08-22 13:10:52
                    [mac_address] => 08:D1:F9:A5:2A:14
                )

            [5] => Array
                (
                    [id] => 8808
                    [id_dispositivo] => 2
                    [id_usuario] => 1
                    [voltaje] => 97.92
                    [corriente] => 16.5
                    [potencia] => 1615.68
                    [kwh] => 0.0088
                    [limite_superado] => 0
                    [fecha] => 2025-08-22 13:10:51
                    [mac_address] => 08:D1:F9:A5:2A:14
                )

            [6] => Array
                (
                    [id] => 8807
                    [id_dispositivo] => 2
                    [id_usuario] => 1
                    [voltaje] => 86.57
                    [corriente] => 16.5
                    [potencia] => 1428.4
                    [kwh] => 0.0083
                    [limite_superado] => 0
                    [fecha] => 2025-08-22 13:10:47
                    [mac_address] => 08:D1:F9:A5:2A:14
                )

            [7] => Array
                (
                    [id] => 8806
                    [id_dispositivo] => 2
                    [id_usuario] => 1
                    [voltaje] => 115.21
                    [corriente] => 16.5
                    [potencia] => 1900.97
                    [kwh] => 0.0079
                    [limite_superado] => 0
                    [fecha] => 2025-08-22 13:10:43
                    [mac_address] => 08:D1:F9:A5:2A:14
                )

            [8] => Array
                (
                    [id] => 8805
                    [id_dispositivo] => 2
                    [id_usuario] => 1
                    [voltaje] => 110.65
                    [corriente] => 16.5
                    [potencia] => 1825.67
                    [kwh] => 0.0074
                    [limite_superado] => 0
                    [fecha] => 2025-08-22 13:10:36
                    [mac_address] => 08:D1:F9:A5:2A:14
                )

            [9] => Array
                (
                    [id] => 8804
                    [id_dispositivo] => 2
                    [id_usuario] => 1
                    [voltaje] => 113.03
                    [corriente] => 16.5
                    [potencia] => 1865.02
                    [kwh] => 0.0069
                    [limite_superado] => 0
                    [fecha] => 2025-08-22 13:10:34
                    [mac_address] => 08:D1:F9:A5:2A:14
                )

            [10] => Array
                (
                    [id] => 8803
                    [id_dispositivo] => 2
                    [id_usuario] => 1
                    [voltaje] => 85.81
                    [corriente] => 16.5
                    [potencia] => 1415.82
                    [kwh] => 0.0064
                    [limite_superado] => 0
                    [fecha] => 2025-08-22 13:10:33
                    [mac_address] => 08:D1:F9:A5:2A:14
                )

            [11] => Array
                (
                    [id] => 8802
                    [id_dispositivo] => 2
                    [id_usuario] => 1
                    [voltaje] => 99.91
                    [corriente] => 16.5
                    [potencia] => 1648.56
                    [kwh] => 0.006
                    [limite_superado] => 0
                    [fecha] => 2025-08-22 13:10:31
                    [mac_address] => 08:D1:F9:A5:2A:14
                )

            [12] => Array
                (
                    [id] => 8801
                    [id_dispositivo] => 2
                    [id_usuario] => 1
                    [voltaje] => 81.01
                    [corriente] => 16.5
                    [potencia] => 1336.63
                    [kwh] => 0.0055
                    [limite_superado] => 0
                    [fecha] => 2025-08-22 13:10:30
                    [mac_address] => 08:D1:F9:A5:2A:14
                )

            [13] => Array
                (
                    [id] => 8800
                    [id_dispositivo] => 2
                    [id_usuario] => 1
                    [voltaje] => 79.58
                    [corriente] => 16.5
                    [potencia] => 1313.09
                    [kwh] => 0.0052
                    [limite_superado] => 0
                    [fecha] => 2025-08-22 13:10:28
                    [mac_address] => 08:D1:F9:A5:2A:14
                )

            [14] => Array
                (
                    [id] => 8799
                    [id_dispositivo] => 2
                    [id_usuario] => 1
                    [voltaje] => 80.12
                    [corriente] => 16.5
                    [potencia] => 1321.94
                    [kwh] => 0.0048
                    [limite_superado] => 0
                    [fecha] => 2025-08-22 13:10:27
                    [mac_address] => 08:D1:F9:A5:2A:14
                )

            [15] => Array
                (
                    [id] => 8798
                    [id_dispositivo] => 2
                    [id_usuario] => 1
                    [voltaje] => 78.4
                    [corriente] => 16.5
                    [potencia] => 1293.59
                    [kwh] => 0.0044
                    [limite_superado] => 0
                    [fecha] => 2025-08-22 13:10:25
                    [mac_address] => 08:D1:F9:A5:2A:14
                )

            [16] => Array
                (
                    [id] => 8797
                    [id_dispositivo] => 2
                    [id_usuario] => 1
                    [voltaje] => 81.92
                    [corriente] => 16.5
                    [potencia] => 1351.67
                    [kwh] => 0.0041
                    [limite_superado] => 0
                    [fecha] => 2025-08-22 13:10:24
                    [mac_address] => 08:D1:F9:A5:2A:14
                )

            [17] => Array
                (
                    [id] => 8796
                    [id_dispositivo] => 2
                    [id_usuario] => 1
                    [voltaje] => 66.81
                    [corriente] => 16.5
                    [potencia] => 1102.29
                    [kwh] => 0.0037
                    [limite_superado] => 0
                    [fecha] => 2025-08-22 13:10:22
                    [mac_address] => 08:D1:F9:A5:2A:14
                )

            [18] => Array
                (
                    [id] => 8795
                    [id_dispositivo] => 2
                    [id_usuario] => 1
                    [voltaje] => 83.33
                    [corriente] => 16.5
                    [potencia] => 1374.97
                    [kwh] => 0.0034
                    [limite_superado] => 0
                    [fecha] => 2025-08-22 13:10:21
                    [mac_address] => 08:D1:F9:A5:2A:14
                )

            [19] => Array
                (
                    [id] => 8794
                    [id_dispositivo] => 2
                    [id_usuario] => 1
                    [voltaje] => 84.69
                    [corriente] => 16.5
                    [potencia] => 1397.41
                    [kwh] => 0.003
                    [limite_superado] => 0
                    [fecha] => 2025-08-22 13:10:19
                    [mac_address] => 08:D1:F9:A5:2A:14
                )

            [20] => Array
                (
                    [id] => 8793
                    [id_dispositivo] => 2
                    [id_usuario] => 1
                    [voltaje] => 82.51
                    [corriente] => 16.5
                    [potencia] => 1361.42
                    [kwh] => 0.0026
                    [limite_superado] => 0
                    [fecha] => 2025-08-22 13:10:17
                    [mac_address] => 08:D1:F9:A5:2A:14
                )

            [21] => Array
                (
                    [id] => 8792
                    [id_dispositivo] => 2
                    [id_usuario] => 1
                    [voltaje] => 78.49
                    [corriente] => 16.5
                    [potencia] => 1295.03
                    [kwh] => 0.0022
                    [limite_superado] => 0
                    [fecha] => 2025-08-22 13:10:13
                    [mac_address] => 08:D1:F9:A5:2A:14
                )

            [22] => Array
                (
                    [id] => 8791
                    [id_dispositivo] => 2
                    [id_usuario] => 1
                    [voltaje] => 78.55
                    [corriente] => 16.5
                    [potencia] => 1296.02
                    [kwh] => 0.0019
                    [limite_superado] => 0
                    [fecha] => 2025-08-22 13:10:07
                    [mac_address] => 08:D1:F9:A5:2A:14
                )

            [23] => Array
                (
                    [id] => 8790
                    [id_dispositivo] => 2
                    [id_usuario] => 1
                    [voltaje] => 78.26
                    [corriente] => 16.5
                    [potencia] => 1291.3
                    [kwh] => 0.0015
                    [limite_superado] => 0
                    [fecha] => 2025-08-22 13:10:05
                    [mac_address] => 08:D1:F9:A5:2A:14
                )

            [24] => Array
                (
                    [id] => 8789
                    [id_dispositivo] => 2
                    [id_usuario] => 1
                    [voltaje] => 84.13
                    [corriente] => 16.5
                    [potencia] => 1388.15
                    [kwh] => 0.0012
                    [limite_superado] => 0
                    [fecha] => 2025-08-22 13:10:04
                    [mac_address] => 08:D1:F9:A5:2A:14
                )

            [25] => Array
                (
                    [id] => 8788
                    [id_dispositivo] => 2
                    [id_usuario] => 1
                    [voltaje] => 81.49
                    [corriente] => 16.5
                    [potencia] => 1344.66
                    [kwh] => 0.0008
                    [limite_superado] => 0
                    [fecha] => 2025-08-22 13:10:00
                    [mac_address] => 08:D1:F9:A5:2A:14
                )

            [26] => Array
                (
                    [id] => 8787
                    [id_dispositivo] => 2
                    [id_usuario] => 1
                    [voltaje] => 86.02
                    [corriente] => 16.5
                    [potencia] => 1419.3
                    [kwh] => 0.0004
                    [limite_superado] => 0
                    [fecha] => 2025-08-22 13:09:58
                    [mac_address] => 08:D1:F9:A5:2A:14
                )

            [27] => Array
                (
                    [id] => 8786
                    [id_dispositivo] => 2
                    [id_usuario] => 1
                    [voltaje] => 220
                    [corriente] => 0
                    [potencia] => 0
                    [kwh] => 0
                    [limite_superado] => 0
                    [fecha] => 2025-08-21 16:13:34
                    [mac_address] => 08:D1:F9:A5:2A:14
                )

            [28] => Array
                (
                    [id] => 8785
                    [id_dispositivo] => 2
                    [id_usuario] => 1
                    [voltaje] => 220
                    [corriente] => 0
                    [potencia] => 0
                    [kwh] => 0
                    [limite_superado] => 0
                    [fecha] => 2025-08-21 16:13:24
                    [mac_address] => 08:D1:F9:A5:2A:14
                )

            [29] => Array
                (
                    [id] => 8784
                    [id_dispositivo] => 2
                    [id_usuario] => 1
                    [voltaje] => 220
                    [corriente] => 0
                    [potencia] => 0
                    [kwh] => 0
                    [limite_superado] => 0
                    [fecha] => 2025-08-21 16:13:14
                    [mac_address] => 08:D1:F9:A5:2A:14
                )

            [30] => Array
                (
                    [id] => 8783
                    [id_dispositivo] => 2
                    [id_usuario] => 1
                    [voltaje] => 220
                    [corriente] => 0
                    [potencia] => 0
                    [kwh] => 0
                    [limite_superado] => 0
                    [fecha] => 2025-08-21 16:13:03
                    [mac_address] => 08:D1:F9:A5:2A:14
                )

        )

)

DEBUG - 2025-09-25 08:01:23 --> Ruta actual: /Tesina/public/supervisor
INFO - 2025-09-25 08:01:23 --> Session: Class initialized using 'CodeIgniter\Session\Handlers\FileHandler' driver.
DEBUG - 2025-09-25 08:01:23 --> Datos en sesión: Array
(
    [__ci_last_regenerate] => 1758797932
    [_ci_previous_url] => http://192.168.2.182/Tesina/public/consumo/ver/2
    [id_usuario] => 1
    [nombre] => brunito
    [apellido] => barber
    [email] => brunocameille@alumnos.itr3.edu.ar
    [rol] => supervisor
    [logged_in] => 1
)

DEBUG - 2025-09-25 08:01:23 --> Buscando usuario ID: 
DEBUG - 2025-09-25 08:01:23 --> Resultado de la búsqueda: Array
(
    [0] => Array
        (
            [id_usuario] => 80
            [nombre] => elvito
            [apellido] => loacs
            [email] => gordoffofo@gmail.com
            [contrasena] => $2y$10$HsEYMPrnTHX2umHxJneNl.uGyJTGG.NYVccBIsTxGFQWx1nf9AWti
            [direccion_id] => 0
            [id_rol] => 1
            [created_at] => 2025-09-16 11:39:13
            [updated_at] => 2025-09-16 11:39:13
            [invitado_por] => 
            [estado] => pendiente
            [token_activacion] => 
            [nombre_rol] => admin
        )

    [1] => Array
        (
            [id_usuario] => 79
            [nombre] => elbajo
            [apellido] => jajjajaa
            [email] => elbajo07@gmail.com
            [contrasena] => $2y$10$1twjBNNrclek2GabqPUw..loUU17B.G5uC9AMbr.KbGr5EeZtzo36
            [direccion_id] => 0
            [id_rol] => 2
            [created_at] => 2025-06-27 08:52:11
            [updated_at] => 2025-06-27 08:52:11
            [invitado_por] => 1
            [estado] => activo
            [token_activacion] => 
            [nombre_rol] => usuario
        )

    [2] => Array
        (
            [id_usuario] => 78
            [nombre] => sopa
            [apellido] => estsasa
            [email] => sopa07@gmail.com
            [contrasena] => $2y$10$/vX5TGtXK2UJfO2/C36MQeKWkUeD/IXqieHeRH3jnLK2ncBSby.Oa
            [direccion_id] => 0
            [id_rol] => 1
            [created_at] => 2025-06-27 08:44:06
            [updated_at] => 2025-06-27 08:45:04
            [invitado_por] => 
            [estado] => activo
            [token_activacion] => 
            [nombre_rol] => admin
        )

    [3] => Array
        (
            [id_usuario] => 77
            [nombre] => llaldll
            [apellido] => asa
            [email] => salamin07@gmail.com
            [contrasena] => $2y$10$sXiTysDWNRBTlLhQawOoauIec0q5HQ/fhvi39Gl4mN61AMikpib0O
            [direccion_id] => 0
            [id_rol] => 1
            [created_at] => 2025-06-27 08:11:55
            [updated_at] => 2025-06-27 08:22:20
            [invitado_por] => 
            [estado] => activo
            [token_activacion] => 
            [nombre_rol] => admin
        )

    [4] => Array
        (
            [id_usuario] => 76
            [nombre] => Manuel
            [apellido] => Urrutia
            [email] => manuelurrutia@alumnos.itr3.edu.ar
            [contrasena] => $2y$10$ljDnuClSssl0YgngR8WkcORiaEEb0P0XtPL2bGwgZ.U50symRFe7u
            [direccion_id] => 0
            [id_rol] => 1
            [created_at] => 2025-06-19 08:22:31
            [updated_at] => 2025-06-19 08:23:16
            [invitado_por] => 75
            [estado] => activo
            [token_activacion] => 
            [nombre_rol] => admin
        )

    [5] => Array
        (
            [id_usuario] => 75
            [nombre] => Aylen
            [apellido] => berthalet
            [email] => aylen@itr3.edu.ar
            [contrasena] => $2y$10$x0R3zQXWhiw14RxYSK6HyOrCl3LPpp8iYxRfKaRXiuc0MKhYahp2i
            [direccion_id] => 0
            [id_rol] => 1
            [created_at] => 2025-06-19 08:14:45
            [updated_at] => 2025-06-19 08:26:02
            [invitado_por] => 
            [estado] => activo
            [token_activacion] => 
            [nombre_rol] => admin
        )

    [6] => Array
        (
            [id_usuario] => 74
            [nombre] => estefanito
            [apellido] => nazi
            [email] => estefano09@gmail.com
            [contrasena] => $2y$10$qjP50Kn8Ogr9Q/q1Iz6cAeJiVJl9HOUd2Yw.JhYH0.tqDtSMtww2W
            [direccion_id] => 0
            [id_rol] => 1
            [created_at] => 2025-06-18 08:56:44
            [updated_at] => 2025-06-18 08:57:09
            [invitado_por] => 
            [estado] => activo
            [token_activacion] => 
            [nombre_rol] => admin
        )

    [7] => Array
        (
            [id_usuario] => 73
            [nombre] => elmedo
            [apellido] => godoy
            [email] => elmedo@gmail.com
            [contrasena] => $2y$10$hsCiQS2iZtSHE7SmAtIzluzYeA0gcpB0eEp7iw0TfVJe7dX44uebC
            [direccion_id] => 0
            [id_rol] => 1
            [created_at] => 2025-06-12 16:52:10
            [updated_at] => 2025-06-12 18:22:19
            [invitado_por] => 
            [estado] => activo
            [token_activacion] => 
            [nombre_rol] => admin
        )

    [8] => Array
        (
            [id_usuario] => 72
            [nombre] => mayitooo
            [apellido] => kaka
            [email] => mayito@gmail.com
            [contrasena] => $2y$10$rq4u2.7llV6L4nGuy0R1dOt2CRvpTD6IeLQmWoUCcm/s3OXteXYcq
            [direccion_id] => 0
            [id_rol] => 1
            [created_at] => 2025-06-11 22:41:57
            [updated_at] => 2025-06-11 22:43:36
            [invitado_por] => 
            [estado] => activo
            [token_activacion] => 
            [nombre_rol] => admin
        )

    [9] => Array
        (
            [id_usuario] => 71
            [nombre] => iancito
            [apellido] => Cameille
            [email] => iancito@gmail.com
            [contrasena] => $2y$10$KCXxE7wnCSzdBEtgShio1.LQqJPG3HfFECdNklgR5Hs0utxhIzCje
            [direccion_id] => 0
            [id_rol] => 1
            [created_at] => 2025-06-03 15:53:41
            [updated_at] => 2025-06-03 15:56:30
            [invitado_por] => 70
            [estado] => activo
            [token_activacion] => 
            [nombre_rol] => admin
        )

)

DEBUG - 2025-09-25 08:01:25 --> Ruta actual: /Tesina/public/supervisor/gestionarUsuarios
INFO - 2025-09-25 08:01:25 --> Session: Class initialized using 'CodeIgniter\Session\Handlers\FileHandler' driver.
DEBUG - 2025-09-25 08:01:25 --> Datos en sesión: Array
(
    [__ci_last_regenerate] => 1758797932
    [_ci_previous_url] => http://192.168.2.182/Tesina/public/supervisor
    [id_usuario] => 1
    [nombre] => brunito
    [apellido] => barber
    [email] => brunocameille@alumnos.itr3.edu.ar
    [rol] => supervisor
    [logged_in] => 1
)

DEBUG - 2025-09-25 08:01:29 --> Ruta actual: /Tesina/public/supervisor/dispositivosUsuarios/1
INFO - 2025-09-25 08:01:29 --> Session: Class initialized using 'CodeIgniter\Session\Handlers\FileHandler' driver.
DEBUG - 2025-09-25 08:01:29 --> Datos en sesión: Array
(
    [__ci_last_regenerate] => 1758797932
    [_ci_previous_url] => http://192.168.2.182/Tesina/public/supervisor/gestionarUsuarios
    [id_usuario] => 1
    [nombre] => brunito
    [apellido] => barber
    [email] => brunocameille@alumnos.itr3.edu.ar
    [rol] => supervisor
    [logged_in] => 1
)

DEBUG - 2025-09-25 08:01:29 --> Buscando usuario ID: 1
DEBUG - 2025-09-25 08:01:29 --> Resultado de la búsqueda: Array
(
    [id_usuario] => 1
    [nombre] => brunito
    [apellido] => barber
    [email] => brunocameille@alumnos.itr3.edu.ar
    [contrasena] => $2y$10$F4xQfULyrVhG1JD8Y21QR.vgn9Fzd257acxjmQqHQ3OYfEqBaAPb6
    [direccion_id] => 0
    [id_rol] => 3
    [created_at] => 2025-04-07 13:37:30
    [updated_at] => 2025-09-25 07:58:44
    [invitado_por] => 
    [estado] => activo
    [token_activacion] => 
)

INFO - 2025-09-25 08:01:29 --> Session: Class initialized using 'CodeIgniter\Session\Handlers\FileHandler' driver.
DEBUG - 2025-09-25 08:01:29 --> Accediendo a grafico con ID: 1
DEBUG - 2025-09-25 08:01:29 --> Número de lecturas para gráfico: 0
DEBUG - 2025-09-25 08:01:29 --> Datos del gráfico: Array
(
    [labels] => Array
        (
        )

    [consumo] => Array
        (
        )

)

INFO - 2025-09-25 08:01:29 --> Session: Class initialized using 'CodeIgniter\Session\Handlers\FileHandler' driver.
DEBUG - 2025-09-25 08:01:29 --> Accediendo a grafico con ID: 2
DEBUG - 2025-09-25 08:01:29 --> Número de lecturas para gráfico: 31
DEBUG - 2025-09-25 08:01:29 --> Datos del gráfico: Array
(
    [labels] => Array
        (
            [0] => 21/08 16:13
            [1] => 21/08 16:13
            [2] => 21/08 16:13
            [3] => 21/08 16:13
            [4] => 22/08 13:09
            [5] => 22/08 13:10
            [6] => 22/08 13:10
            [7] => 22/08 13:10
            [8] => 22/08 13:10
            [9] => 22/08 13:10
            [10] => 22/08 13:10
            [11] => 22/08 13:10
            [12] => 22/08 13:10
            [13] => 22/08 13:10
            [14] => 22/08 13:10
            [15] => 22/08 13:10
            [16] => 22/08 13:10
            [17] => 22/08 13:10
            [18] => 22/08 13:10
            [19] => 22/08 13:10
            [20] => 22/08 13:10
            [21] => 22/08 13:10
            [22] => 22/08 13:10
            [23] => 22/08 13:10
            [24] => 22/08 13:10
            [25] => 22/08 13:10
            [26] => 22/08 13:10
            [27] => 22/08 13:10
            [28] => 22/08 13:10
            [29] => 22/08 13:11
            [30] => 22/08 13:11
        )

    [consumo] => Array
        (
            [0] => 0
            [1] => 0
            [2] => 0
            [3] => 0
            [4] => 0.0004
            [5] => 0.0008
            [6] => 0.0012
            [7] => 0.0015
            [8] => 0.0019
            [9] => 0.0022
            [10] => 0.0026
            [11] => 0.003
            [12] => 0.0034
            [13] => 0.0037
            [14] => 0.0041
            [15] => 0.0044
            [16] => 0.0048
            [17] => 0.0052
            [18] => 0.0055
            [19] => 0.006
            [20] => 0.0064
            [21] => 0.0069
            [22] => 0.0074
            [23] => 0.0079
            [24] => 0.0083
            [25] => 0.0088
            [26] => 0.0093
            [27] => 0.0097
            [28] => 0.0098
            [29] => 0.0099
            [30] => 0.01
        )

)

INFO - 2025-09-25 08:01:29 --> Session: Class initialized using 'CodeIgniter\Session\Handlers\FileHandler' driver.
DEBUG - 2025-09-25 08:01:30 --> Accediendo a grafico con ID: 2
DEBUG - 2025-09-25 08:01:30 --> Número de lecturas para gráfico: 31
DEBUG - 2025-09-25 08:01:30 --> Datos del gráfico: Array
(
    [labels] => Array
        (
            [0] => 21/08 16:13
            [1] => 21/08 16:13
            [2] => 21/08 16:13
            [3] => 21/08 16:13
            [4] => 22/08 13:09
            [5] => 22/08 13:10
            [6] => 22/08 13:10
            [7] => 22/08 13:10
            [8] => 22/08 13:10
            [9] => 22/08 13:10
            [10] => 22/08 13:10
            [11] => 22/08 13:10
            [12] => 22/08 13:10
            [13] => 22/08 13:10
            [14] => 22/08 13:10
            [15] => 22/08 13:10
            [16] => 22/08 13:10
            [17] => 22/08 13:10
            [18] => 22/08 13:10
            [19] => 22/08 13:10
            [20] => 22/08 13:10
            [21] => 22/08 13:10
            [22] => 22/08 13:10
            [23] => 22/08 13:10
            [24] => 22/08 13:10
            [25] => 22/08 13:10
            [26] => 22/08 13:10
            [27] => 22/08 13:10
            [28] => 22/08 13:10
            [29] => 22/08 13:11
            [30] => 22/08 13:11
        )

    [consumo] => Array
        (
            [0] => 0
            [1] => 0
            [2] => 0
            [3] => 0
            [4] => 0.0004
            [5] => 0.0008
            [6] => 0.0012
            [7] => 0.0015
            [8] => 0.0019
            [9] => 0.0022
            [10] => 0.0026
            [11] => 0.003
            [12] => 0.0034
            [13] => 0.0037
            [14] => 0.0041
            [15] => 0.0044
            [16] => 0.0048
            [17] => 0.0052
            [18] => 0.0055
            [19] => 0.006
            [20] => 0.0064
            [21] => 0.0069
            [22] => 0.0074
            [23] => 0.0079
            [24] => 0.0083
            [25] => 0.0088
            [26] => 0.0093
            [27] => 0.0097
            [28] => 0.0098
            [29] => 0.0099
            [30] => 0.01
        )

)

INFO - 2025-09-25 08:01:33 --> Session: Class initialized using 'CodeIgniter\Session\Handlers\FileHandler' driver.
DEBUG - 2025-09-25 08:01:33 --> Accediendo a verDatos con ID: 2
DEBUG - 2025-09-25 08:01:33 --> Datos del dispositivo: Array
(
    [id_dispositivo] => 2
    [nombre] => ECOVOLT HOYY 11/4
    [id_usuario] => 1
    [mac_address] => 08:D1:F9:A5:2A:14
    [ip_address] => 
    [ultima_conexion] => 
    [estado] => activo
    [created_at] => 2025-04-11 10:03:27
    [stock] => 0
    [precio] => 0
    [descripcion] => adasdada
    [fecha_actualizacion] => 2025-09-23 11:54:53
    [updated_at] => 2025-09-23 11:54:53
    [codigo_activacion] => 
    [fecha_activacion] => 
)

DEBUG - 2025-09-25 08:01:33 --> Número de lecturas encontradas: 31
DEBUG - 2025-09-25 08:01:33 --> Primera lectura: Array
(
    [id] => 8813
    [id_dispositivo] => 2
    [id_usuario] => 1
    [voltaje] => 118.75
    [corriente] => 3.0956
    [potencia] => 367.6
    [kwh] => 0.01
    [limite_superado] => 0
    [fecha] => 2025-08-22 13:11:02
    [mac_address] => 08:D1:F9:A5:2A:14
)

DEBUG - 2025-09-25 08:01:33 --> Datos enviados a la vista: Array
(
    [dispositivo] => Array
        (
            [id_dispositivo] => 2
            [nombre] => ECOVOLT HOYY 11/4
            [id_usuario] => 1
            [mac_address] => 08:D1:F9:A5:2A:14
            [ip_address] => 
            [ultima_conexion] => 
            [estado] => activo
            [created_at] => 2025-04-11 10:03:27
            [stock] => 0
            [precio] => 0
            [descripcion] => adasdada
            [fecha_actualizacion] => 2025-09-23 11:54:53
            [updated_at] => 2025-09-23 11:54:53
            [codigo_activacion] => 
            [fecha_activacion] => 
        )

    [lecturas] => Array
        (
            [0] => Array
                (
                    [id] => 8813
                    [id_dispositivo] => 2
                    [id_usuario] => 1
                    [voltaje] => 118.75
                    [corriente] => 3.0956
                    [potencia] => 367.6
                    [kwh] => 0.01
                    [limite_superado] => 0
                    [fecha] => 2025-08-22 13:11:02
                    [mac_address] => 08:D1:F9:A5:2A:14
                )

            [1] => Array
                (
                    [id] => 8812
                    [id_dispositivo] => 2
                    [id_usuario] => 1
                    [voltaje] => 118.94
                    [corriente] => 3.0923
                    [potencia] => 367.82
                    [kwh] => 0.0099
                    [limite_superado] => 0
                    [fecha] => 2025-08-22 13:11:00
                    [mac_address] => 08:D1:F9:A5:2A:14
                )

            [2] => Array
                (
                    [id] => 8811
                    [id_dispositivo] => 2
                    [id_usuario] => 1
                    [voltaje] => 108.46
                    [corriente] => 2.432
                    [potencia] => 263.77
                    [kwh] => 0.0098
                    [limite_superado] => 0
                    [fecha] => 2025-08-22 13:10:58
                    [mac_address] => 08:D1:F9:A5:2A:14
                )

            [3] => Array
                (
                    [id] => 8810
                    [id_dispositivo] => 2
                    [id_usuario] => 1
                    [voltaje] => 105.7
                    [corriente] => 16.5
                    [potencia] => 1744.06
                    [kwh] => 0.0097
                    [limite_superado] => 0
                    [fecha] => 2025-08-22 13:10:54
                    [mac_address] => 08:D1:F9:A5:2A:14
                )

            [4] => Array
                (
                    [id] => 8809
                    [id_dispositivo] => 2
                    [id_usuario] => 1
                    [voltaje] => 105.32
                    [corriente] => 16.5
                    [potencia] => 1737.82
                    [kwh] => 0.0093
                    [limite_superado] => 0
                    [fecha] => 2025-08-22 13:10:52
                    [mac_address] => 08:D1:F9:A5:2A:14
                )

            [5] => Array
                (
                    [id] => 8808
                    [id_dispositivo] => 2
                    [id_usuario] => 1
                    [voltaje] => 97.92
                    [corriente] => 16.5
                    [potencia] => 1615.68
                    [kwh] => 0.0088
                    [limite_superado] => 0
                    [fecha] => 2025-08-22 13:10:51
                    [mac_address] => 08:D1:F9:A5:2A:14
                )

            [6] => Array
                (
                    [id] => 8807
                    [id_dispositivo] => 2
                    [id_usuario] => 1
                    [voltaje] => 86.57
                    [corriente] => 16.5
                    [potencia] => 1428.4
                    [kwh] => 0.0083
                    [limite_superado] => 0
                    [fecha] => 2025-08-22 13:10:47
                    [mac_address] => 08:D1:F9:A5:2A:14
                )

            [7] => Array
                (
                    [id] => 8806
                    [id_dispositivo] => 2
                    [id_usuario] => 1
                    [voltaje] => 115.21
                    [corriente] => 16.5
                    [potencia] => 1900.97
                    [kwh] => 0.0079
                    [limite_superado] => 0
                    [fecha] => 2025-08-22 13:10:43
                    [mac_address] => 08:D1:F9:A5:2A:14
                )

            [8] => Array
                (
                    [id] => 8805
                    [id_dispositivo] => 2
                    [id_usuario] => 1
                    [voltaje] => 110.65
                    [corriente] => 16.5
                    [potencia] => 1825.67
                    [kwh] => 0.0074
                    [limite_superado] => 0
                    [fecha] => 2025-08-22 13:10:36
                    [mac_address] => 08:D1:F9:A5:2A:14
                )

            [9] => Array
                (
                    [id] => 8804
                    [id_dispositivo] => 2
                    [id_usuario] => 1
                    [voltaje] => 113.03
                    [corriente] => 16.5
                    [potencia] => 1865.02
                    [kwh] => 0.0069
                    [limite_superado] => 0
                    [fecha] => 2025-08-22 13:10:34
                    [mac_address] => 08:D1:F9:A5:2A:14
                )

            [10] => Array
                (
                    [id] => 8803
                    [id_dispositivo] => 2
                    [id_usuario] => 1
                    [voltaje] => 85.81
                    [corriente] => 16.5
                    [potencia] => 1415.82
                    [kwh] => 0.0064
                    [limite_superado] => 0
                    [fecha] => 2025-08-22 13:10:33
                    [mac_address] => 08:D1:F9:A5:2A:14
                )

            [11] => Array
                (
                    [id] => 8802
                    [id_dispositivo] => 2
                    [id_usuario] => 1
                    [voltaje] => 99.91
                    [corriente] => 16.5
                    [potencia] => 1648.56
                    [kwh] => 0.006
                    [limite_superado] => 0
                    [fecha] => 2025-08-22 13:10:31
                    [mac_address] => 08:D1:F9:A5:2A:14
                )

            [12] => Array
                (
                    [id] => 8801
                    [id_dispositivo] => 2
                    [id_usuario] => 1
                    [voltaje] => 81.01
                    [corriente] => 16.5
                    [potencia] => 1336.63
                    [kwh] => 0.0055
                    [limite_superado] => 0
                    [fecha] => 2025-08-22 13:10:30
                    [mac_address] => 08:D1:F9:A5:2A:14
                )

            [13] => Array
                (
                    [id] => 8800
                    [id_dispositivo] => 2
                    [id_usuario] => 1
                    [voltaje] => 79.58
                    [corriente] => 16.5
                    [potencia] => 1313.09
                    [kwh] => 0.0052
                    [limite_superado] => 0
                    [fecha] => 2025-08-22 13:10:28
                    [mac_address] => 08:D1:F9:A5:2A:14
                )

            [14] => Array
                (
                    [id] => 8799
                    [id_dispositivo] => 2
                    [id_usuario] => 1
                    [voltaje] => 80.12
                    [corriente] => 16.5
                    [potencia] => 1321.94
                    [kwh] => 0.0048
                    [limite_superado] => 0
                    [fecha] => 2025-08-22 13:10:27
                    [mac_address] => 08:D1:F9:A5:2A:14
                )

            [15] => Array
                (
                    [id] => 8798
                    [id_dispositivo] => 2
                    [id_usuario] => 1
                    [voltaje] => 78.4
                    [corriente] => 16.5
                    [potencia] => 1293.59
                    [kwh] => 0.0044
                    [limite_superado] => 0
                    [fecha] => 2025-08-22 13:10:25
                    [mac_address] => 08:D1:F9:A5:2A:14
                )

            [16] => Array
                (
                    [id] => 8797
                    [id_dispositivo] => 2
                    [id_usuario] => 1
                    [voltaje] => 81.92
                    [corriente] => 16.5
                    [potencia] => 1351.67
                    [kwh] => 0.0041
                    [limite_superado] => 0
                    [fecha] => 2025-08-22 13:10:24
                    [mac_address] => 08:D1:F9:A5:2A:14
                )

            [17] => Array
                (
                    [id] => 8796
                    [id_dispositivo] => 2
                    [id_usuario] => 1
                    [voltaje] => 66.81
                    [corriente] => 16.5
                    [potencia] => 1102.29
                    [kwh] => 0.0037
                    [limite_superado] => 0
                    [fecha] => 2025-08-22 13:10:22
                    [mac_address] => 08:D1:F9:A5:2A:14
                )

            [18] => Array
                (
                    [id] => 8795
                    [id_dispositivo] => 2
                    [id_usuario] => 1
                    [voltaje] => 83.33
                    [corriente] => 16.5
                    [potencia] => 1374.97
                    [kwh] => 0.0034
                    [limite_superado] => 0
                    [fecha] => 2025-08-22 13:10:21
                    [mac_address] => 08:D1:F9:A5:2A:14
                )

            [19] => Array
                (
                    [id] => 8794
                    [id_dispositivo] => 2
                    [id_usuario] => 1
                    [voltaje] => 84.69
                    [corriente] => 16.5
                    [potencia] => 1397.41
                    [kwh] => 0.003
                    [limite_superado] => 0
                    [fecha] => 2025-08-22 13:10:19
                    [mac_address] => 08:D1:F9:A5:2A:14
                )

            [20] => Array
                (
                    [id] => 8793
                    [id_dispositivo] => 2
                    [id_usuario] => 1
                    [voltaje] => 82.51
                    [corriente] => 16.5
                    [potencia] => 1361.42
                    [kwh] => 0.0026
                    [limite_superado] => 0
                    [fecha] => 2025-08-22 13:10:17
                    [mac_address] => 08:D1:F9:A5:2A:14
                )

            [21] => Array
                (
                    [id] => 8792
                    [id_dispositivo] => 2
                    [id_usuario] => 1
                    [voltaje] => 78.49
                    [corriente] => 16.5
                    [potencia] => 1295.03
                    [kwh] => 0.0022
                    [limite_superado] => 0
                    [fecha] => 2025-08-22 13:10:13
                    [mac_address] => 08:D1:F9:A5:2A:14
                )

            [22] => Array
                (
                    [id] => 8791
                    [id_dispositivo] => 2
                    [id_usuario] => 1
                    [voltaje] => 78.55
                    [corriente] => 16.5
                    [potencia] => 1296.02
                    [kwh] => 0.0019
                    [limite_superado] => 0
                    [fecha] => 2025-08-22 13:10:07
                    [mac_address] => 08:D1:F9:A5:2A:14
                )

            [23] => Array
                (
                    [id] => 8790
                    [id_dispositivo] => 2
                    [id_usuario] => 1
                    [voltaje] => 78.26
                    [corriente] => 16.5
                    [potencia] => 1291.3
                    [kwh] => 0.0015
                    [limite_superado] => 0
                    [fecha] => 2025-08-22 13:10:05
                    [mac_address] => 08:D1:F9:A5:2A:14
                )

            [24] => Array
                (
                    [id] => 8789
                    [id_dispositivo] => 2
                    [id_usuario] => 1
                    [voltaje] => 84.13
                    [corriente] => 16.5
                    [potencia] => 1388.15
                    [kwh] => 0.0012
                    [limite_superado] => 0
                    [fecha] => 2025-08-22 13:10:04
                    [mac_address] => 08:D1:F9:A5:2A:14
                )

            [25] => Array
                (
                    [id] => 8788
                    [id_dispositivo] => 2
                    [id_usuario] => 1
                    [voltaje] => 81.49
                    [corriente] => 16.5
                    [potencia] => 1344.66
                    [kwh] => 0.0008
                    [limite_superado] => 0
                    [fecha] => 2025-08-22 13:10:00
                    [mac_address] => 08:D1:F9:A5:2A:14
                )

            [26] => Array
                (
                    [id] => 8787
                    [id_dispositivo] => 2
                    [id_usuario] => 1
                    [voltaje] => 86.02
                    [corriente] => 16.5
                    [potencia] => 1419.3
                    [kwh] => 0.0004
                    [limite_superado] => 0
                    [fecha] => 2025-08-22 13:09:58
                    [mac_address] => 08:D1:F9:A5:2A:14
                )

            [27] => Array
                (
                    [id] => 8786
                    [id_dispositivo] => 2
                    [id_usuario] => 1
                    [voltaje] => 220
                    [corriente] => 0
                    [potencia] => 0
                    [kwh] => 0
                    [limite_superado] => 0
                    [fecha] => 2025-08-21 16:13:34
                    [mac_address] => 08:D1:F9:A5:2A:14
                )

            [28] => Array
                (
                    [id] => 8785
                    [id_dispositivo] => 2
                    [id_usuario] => 1
                    [voltaje] => 220
                    [corriente] => 0
                    [potencia] => 0
                    [kwh] => 0
                    [limite_superado] => 0
                    [fecha] => 2025-08-21 16:13:24
                    [mac_address] => 08:D1:F9:A5:2A:14
                )

            [29] => Array
                (
                    [id] => 8784
                    [id_dispositivo] => 2
                    [id_usuario] => 1
                    [voltaje] => 220
                    [corriente] => 0
                    [potencia] => 0
                    [kwh] => 0
                    [limite_superado] => 0
                    [fecha] => 2025-08-21 16:13:14
                    [mac_address] => 08:D1:F9:A5:2A:14
                )

            [30] => Array
                (
                    [id] => 8783
                    [id_dispositivo] => 2
                    [id_usuario] => 1
                    [voltaje] => 220
                    [corriente] => 0
                    [potencia] => 0
                    [kwh] => 0
                    [limite_superado] => 0
                    [fecha] => 2025-08-21 16:13:03
                    [mac_address] => 08:D1:F9:A5:2A:14
                )

        )

)

DEBUG - 2025-09-25 08:01:35 --> Ruta actual: /Tesina/public/admin/dispositivos
INFO - 2025-09-25 08:01:35 --> Session: Class initialized using 'CodeIgniter\Session\Handlers\FileHandler' driver.
DEBUG - 2025-09-25 08:01:35 --> Datos en sesión: Array
(
    [__ci_last_regenerate] => 1758797932
    [_ci_previous_url] => http://192.168.2.182/Tesina/public/consumo/ver/2
    [id_usuario] => 1
    [nombre] => brunito
    [apellido] => barber
    [email] => brunocameille@alumnos.itr3.edu.ar
    [rol] => supervisor
    [logged_in] => 1
)

DEBUG - 2025-09-25 08:01:35 --> Buscando usuario ID: 1
DEBUG - 2025-09-25 08:01:35 --> Resultado de la búsqueda: Array
(
    [id_usuario] => 1
    [nombre] => brunito
    [apellido] => barber
    [email] => brunocameille@alumnos.itr3.edu.ar
    [contrasena] => $2y$10$F4xQfULyrVhG1JD8Y21QR.vgn9Fzd257acxjmQqHQ3OYfEqBaAPb6
    [direccion_id] => 0
    [id_rol] => 3
    [created_at] => 2025-04-07 13:37:30
    [updated_at] => 2025-09-25 07:58:44
    [invitado_por] => 
    [estado] => activo
    [token_activacion] => 
)

DEBUG - 2025-09-25 08:01:38 --> Ruta actual: /Tesina/public/supervisor/gestionarUsuarios
INFO - 2025-09-25 08:01:38 --> Session: Class initialized using 'CodeIgniter\Session\Handlers\FileHandler' driver.
DEBUG - 2025-09-25 08:01:38 --> Datos en sesión: Array
(
    [__ci_last_regenerate] => 1758797932
    [_ci_previous_url] => http://192.168.2.182/Tesina/public/admin/dispositivos
    [id_usuario] => 1
    [nombre] => brunito
    [apellido] => barber
    [email] => brunocameille@alumnos.itr3.edu.ar
    [rol] => supervisor
    [logged_in] => 1
)

DEBUG - 2025-09-25 08:02:35 --> Ruta actual: /Tesina/public/supervisor/dispositivosUsuarios/13
INFO - 2025-09-25 08:02:35 --> Session: Class initialized using 'CodeIgniter\Session\Handlers\FileHandler' driver.
DEBUG - 2025-09-25 08:02:35 --> Datos en sesión: Array
(
    [__ci_last_regenerate] => 1758797932
    [_ci_previous_url] => http://192.168.2.182/Tesina/public/supervisor/gestionarUsuarios
    [id_usuario] => 1
    [nombre] => brunito
    [apellido] => barber
    [email] => brunocameille@alumnos.itr3.edu.ar
    [rol] => supervisor
    [logged_in] => 1
)

DEBUG - 2025-09-25 08:02:35 --> Buscando usuario ID: 13
DEBUG - 2025-09-25 08:02:35 --> Resultado de la búsqueda: Array
(
    [id_usuario] => 13
    [nombre] => dario
    [apellido] => BERAGALIA
    [email] => dariobergagna@gmail.com
    [contrasena] => $2y$10$Xdki8XC1qjdrXhXX/Yd48uQdtBiwiLMeTo5HvQMDxXj7KiR2shDoC
    [direccion_id] => 0
    [id_rol] => 1
    [created_at] => 2025-04-07 13:37:30
    [updated_at] => 2025-05-07 11:08:09
    [invitado_por] => 
    [estado] => pendiente
    [token_activacion] => 
)

DEBUG - 2025-09-25 08:02:36 --> Ruta actual: /Tesina/public/supervisor/gestionarUsuarios
INFO - 2025-09-25 08:02:36 --> Session: Class initialized using 'CodeIgniter\Session\Handlers\FileHandler' driver.
DEBUG - 2025-09-25 08:02:36 --> Datos en sesión: Array
(
    [__ci_last_regenerate] => 1758797932
    [_ci_previous_url] => http://192.168.2.182/Tesina/public/supervisor/dispositivosUsuarios/13
    [id_usuario] => 1
    [nombre] => brunito
    [apellido] => barber
    [email] => brunocameille@alumnos.itr3.edu.ar
    [rol] => supervisor
    [logged_in] => 1
)

DEBUG - 2025-09-25 08:02:39 --> Ruta actual: /Tesina/public/supervisor/dispositivosUsuarios/44
INFO - 2025-09-25 08:02:39 --> Session: Class initialized using 'CodeIgniter\Session\Handlers\FileHandler' driver.
DEBUG - 2025-09-25 08:02:39 --> Datos en sesión: Array
(
    [__ci_last_regenerate] => 1758797932
    [_ci_previous_url] => http://192.168.2.182/Tesina/public/supervisor/gestionarUsuarios
    [id_usuario] => 1
    [nombre] => brunito
    [apellido] => barber
    [email] => brunocameille@alumnos.itr3.edu.ar
    [rol] => supervisor
    [logged_in] => 1
)

DEBUG - 2025-09-25 08:02:39 --> Buscando usuario ID: 44
DEBUG - 2025-09-25 08:02:39 --> Resultado de la búsqueda: Array
(
    [id_usuario] => 44
    [nombre] => liliana
    [apellido] => elias
    [email] => liliana@gmail.com
    [contrasena] => $2y$10$KBzqqcpvLXAJswxT0IJhIOOz1Zf4MyokD66VT999Mrngu2TNCnTgO
    [direccion_id] => 0
    [id_rol] => 1
    [created_at] => 2025-05-08 14:15:40
    [updated_at] => 2025-05-08 14:15:40
    [invitado_por] => 
    [estado] => pendiente
    [token_activacion] => 
)

DEBUG - 2025-09-25 08:02:40 --> Ruta actual: /Tesina/public/supervisor/gestionarUsuarios
INFO - 2025-09-25 08:02:40 --> Session: Class initialized using 'CodeIgniter\Session\Handlers\FileHandler' driver.
DEBUG - 2025-09-25 08:02:40 --> Datos en sesión: Array
(
    [__ci_last_regenerate] => 1758797932
    [_ci_previous_url] => http://192.168.2.182/Tesina/public/supervisor/dispositivosUsuarios/44
    [id_usuario] => 1
    [nombre] => brunito
    [apellido] => barber
    [email] => brunocameille@alumnos.itr3.edu.ar
    [rol] => supervisor
    [logged_in] => 1
)

DEBUG - 2025-09-25 08:02:44 --> Ruta actual: /Tesina/public/supervisor/dispositivosUsuarios/1
INFO - 2025-09-25 08:02:44 --> Session: Class initialized using 'CodeIgniter\Session\Handlers\FileHandler' driver.
DEBUG - 2025-09-25 08:02:44 --> Datos en sesión: Array
(
    [__ci_last_regenerate] => 1758797932
    [_ci_previous_url] => http://192.168.2.182/Tesina/public/supervisor/gestionarUsuarios
    [id_usuario] => 1
    [nombre] => brunito
    [apellido] => barber
    [email] => brunocameille@alumnos.itr3.edu.ar
    [rol] => supervisor
    [logged_in] => 1
)

DEBUG - 2025-09-25 08:02:44 --> Buscando usuario ID: 1
DEBUG - 2025-09-25 08:02:44 --> Resultado de la búsqueda: Array
(
    [id_usuario] => 1
    [nombre] => brunito
    [apellido] => barber
    [email] => brunocameille@alumnos.itr3.edu.ar
    [contrasena] => $2y$10$F4xQfULyrVhG1JD8Y21QR.vgn9Fzd257acxjmQqHQ3OYfEqBaAPb6
    [direccion_id] => 0
    [id_rol] => 3
    [created_at] => 2025-04-07 13:37:30
    [updated_at] => 2025-09-25 07:58:44
    [invitado_por] => 
    [estado] => activo
    [token_activacion] => 
)

INFO - 2025-09-25 08:02:44 --> Session: Class initialized using 'CodeIgniter\Session\Handlers\FileHandler' driver.
DEBUG - 2025-09-25 08:02:44 --> Accediendo a grafico con ID: 2
DEBUG - 2025-09-25 08:02:44 --> Número de lecturas para gráfico: 31
DEBUG - 2025-09-25 08:02:44 --> Datos del gráfico: Array
(
    [labels] => Array
        (
            [0] => 21/08 16:13
            [1] => 21/08 16:13
            [2] => 21/08 16:13
            [3] => 21/08 16:13
            [4] => 22/08 13:09
            [5] => 22/08 13:10
            [6] => 22/08 13:10
            [7] => 22/08 13:10
            [8] => 22/08 13:10
            [9] => 22/08 13:10
            [10] => 22/08 13:10
            [11] => 22/08 13:10
            [12] => 22/08 13:10
            [13] => 22/08 13:10
            [14] => 22/08 13:10
            [15] => 22/08 13:10
            [16] => 22/08 13:10
            [17] => 22/08 13:10
            [18] => 22/08 13:10
            [19] => 22/08 13:10
            [20] => 22/08 13:10
            [21] => 22/08 13:10
            [22] => 22/08 13:10
            [23] => 22/08 13:10
            [24] => 22/08 13:10
            [25] => 22/08 13:10
            [26] => 22/08 13:10
            [27] => 22/08 13:10
            [28] => 22/08 13:10
            [29] => 22/08 13:11
            [30] => 22/08 13:11
        )

    [consumo] => Array
        (
            [0] => 0
            [1] => 0
            [2] => 0
            [3] => 0
            [4] => 0.0004
            [5] => 0.0008
            [6] => 0.0012
            [7] => 0.0015
            [8] => 0.0019
            [9] => 0.0022
            [10] => 0.0026
            [11] => 0.003
            [12] => 0.0034
            [13] => 0.0037
            [14] => 0.0041
            [15] => 0.0044
            [16] => 0.0048
            [17] => 0.0052
            [18] => 0.0055
            [19] => 0.006
            [20] => 0.0064
            [21] => 0.0069
            [22] => 0.0074
            [23] => 0.0079
            [24] => 0.0083
            [25] => 0.0088
            [26] => 0.0093
            [27] => 0.0097
            [28] => 0.0098
            [29] => 0.0099
            [30] => 0.01
        )

)

INFO - 2025-09-25 08:02:44 --> Session: Class initialized using 'CodeIgniter\Session\Handlers\FileHandler' driver.
DEBUG - 2025-09-25 08:02:44 --> Accediendo a grafico con ID: 1
DEBUG - 2025-09-25 08:02:44 --> Número de lecturas para gráfico: 0
DEBUG - 2025-09-25 08:02:44 --> Datos del gráfico: Array
(
    [labels] => Array
        (
        )

    [consumo] => Array
        (
        )

)

INFO - 2025-09-25 08:02:44 --> Session: Class initialized using 'CodeIgniter\Session\Handlers\FileHandler' driver.
DEBUG - 2025-09-25 08:02:44 --> Accediendo a grafico con ID: 2
DEBUG - 2025-09-25 08:02:44 --> Número de lecturas para gráfico: 31
DEBUG - 2025-09-25 08:02:44 --> Datos del gráfico: Array
(
    [labels] => Array
        (
            [0] => 21/08 16:13
            [1] => 21/08 16:13
            [2] => 21/08 16:13
            [3] => 21/08 16:13
            [4] => 22/08 13:09
            [5] => 22/08 13:10
            [6] => 22/08 13:10
            [7] => 22/08 13:10
            [8] => 22/08 13:10
            [9] => 22/08 13:10
            [10] => 22/08 13:10
            [11] => 22/08 13:10
            [12] => 22/08 13:10
            [13] => 22/08 13:10
            [14] => 22/08 13:10
            [15] => 22/08 13:10
            [16] => 22/08 13:10
            [17] => 22/08 13:10
            [18] => 22/08 13:10
            [19] => 22/08 13:10
            [20] => 22/08 13:10
            [21] => 22/08 13:10
            [22] => 22/08 13:10
            [23] => 22/08 13:10
            [24] => 22/08 13:10
            [25] => 22/08 13:10
            [26] => 22/08 13:10
            [27] => 22/08 13:10
            [28] => 22/08 13:10
            [29] => 22/08 13:11
            [30] => 22/08 13:11
        )

    [consumo] => Array
        (
            [0] => 0
            [1] => 0
            [2] => 0
            [3] => 0
            [4] => 0.0004
            [5] => 0.0008
            [6] => 0.0012
            [7] => 0.0015
            [8] => 0.0019
            [9] => 0.0022
            [10] => 0.0026
            [11] => 0.003
            [12] => 0.0034
            [13] => 0.0037
            [14] => 0.0041
            [15] => 0.0044
            [16] => 0.0048
            [17] => 0.0052
            [18] => 0.0055
            [19] => 0.006
            [20] => 0.0064
            [21] => 0.0069
            [22] => 0.0074
            [23] => 0.0079
            [24] => 0.0083
            [25] => 0.0088
            [26] => 0.0093
            [27] => 0.0097
            [28] => 0.0098
            [29] => 0.0099
            [30] => 0.01
        )

)

INFO - 2025-09-25 08:03:04 --> Session: Class initialized using 'CodeIgniter\Session\Handlers\FileHandler' driver.
DEBUG - 2025-09-25 08:03:04 --> Accediendo a verDatos con ID: 2
DEBUG - 2025-09-25 08:03:04 --> Datos del dispositivo: Array
(
    [id_dispositivo] => 2
    [nombre] => ECOVOLT HOYY 11/4
    [id_usuario] => 1
    [mac_address] => 08:D1:F9:A5:2A:14
    [ip_address] => 
    [ultima_conexion] => 
    [estado] => activo
    [created_at] => 2025-04-11 10:03:27
    [stock] => 0
    [precio] => 0
    [descripcion] => adasdada
    [fecha_actualizacion] => 2025-09-23 11:54:53
    [updated_at] => 2025-09-23 11:54:53
    [codigo_activacion] => 
    [fecha_activacion] => 
)

DEBUG - 2025-09-25 08:03:04 --> Número de lecturas encontradas: 31
DEBUG - 2025-09-25 08:03:04 --> Primera lectura: Array
(
    [id] => 8813
    [id_dispositivo] => 2
    [id_usuario] => 1
    [voltaje] => 118.75
    [corriente] => 3.0956
    [potencia] => 367.6
    [kwh] => 0.01
    [limite_superado] => 0
    [fecha] => 2025-08-22 13:11:02
    [mac_address] => 08:D1:F9:A5:2A:14
)

DEBUG - 2025-09-25 08:03:04 --> Datos enviados a la vista: Array
(
    [dispositivo] => Array
        (
            [id_dispositivo] => 2
            [nombre] => ECOVOLT HOYY 11/4
            [id_usuario] => 1
            [mac_address] => 08:D1:F9:A5:2A:14
            [ip_address] => 
            [ultima_conexion] => 
            [estado] => activo
            [created_at] => 2025-04-11 10:03:27
            [stock] => 0
            [precio] => 0
            [descripcion] => adasdada
            [fecha_actualizacion] => 2025-09-23 11:54:53
            [updated_at] => 2025-09-23 11:54:53
            [codigo_activacion] => 
            [fecha_activacion] => 
        )

    [lecturas] => Array
        (
            [0] => Array
                (
                    [id] => 8813
                    [id_dispositivo] => 2
                    [id_usuario] => 1
                    [voltaje] => 118.75
                    [corriente] => 3.0956
                    [potencia] => 367.6
                    [kwh] => 0.01
                    [limite_superado] => 0
                    [fecha] => 2025-08-22 13:11:02
                    [mac_address] => 08:D1:F9:A5:2A:14
                )

            [1] => Array
                (
                    [id] => 8812
                    [id_dispositivo] => 2
                    [id_usuario] => 1
                    [voltaje] => 118.94
                    [corriente] => 3.0923
                    [potencia] => 367.82
                    [kwh] => 0.0099
                    [limite_superado] => 0
                    [fecha] => 2025-08-22 13:11:00
                    [mac_address] => 08:D1:F9:A5:2A:14
                )

            [2] => Array
                (
                    [id] => 8811
                    [id_dispositivo] => 2
                    [id_usuario] => 1
                    [voltaje] => 108.46
                    [corriente] => 2.432
                    [potencia] => 263.77
                    [kwh] => 0.0098
                    [limite_superado] => 0
                    [fecha] => 2025-08-22 13:10:58
                    [mac_address] => 08:D1:F9:A5:2A:14
                )

            [3] => Array
                (
                    [id] => 8810
                    [id_dispositivo] => 2
                    [id_usuario] => 1
                    [voltaje] => 105.7
                    [corriente] => 16.5
                    [potencia] => 1744.06
                    [kwh] => 0.0097
                    [limite_superado] => 0
                    [fecha] => 2025-08-22 13:10:54
                    [mac_address] => 08:D1:F9:A5:2A:14
                )

            [4] => Array
                (
                    [id] => 8809
                    [id_dispositivo] => 2
                    [id_usuario] => 1
                    [voltaje] => 105.32
                    [corriente] => 16.5
                    [potencia] => 1737.82
                    [kwh] => 0.0093
                    [limite_superado] => 0
                    [fecha] => 2025-08-22 13:10:52
                    [mac_address] => 08:D1:F9:A5:2A:14
                )

            [5] => Array
                (
                    [id] => 8808
                    [id_dispositivo] => 2
                    [id_usuario] => 1
                    [voltaje] => 97.92
                    [corriente] => 16.5
                    [potencia] => 1615.68
                    [kwh] => 0.0088
                    [limite_superado] => 0
                    [fecha] => 2025-08-22 13:10:51
                    [mac_address] => 08:D1:F9:A5:2A:14
                )

            [6] => Array
                (
                    [id] => 8807
                    [id_dispositivo] => 2
                    [id_usuario] => 1
                    [voltaje] => 86.57
                    [corriente] => 16.5
                    [potencia] => 1428.4
                    [kwh] => 0.0083
                    [limite_superado] => 0
                    [fecha] => 2025-08-22 13:10:47
                    [mac_address] => 08:D1:F9:A5:2A:14
                )

            [7] => Array
                (
                    [id] => 8806
                    [id_dispositivo] => 2
                    [id_usuario] => 1
                    [voltaje] => 115.21
                    [corriente] => 16.5
                    [potencia] => 1900.97
                    [kwh] => 0.0079
                    [limite_superado] => 0
                    [fecha] => 2025-08-22 13:10:43
                    [mac_address] => 08:D1:F9:A5:2A:14
                )

            [8] => Array
                (
                    [id] => 8805
                    [id_dispositivo] => 2
                    [id_usuario] => 1
                    [voltaje] => 110.65
                    [corriente] => 16.5
                    [potencia] => 1825.67
                    [kwh] => 0.0074
                    [limite_superado] => 0
                    [fecha] => 2025-08-22 13:10:36
                    [mac_address] => 08:D1:F9:A5:2A:14
                )

            [9] => Array
                (
                    [id] => 8804
                    [id_dispositivo] => 2
                    [id_usuario] => 1
                    [voltaje] => 113.03
                    [corriente] => 16.5
                    [potencia] => 1865.02
                    [kwh] => 0.0069
                    [limite_superado] => 0
                    [fecha] => 2025-08-22 13:10:34
                    [mac_address] => 08:D1:F9:A5:2A:14
                )

            [10] => Array
                (
                    [id] => 8803
                    [id_dispositivo] => 2
                    [id_usuario] => 1
                    [voltaje] => 85.81
                    [corriente] => 16.5
                    [potencia] => 1415.82
                    [kwh] => 0.0064
                    [limite_superado] => 0
                    [fecha] => 2025-08-22 13:10:33
                    [mac_address] => 08:D1:F9:A5:2A:14
                )

            [11] => Array
                (
                    [id] => 8802
                    [id_dispositivo] => 2
                    [id_usuario] => 1
                    [voltaje] => 99.91
                    [corriente] => 16.5
                    [potencia] => 1648.56
                    [kwh] => 0.006
                    [limite_superado] => 0
                    [fecha] => 2025-08-22 13:10:31
                    [mac_address] => 08:D1:F9:A5:2A:14
                )

            [12] => Array
                (
                    [id] => 8801
                    [id_dispositivo] => 2
                    [id_usuario] => 1
                    [voltaje] => 81.01
                    [corriente] => 16.5
                    [potencia] => 1336.63
                    [kwh] => 0.0055
                    [limite_superado] => 0
                    [fecha] => 2025-08-22 13:10:30
                    [mac_address] => 08:D1:F9:A5:2A:14
                )

            [13] => Array
                (
                    [id] => 8800
                    [id_dispositivo] => 2
                    [id_usuario] => 1
                    [voltaje] => 79.58
                    [corriente] => 16.5
                    [potencia] => 1313.09
                    [kwh] => 0.0052
                    [limite_superado] => 0
                    [fecha] => 2025-08-22 13:10:28
                    [mac_address] => 08:D1:F9:A5:2A:14
                )

            [14] => Array
                (
                    [id] => 8799
                    [id_dispositivo] => 2
                    [id_usuario] => 1
                    [voltaje] => 80.12
                    [corriente] => 16.5
                    [potencia] => 1321.94
                    [kwh] => 0.0048
                    [limite_superado] => 0
                    [fecha] => 2025-08-22 13:10:27
                    [mac_address] => 08:D1:F9:A5:2A:14
                )

            [15] => Array
                (
                    [id] => 8798
                    [id_dispositivo] => 2
                    [id_usuario] => 1
                    [voltaje] => 78.4
                    [corriente] => 16.5
                    [potencia] => 1293.59
                    [kwh] => 0.0044
                    [limite_superado] => 0
                    [fecha] => 2025-08-22 13:10:25
                    [mac_address] => 08:D1:F9:A5:2A:14
                )

            [16] => Array
                (
                    [id] => 8797
                    [id_dispositivo] => 2
                    [id_usuario] => 1
                    [voltaje] => 81.92
                    [corriente] => 16.5
                    [potencia] => 1351.67
                    [kwh] => 0.0041
                    [limite_superado] => 0
                    [fecha] => 2025-08-22 13:10:24
                    [mac_address] => 08:D1:F9:A5:2A:14
                )

            [17] => Array
                (
                    [id] => 8796
                    [id_dispositivo] => 2
                    [id_usuario] => 1
                    [voltaje] => 66.81
                    [corriente] => 16.5
                    [potencia] => 1102.29
                    [kwh] => 0.0037
                    [limite_superado] => 0
                    [fecha] => 2025-08-22 13:10:22
                    [mac_address] => 08:D1:F9:A5:2A:14
                )

            [18] => Array
                (
                    [id] => 8795
                    [id_dispositivo] => 2
                    [id_usuario] => 1
                    [voltaje] => 83.33
                    [corriente] => 16.5
                    [potencia] => 1374.97
                    [kwh] => 0.0034
                    [limite_superado] => 0
                    [fecha] => 2025-08-22 13:10:21
                    [mac_address] => 08:D1:F9:A5:2A:14
                )

            [19] => Array
                (
                    [id] => 8794
                    [id_dispositivo] => 2
                    [id_usuario] => 1
                    [voltaje] => 84.69
                    [corriente] => 16.5
                    [potencia] => 1397.41
                    [kwh] => 0.003
                    [limite_superado] => 0
                    [fecha] => 2025-08-22 13:10:19
                    [mac_address] => 08:D1:F9:A5:2A:14
                )

            [20] => Array
                (
                    [id] => 8793
                    [id_dispositivo] => 2
                    [id_usuario] => 1
                    [voltaje] => 82.51
                    [corriente] => 16.5
                    [potencia] => 1361.42
                    [kwh] => 0.0026
                    [limite_superado] => 0
                    [fecha] => 2025-08-22 13:10:17
                    [mac_address] => 08:D1:F9:A5:2A:14
                )

            [21] => Array
                (
                    [id] => 8792
                    [id_dispositivo] => 2
                    [id_usuario] => 1
                    [voltaje] => 78.49
                    [corriente] => 16.5
                    [potencia] => 1295.03
                    [kwh] => 0.0022
                    [limite_superado] => 0
                    [fecha] => 2025-08-22 13:10:13
                    [mac_address] => 08:D1:F9:A5:2A:14
                )

            [22] => Array
                (
                    [id] => 8791
                    [id_dispositivo] => 2
                    [id_usuario] => 1
                    [voltaje] => 78.55
                    [corriente] => 16.5
                    [potencia] => 1296.02
                    [kwh] => 0.0019
                    [limite_superado] => 0
                    [fecha] => 2025-08-22 13:10:07
                    [mac_address] => 08:D1:F9:A5:2A:14
                )

            [23] => Array
                (
                    [id] => 8790
                    [id_dispositivo] => 2
                    [id_usuario] => 1
                    [voltaje] => 78.26
                    [corriente] => 16.5
                    [potencia] => 1291.3
                    [kwh] => 0.0015
                    [limite_superado] => 0
                    [fecha] => 2025-08-22 13:10:05
                    [mac_address] => 08:D1:F9:A5:2A:14
                )

            [24] => Array
                (
                    [id] => 8789
                    [id_dispositivo] => 2
                    [id_usuario] => 1
                    [voltaje] => 84.13
                    [corriente] => 16.5
                    [potencia] => 1388.15
                    [kwh] => 0.0012
                    [limite_superado] => 0
                    [fecha] => 2025-08-22 13:10:04
                    [mac_address] => 08:D1:F9:A5:2A:14
                )

            [25] => Array
                (
                    [id] => 8788
                    [id_dispositivo] => 2
                    [id_usuario] => 1
                    [voltaje] => 81.49
                    [corriente] => 16.5
                    [potencia] => 1344.66
                    [kwh] => 0.0008
                    [limite_superado] => 0
                    [fecha] => 2025-08-22 13:10:00
                    [mac_address] => 08:D1:F9:A5:2A:14
                )

            [26] => Array
                (
                    [id] => 8787
                    [id_dispositivo] => 2
                    [id_usuario] => 1
                    [voltaje] => 86.02
                    [corriente] => 16.5
                    [potencia] => 1419.3
                    [kwh] => 0.0004
                    [limite_superado] => 0
                    [fecha] => 2025-08-22 13:09:58
                    [mac_address] => 08:D1:F9:A5:2A:14
                )

            [27] => Array
                (
                    [id] => 8786
                    [id_dispositivo] => 2
                    [id_usuario] => 1
                    [voltaje] => 220
                    [corriente] => 0
                    [potencia] => 0
                    [kwh] => 0
                    [limite_superado] => 0
                    [fecha] => 2025-08-21 16:13:34
                    [mac_address] => 08:D1:F9:A5:2A:14
                )

            [28] => Array
                (
                    [id] => 8785
                    [id_dispositivo] => 2
                    [id_usuario] => 1
                    [voltaje] => 220
                    [corriente] => 0
                    [potencia] => 0
                    [kwh] => 0
                    [limite_superado] => 0
                    [fecha] => 2025-08-21 16:13:24
                    [mac_address] => 08:D1:F9:A5:2A:14
                )

            [29] => Array
                (
                    [id] => 8784
                    [id_dispositivo] => 2
                    [id_usuario] => 1
                    [voltaje] => 220
                    [corriente] => 0
                    [potencia] => 0
                    [kwh] => 0
                    [limite_superado] => 0
                    [fecha] => 2025-08-21 16:13:14
                    [mac_address] => 08:D1:F9:A5:2A:14
                )

            [30] => Array
                (
                    [id] => 8783
                    [id_dispositivo] => 2
                    [id_usuario] => 1
                    [voltaje] => 220
                    [corriente] => 0
                    [potencia] => 0
                    [kwh] => 0
                    [limite_superado] => 0
                    [fecha] => 2025-08-21 16:13:03
                    [mac_address] => 08:D1:F9:A5:2A:14
                )

        )

)

DEBUG - 2025-09-25 08:03:08 --> Ruta actual: /Tesina/public/admin/dispositivos
INFO - 2025-09-25 08:03:08 --> Session: Class initialized using 'CodeIgniter\Session\Handlers\FileHandler' driver.
DEBUG - 2025-09-25 08:03:08 --> Datos en sesión: Array
(
    [__ci_last_regenerate] => 1758797932
    [_ci_previous_url] => http://192.168.2.182/Tesina/public/consumo/ver/2
    [id_usuario] => 1
    [nombre] => brunito
    [apellido] => barber
    [email] => brunocameille@alumnos.itr3.edu.ar
    [rol] => supervisor
    [logged_in] => 1
)

DEBUG - 2025-09-25 08:03:08 --> Buscando usuario ID: 1
DEBUG - 2025-09-25 08:03:08 --> Resultado de la búsqueda: Array
(
    [id_usuario] => 1
    [nombre] => brunito
    [apellido] => barber
    [email] => brunocameille@alumnos.itr3.edu.ar
    [contrasena] => $2y$10$F4xQfULyrVhG1JD8Y21QR.vgn9Fzd257acxjmQqHQ3OYfEqBaAPb6
    [direccion_id] => 0
    [id_rol] => 3
    [created_at] => 2025-04-07 13:37:30
    [updated_at] => 2025-09-25 07:58:44
    [invitado_por] => 
    [estado] => activo
    [token_activacion] => 
)

DEBUG - 2025-09-25 08:03:12 --> Ruta actual: /Tesina/public/supervisor/gestionarUsuarios
INFO - 2025-09-25 08:03:12 --> Session: Class initialized using 'CodeIgniter\Session\Handlers\FileHandler' driver.
DEBUG - 2025-09-25 08:03:12 --> Datos en sesión: Array
(
    [__ci_last_regenerate] => 1758797932
    [_ci_previous_url] => http://192.168.2.182/Tesina/public/admin/dispositivos
    [id_usuario] => 1
    [nombre] => brunito
    [apellido] => barber
    [email] => brunocameille@alumnos.itr3.edu.ar
    [rol] => supervisor
    [logged_in] => 1
)

DEBUG - 2025-09-25 08:03:13 --> Ruta actual: /Tesina/public/supervisor/dispositivosGlobal
INFO - 2025-09-25 08:03:13 --> Session: Class initialized using 'CodeIgniter\Session\Handlers\FileHandler' driver.
DEBUG - 2025-09-25 08:03:13 --> Datos en sesión: Array
(
    [__ci_last_regenerate] => 1758797932
    [_ci_previous_url] => http://192.168.2.182/Tesina/public/supervisor/gestionarUsuarios
    [id_usuario] => 1
    [nombre] => brunito
    [apellido] => barber
    [email] => brunocameille@alumnos.itr3.edu.ar
    [rol] => supervisor
    [logged_in] => 1
)

DEBUG - 2025-09-25 08:03:14 --> Ruta actual: /Tesina/public/supervisor
INFO - 2025-09-25 08:03:14 --> Session: Class initialized using 'CodeIgniter\Session\Handlers\FileHandler' driver.
DEBUG - 2025-09-25 08:03:14 --> Datos en sesión: Array
(
    [__ci_last_regenerate] => 1758797932
    [_ci_previous_url] => http://192.168.2.182/Tesina/public/supervisor/dispositivosGlobal
    [id_usuario] => 1
    [nombre] => brunito
    [apellido] => barber
    [email] => brunocameille@alumnos.itr3.edu.ar
    [rol] => supervisor
    [logged_in] => 1
)

DEBUG - 2025-09-25 08:03:14 --> Buscando usuario ID: 
DEBUG - 2025-09-25 08:03:14 --> Resultado de la búsqueda: Array
(
    [0] => Array
        (
            [id_usuario] => 80
            [nombre] => elvito
            [apellido] => loacs
            [email] => gordoffofo@gmail.com
            [contrasena] => $2y$10$HsEYMPrnTHX2umHxJneNl.uGyJTGG.NYVccBIsTxGFQWx1nf9AWti
            [direccion_id] => 0
            [id_rol] => 1
            [created_at] => 2025-09-16 11:39:13
            [updated_at] => 2025-09-16 11:39:13
            [invitado_por] => 
            [estado] => pendiente
            [token_activacion] => 
            [nombre_rol] => admin
        )

    [1] => Array
        (
            [id_usuario] => 79
            [nombre] => elbajo
            [apellido] => jajjajaa
            [email] => elbajo07@gmail.com
            [contrasena] => $2y$10$1twjBNNrclek2GabqPUw..loUU17B.G5uC9AMbr.KbGr5EeZtzo36
            [direccion_id] => 0
            [id_rol] => 2
            [created_at] => 2025-06-27 08:52:11
            [updated_at] => 2025-06-27 08:52:11
            [invitado_por] => 1
            [estado] => activo
            [token_activacion] => 
            [nombre_rol] => usuario
        )

    [2] => Array
        (
            [id_usuario] => 78
            [nombre] => sopa
            [apellido] => estsasa
            [email] => sopa07@gmail.com
            [contrasena] => $2y$10$/vX5TGtXK2UJfO2/C36MQeKWkUeD/IXqieHeRH3jnLK2ncBSby.Oa
            [direccion_id] => 0
            [id_rol] => 1
            [created_at] => 2025-06-27 08:44:06
            [updated_at] => 2025-06-27 08:45:04
            [invitado_por] => 
            [estado] => activo
            [token_activacion] => 
            [nombre_rol] => admin
        )

    [3] => Array
        (
            [id_usuario] => 77
            [nombre] => llaldll
            [apellido] => asa
            [email] => salamin07@gmail.com
            [contrasena] => $2y$10$sXiTysDWNRBTlLhQawOoauIec0q5HQ/fhvi39Gl4mN61AMikpib0O
            [direccion_id] => 0
            [id_rol] => 1
            [created_at] => 2025-06-27 08:11:55
            [updated_at] => 2025-06-27 08:22:20
            [invitado_por] => 
            [estado] => activo
            [token_activacion] => 
            [nombre_rol] => admin
        )

    [4] => Array
        (
            [id_usuario] => 76
            [nombre] => Manuel
            [apellido] => Urrutia
            [email] => manuelurrutia@alumnos.itr3.edu.ar
            [contrasena] => $2y$10$ljDnuClSssl0YgngR8WkcORiaEEb0P0XtPL2bGwgZ.U50symRFe7u
            [direccion_id] => 0
            [id_rol] => 1
            [created_at] => 2025-06-19 08:22:31
            [updated_at] => 2025-06-19 08:23:16
            [invitado_por] => 75
            [estado] => activo
            [token_activacion] => 
            [nombre_rol] => admin
        )

    [5] => Array
        (
            [id_usuario] => 75
            [nombre] => Aylen
            [apellido] => berthalet
            [email] => aylen@itr3.edu.ar
            [contrasena] => $2y$10$x0R3zQXWhiw14RxYSK6HyOrCl3LPpp8iYxRfKaRXiuc0MKhYahp2i
            [direccion_id] => 0
            [id_rol] => 1
            [created_at] => 2025-06-19 08:14:45
            [updated_at] => 2025-06-19 08:26:02
            [invitado_por] => 
            [estado] => activo
            [token_activacion] => 
            [nombre_rol] => admin
        )

    [6] => Array
        (
            [id_usuario] => 74
            [nombre] => estefanito
            [apellido] => nazi
            [email] => estefano09@gmail.com
            [contrasena] => $2y$10$qjP50Kn8Ogr9Q/q1Iz6cAeJiVJl9HOUd2Yw.JhYH0.tqDtSMtww2W
            [direccion_id] => 0
            [id_rol] => 1
            [created_at] => 2025-06-18 08:56:44
            [updated_at] => 2025-06-18 08:57:09
            [invitado_por] => 
            [estado] => activo
            [token_activacion] => 
            [nombre_rol] => admin
        )

    [7] => Array
        (
            [id_usuario] => 73
            [nombre] => elmedo
            [apellido] => godoy
            [email] => elmedo@gmail.com
            [contrasena] => $2y$10$hsCiQS2iZtSHE7SmAtIzluzYeA0gcpB0eEp7iw0TfVJe7dX44uebC
            [direccion_id] => 0
            [id_rol] => 1
            [created_at] => 2025-06-12 16:52:10
            [updated_at] => 2025-06-12 18:22:19
            [invitado_por] => 
            [estado] => activo
            [token_activacion] => 
            [nombre_rol] => admin
        )

    [8] => Array
        (
            [id_usuario] => 72
            [nombre] => mayitooo
            [apellido] => kaka
            [email] => mayito@gmail.com
            [contrasena] => $2y$10$rq4u2.7llV6L4nGuy0R1dOt2CRvpTD6IeLQmWoUCcm/s3OXteXYcq
            [direccion_id] => 0
            [id_rol] => 1
            [created_at] => 2025-06-11 22:41:57
            [updated_at] => 2025-06-11 22:43:36
            [invitado_por] => 
            [estado] => activo
            [token_activacion] => 
            [nombre_rol] => admin
        )

    [9] => Array
        (
            [id_usuario] => 71
            [nombre] => iancito
            [apellido] => Cameille
            [email] => iancito@gmail.com
            [contrasena] => $2y$10$KCXxE7wnCSzdBEtgShio1.LQqJPG3HfFECdNklgR5Hs0utxhIzCje
            [direccion_id] => 0
            [id_rol] => 1
            [created_at] => 2025-06-03 15:53:41
            [updated_at] => 2025-06-03 15:56:30
            [invitado_por] => 70
            [estado] => activo
            [token_activacion] => 
            [nombre_rol] => admin
        )

)

DEBUG - 2025-09-25 08:03:15 --> Ruta actual: /Tesina/public/supervisor/dispositivosGlobal
INFO - 2025-09-25 08:03:15 --> Session: Class initialized using 'CodeIgniter\Session\Handlers\FileHandler' driver.
DEBUG - 2025-09-25 08:03:15 --> Datos en sesión: Array
(
    [__ci_last_regenerate] => 1758797932
    [_ci_previous_url] => http://192.168.2.182/Tesina/public/supervisor
    [id_usuario] => 1
    [nombre] => brunito
    [apellido] => barber
    [email] => brunocameille@alumnos.itr3.edu.ar
    [rol] => supervisor
    [logged_in] => 1
)

INFO - 2025-09-25 08:03:17 --> Session: Class initialized using 'CodeIgniter\Session\Handlers\FileHandler' driver.
DEBUG - 2025-09-25 08:03:17 --> Accediendo a verDatos con ID: 2
DEBUG - 2025-09-25 08:03:17 --> Datos del dispositivo: Array
(
    [id_dispositivo] => 2
    [nombre] => ECOVOLT HOYY 11/4
    [id_usuario] => 1
    [mac_address] => 08:D1:F9:A5:2A:14
    [ip_address] => 
    [ultima_conexion] => 
    [estado] => activo
    [created_at] => 2025-04-11 10:03:27
    [stock] => 0
    [precio] => 0
    [descripcion] => adasdada
    [fecha_actualizacion] => 2025-09-23 11:54:53
    [updated_at] => 2025-09-23 11:54:53
    [codigo_activacion] => 
    [fecha_activacion] => 
)

DEBUG - 2025-09-25 08:03:17 --> Número de lecturas encontradas: 31
DEBUG - 2025-09-25 08:03:17 --> Primera lectura: Array
(
    [id] => 8813
    [id_dispositivo] => 2
    [id_usuario] => 1
    [voltaje] => 118.75
    [corriente] => 3.0956
    [potencia] => 367.6
    [kwh] => 0.01
    [limite_superado] => 0
    [fecha] => 2025-08-22 13:11:02
    [mac_address] => 08:D1:F9:A5:2A:14
)

DEBUG - 2025-09-25 08:03:17 --> Datos enviados a la vista: Array
(
    [dispositivo] => Array
        (
            [id_dispositivo] => 2
            [nombre] => ECOVOLT HOYY 11/4
            [id_usuario] => 1
            [mac_address] => 08:D1:F9:A5:2A:14
            [ip_address] => 
            [ultima_conexion] => 
            [estado] => activo
            [created_at] => 2025-04-11 10:03:27
            [stock] => 0
            [precio] => 0
            [descripcion] => adasdada
            [fecha_actualizacion] => 2025-09-23 11:54:53
            [updated_at] => 2025-09-23 11:54:53
            [codigo_activacion] => 
            [fecha_activacion] => 
        )

    [lecturas] => Array
        (
            [0] => Array
                (
                    [id] => 8813
                    [id_dispositivo] => 2
                    [id_usuario] => 1
                    [voltaje] => 118.75
                    [corriente] => 3.0956
                    [potencia] => 367.6
                    [kwh] => 0.01
                    [limite_superado] => 0
                    [fecha] => 2025-08-22 13:11:02
                    [mac_address] => 08:D1:F9:A5:2A:14
                )

            [1] => Array
                (
                    [id] => 8812
                    [id_dispositivo] => 2
                    [id_usuario] => 1
                    [voltaje] => 118.94
                    [corriente] => 3.0923
                    [potencia] => 367.82
                    [kwh] => 0.0099
                    [limite_superado] => 0
                    [fecha] => 2025-08-22 13:11:00
                    [mac_address] => 08:D1:F9:A5:2A:14
                )

            [2] => Array
                (
                    [id] => 8811
                    [id_dispositivo] => 2
                    [id_usuario] => 1
                    [voltaje] => 108.46
                    [corriente] => 2.432
                    [potencia] => 263.77
                    [kwh] => 0.0098
                    [limite_superado] => 0
                    [fecha] => 2025-08-22 13:10:58
                    [mac_address] => 08:D1:F9:A5:2A:14
                )

            [3] => Array
                (
                    [id] => 8810
                    [id_dispositivo] => 2
                    [id_usuario] => 1
                    [voltaje] => 105.7
                    [corriente] => 16.5
                    [potencia] => 1744.06
                    [kwh] => 0.0097
                    [limite_superado] => 0
                    [fecha] => 2025-08-22 13:10:54
                    [mac_address] => 08:D1:F9:A5:2A:14
                )

            [4] => Array
                (
                    [id] => 8809
                    [id_dispositivo] => 2
                    [id_usuario] => 1
                    [voltaje] => 105.32
                    [corriente] => 16.5
                    [potencia] => 1737.82
                    [kwh] => 0.0093
                    [limite_superado] => 0
                    [fecha] => 2025-08-22 13:10:52
                    [mac_address] => 08:D1:F9:A5:2A:14
                )

            [5] => Array
                (
                    [id] => 8808
                    [id_dispositivo] => 2
                    [id_usuario] => 1
                    [voltaje] => 97.92
                    [corriente] => 16.5
                    [potencia] => 1615.68
                    [kwh] => 0.0088
                    [limite_superado] => 0
                    [fecha] => 2025-08-22 13:10:51
                    [mac_address] => 08:D1:F9:A5:2A:14
                )

            [6] => Array
                (
                    [id] => 8807
                    [id_dispositivo] => 2
                    [id_usuario] => 1
                    [voltaje] => 86.57
                    [corriente] => 16.5
                    [potencia] => 1428.4
                    [kwh] => 0.0083
                    [limite_superado] => 0
                    [fecha] => 2025-08-22 13:10:47
                    [mac_address] => 08:D1:F9:A5:2A:14
                )

            [7] => Array
                (
                    [id] => 8806
                    [id_dispositivo] => 2
                    [id_usuario] => 1
                    [voltaje] => 115.21
                    [corriente] => 16.5
                    [potencia] => 1900.97
                    [kwh] => 0.0079
                    [limite_superado] => 0
                    [fecha] => 2025-08-22 13:10:43
                    [mac_address] => 08:D1:F9:A5:2A:14
                )

            [8] => Array
                (
                    [id] => 8805
                    [id_dispositivo] => 2
                    [id_usuario] => 1
                    [voltaje] => 110.65
                    [corriente] => 16.5
                    [potencia] => 1825.67
                    [kwh] => 0.0074
                    [limite_superado] => 0
                    [fecha] => 2025-08-22 13:10:36
                    [mac_address] => 08:D1:F9:A5:2A:14
                )

            [9] => Array
                (
                    [id] => 8804
                    [id_dispositivo] => 2
                    [id_usuario] => 1
                    [voltaje] => 113.03
                    [corriente] => 16.5
                    [potencia] => 1865.02
                    [kwh] => 0.0069
                    [limite_superado] => 0
                    [fecha] => 2025-08-22 13:10:34
                    [mac_address] => 08:D1:F9:A5:2A:14
                )

            [10] => Array
                (
                    [id] => 8803
                    [id_dispositivo] => 2
                    [id_usuario] => 1
                    [voltaje] => 85.81
                    [corriente] => 16.5
                    [potencia] => 1415.82
                    [kwh] => 0.0064
                    [limite_superado] => 0
                    [fecha] => 2025-08-22 13:10:33
                    [mac_address] => 08:D1:F9:A5:2A:14
                )

            [11] => Array
                (
                    [id] => 8802
                    [id_dispositivo] => 2
                    [id_usuario] => 1
                    [voltaje] => 99.91
                    [corriente] => 16.5
                    [potencia] => 1648.56
                    [kwh] => 0.006
                    [limite_superado] => 0
                    [fecha] => 2025-08-22 13:10:31
                    [mac_address] => 08:D1:F9:A5:2A:14
                )

            [12] => Array
                (
                    [id] => 8801
                    [id_dispositivo] => 2
                    [id_usuario] => 1
                    [voltaje] => 81.01
                    [corriente] => 16.5
                    [potencia] => 1336.63
                    [kwh] => 0.0055
                    [limite_superado] => 0
                    [fecha] => 2025-08-22 13:10:30
                    [mac_address] => 08:D1:F9:A5:2A:14
                )

            [13] => Array
                (
                    [id] => 8800
                    [id_dispositivo] => 2
                    [id_usuario] => 1
                    [voltaje] => 79.58
                    [corriente] => 16.5
                    [potencia] => 1313.09
                    [kwh] => 0.0052
                    [limite_superado] => 0
                    [fecha] => 2025-08-22 13:10:28
                    [mac_address] => 08:D1:F9:A5:2A:14
                )

            [14] => Array
                (
                    [id] => 8799
                    [id_dispositivo] => 2
                    [id_usuario] => 1
                    [voltaje] => 80.12
                    [corriente] => 16.5
                    [potencia] => 1321.94
                    [kwh] => 0.0048
                    [limite_superado] => 0
                    [fecha] => 2025-08-22 13:10:27
                    [mac_address] => 08:D1:F9:A5:2A:14
                )

            [15] => Array
                (
                    [id] => 8798
                    [id_dispositivo] => 2
                    [id_usuario] => 1
                    [voltaje] => 78.4
                    [corriente] => 16.5
                    [potencia] => 1293.59
                    [kwh] => 0.0044
                    [limite_superado] => 0
                    [fecha] => 2025-08-22 13:10:25
                    [mac_address] => 08:D1:F9:A5:2A:14
                )

            [16] => Array
                (
                    [id] => 8797
                    [id_dispositivo] => 2
                    [id_usuario] => 1
                    [voltaje] => 81.92
                    [corriente] => 16.5
                    [potencia] => 1351.67
                    [kwh] => 0.0041
                    [limite_superado] => 0
                    [fecha] => 2025-08-22 13:10:24
                    [mac_address] => 08:D1:F9:A5:2A:14
                )

            [17] => Array
                (
                    [id] => 8796
                    [id_dispositivo] => 2
                    [id_usuario] => 1
                    [voltaje] => 66.81
                    [corriente] => 16.5
                    [potencia] => 1102.29
                    [kwh] => 0.0037
                    [limite_superado] => 0
                    [fecha] => 2025-08-22 13:10:22
                    [mac_address] => 08:D1:F9:A5:2A:14
                )

            [18] => Array
                (
                    [id] => 8795
                    [id_dispositivo] => 2
                    [id_usuario] => 1
                    [voltaje] => 83.33
                    [corriente] => 16.5
                    [potencia] => 1374.97
                    [kwh] => 0.0034
                    [limite_superado] => 0
                    [fecha] => 2025-08-22 13:10:21
                    [mac_address] => 08:D1:F9:A5:2A:14
                )

            [19] => Array
                (
                    [id] => 8794
                    [id_dispositivo] => 2
                    [id_usuario] => 1
                    [voltaje] => 84.69
                    [corriente] => 16.5
                    [potencia] => 1397.41
                    [kwh] => 0.003
                    [limite_superado] => 0
                    [fecha] => 2025-08-22 13:10:19
                    [mac_address] => 08:D1:F9:A5:2A:14
                )

            [20] => Array
                (
                    [id] => 8793
                    [id_dispositivo] => 2
                    [id_usuario] => 1
                    [voltaje] => 82.51
                    [corriente] => 16.5
                    [potencia] => 1361.42
                    [kwh] => 0.0026
                    [limite_superado] => 0
                    [fecha] => 2025-08-22 13:10:17
                    [mac_address] => 08:D1:F9:A5:2A:14
                )

            [21] => Array
                (
                    [id] => 8792
                    [id_dispositivo] => 2
                    [id_usuario] => 1
                    [voltaje] => 78.49
                    [corriente] => 16.5
                    [potencia] => 1295.03
                    [kwh] => 0.0022
                    [limite_superado] => 0
                    [fecha] => 2025-08-22 13:10:13
                    [mac_address] => 08:D1:F9:A5:2A:14
                )

            [22] => Array
                (
                    [id] => 8791
                    [id_dispositivo] => 2
                    [id_usuario] => 1
                    [voltaje] => 78.55
                    [corriente] => 16.5
                    [potencia] => 1296.02
                    [kwh] => 0.0019
                    [limite_superado] => 0
                    [fecha] => 2025-08-22 13:10:07
                    [mac_address] => 08:D1:F9:A5:2A:14
                )

            [23] => Array
                (
                    [id] => 8790
                    [id_dispositivo] => 2
                    [id_usuario] => 1
                    [voltaje] => 78.26
                    [corriente] => 16.5
                    [potencia] => 1291.3
                    [kwh] => 0.0015
                    [limite_superado] => 0
                    [fecha] => 2025-08-22 13:10:05
                    [mac_address] => 08:D1:F9:A5:2A:14
                )

            [24] => Array
                (
                    [id] => 8789
                    [id_dispositivo] => 2
                    [id_usuario] => 1
                    [voltaje] => 84.13
                    [corriente] => 16.5
                    [potencia] => 1388.15
                    [kwh] => 0.0012
                    [limite_superado] => 0
                    [fecha] => 2025-08-22 13:10:04
                    [mac_address] => 08:D1:F9:A5:2A:14
                )

            [25] => Array
                (
                    [id] => 8788
                    [id_dispositivo] => 2
                    [id_usuario] => 1
                    [voltaje] => 81.49
                    [corriente] => 16.5
                    [potencia] => 1344.66
                    [kwh] => 0.0008
                    [limite_superado] => 0
                    [fecha] => 2025-08-22 13:10:00
                    [mac_address] => 08:D1:F9:A5:2A:14
                )

            [26] => Array
                (
                    [id] => 8787
                    [id_dispositivo] => 2
                    [id_usuario] => 1
                    [voltaje] => 86.02
                    [corriente] => 16.5
                    [potencia] => 1419.3
                    [kwh] => 0.0004
                    [limite_superado] => 0
                    [fecha] => 2025-08-22 13:09:58
                    [mac_address] => 08:D1:F9:A5:2A:14
                )

            [27] => Array
                (
                    [id] => 8786
                    [id_dispositivo] => 2
                    [id_usuario] => 1
                    [voltaje] => 220
                    [corriente] => 0
                    [potencia] => 0
                    [kwh] => 0
                    [limite_superado] => 0
                    [fecha] => 2025-08-21 16:13:34
                    [mac_address] => 08:D1:F9:A5:2A:14
                )

            [28] => Array
                (
                    [id] => 8785
                    [id_dispositivo] => 2
                    [id_usuario] => 1
                    [voltaje] => 220
                    [corriente] => 0
                    [potencia] => 0
                    [kwh] => 0
                    [limite_superado] => 0
                    [fecha] => 2025-08-21 16:13:24
                    [mac_address] => 08:D1:F9:A5:2A:14
                )

            [29] => Array
                (
                    [id] => 8784
                    [id_dispositivo] => 2
                    [id_usuario] => 1
                    [voltaje] => 220
                    [corriente] => 0
                    [potencia] => 0
                    [kwh] => 0
                    [limite_superado] => 0
                    [fecha] => 2025-08-21 16:13:14
                    [mac_address] => 08:D1:F9:A5:2A:14
                )

            [30] => Array
                (
                    [id] => 8783
                    [id_dispositivo] => 2
                    [id_usuario] => 1
                    [voltaje] => 220
                    [corriente] => 0
                    [potencia] => 0
                    [kwh] => 0
                    [limite_superado] => 0
                    [fecha] => 2025-08-21 16:13:03
                    [mac_address] => 08:D1:F9:A5:2A:14
                )

        )

)

DEBUG - 2025-09-25 08:03:20 --> Ruta actual: /Tesina/public/admin/dispositivos
INFO - 2025-09-25 08:03:20 --> Session: Class initialized using 'CodeIgniter\Session\Handlers\FileHandler' driver.
DEBUG - 2025-09-25 08:03:20 --> Datos en sesión: Array
(
    [__ci_last_regenerate] => 1758797932
    [_ci_previous_url] => http://192.168.2.182/Tesina/public/consumo/ver/2
    [id_usuario] => 1
    [nombre] => brunito
    [apellido] => barber
    [email] => brunocameille@alumnos.itr3.edu.ar
    [rol] => supervisor
    [logged_in] => 1
)

DEBUG - 2025-09-25 08:03:20 --> Buscando usuario ID: 1
DEBUG - 2025-09-25 08:03:20 --> Resultado de la búsqueda: Array
(
    [id_usuario] => 1
    [nombre] => brunito
    [apellido] => barber
    [email] => brunocameille@alumnos.itr3.edu.ar
    [contrasena] => $2y$10$F4xQfULyrVhG1JD8Y21QR.vgn9Fzd257acxjmQqHQ3OYfEqBaAPb6
    [direccion_id] => 0
    [id_rol] => 3
    [created_at] => 2025-04-07 13:37:30
    [updated_at] => 2025-09-25 07:58:44
    [invitado_por] => 
    [estado] => activo
    [token_activacion] => 
)

DEBUG - 2025-09-25 08:03:41 --> Ruta actual: /Tesina/public/energia/dispositivo/10
INFO - 2025-09-25 08:03:41 --> Session: Class initialized using 'CodeIgniter\Session\Handlers\FileHandler' driver.
DEBUG - 2025-09-25 08:03:41 --> Datos en sesión: Array
(
    [__ci_last_regenerate] => 1758797932
    [_ci_previous_url] => http://192.168.2.182/Tesina/public/admin/dispositivos
    [id_usuario] => 1
    [nombre] => brunito
    [apellido] => barber
    [email] => brunocameille@alumnos.itr3.edu.ar
    [rol] => supervisor
    [logged_in] => 1
)

DEBUG - 2025-09-25 08:03:45 --> Ruta actual: /Tesina/public/energia/dispositivo/2
INFO - 2025-09-25 08:03:45 --> Session: Class initialized using 'CodeIgniter\Session\Handlers\FileHandler' driver.
DEBUG - 2025-09-25 08:03:45 --> Datos en sesión: Array
(
    [__ci_last_regenerate] => 1758797932
    [_ci_previous_url] => http://192.168.2.182/Tesina/public/energia/dispositivo/10
    [id_usuario] => 1
    [nombre] => brunito
    [apellido] => barber
    [email] => brunocameille@alumnos.itr3.edu.ar
    [rol] => supervisor
    [logged_in] => 1
)

INFO - 2025-09-25 08:03:46 --> Session: Class initialized using 'CodeIgniter\Session\Handlers\FileHandler' driver.
INFO - 2025-09-25 08:03:50 --> Session: Class initialized using 'CodeIgniter\Session\Handlers\FileHandler' driver.
INFO - 2025-09-25 08:03:55 --> Session: Class initialized using 'CodeIgniter\Session\Handlers\FileHandler' driver.
INFO - 2025-09-25 08:04:00 --> Session: Class initialized using 'CodeIgniter\Session\Handlers\FileHandler' driver.
DEBUG - 2025-09-25 08:04:00 --> Ruta actual: /Tesina/public/admin/dispositivos
INFO - 2025-09-25 08:04:00 --> Session: Class initialized using 'CodeIgniter\Session\Handlers\FileHandler' driver.
DEBUG - 2025-09-25 08:04:00 --> Datos en sesión: Array
(
    [__ci_last_regenerate] => 1758798235
    [_ci_previous_url] => http://192.168.2.182/Tesina/public/energia/dispositivo/2
    [id_usuario] => 1
    [nombre] => brunito
    [apellido] => barber
    [email] => brunocameille@alumnos.itr3.edu.ar
    [rol] => supervisor
    [logged_in] => 1
)

DEBUG - 2025-09-25 08:04:00 --> Buscando usuario ID: 1
DEBUG - 2025-09-25 08:04:00 --> Resultado de la búsqueda: Array
(
    [id_usuario] => 1
    [nombre] => brunito
    [apellido] => barber
    [email] => brunocameille@alumnos.itr3.edu.ar
    [contrasena] => $2y$10$F4xQfULyrVhG1JD8Y21QR.vgn9Fzd257acxjmQqHQ3OYfEqBaAPb6
    [direccion_id] => 0
    [id_rol] => 3
    [created_at] => 2025-04-07 13:37:30
    [updated_at] => 2025-09-25 07:58:44
    [invitado_por] => 
    [estado] => activo
    [token_activacion] => 
)

DEBUG - 2025-09-25 08:04:18 --> Ruta actual: /Tesina/public/energia/dispositivo/10
INFO - 2025-09-25 08:04:18 --> Session: Class initialized using 'CodeIgniter\Session\Handlers\FileHandler' driver.
DEBUG - 2025-09-25 08:04:18 --> Datos en sesión: Array
(
    [__ci_last_regenerate] => 1758798235
    [_ci_previous_url] => http://192.168.2.182/Tesina/public/admin/dispositivos
    [id_usuario] => 1
    [nombre] => brunito
    [apellido] => barber
    [email] => brunocameille@alumnos.itr3.edu.ar
    [rol] => supervisor
    [logged_in] => 1
)

DEBUG - 2025-09-25 08:04:20 --> Ruta actual: /Tesina/public/admin/dispositivos
INFO - 2025-09-25 08:04:20 --> Session: Class initialized using 'CodeIgniter\Session\Handlers\FileHandler' driver.
DEBUG - 2025-09-25 08:04:20 --> Datos en sesión: Array
(
    [__ci_last_regenerate] => 1758798235
    [_ci_previous_url] => http://192.168.2.182/Tesina/public/energia/dispositivo/10
    [id_usuario] => 1
    [nombre] => brunito
    [apellido] => barber
    [email] => brunocameille@alumnos.itr3.edu.ar
    [rol] => supervisor
    [logged_in] => 1
)

DEBUG - 2025-09-25 08:04:20 --> Buscando usuario ID: 1
DEBUG - 2025-09-25 08:04:20 --> Resultado de la búsqueda: Array
(
    [id_usuario] => 1
    [nombre] => brunito
    [apellido] => barber
    [email] => brunocameille@alumnos.itr3.edu.ar
    [contrasena] => $2y$10$F4xQfULyrVhG1JD8Y21QR.vgn9Fzd257acxjmQqHQ3OYfEqBaAPb6
    [direccion_id] => 0
    [id_rol] => 3
    [created_at] => 2025-04-07 13:37:30
    [updated_at] => 2025-09-25 07:58:44
    [invitado_por] => 
    [estado] => activo
    [token_activacion] => 
)

DEBUG - 2025-09-25 08:09:39 --> Ruta actual: /Tesina/public/supervisor
INFO - 2025-09-25 08:09:39 --> Session: Class initialized using 'CodeIgniter\Session\Handlers\FileHandler' driver.
DEBUG - 2025-09-25 08:09:39 --> Datos en sesión: Array
(
    [__ci_last_regenerate] => 1758798579
    [_ci_previous_url] => http://192.168.2.182/Tesina/public/admin/dispositivos
    [id_usuario] => 1
    [nombre] => brunito
    [apellido] => barber
    [email] => brunocameille@alumnos.itr3.edu.ar
    [rol] => supervisor
    [logged_in] => 1
)

DEBUG - 2025-09-25 08:09:39 --> Buscando usuario ID: 
DEBUG - 2025-09-25 08:09:39 --> Resultado de la búsqueda: Array
(
    [0] => Array
        (
            [id_usuario] => 80
            [nombre] => elvito
            [apellido] => loacs
            [email] => gordoffofo@gmail.com
            [contrasena] => $2y$10$HsEYMPrnTHX2umHxJneNl.uGyJTGG.NYVccBIsTxGFQWx1nf9AWti
            [direccion_id] => 0
            [id_rol] => 1
            [created_at] => 2025-09-16 11:39:13
            [updated_at] => 2025-09-16 11:39:13
            [invitado_por] => 
            [estado] => pendiente
            [token_activacion] => 
            [nombre_rol] => admin
        )

    [1] => Array
        (
            [id_usuario] => 79
            [nombre] => elbajo
            [apellido] => jajjajaa
            [email] => elbajo07@gmail.com
            [contrasena] => $2y$10$1twjBNNrclek2GabqPUw..loUU17B.G5uC9AMbr.KbGr5EeZtzo36
            [direccion_id] => 0
            [id_rol] => 2
            [created_at] => 2025-06-27 08:52:11
            [updated_at] => 2025-06-27 08:52:11
            [invitado_por] => 1
            [estado] => activo
            [token_activacion] => 
            [nombre_rol] => usuario
        )

    [2] => Array
        (
            [id_usuario] => 78
            [nombre] => sopa
            [apellido] => estsasa
            [email] => sopa07@gmail.com
            [contrasena] => $2y$10$/vX5TGtXK2UJfO2/C36MQeKWkUeD/IXqieHeRH3jnLK2ncBSby.Oa
            [direccion_id] => 0
            [id_rol] => 1
            [created_at] => 2025-06-27 08:44:06
            [updated_at] => 2025-06-27 08:45:04
            [invitado_por] => 
            [estado] => activo
            [token_activacion] => 
            [nombre_rol] => admin
        )

    [3] => Array
        (
            [id_usuario] => 77
            [nombre] => llaldll
            [apellido] => asa
            [email] => salamin07@gmail.com
            [contrasena] => $2y$10$sXiTysDWNRBTlLhQawOoauIec0q5HQ/fhvi39Gl4mN61AMikpib0O
            [direccion_id] => 0
            [id_rol] => 1
            [created_at] => 2025-06-27 08:11:55
            [updated_at] => 2025-06-27 08:22:20
            [invitado_por] => 
            [estado] => activo
            [token_activacion] => 
            [nombre_rol] => admin
        )

    [4] => Array
        (
            [id_usuario] => 76
            [nombre] => Manuel
            [apellido] => Urrutia
            [email] => manuelurrutia@alumnos.itr3.edu.ar
            [contrasena] => $2y$10$ljDnuClSssl0YgngR8WkcORiaEEb0P0XtPL2bGwgZ.U50symRFe7u
            [direccion_id] => 0
            [id_rol] => 1
            [created_at] => 2025-06-19 08:22:31
            [updated_at] => 2025-06-19 08:23:16
            [invitado_por] => 75
            [estado] => activo
            [token_activacion] => 
            [nombre_rol] => admin
        )

    [5] => Array
        (
            [id_usuario] => 75
            [nombre] => Aylen
            [apellido] => berthalet
            [email] => aylen@itr3.edu.ar
            [contrasena] => $2y$10$x0R3zQXWhiw14RxYSK6HyOrCl3LPpp8iYxRfKaRXiuc0MKhYahp2i
            [direccion_id] => 0
            [id_rol] => 1
            [created_at] => 2025-06-19 08:14:45
            [updated_at] => 2025-06-19 08:26:02
            [invitado_por] => 
            [estado] => activo
            [token_activacion] => 
            [nombre_rol] => admin
        )

    [6] => Array
        (
            [id_usuario] => 74
            [nombre] => estefanito
            [apellido] => nazi
            [email] => estefano09@gmail.com
            [contrasena] => $2y$10$qjP50Kn8Ogr9Q/q1Iz6cAeJiVJl9HOUd2Yw.JhYH0.tqDtSMtww2W
            [direccion_id] => 0
            [id_rol] => 1
            [created_at] => 2025-06-18 08:56:44
            [updated_at] => 2025-06-18 08:57:09
            [invitado_por] => 
            [estado] => activo
            [token_activacion] => 
            [nombre_rol] => admin
        )

    [7] => Array
        (
            [id_usuario] => 73
            [nombre] => elmedo
            [apellido] => godoy
            [email] => elmedo@gmail.com
            [contrasena] => $2y$10$hsCiQS2iZtSHE7SmAtIzluzYeA0gcpB0eEp7iw0TfVJe7dX44uebC
            [direccion_id] => 0
            [id_rol] => 1
            [created_at] => 2025-06-12 16:52:10
            [updated_at] => 2025-06-12 18:22:19
            [invitado_por] => 
            [estado] => activo
            [token_activacion] => 
            [nombre_rol] => admin
        )

    [8] => Array
        (
            [id_usuario] => 72
            [nombre] => mayitooo
            [apellido] => kaka
            [email] => mayito@gmail.com
            [contrasena] => $2y$10$rq4u2.7llV6L4nGuy0R1dOt2CRvpTD6IeLQmWoUCcm/s3OXteXYcq
            [direccion_id] => 0
            [id_rol] => 1
            [created_at] => 2025-06-11 22:41:57
            [updated_at] => 2025-06-11 22:43:36
            [invitado_por] => 
            [estado] => activo
            [token_activacion] => 
            [nombre_rol] => admin
        )

    [9] => Array
        (
            [id_usuario] => 71
            [nombre] => iancito
            [apellido] => Cameille
            [email] => iancito@gmail.com
            [contrasena] => $2y$10$KCXxE7wnCSzdBEtgShio1.LQqJPG3HfFECdNklgR5Hs0utxhIzCje
            [direccion_id] => 0
            [id_rol] => 1
            [created_at] => 2025-06-03 15:53:41
            [updated_at] => 2025-06-03 15:56:30
            [invitado_por] => 70
            [estado] => activo
            [token_activacion] => 
            [nombre_rol] => admin
        )

)

DEBUG - 2025-09-25 08:09:44 --> Ruta actual: /Tesina/public/supervisor/gestionarUsuarios
INFO - 2025-09-25 08:09:44 --> Session: Class initialized using 'CodeIgniter\Session\Handlers\FileHandler' driver.
DEBUG - 2025-09-25 08:09:44 --> Datos en sesión: Array
(
    [__ci_last_regenerate] => 1758798579
    [_ci_previous_url] => http://192.168.2.182/Tesina/public/supervisor
    [id_usuario] => 1
    [nombre] => brunito
    [apellido] => barber
    [email] => brunocameille@alumnos.itr3.edu.ar
    [rol] => supervisor
    [logged_in] => 1
)

DEBUG - 2025-09-25 08:09:48 --> Ruta actual: /Tesina/public/supervisor/dispositivosUsuarios/1
INFO - 2025-09-25 08:09:48 --> Session: Class initialized using 'CodeIgniter\Session\Handlers\FileHandler' driver.
DEBUG - 2025-09-25 08:09:48 --> Datos en sesión: Array
(
    [__ci_last_regenerate] => 1758798579
    [_ci_previous_url] => http://192.168.2.182/Tesina/public/supervisor/gestionarUsuarios
    [id_usuario] => 1
    [nombre] => brunito
    [apellido] => barber
    [email] => brunocameille@alumnos.itr3.edu.ar
    [rol] => supervisor
    [logged_in] => 1
)

DEBUG - 2025-09-25 08:09:48 --> Buscando usuario ID: 1
DEBUG - 2025-09-25 08:09:48 --> Resultado de la búsqueda: Array
(
    [id_usuario] => 1
    [nombre] => brunito
    [apellido] => barber
    [email] => brunocameille@alumnos.itr3.edu.ar
    [contrasena] => $2y$10$F4xQfULyrVhG1JD8Y21QR.vgn9Fzd257acxjmQqHQ3OYfEqBaAPb6
    [direccion_id] => 0
    [id_rol] => 3
    [created_at] => 2025-04-07 13:37:30
    [updated_at] => 2025-09-25 07:58:44
    [invitado_por] => 
    [estado] => activo
    [token_activacion] => 
)

INFO - 2025-09-25 08:09:48 --> Session: Class initialized using 'CodeIgniter\Session\Handlers\FileHandler' driver.
DEBUG - 2025-09-25 08:09:48 --> Accediendo a grafico con ID: 1
DEBUG - 2025-09-25 08:09:48 --> Número de lecturas para gráfico: 0
DEBUG - 2025-09-25 08:09:48 --> Datos del gráfico: Array
(
    [labels] => Array
        (
        )

    [consumo] => Array
        (
        )

)

INFO - 2025-09-25 08:09:48 --> Session: Class initialized using 'CodeIgniter\Session\Handlers\FileHandler' driver.
DEBUG - 2025-09-25 08:09:48 --> Accediendo a grafico con ID: 2
DEBUG - 2025-09-25 08:09:48 --> Número de lecturas para gráfico: 31
DEBUG - 2025-09-25 08:09:48 --> Datos del gráfico: Array
(
    [labels] => Array
        (
            [0] => 21/08 16:13
            [1] => 21/08 16:13
            [2] => 21/08 16:13
            [3] => 21/08 16:13
            [4] => 22/08 13:09
            [5] => 22/08 13:10
            [6] => 22/08 13:10
            [7] => 22/08 13:10
            [8] => 22/08 13:10
            [9] => 22/08 13:10
            [10] => 22/08 13:10
            [11] => 22/08 13:10
            [12] => 22/08 13:10
            [13] => 22/08 13:10
            [14] => 22/08 13:10
            [15] => 22/08 13:10
            [16] => 22/08 13:10
            [17] => 22/08 13:10
            [18] => 22/08 13:10
            [19] => 22/08 13:10
            [20] => 22/08 13:10
            [21] => 22/08 13:10
            [22] => 22/08 13:10
            [23] => 22/08 13:10
            [24] => 22/08 13:10
            [25] => 22/08 13:10
            [26] => 22/08 13:10
            [27] => 22/08 13:10
            [28] => 22/08 13:10
            [29] => 22/08 13:11
            [30] => 22/08 13:11
        )

    [consumo] => Array
        (
            [0] => 0
            [1] => 0
            [2] => 0
            [3] => 0
            [4] => 0.0004
            [5] => 0.0008
            [6] => 0.0012
            [7] => 0.0015
            [8] => 0.0019
            [9] => 0.0022
            [10] => 0.0026
            [11] => 0.003
            [12] => 0.0034
            [13] => 0.0037
            [14] => 0.0041
            [15] => 0.0044
            [16] => 0.0048
            [17] => 0.0052
            [18] => 0.0055
            [19] => 0.006
            [20] => 0.0064
            [21] => 0.0069
            [22] => 0.0074
            [23] => 0.0079
            [24] => 0.0083
            [25] => 0.0088
            [26] => 0.0093
            [27] => 0.0097
            [28] => 0.0098
            [29] => 0.0099
            [30] => 0.01
        )

)

INFO - 2025-09-25 08:09:49 --> Session: Class initialized using 'CodeIgniter\Session\Handlers\FileHandler' driver.
DEBUG - 2025-09-25 08:09:49 --> Accediendo a grafico con ID: 2
DEBUG - 2025-09-25 08:09:49 --> Número de lecturas para gráfico: 31
DEBUG - 2025-09-25 08:09:49 --> Datos del gráfico: Array
(
    [labels] => Array
        (
            [0] => 21/08 16:13
            [1] => 21/08 16:13
            [2] => 21/08 16:13
            [3] => 21/08 16:13
            [4] => 22/08 13:09
            [5] => 22/08 13:10
            [6] => 22/08 13:10
            [7] => 22/08 13:10
            [8] => 22/08 13:10
            [9] => 22/08 13:10
            [10] => 22/08 13:10
            [11] => 22/08 13:10
            [12] => 22/08 13:10
            [13] => 22/08 13:10
            [14] => 22/08 13:10
            [15] => 22/08 13:10
            [16] => 22/08 13:10
            [17] => 22/08 13:10
            [18] => 22/08 13:10
            [19] => 22/08 13:10
            [20] => 22/08 13:10
            [21] => 22/08 13:10
            [22] => 22/08 13:10
            [23] => 22/08 13:10
            [24] => 22/08 13:10
            [25] => 22/08 13:10
            [26] => 22/08 13:10
            [27] => 22/08 13:10
            [28] => 22/08 13:10
            [29] => 22/08 13:11
            [30] => 22/08 13:11
        )

    [consumo] => Array
        (
            [0] => 0
            [1] => 0
            [2] => 0
            [3] => 0
            [4] => 0.0004
            [5] => 0.0008
            [6] => 0.0012
            [7] => 0.0015
            [8] => 0.0019
            [9] => 0.0022
            [10] => 0.0026
            [11] => 0.003
            [12] => 0.0034
            [13] => 0.0037
            [14] => 0.0041
            [15] => 0.0044
            [16] => 0.0048
            [17] => 0.0052
            [18] => 0.0055
            [19] => 0.006
            [20] => 0.0064
            [21] => 0.0069
            [22] => 0.0074
            [23] => 0.0079
            [24] => 0.0083
            [25] => 0.0088
            [26] => 0.0093
            [27] => 0.0097
            [28] => 0.0098
            [29] => 0.0099
            [30] => 0.01
        )

)

INFO - 2025-09-25 08:09:51 --> Session: Class initialized using 'CodeIgniter\Session\Handlers\FileHandler' driver.
DEBUG - 2025-09-25 08:09:51 --> Accediendo a verDatos con ID: 2
DEBUG - 2025-09-25 08:09:51 --> Datos del dispositivo: Array
(
    [id_dispositivo] => 2
    [nombre] => ECOVOLT HOYY 11/4
    [id_usuario] => 1
    [mac_address] => 08:D1:F9:A5:2A:14
    [ip_address] => 
    [ultima_conexion] => 
    [estado] => activo
    [created_at] => 2025-04-11 10:03:27
    [stock] => 0
    [precio] => 0
    [descripcion] => adasdada
    [fecha_actualizacion] => 2025-09-23 11:54:53
    [updated_at] => 2025-09-23 11:54:53
    [codigo_activacion] => 
    [fecha_activacion] => 
)

DEBUG - 2025-09-25 08:09:51 --> Número de lecturas encontradas: 31
DEBUG - 2025-09-25 08:09:51 --> Primera lectura: Array
(
    [id] => 8813
    [id_dispositivo] => 2
    [id_usuario] => 1
    [voltaje] => 118.75
    [corriente] => 3.0956
    [potencia] => 367.6
    [kwh] => 0.01
    [limite_superado] => 0
    [fecha] => 2025-08-22 13:11:02
    [mac_address] => 08:D1:F9:A5:2A:14
)

DEBUG - 2025-09-25 08:09:51 --> Datos enviados a la vista: Array
(
    [dispositivo] => Array
        (
            [id_dispositivo] => 2
            [nombre] => ECOVOLT HOYY 11/4
            [id_usuario] => 1
            [mac_address] => 08:D1:F9:A5:2A:14
            [ip_address] => 
            [ultima_conexion] => 
            [estado] => activo
            [created_at] => 2025-04-11 10:03:27
            [stock] => 0
            [precio] => 0
            [descripcion] => adasdada
            [fecha_actualizacion] => 2025-09-23 11:54:53
            [updated_at] => 2025-09-23 11:54:53
            [codigo_activacion] => 
            [fecha_activacion] => 
        )

    [lecturas] => Array
        (
            [0] => Array
                (
                    [id] => 8813
                    [id_dispositivo] => 2
                    [id_usuario] => 1
                    [voltaje] => 118.75
                    [corriente] => 3.0956
                    [potencia] => 367.6
                    [kwh] => 0.01
                    [limite_superado] => 0
                    [fecha] => 2025-08-22 13:11:02
                    [mac_address] => 08:D1:F9:A5:2A:14
                )

            [1] => Array
                (
                    [id] => 8812
                    [id_dispositivo] => 2
                    [id_usuario] => 1
                    [voltaje] => 118.94
                    [corriente] => 3.0923
                    [potencia] => 367.82
                    [kwh] => 0.0099
                    [limite_superado] => 0
                    [fecha] => 2025-08-22 13:11:00
                    [mac_address] => 08:D1:F9:A5:2A:14
                )

            [2] => Array
                (
                    [id] => 8811
                    [id_dispositivo] => 2
                    [id_usuario] => 1
                    [voltaje] => 108.46
                    [corriente] => 2.432
                    [potencia] => 263.77
                    [kwh] => 0.0098
                    [limite_superado] => 0
                    [fecha] => 2025-08-22 13:10:58
                    [mac_address] => 08:D1:F9:A5:2A:14
                )

            [3] => Array
                (
                    [id] => 8810
                    [id_dispositivo] => 2
                    [id_usuario] => 1
                    [voltaje] => 105.7
                    [corriente] => 16.5
                    [potencia] => 1744.06
                    [kwh] => 0.0097
                    [limite_superado] => 0
                    [fecha] => 2025-08-22 13:10:54
                    [mac_address] => 08:D1:F9:A5:2A:14
                )

            [4] => Array
                (
                    [id] => 8809
                    [id_dispositivo] => 2
                    [id_usuario] => 1
                    [voltaje] => 105.32
                    [corriente] => 16.5
                    [potencia] => 1737.82
                    [kwh] => 0.0093
                    [limite_superado] => 0
                    [fecha] => 2025-08-22 13:10:52
                    [mac_address] => 08:D1:F9:A5:2A:14
                )

            [5] => Array
                (
                    [id] => 8808
                    [id_dispositivo] => 2
                    [id_usuario] => 1
                    [voltaje] => 97.92
                    [corriente] => 16.5
                    [potencia] => 1615.68
                    [kwh] => 0.0088
                    [limite_superado] => 0
                    [fecha] => 2025-08-22 13:10:51
                    [mac_address] => 08:D1:F9:A5:2A:14
                )

            [6] => Array
                (
                    [id] => 8807
                    [id_dispositivo] => 2
                    [id_usuario] => 1
                    [voltaje] => 86.57
                    [corriente] => 16.5
                    [potencia] => 1428.4
                    [kwh] => 0.0083
                    [limite_superado] => 0
                    [fecha] => 2025-08-22 13:10:47
                    [mac_address] => 08:D1:F9:A5:2A:14
                )

            [7] => Array
                (
                    [id] => 8806
                    [id_dispositivo] => 2
                    [id_usuario] => 1
                    [voltaje] => 115.21
                    [corriente] => 16.5
                    [potencia] => 1900.97
                    [kwh] => 0.0079
                    [limite_superado] => 0
                    [fecha] => 2025-08-22 13:10:43
                    [mac_address] => 08:D1:F9:A5:2A:14
                )

            [8] => Array
                (
                    [id] => 8805
                    [id_dispositivo] => 2
                    [id_usuario] => 1
                    [voltaje] => 110.65
                    [corriente] => 16.5
                    [potencia] => 1825.67
                    [kwh] => 0.0074
                    [limite_superado] => 0
                    [fecha] => 2025-08-22 13:10:36
                    [mac_address] => 08:D1:F9:A5:2A:14
                )

            [9] => Array
                (
                    [id] => 8804
                    [id_dispositivo] => 2
                    [id_usuario] => 1
                    [voltaje] => 113.03
                    [corriente] => 16.5
                    [potencia] => 1865.02
                    [kwh] => 0.0069
                    [limite_superado] => 0
                    [fecha] => 2025-08-22 13:10:34
                    [mac_address] => 08:D1:F9:A5:2A:14
                )

            [10] => Array
                (
                    [id] => 8803
                    [id_dispositivo] => 2
                    [id_usuario] => 1
                    [voltaje] => 85.81
                    [corriente] => 16.5
                    [potencia] => 1415.82
                    [kwh] => 0.0064
                    [limite_superado] => 0
                    [fecha] => 2025-08-22 13:10:33
                    [mac_address] => 08:D1:F9:A5:2A:14
                )

            [11] => Array
                (
                    [id] => 8802
                    [id_dispositivo] => 2
                    [id_usuario] => 1
                    [voltaje] => 99.91
                    [corriente] => 16.5
                    [potencia] => 1648.56
                    [kwh] => 0.006
                    [limite_superado] => 0
                    [fecha] => 2025-08-22 13:10:31
                    [mac_address] => 08:D1:F9:A5:2A:14
                )

            [12] => Array
                (
                    [id] => 8801
                    [id_dispositivo] => 2
                    [id_usuario] => 1
                    [voltaje] => 81.01
                    [corriente] => 16.5
                    [potencia] => 1336.63
                    [kwh] => 0.0055
                    [limite_superado] => 0
                    [fecha] => 2025-08-22 13:10:30
                    [mac_address] => 08:D1:F9:A5:2A:14
                )

            [13] => Array
                (
                    [id] => 8800
                    [id_dispositivo] => 2
                    [id_usuario] => 1
                    [voltaje] => 79.58
                    [corriente] => 16.5
                    [potencia] => 1313.09
                    [kwh] => 0.0052
                    [limite_superado] => 0
                    [fecha] => 2025-08-22 13:10:28
                    [mac_address] => 08:D1:F9:A5:2A:14
                )

            [14] => Array
                (
                    [id] => 8799
                    [id_dispositivo] => 2
                    [id_usuario] => 1
                    [voltaje] => 80.12
                    [corriente] => 16.5
                    [potencia] => 1321.94
                    [kwh] => 0.0048
                    [limite_superado] => 0
                    [fecha] => 2025-08-22 13:10:27
                    [mac_address] => 08:D1:F9:A5:2A:14
                )

            [15] => Array
                (
                    [id] => 8798
                    [id_dispositivo] => 2
                    [id_usuario] => 1
                    [voltaje] => 78.4
                    [corriente] => 16.5
                    [potencia] => 1293.59
                    [kwh] => 0.0044
                    [limite_superado] => 0
                    [fecha] => 2025-08-22 13:10:25
                    [mac_address] => 08:D1:F9:A5:2A:14
                )

            [16] => Array
                (
                    [id] => 8797
                    [id_dispositivo] => 2
                    [id_usuario] => 1
                    [voltaje] => 81.92
                    [corriente] => 16.5
                    [potencia] => 1351.67
                    [kwh] => 0.0041
                    [limite_superado] => 0
                    [fecha] => 2025-08-22 13:10:24
                    [mac_address] => 08:D1:F9:A5:2A:14
                )

            [17] => Array
                (
                    [id] => 8796
                    [id_dispositivo] => 2
                    [id_usuario] => 1
                    [voltaje] => 66.81
                    [corriente] => 16.5
                    [potencia] => 1102.29
                    [kwh] => 0.0037
                    [limite_superado] => 0
                    [fecha] => 2025-08-22 13:10:22
                    [mac_address] => 08:D1:F9:A5:2A:14
                )

            [18] => Array
                (
                    [id] => 8795
                    [id_dispositivo] => 2
                    [id_usuario] => 1
                    [voltaje] => 83.33
                    [corriente] => 16.5
                    [potencia] => 1374.97
                    [kwh] => 0.0034
                    [limite_superado] => 0
                    [fecha] => 2025-08-22 13:10:21
                    [mac_address] => 08:D1:F9:A5:2A:14
                )

            [19] => Array
                (
                    [id] => 8794
                    [id_dispositivo] => 2
                    [id_usuario] => 1
                    [voltaje] => 84.69
                    [corriente] => 16.5
                    [potencia] => 1397.41
                    [kwh] => 0.003
                    [limite_superado] => 0
                    [fecha] => 2025-08-22 13:10:19
                    [mac_address] => 08:D1:F9:A5:2A:14
                )

            [20] => Array
                (
                    [id] => 8793
                    [id_dispositivo] => 2
                    [id_usuario] => 1
                    [voltaje] => 82.51
                    [corriente] => 16.5
                    [potencia] => 1361.42
                    [kwh] => 0.0026
                    [limite_superado] => 0
                    [fecha] => 2025-08-22 13:10:17
                    [mac_address] => 08:D1:F9:A5:2A:14
                )

            [21] => Array
                (
                    [id] => 8792
                    [id_dispositivo] => 2
                    [id_usuario] => 1
                    [voltaje] => 78.49
                    [corriente] => 16.5
                    [potencia] => 1295.03
                    [kwh] => 0.0022
                    [limite_superado] => 0
                    [fecha] => 2025-08-22 13:10:13
                    [mac_address] => 08:D1:F9:A5:2A:14
                )

            [22] => Array
                (
                    [id] => 8791
                    [id_dispositivo] => 2
                    [id_usuario] => 1
                    [voltaje] => 78.55
                    [corriente] => 16.5
                    [potencia] => 1296.02
                    [kwh] => 0.0019
                    [limite_superado] => 0
                    [fecha] => 2025-08-22 13:10:07
                    [mac_address] => 08:D1:F9:A5:2A:14
                )

            [23] => Array
                (
                    [id] => 8790
                    [id_dispositivo] => 2
                    [id_usuario] => 1
                    [voltaje] => 78.26
                    [corriente] => 16.5
                    [potencia] => 1291.3
                    [kwh] => 0.0015
                    [limite_superado] => 0
                    [fecha] => 2025-08-22 13:10:05
                    [mac_address] => 08:D1:F9:A5:2A:14
                )

            [24] => Array
                (
                    [id] => 8789
                    [id_dispositivo] => 2
                    [id_usuario] => 1
                    [voltaje] => 84.13
                    [corriente] => 16.5
                    [potencia] => 1388.15
                    [kwh] => 0.0012
                    [limite_superado] => 0
                    [fecha] => 2025-08-22 13:10:04
                    [mac_address] => 08:D1:F9:A5:2A:14
                )

            [25] => Array
                (
                    [id] => 8788
                    [id_dispositivo] => 2
                    [id_usuario] => 1
                    [voltaje] => 81.49
                    [corriente] => 16.5
                    [potencia] => 1344.66
                    [kwh] => 0.0008
                    [limite_superado] => 0
                    [fecha] => 2025-08-22 13:10:00
                    [mac_address] => 08:D1:F9:A5:2A:14
                )

            [26] => Array
                (
                    [id] => 8787
                    [id_dispositivo] => 2
                    [id_usuario] => 1
                    [voltaje] => 86.02
                    [corriente] => 16.5
                    [potencia] => 1419.3
                    [kwh] => 0.0004
                    [limite_superado] => 0
                    [fecha] => 2025-08-22 13:09:58
                    [mac_address] => 08:D1:F9:A5:2A:14
                )

            [27] => Array
                (
                    [id] => 8786
                    [id_dispositivo] => 2
                    [id_usuario] => 1
                    [voltaje] => 220
                    [corriente] => 0
                    [potencia] => 0
                    [kwh] => 0
                    [limite_superado] => 0
                    [fecha] => 2025-08-21 16:13:34
                    [mac_address] => 08:D1:F9:A5:2A:14
                )

            [28] => Array
                (
                    [id] => 8785
                    [id_dispositivo] => 2
                    [id_usuario] => 1
                    [voltaje] => 220
                    [corriente] => 0
                    [potencia] => 0
                    [kwh] => 0
                    [limite_superado] => 0
                    [fecha] => 2025-08-21 16:13:24
                    [mac_address] => 08:D1:F9:A5:2A:14
                )

            [29] => Array
                (
                    [id] => 8784
                    [id_dispositivo] => 2
                    [id_usuario] => 1
                    [voltaje] => 220
                    [corriente] => 0
                    [potencia] => 0
                    [kwh] => 0
                    [limite_superado] => 0
                    [fecha] => 2025-08-21 16:13:14
                    [mac_address] => 08:D1:F9:A5:2A:14
                )

            [30] => Array
                (
                    [id] => 8783
                    [id_dispositivo] => 2
                    [id_usuario] => 1
                    [voltaje] => 220
                    [corriente] => 0
                    [potencia] => 0
                    [kwh] => 0
                    [limite_superado] => 0
                    [fecha] => 2025-08-21 16:13:03
                    [mac_address] => 08:D1:F9:A5:2A:14
                )

        )

)

DEBUG - 2025-09-25 08:09:55 --> Ruta actual: /Tesina/public/admin/dispositivos
INFO - 2025-09-25 08:09:55 --> Session: Class initialized using 'CodeIgniter\Session\Handlers\FileHandler' driver.
DEBUG - 2025-09-25 08:09:55 --> Datos en sesión: Array
(
    [__ci_last_regenerate] => 1758798579
    [_ci_previous_url] => http://192.168.2.182/Tesina/public/consumo/ver/2
    [id_usuario] => 1
    [nombre] => brunito
    [apellido] => barber
    [email] => brunocameille@alumnos.itr3.edu.ar
    [rol] => supervisor
    [logged_in] => 1
)

DEBUG - 2025-09-25 08:09:55 --> Buscando usuario ID: 1
DEBUG - 2025-09-25 08:09:55 --> Resultado de la búsqueda: Array
(
    [id_usuario] => 1
    [nombre] => brunito
    [apellido] => barber
    [email] => brunocameille@alumnos.itr3.edu.ar
    [contrasena] => $2y$10$F4xQfULyrVhG1JD8Y21QR.vgn9Fzd257acxjmQqHQ3OYfEqBaAPb6
    [direccion_id] => 0
    [id_rol] => 3
    [created_at] => 2025-04-07 13:37:30
    [updated_at] => 2025-09-25 07:58:44
    [invitado_por] => 
    [estado] => activo
    [token_activacion] => 
)

DEBUG - 2025-09-25 08:10:11 --> Ruta actual: /Tesina/public/energia/dispositivo/2
INFO - 2025-09-25 08:10:11 --> Session: Class initialized using 'CodeIgniter\Session\Handlers\FileHandler' driver.
DEBUG - 2025-09-25 08:10:11 --> Datos en sesión: Array
(
    [__ci_last_regenerate] => 1758798579
    [_ci_previous_url] => http://192.168.2.182/Tesina/public/admin/dispositivos
    [id_usuario] => 1
    [nombre] => brunito
    [apellido] => barber
    [email] => brunocameille@alumnos.itr3.edu.ar
    [rol] => supervisor
    [logged_in] => 1
)

INFO - 2025-09-25 08:10:13 --> Session: Class initialized using 'CodeIgniter\Session\Handlers\FileHandler' driver.
DEBUG - 2025-09-25 08:10:16 --> Ruta actual: /Tesina/public/admin/dispositivos
INFO - 2025-09-25 08:10:16 --> Session: Class initialized using 'CodeIgniter\Session\Handlers\FileHandler' driver.
DEBUG - 2025-09-25 08:10:16 --> Datos en sesión: Array
(
    [__ci_last_regenerate] => 1758798579
    [_ci_previous_url] => http://192.168.2.182/Tesina/public/energia/dispositivo/2
    [id_usuario] => 1
    [nombre] => brunito
    [apellido] => barber
    [email] => brunocameille@alumnos.itr3.edu.ar
    [rol] => supervisor
    [logged_in] => 1
)

DEBUG - 2025-09-25 08:10:16 --> Buscando usuario ID: 1
DEBUG - 2025-09-25 08:10:16 --> Resultado de la búsqueda: Array
(
    [id_usuario] => 1
    [nombre] => brunito
    [apellido] => barber
    [email] => brunocameille@alumnos.itr3.edu.ar
    [contrasena] => $2y$10$F4xQfULyrVhG1JD8Y21QR.vgn9Fzd257acxjmQqHQ3OYfEqBaAPb6
    [direccion_id] => 0
    [id_rol] => 3
    [created_at] => 2025-04-07 13:37:30
    [updated_at] => 2025-09-25 07:58:44
    [invitado_por] => 
    [estado] => activo
    [token_activacion] => 
)

DEBUG - 2025-09-25 08:10:17 --> Ruta actual: /Tesina/public/supervisor/gestionarUsuarios
INFO - 2025-09-25 08:10:17 --> Session: Class initialized using 'CodeIgniter\Session\Handlers\FileHandler' driver.
DEBUG - 2025-09-25 08:10:17 --> Datos en sesión: Array
(
    [__ci_last_regenerate] => 1758798579
    [_ci_previous_url] => http://192.168.2.182/Tesina/public/admin/dispositivos
    [id_usuario] => 1
    [nombre] => brunito
    [apellido] => barber
    [email] => brunocameille@alumnos.itr3.edu.ar
    [rol] => supervisor
    [logged_in] => 1
)

DEBUG - 2025-09-25 08:10:21 --> Ruta actual: /Tesina/public/supervisor/dispositivosUsuarios/1
INFO - 2025-09-25 08:10:21 --> Session: Class initialized using 'CodeIgniter\Session\Handlers\FileHandler' driver.
DEBUG - 2025-09-25 08:10:21 --> Datos en sesión: Array
(
    [__ci_last_regenerate] => 1758798579
    [_ci_previous_url] => http://192.168.2.182/Tesina/public/supervisor/gestionarUsuarios
    [id_usuario] => 1
    [nombre] => brunito
    [apellido] => barber
    [email] => brunocameille@alumnos.itr3.edu.ar
    [rol] => supervisor
    [logged_in] => 1
)

DEBUG - 2025-09-25 08:10:21 --> Buscando usuario ID: 1
DEBUG - 2025-09-25 08:10:21 --> Resultado de la búsqueda: Array
(
    [id_usuario] => 1
    [nombre] => brunito
    [apellido] => barber
    [email] => brunocameille@alumnos.itr3.edu.ar
    [contrasena] => $2y$10$F4xQfULyrVhG1JD8Y21QR.vgn9Fzd257acxjmQqHQ3OYfEqBaAPb6
    [direccion_id] => 0
    [id_rol] => 3
    [created_at] => 2025-04-07 13:37:30
    [updated_at] => 2025-09-25 07:58:44
    [invitado_por] => 
    [estado] => activo
    [token_activacion] => 
)

INFO - 2025-09-25 08:10:22 --> Session: Class initialized using 'CodeIgniter\Session\Handlers\FileHandler' driver.
DEBUG - 2025-09-25 08:10:22 --> Accediendo a grafico con ID: 2
DEBUG - 2025-09-25 08:10:22 --> Número de lecturas para gráfico: 31
DEBUG - 2025-09-25 08:10:22 --> Datos del gráfico: Array
(
    [labels] => Array
        (
            [0] => 21/08 16:13
            [1] => 21/08 16:13
            [2] => 21/08 16:13
            [3] => 21/08 16:13
            [4] => 22/08 13:09
            [5] => 22/08 13:10
            [6] => 22/08 13:10
            [7] => 22/08 13:10
            [8] => 22/08 13:10
            [9] => 22/08 13:10
            [10] => 22/08 13:10
            [11] => 22/08 13:10
            [12] => 22/08 13:10
            [13] => 22/08 13:10
            [14] => 22/08 13:10
            [15] => 22/08 13:10
            [16] => 22/08 13:10
            [17] => 22/08 13:10
            [18] => 22/08 13:10
            [19] => 22/08 13:10
            [20] => 22/08 13:10
            [21] => 22/08 13:10
            [22] => 22/08 13:10
            [23] => 22/08 13:10
            [24] => 22/08 13:10
            [25] => 22/08 13:10
            [26] => 22/08 13:10
            [27] => 22/08 13:10
            [28] => 22/08 13:10
            [29] => 22/08 13:11
            [30] => 22/08 13:11
        )

    [consumo] => Array
        (
            [0] => 0
            [1] => 0
            [2] => 0
            [3] => 0
            [4] => 0.0004
            [5] => 0.0008
            [6] => 0.0012
            [7] => 0.0015
            [8] => 0.0019
            [9] => 0.0022
            [10] => 0.0026
            [11] => 0.003
            [12] => 0.0034
            [13] => 0.0037
            [14] => 0.0041
            [15] => 0.0044
            [16] => 0.0048
            [17] => 0.0052
            [18] => 0.0055
            [19] => 0.006
            [20] => 0.0064
            [21] => 0.0069
            [22] => 0.0074
            [23] => 0.0079
            [24] => 0.0083
            [25] => 0.0088
            [26] => 0.0093
            [27] => 0.0097
            [28] => 0.0098
            [29] => 0.0099
            [30] => 0.01
        )

)

INFO - 2025-09-25 08:10:22 --> Session: Class initialized using 'CodeIgniter\Session\Handlers\FileHandler' driver.
DEBUG - 2025-09-25 08:10:22 --> Accediendo a grafico con ID: 1
DEBUG - 2025-09-25 08:10:22 --> Número de lecturas para gráfico: 0
DEBUG - 2025-09-25 08:10:22 --> Datos del gráfico: Array
(
    [labels] => Array
        (
        )

    [consumo] => Array
        (
        )

)

INFO - 2025-09-25 08:10:22 --> Session: Class initialized using 'CodeIgniter\Session\Handlers\FileHandler' driver.
DEBUG - 2025-09-25 08:10:22 --> Accediendo a grafico con ID: 2
DEBUG - 2025-09-25 08:10:22 --> Número de lecturas para gráfico: 31
DEBUG - 2025-09-25 08:10:22 --> Datos del gráfico: Array
(
    [labels] => Array
        (
            [0] => 21/08 16:13
            [1] => 21/08 16:13
            [2] => 21/08 16:13
            [3] => 21/08 16:13
            [4] => 22/08 13:09
            [5] => 22/08 13:10
            [6] => 22/08 13:10
            [7] => 22/08 13:10
            [8] => 22/08 13:10
            [9] => 22/08 13:10
            [10] => 22/08 13:10
            [11] => 22/08 13:10
            [12] => 22/08 13:10
            [13] => 22/08 13:10
            [14] => 22/08 13:10
            [15] => 22/08 13:10
            [16] => 22/08 13:10
            [17] => 22/08 13:10
            [18] => 22/08 13:10
            [19] => 22/08 13:10
            [20] => 22/08 13:10
            [21] => 22/08 13:10
            [22] => 22/08 13:10
            [23] => 22/08 13:10
            [24] => 22/08 13:10
            [25] => 22/08 13:10
            [26] => 22/08 13:10
            [27] => 22/08 13:10
            [28] => 22/08 13:10
            [29] => 22/08 13:11
            [30] => 22/08 13:11
        )

    [consumo] => Array
        (
            [0] => 0
            [1] => 0
            [2] => 0
            [3] => 0
            [4] => 0.0004
            [5] => 0.0008
            [6] => 0.0012
            [7] => 0.0015
            [8] => 0.0019
            [9] => 0.0022
            [10] => 0.0026
            [11] => 0.003
            [12] => 0.0034
            [13] => 0.0037
            [14] => 0.0041
            [15] => 0.0044
            [16] => 0.0048
            [17] => 0.0052
            [18] => 0.0055
            [19] => 0.006
            [20] => 0.0064
            [21] => 0.0069
            [22] => 0.0074
            [23] => 0.0079
            [24] => 0.0083
            [25] => 0.0088
            [26] => 0.0093
            [27] => 0.0097
            [28] => 0.0098
            [29] => 0.0099
            [30] => 0.01
        )

)

INFO - 2025-09-25 08:10:51 --> Session: Class initialized using 'CodeIgniter\Session\Handlers\FileHandler' driver.
DEBUG - 2025-09-25 08:10:51 --> Accediendo a verDatos con ID: 2
DEBUG - 2025-09-25 08:10:51 --> Datos del dispositivo: Array
(
    [id_dispositivo] => 2
    [nombre] => ECOVOLT HOYY 11/4
    [id_usuario] => 1
    [mac_address] => 08:D1:F9:A5:2A:14
    [ip_address] => 
    [ultima_conexion] => 
    [estado] => activo
    [created_at] => 2025-04-11 10:03:27
    [stock] => 0
    [precio] => 0
    [descripcion] => adasdada
    [fecha_actualizacion] => 2025-09-23 11:54:53
    [updated_at] => 2025-09-23 11:54:53
    [codigo_activacion] => 
    [fecha_activacion] => 
)

DEBUG - 2025-09-25 08:10:51 --> Número de lecturas encontradas: 31
DEBUG - 2025-09-25 08:10:51 --> Primera lectura: Array
(
    [id] => 8813
    [id_dispositivo] => 2
    [id_usuario] => 1
    [voltaje] => 118.75
    [corriente] => 3.0956
    [potencia] => 367.6
    [kwh] => 0.01
    [limite_superado] => 0
    [fecha] => 2025-08-22 13:11:02
    [mac_address] => 08:D1:F9:A5:2A:14
)

DEBUG - 2025-09-25 08:10:51 --> Datos enviados a la vista: Array
(
    [dispositivo] => Array
        (
            [id_dispositivo] => 2
            [nombre] => ECOVOLT HOYY 11/4
            [id_usuario] => 1
            [mac_address] => 08:D1:F9:A5:2A:14
            [ip_address] => 
            [ultima_conexion] => 
            [estado] => activo
            [created_at] => 2025-04-11 10:03:27
            [stock] => 0
            [precio] => 0
            [descripcion] => adasdada
            [fecha_actualizacion] => 2025-09-23 11:54:53
            [updated_at] => 2025-09-23 11:54:53
            [codigo_activacion] => 
            [fecha_activacion] => 
        )

    [lecturas] => Array
        (
            [0] => Array
                (
                    [id] => 8813
                    [id_dispositivo] => 2
                    [id_usuario] => 1
                    [voltaje] => 118.75
                    [corriente] => 3.0956
                    [potencia] => 367.6
                    [kwh] => 0.01
                    [limite_superado] => 0
                    [fecha] => 2025-08-22 13:11:02
                    [mac_address] => 08:D1:F9:A5:2A:14
                )

            [1] => Array
                (
                    [id] => 8812
                    [id_dispositivo] => 2
                    [id_usuario] => 1
                    [voltaje] => 118.94
                    [corriente] => 3.0923
                    [potencia] => 367.82
                    [kwh] => 0.0099
                    [limite_superado] => 0
                    [fecha] => 2025-08-22 13:11:00
                    [mac_address] => 08:D1:F9:A5:2A:14
                )

            [2] => Array
                (
                    [id] => 8811
                    [id_dispositivo] => 2
                    [id_usuario] => 1
                    [voltaje] => 108.46
                    [corriente] => 2.432
                    [potencia] => 263.77
                    [kwh] => 0.0098
                    [limite_superado] => 0
                    [fecha] => 2025-08-22 13:10:58
                    [mac_address] => 08:D1:F9:A5:2A:14
                )

            [3] => Array
                (
                    [id] => 8810
                    [id_dispositivo] => 2
                    [id_usuario] => 1
                    [voltaje] => 105.7
                    [corriente] => 16.5
                    [potencia] => 1744.06
                    [kwh] => 0.0097
                    [limite_superado] => 0
                    [fecha] => 2025-08-22 13:10:54
                    [mac_address] => 08:D1:F9:A5:2A:14
                )

            [4] => Array
                (
                    [id] => 8809
                    [id_dispositivo] => 2
                    [id_usuario] => 1
                    [voltaje] => 105.32
                    [corriente] => 16.5
                    [potencia] => 1737.82
                    [kwh] => 0.0093
                    [limite_superado] => 0
                    [fecha] => 2025-08-22 13:10:52
                    [mac_address] => 08:D1:F9:A5:2A:14
                )

            [5] => Array
                (
                    [id] => 8808
                    [id_dispositivo] => 2
                    [id_usuario] => 1
                    [voltaje] => 97.92
                    [corriente] => 16.5
                    [potencia] => 1615.68
                    [kwh] => 0.0088
                    [limite_superado] => 0
                    [fecha] => 2025-08-22 13:10:51
                    [mac_address] => 08:D1:F9:A5:2A:14
                )

            [6] => Array
                (
                    [id] => 8807
                    [id_dispositivo] => 2
                    [id_usuario] => 1
                    [voltaje] => 86.57
                    [corriente] => 16.5
                    [potencia] => 1428.4
                    [kwh] => 0.0083
                    [limite_superado] => 0
                    [fecha] => 2025-08-22 13:10:47
                    [mac_address] => 08:D1:F9:A5:2A:14
                )

            [7] => Array
                (
                    [id] => 8806
                    [id_dispositivo] => 2
                    [id_usuario] => 1
                    [voltaje] => 115.21
                    [corriente] => 16.5
                    [potencia] => 1900.97
                    [kwh] => 0.0079
                    [limite_superado] => 0
                    [fecha] => 2025-08-22 13:10:43
                    [mac_address] => 08:D1:F9:A5:2A:14
                )

            [8] => Array
                (
                    [id] => 8805
                    [id_dispositivo] => 2
                    [id_usuario] => 1
                    [voltaje] => 110.65
                    [corriente] => 16.5
                    [potencia] => 1825.67
                    [kwh] => 0.0074
                    [limite_superado] => 0
                    [fecha] => 2025-08-22 13:10:36
                    [mac_address] => 08:D1:F9:A5:2A:14
                )

            [9] => Array
                (
                    [id] => 8804
                    [id_dispositivo] => 2
                    [id_usuario] => 1
                    [voltaje] => 113.03
                    [corriente] => 16.5
                    [potencia] => 1865.02
                    [kwh] => 0.0069
                    [limite_superado] => 0
                    [fecha] => 2025-08-22 13:10:34
                    [mac_address] => 08:D1:F9:A5:2A:14
                )

            [10] => Array
                (
                    [id] => 8803
                    [id_dispositivo] => 2
                    [id_usuario] => 1
                    [voltaje] => 85.81
                    [corriente] => 16.5
                    [potencia] => 1415.82
                    [kwh] => 0.0064
                    [limite_superado] => 0
                    [fecha] => 2025-08-22 13:10:33
                    [mac_address] => 08:D1:F9:A5:2A:14
                )

            [11] => Array
                (
                    [id] => 8802
                    [id_dispositivo] => 2
                    [id_usuario] => 1
                    [voltaje] => 99.91
                    [corriente] => 16.5
                    [potencia] => 1648.56
                    [kwh] => 0.006
                    [limite_superado] => 0
                    [fecha] => 2025-08-22 13:10:31
                    [mac_address] => 08:D1:F9:A5:2A:14
                )

            [12] => Array
                (
                    [id] => 8801
                    [id_dispositivo] => 2
                    [id_usuario] => 1
                    [voltaje] => 81.01
                    [corriente] => 16.5
                    [potencia] => 1336.63
                    [kwh] => 0.0055
                    [limite_superado] => 0
                    [fecha] => 2025-08-22 13:10:30
                    [mac_address] => 08:D1:F9:A5:2A:14
                )

            [13] => Array
                (
                    [id] => 8800
                    [id_dispositivo] => 2
                    [id_usuario] => 1
                    [voltaje] => 79.58
                    [corriente] => 16.5
                    [potencia] => 1313.09
                    [kwh] => 0.0052
                    [limite_superado] => 0
                    [fecha] => 2025-08-22 13:10:28
                    [mac_address] => 08:D1:F9:A5:2A:14
                )

            [14] => Array
                (
                    [id] => 8799
                    [id_dispositivo] => 2
                    [id_usuario] => 1
                    [voltaje] => 80.12
                    [corriente] => 16.5
                    [potencia] => 1321.94
                    [kwh] => 0.0048
                    [limite_superado] => 0
                    [fecha] => 2025-08-22 13:10:27
                    [mac_address] => 08:D1:F9:A5:2A:14
                )

            [15] => Array
                (
                    [id] => 8798
                    [id_dispositivo] => 2
                    [id_usuario] => 1
                    [voltaje] => 78.4
                    [corriente] => 16.5
                    [potencia] => 1293.59
                    [kwh] => 0.0044
                    [limite_superado] => 0
                    [fecha] => 2025-08-22 13:10:25
                    [mac_address] => 08:D1:F9:A5:2A:14
                )

            [16] => Array
                (
                    [id] => 8797
                    [id_dispositivo] => 2
                    [id_usuario] => 1
                    [voltaje] => 81.92
                    [corriente] => 16.5
                    [potencia] => 1351.67
                    [kwh] => 0.0041
                    [limite_superado] => 0
                    [fecha] => 2025-08-22 13:10:24
                    [mac_address] => 08:D1:F9:A5:2A:14
                )

            [17] => Array
                (
                    [id] => 8796
                    [id_dispositivo] => 2
                    [id_usuario] => 1
                    [voltaje] => 66.81
                    [corriente] => 16.5
                    [potencia] => 1102.29
                    [kwh] => 0.0037
                    [limite_superado] => 0
                    [fecha] => 2025-08-22 13:10:22
                    [mac_address] => 08:D1:F9:A5:2A:14
                )

            [18] => Array
                (
                    [id] => 8795
                    [id_dispositivo] => 2
                    [id_usuario] => 1
                    [voltaje] => 83.33
                    [corriente] => 16.5
                    [potencia] => 1374.97
                    [kwh] => 0.0034
                    [limite_superado] => 0
                    [fecha] => 2025-08-22 13:10:21
                    [mac_address] => 08:D1:F9:A5:2A:14
                )

            [19] => Array
                (
                    [id] => 8794
                    [id_dispositivo] => 2
                    [id_usuario] => 1
                    [voltaje] => 84.69
                    [corriente] => 16.5
                    [potencia] => 1397.41
                    [kwh] => 0.003
                    [limite_superado] => 0
                    [fecha] => 2025-08-22 13:10:19
                    [mac_address] => 08:D1:F9:A5:2A:14
                )

            [20] => Array
                (
                    [id] => 8793
                    [id_dispositivo] => 2
                    [id_usuario] => 1
                    [voltaje] => 82.51
                    [corriente] => 16.5
                    [potencia] => 1361.42
                    [kwh] => 0.0026
                    [limite_superado] => 0
                    [fecha] => 2025-08-22 13:10:17
                    [mac_address] => 08:D1:F9:A5:2A:14
                )

            [21] => Array
                (
                    [id] => 8792
                    [id_dispositivo] => 2
                    [id_usuario] => 1
                    [voltaje] => 78.49
                    [corriente] => 16.5
                    [potencia] => 1295.03
                    [kwh] => 0.0022
                    [limite_superado] => 0
                    [fecha] => 2025-08-22 13:10:13
                    [mac_address] => 08:D1:F9:A5:2A:14
                )

            [22] => Array
                (
                    [id] => 8791
                    [id_dispositivo] => 2
                    [id_usuario] => 1
                    [voltaje] => 78.55
                    [corriente] => 16.5
                    [potencia] => 1296.02
                    [kwh] => 0.0019
                    [limite_superado] => 0
                    [fecha] => 2025-08-22 13:10:07
                    [mac_address] => 08:D1:F9:A5:2A:14
                )

            [23] => Array
                (
                    [id] => 8790
                    [id_dispositivo] => 2
                    [id_usuario] => 1
                    [voltaje] => 78.26
                    [corriente] => 16.5
                    [potencia] => 1291.3
                    [kwh] => 0.0015
                    [limite_superado] => 0
                    [fecha] => 2025-08-22 13:10:05
                    [mac_address] => 08:D1:F9:A5:2A:14
                )

            [24] => Array
                (
                    [id] => 8789
                    [id_dispositivo] => 2
                    [id_usuario] => 1
                    [voltaje] => 84.13
                    [corriente] => 16.5
                    [potencia] => 1388.15
                    [kwh] => 0.0012
                    [limite_superado] => 0
                    [fecha] => 2025-08-22 13:10:04
                    [mac_address] => 08:D1:F9:A5:2A:14
                )

            [25] => Array
                (
                    [id] => 8788
                    [id_dispositivo] => 2
                    [id_usuario] => 1
                    [voltaje] => 81.49
                    [corriente] => 16.5
                    [potencia] => 1344.66
                    [kwh] => 0.0008
                    [limite_superado] => 0
                    [fecha] => 2025-08-22 13:10:00
                    [mac_address] => 08:D1:F9:A5:2A:14
                )

            [26] => Array
                (
                    [id] => 8787
                    [id_dispositivo] => 2
                    [id_usuario] => 1
                    [voltaje] => 86.02
                    [corriente] => 16.5
                    [potencia] => 1419.3
                    [kwh] => 0.0004
                    [limite_superado] => 0
                    [fecha] => 2025-08-22 13:09:58
                    [mac_address] => 08:D1:F9:A5:2A:14
                )

            [27] => Array
                (
                    [id] => 8786
                    [id_dispositivo] => 2
                    [id_usuario] => 1
                    [voltaje] => 220
                    [corriente] => 0
                    [potencia] => 0
                    [kwh] => 0
                    [limite_superado] => 0
                    [fecha] => 2025-08-21 16:13:34
                    [mac_address] => 08:D1:F9:A5:2A:14
                )

            [28] => Array
                (
                    [id] => 8785
                    [id_dispositivo] => 2
                    [id_usuario] => 1
                    [voltaje] => 220
                    [corriente] => 0
                    [potencia] => 0
                    [kwh] => 0
                    [limite_superado] => 0
                    [fecha] => 2025-08-21 16:13:24
                    [mac_address] => 08:D1:F9:A5:2A:14
                )

            [29] => Array
                (
                    [id] => 8784
                    [id_dispositivo] => 2
                    [id_usuario] => 1
                    [voltaje] => 220
                    [corriente] => 0
                    [potencia] => 0
                    [kwh] => 0
                    [limite_superado] => 0
                    [fecha] => 2025-08-21 16:13:14
                    [mac_address] => 08:D1:F9:A5:2A:14
                )

            [30] => Array
                (
                    [id] => 8783
                    [id_dispositivo] => 2
                    [id_usuario] => 1
                    [voltaje] => 220
                    [corriente] => 0
                    [potencia] => 0
                    [kwh] => 0
                    [limite_superado] => 0
                    [fecha] => 2025-08-21 16:13:03
                    [mac_address] => 08:D1:F9:A5:2A:14
                )

        )

)

DEBUG - 2025-09-25 08:11:13 --> Ruta actual: /Tesina/public/admin/dispositivos
INFO - 2025-09-25 08:11:13 --> Session: Class initialized using 'CodeIgniter\Session\Handlers\FileHandler' driver.
DEBUG - 2025-09-25 08:11:13 --> Datos en sesión: Array
(
    [__ci_last_regenerate] => 1758798579
    [_ci_previous_url] => http://192.168.2.182/Tesina/public/consumo/ver/2
    [id_usuario] => 1
    [nombre] => brunito
    [apellido] => barber
    [email] => brunocameille@alumnos.itr3.edu.ar
    [rol] => supervisor
    [logged_in] => 1
)

DEBUG - 2025-09-25 08:11:13 --> Buscando usuario ID: 1
DEBUG - 2025-09-25 08:11:13 --> Resultado de la búsqueda: Array
(
    [id_usuario] => 1
    [nombre] => brunito
    [apellido] => barber
    [email] => brunocameille@alumnos.itr3.edu.ar
    [contrasena] => $2y$10$F4xQfULyrVhG1JD8Y21QR.vgn9Fzd257acxjmQqHQ3OYfEqBaAPb6
    [direccion_id] => 0
    [id_rol] => 3
    [created_at] => 2025-04-07 13:37:30
    [updated_at] => 2025-09-25 07:58:44
    [invitado_por] => 
    [estado] => activo
    [token_activacion] => 
)

DEBUG - 2025-09-25 08:12:13 --> Ruta actual: /Tesina/public/energia/dispositivo/2
INFO - 2025-09-25 08:12:13 --> Session: Class initialized using 'CodeIgniter\Session\Handlers\FileHandler' driver.
DEBUG - 2025-09-25 08:12:13 --> Datos en sesión: Array
(
    [__ci_last_regenerate] => 1758798579
    [_ci_previous_url] => http://192.168.2.182/Tesina/public/admin/dispositivos
    [id_usuario] => 1
    [nombre] => brunito
    [apellido] => barber
    [email] => brunocameille@alumnos.itr3.edu.ar
    [rol] => supervisor
    [logged_in] => 1
)

INFO - 2025-09-25 08:12:14 --> Session: Class initialized using 'CodeIgniter\Session\Handlers\FileHandler' driver.
INFO - 2025-09-25 08:12:19 --> Session: Class initialized using 'CodeIgniter\Session\Handlers\FileHandler' driver.
INFO - 2025-09-25 08:12:24 --> Session: Class initialized using 'CodeIgniter\Session\Handlers\FileHandler' driver.
INFO - 2025-09-25 08:12:29 --> Session: Class initialized using 'CodeIgniter\Session\Handlers\FileHandler' driver.
INFO - 2025-09-25 08:12:34 --> Session: Class initialized using 'CodeIgniter\Session\Handlers\FileHandler' driver.
INFO - 2025-09-25 08:12:39 --> Session: Class initialized using 'CodeIgniter\Session\Handlers\FileHandler' driver.
INFO - 2025-09-25 08:12:43 --> Session: Class initialized using 'CodeIgniter\Session\Handlers\FileHandler' driver.
INFO - 2025-09-25 08:12:48 --> Session: Class initialized using 'CodeIgniter\Session\Handlers\FileHandler' driver.
INFO - 2025-09-25 08:12:52 --> Session: Class initialized using 'CodeIgniter\Session\Handlers\FileHandler' driver.
INFO - 2025-09-25 08:12:52 --> Session: Class initialized using 'CodeIgniter\Session\Handlers\FileHandler' driver.
INFO - 2025-09-25 08:12:52 --> Session: Class initialized using 'CodeIgniter\Session\Handlers\FileHandler' driver.
INFO - 2025-09-25 08:12:53 --> Session: Class initialized using 'CodeIgniter\Session\Handlers\FileHandler' driver.
INFO - 2025-09-25 08:12:53 --> Session: Class initialized using 'CodeIgniter\Session\Handlers\FileHandler' driver.
INFO - 2025-09-25 08:12:53 --> Session: Class initialized using 'CodeIgniter\Session\Handlers\FileHandler' driver.
INFO - 2025-09-25 08:12:53 --> Session: Class initialized using 'CodeIgniter\Session\Handlers\FileHandler' driver.
INFO - 2025-09-25 08:12:54 --> Session: Class initialized using 'CodeIgniter\Session\Handlers\FileHandler' driver.
INFO - 2025-09-25 08:12:58 --> Session: Class initialized using 'CodeIgniter\Session\Handlers\FileHandler' driver.
INFO - 2025-09-25 08:13:03 --> Session: Class initialized using 'CodeIgniter\Session\Handlers\FileHandler' driver.
INFO - 2025-09-25 08:13:08 --> Session: Class initialized using 'CodeIgniter\Session\Handlers\FileHandler' driver.
INFO - 2025-09-25 08:13:13 --> Session: Class initialized using 'CodeIgniter\Session\Handlers\FileHandler' driver.
INFO - 2025-09-25 08:13:18 --> Session: Class initialized using 'CodeIgniter\Session\Handlers\FileHandler' driver.
INFO - 2025-09-25 08:13:23 --> Session: Class initialized using 'CodeIgniter\Session\Handlers\FileHandler' driver.
INFO - 2025-09-25 08:13:28 --> Session: Class initialized using 'CodeIgniter\Session\Handlers\FileHandler' driver.
INFO - 2025-09-25 08:13:33 --> Session: Class initialized using 'CodeIgniter\Session\Handlers\FileHandler' driver.
INFO - 2025-09-25 08:13:38 --> Session: Class initialized using 'CodeIgniter\Session\Handlers\FileHandler' driver.
INFO - 2025-09-25 08:13:43 --> Session: Class initialized using 'CodeIgniter\Session\Handlers\FileHandler' driver.
INFO - 2025-09-25 08:13:48 --> Session: Class initialized using 'CodeIgniter\Session\Handlers\FileHandler' driver.
INFO - 2025-09-25 08:13:53 --> Session: Class initialized using 'CodeIgniter\Session\Handlers\FileHandler' driver.
INFO - 2025-09-25 08:13:58 --> Session: Class initialized using 'CodeIgniter\Session\Handlers\FileHandler' driver.
INFO - 2025-09-25 08:14:03 --> Session: Class initialized using 'CodeIgniter\Session\Handlers\FileHandler' driver.
INFO - 2025-09-25 08:14:08 --> Session: Class initialized using 'CodeIgniter\Session\Handlers\FileHandler' driver.
INFO - 2025-09-25 08:14:14 --> Session: Class initialized using 'CodeIgniter\Session\Handlers\FileHandler' driver.
INFO - 2025-09-25 08:14:18 --> Session: Class initialized using 'CodeIgniter\Session\Handlers\FileHandler' driver.
INFO - 2025-09-25 08:14:23 --> Session: Class initialized using 'CodeIgniter\Session\Handlers\FileHandler' driver.
INFO - 2025-09-25 08:14:28 --> Session: Class initialized using 'CodeIgniter\Session\Handlers\FileHandler' driver.
INFO - 2025-09-25 08:14:33 --> Session: Class initialized using 'CodeIgniter\Session\Handlers\FileHandler' driver.
INFO - 2025-09-25 08:14:38 --> Session: Class initialized using 'CodeIgniter\Session\Handlers\FileHandler' driver.
DEBUG - 2025-09-25 08:14:41 --> Ruta actual: /Tesina/public/supervisor
INFO - 2025-09-25 08:14:41 --> Session: Class initialized using 'CodeIgniter\Session\Handlers\FileHandler' driver.
DEBUG - 2025-09-25 08:14:41 --> Datos en sesión: Array
(
    [__ci_last_regenerate] => 1758798881
    [_ci_previous_url] => http://192.168.2.182/Tesina/public/energia/dispositivo/2
    [id_usuario] => 1
    [nombre] => brunito
    [apellido] => barber
    [email] => brunocameille@alumnos.itr3.edu.ar
    [rol] => supervisor
    [logged_in] => 1
    [tarifa_kwh] => 555626
)

DEBUG - 2025-09-25 08:14:41 --> Buscando usuario ID: 
DEBUG - 2025-09-25 08:14:41 --> Resultado de la búsqueda: Array
(
    [0] => Array
        (
            [id_usuario] => 80
            [nombre] => elvito
            [apellido] => loacs
            [email] => gordoffofo@gmail.com
            [contrasena] => $2y$10$HsEYMPrnTHX2umHxJneNl.uGyJTGG.NYVccBIsTxGFQWx1nf9AWti
            [direccion_id] => 0
            [id_rol] => 1
            [created_at] => 2025-09-16 11:39:13
            [updated_at] => 2025-09-16 11:39:13
            [invitado_por] => 
            [estado] => pendiente
            [token_activacion] => 
            [nombre_rol] => admin
        )

    [1] => Array
        (
            [id_usuario] => 79
            [nombre] => elbajo
            [apellido] => jajjajaa
            [email] => elbajo07@gmail.com
            [contrasena] => $2y$10$1twjBNNrclek2GabqPUw..loUU17B.G5uC9AMbr.KbGr5EeZtzo36
            [direccion_id] => 0
            [id_rol] => 2
            [created_at] => 2025-06-27 08:52:11
            [updated_at] => 2025-06-27 08:52:11
            [invitado_por] => 1
            [estado] => activo
            [token_activacion] => 
            [nombre_rol] => usuario
        )

    [2] => Array
        (
            [id_usuario] => 78
            [nombre] => sopa
            [apellido] => estsasa
            [email] => sopa07@gmail.com
            [contrasena] => $2y$10$/vX5TGtXK2UJfO2/C36MQeKWkUeD/IXqieHeRH3jnLK2ncBSby.Oa
            [direccion_id] => 0
            [id_rol] => 1
            [created_at] => 2025-06-27 08:44:06
            [updated_at] => 2025-06-27 08:45:04
            [invitado_por] => 
            [estado] => activo
            [token_activacion] => 
            [nombre_rol] => admin
        )

    [3] => Array
        (
            [id_usuario] => 77
            [nombre] => llaldll
            [apellido] => asa
            [email] => salamin07@gmail.com
            [contrasena] => $2y$10$sXiTysDWNRBTlLhQawOoauIec0q5HQ/fhvi39Gl4mN61AMikpib0O
            [direccion_id] => 0
            [id_rol] => 1
            [created_at] => 2025-06-27 08:11:55
            [updated_at] => 2025-06-27 08:22:20
            [invitado_por] => 
            [estado] => activo
            [token_activacion] => 
            [nombre_rol] => admin
        )

    [4] => Array
        (
            [id_usuario] => 76
            [nombre] => Manuel
            [apellido] => Urrutia
            [email] => manuelurrutia@alumnos.itr3.edu.ar
            [contrasena] => $2y$10$ljDnuClSssl0YgngR8WkcORiaEEb0P0XtPL2bGwgZ.U50symRFe7u
            [direccion_id] => 0
            [id_rol] => 1
            [created_at] => 2025-06-19 08:22:31
            [updated_at] => 2025-06-19 08:23:16
            [invitado_por] => 75
            [estado] => activo
            [token_activacion] => 
            [nombre_rol] => admin
        )

    [5] => Array
        (
            [id_usuario] => 75
            [nombre] => Aylen
            [apellido] => berthalet
            [email] => aylen@itr3.edu.ar
            [contrasena] => $2y$10$x0R3zQXWhiw14RxYSK6HyOrCl3LPpp8iYxRfKaRXiuc0MKhYahp2i
            [direccion_id] => 0
            [id_rol] => 1
            [created_at] => 2025-06-19 08:14:45
            [updated_at] => 2025-06-19 08:26:02
            [invitado_por] => 
            [estado] => activo
            [token_activacion] => 
            [nombre_rol] => admin
        )

    [6] => Array
        (
            [id_usuario] => 74
            [nombre] => estefanito
            [apellido] => nazi
            [email] => estefano09@gmail.com
            [contrasena] => $2y$10$qjP50Kn8Ogr9Q/q1Iz6cAeJiVJl9HOUd2Yw.JhYH0.tqDtSMtww2W
            [direccion_id] => 0
            [id_rol] => 1
            [created_at] => 2025-06-18 08:56:44
            [updated_at] => 2025-06-18 08:57:09
            [invitado_por] => 
            [estado] => activo
            [token_activacion] => 
            [nombre_rol] => admin
        )

    [7] => Array
        (
            [id_usuario] => 73
            [nombre] => elmedo
            [apellido] => godoy
            [email] => elmedo@gmail.com
            [contrasena] => $2y$10$hsCiQS2iZtSHE7SmAtIzluzYeA0gcpB0eEp7iw0TfVJe7dX44uebC
            [direccion_id] => 0
            [id_rol] => 1
            [created_at] => 2025-06-12 16:52:10
            [updated_at] => 2025-06-12 18:22:19
            [invitado_por] => 
            [estado] => activo
            [token_activacion] => 
            [nombre_rol] => admin
        )

    [8] => Array
        (
            [id_usuario] => 72
            [nombre] => mayitooo
            [apellido] => kaka
            [email] => mayito@gmail.com
            [contrasena] => $2y$10$rq4u2.7llV6L4nGuy0R1dOt2CRvpTD6IeLQmWoUCcm/s3OXteXYcq
            [direccion_id] => 0
            [id_rol] => 1
            [created_at] => 2025-06-11 22:41:57
            [updated_at] => 2025-06-11 22:43:36
            [invitado_por] => 
            [estado] => activo
            [token_activacion] => 
            [nombre_rol] => admin
        )

    [9] => Array
        (
            [id_usuario] => 71
            [nombre] => iancito
            [apellido] => Cameille
            [email] => iancito@gmail.com
            [contrasena] => $2y$10$KCXxE7wnCSzdBEtgShio1.LQqJPG3HfFECdNklgR5Hs0utxhIzCje
            [direccion_id] => 0
            [id_rol] => 1
            [created_at] => 2025-06-03 15:53:41
            [updated_at] => 2025-06-03 15:56:30
            [invitado_por] => 70
            [estado] => activo
            [token_activacion] => 
            [nombre_rol] => admin
        )

)

DEBUG - 2025-09-25 08:14:42 --> Ruta actual: /Tesina/public/supervisor
INFO - 2025-09-25 08:14:42 --> Session: Class initialized using 'CodeIgniter\Session\Handlers\FileHandler' driver.
DEBUG - 2025-09-25 08:14:42 --> Datos en sesión: Array
(
    [__ci_last_regenerate] => 1758798881
    [_ci_previous_url] => http://192.168.2.182/Tesina/public/supervisor
    [id_usuario] => 1
    [nombre] => brunito
    [apellido] => barber
    [email] => brunocameille@alumnos.itr3.edu.ar
    [rol] => supervisor
    [logged_in] => 1
    [tarifa_kwh] => 555626
)

DEBUG - 2025-09-25 08:14:42 --> Buscando usuario ID: 
DEBUG - 2025-09-25 08:14:42 --> Resultado de la búsqueda: Array
(
    [0] => Array
        (
            [id_usuario] => 80
            [nombre] => elvito
            [apellido] => loacs
            [email] => gordoffofo@gmail.com
            [contrasena] => $2y$10$HsEYMPrnTHX2umHxJneNl.uGyJTGG.NYVccBIsTxGFQWx1nf9AWti
            [direccion_id] => 0
            [id_rol] => 1
            [created_at] => 2025-09-16 11:39:13
            [updated_at] => 2025-09-16 11:39:13
            [invitado_por] => 
            [estado] => pendiente
            [token_activacion] => 
            [nombre_rol] => admin
        )

    [1] => Array
        (
            [id_usuario] => 79
            [nombre] => elbajo
            [apellido] => jajjajaa
            [email] => elbajo07@gmail.com
            [contrasena] => $2y$10$1twjBNNrclek2GabqPUw..loUU17B.G5uC9AMbr.KbGr5EeZtzo36
            [direccion_id] => 0
            [id_rol] => 2
            [created_at] => 2025-06-27 08:52:11
            [updated_at] => 2025-06-27 08:52:11
            [invitado_por] => 1
            [estado] => activo
            [token_activacion] => 
            [nombre_rol] => usuario
        )

    [2] => Array
        (
            [id_usuario] => 78
            [nombre] => sopa
            [apellido] => estsasa
            [email] => sopa07@gmail.com
            [contrasena] => $2y$10$/vX5TGtXK2UJfO2/C36MQeKWkUeD/IXqieHeRH3jnLK2ncBSby.Oa
            [direccion_id] => 0
            [id_rol] => 1
            [created_at] => 2025-06-27 08:44:06
            [updated_at] => 2025-06-27 08:45:04
            [invitado_por] => 
            [estado] => activo
            [token_activacion] => 
            [nombre_rol] => admin
        )

    [3] => Array
        (
            [id_usuario] => 77
            [nombre] => llaldll
            [apellido] => asa
            [email] => salamin07@gmail.com
            [contrasena] => $2y$10$sXiTysDWNRBTlLhQawOoauIec0q5HQ/fhvi39Gl4mN61AMikpib0O
            [direccion_id] => 0
            [id_rol] => 1
            [created_at] => 2025-06-27 08:11:55
            [updated_at] => 2025-06-27 08:22:20
            [invitado_por] => 
            [estado] => activo
            [token_activacion] => 
            [nombre_rol] => admin
        )

    [4] => Array
        (
            [id_usuario] => 76
            [nombre] => Manuel
            [apellido] => Urrutia
            [email] => manuelurrutia@alumnos.itr3.edu.ar
            [contrasena] => $2y$10$ljDnuClSssl0YgngR8WkcORiaEEb0P0XtPL2bGwgZ.U50symRFe7u
            [direccion_id] => 0
            [id_rol] => 1
            [created_at] => 2025-06-19 08:22:31
            [updated_at] => 2025-06-19 08:23:16
            [invitado_por] => 75
            [estado] => activo
            [token_activacion] => 
            [nombre_rol] => admin
        )

    [5] => Array
        (
            [id_usuario] => 75
            [nombre] => Aylen
            [apellido] => berthalet
            [email] => aylen@itr3.edu.ar
            [contrasena] => $2y$10$x0R3zQXWhiw14RxYSK6HyOrCl3LPpp8iYxRfKaRXiuc0MKhYahp2i
            [direccion_id] => 0
            [id_rol] => 1
            [created_at] => 2025-06-19 08:14:45
            [updated_at] => 2025-06-19 08:26:02
            [invitado_por] => 
            [estado] => activo
            [token_activacion] => 
            [nombre_rol] => admin
        )

    [6] => Array
        (
            [id_usuario] => 74
            [nombre] => estefanito
            [apellido] => nazi
            [email] => estefano09@gmail.com
            [contrasena] => $2y$10$qjP50Kn8Ogr9Q/q1Iz6cAeJiVJl9HOUd2Yw.JhYH0.tqDtSMtww2W
            [direccion_id] => 0
            [id_rol] => 1
            [created_at] => 2025-06-18 08:56:44
            [updated_at] => 2025-06-18 08:57:09
            [invitado_por] => 
            [estado] => activo
            [token_activacion] => 
            [nombre_rol] => admin
        )

    [7] => Array
        (
            [id_usuario] => 73
            [nombre] => elmedo
            [apellido] => godoy
            [email] => elmedo@gmail.com
            [contrasena] => $2y$10$hsCiQS2iZtSHE7SmAtIzluzYeA0gcpB0eEp7iw0TfVJe7dX44uebC
            [direccion_id] => 0
            [id_rol] => 1
            [created_at] => 2025-06-12 16:52:10
            [updated_at] => 2025-06-12 18:22:19
            [invitado_por] => 
            [estado] => activo
            [token_activacion] => 
            [nombre_rol] => admin
        )

    [8] => Array
        (
            [id_usuario] => 72
            [nombre] => mayitooo
            [apellido] => kaka
            [email] => mayito@gmail.com
            [contrasena] => $2y$10$rq4u2.7llV6L4nGuy0R1dOt2CRvpTD6IeLQmWoUCcm/s3OXteXYcq
            [direccion_id] => 0
            [id_rol] => 1
            [created_at] => 2025-06-11 22:41:57
            [updated_at] => 2025-06-11 22:43:36
            [invitado_por] => 
            [estado] => activo
            [token_activacion] => 
            [nombre_rol] => admin
        )

    [9] => Array
        (
            [id_usuario] => 71
            [nombre] => iancito
            [apellido] => Cameille
            [email] => iancito@gmail.com
            [contrasena] => $2y$10$KCXxE7wnCSzdBEtgShio1.LQqJPG3HfFECdNklgR5Hs0utxhIzCje
            [direccion_id] => 0
            [id_rol] => 1
            [created_at] => 2025-06-03 15:53:41
            [updated_at] => 2025-06-03 15:56:30
            [invitado_por] => 70
            [estado] => activo
            [token_activacion] => 
            [nombre_rol] => admin
        )

)

DEBUG - 2025-09-25 08:14:42 --> Ruta actual: /Tesina/public/supervisor
INFO - 2025-09-25 08:14:42 --> Session: Class initialized using 'CodeIgniter\Session\Handlers\FileHandler' driver.
DEBUG - 2025-09-25 08:14:42 --> Datos en sesión: Array
(
    [__ci_last_regenerate] => 1758798881
    [_ci_previous_url] => http://192.168.2.182/Tesina/public/supervisor
    [id_usuario] => 1
    [nombre] => brunito
    [apellido] => barber
    [email] => brunocameille@alumnos.itr3.edu.ar
    [rol] => supervisor
    [logged_in] => 1
    [tarifa_kwh] => 555626
)

DEBUG - 2025-09-25 08:14:42 --> Buscando usuario ID: 
DEBUG - 2025-09-25 08:14:42 --> Resultado de la búsqueda: Array
(
    [0] => Array
        (
            [id_usuario] => 80
            [nombre] => elvito
            [apellido] => loacs
            [email] => gordoffofo@gmail.com
            [contrasena] => $2y$10$HsEYMPrnTHX2umHxJneNl.uGyJTGG.NYVccBIsTxGFQWx1nf9AWti
            [direccion_id] => 0
            [id_rol] => 1
            [created_at] => 2025-09-16 11:39:13
            [updated_at] => 2025-09-16 11:39:13
            [invitado_por] => 
            [estado] => pendiente
            [token_activacion] => 
            [nombre_rol] => admin
        )

    [1] => Array
        (
            [id_usuario] => 79
            [nombre] => elbajo
            [apellido] => jajjajaa
            [email] => elbajo07@gmail.com
            [contrasena] => $2y$10$1twjBNNrclek2GabqPUw..loUU17B.G5uC9AMbr.KbGr5EeZtzo36
            [direccion_id] => 0
            [id_rol] => 2
            [created_at] => 2025-06-27 08:52:11
            [updated_at] => 2025-06-27 08:52:11
            [invitado_por] => 1
            [estado] => activo
            [token_activacion] => 
            [nombre_rol] => usuario
        )

    [2] => Array
        (
            [id_usuario] => 78
            [nombre] => sopa
            [apellido] => estsasa
            [email] => sopa07@gmail.com
            [contrasena] => $2y$10$/vX5TGtXK2UJfO2/C36MQeKWkUeD/IXqieHeRH3jnLK2ncBSby.Oa
            [direccion_id] => 0
            [id_rol] => 1
            [created_at] => 2025-06-27 08:44:06
            [updated_at] => 2025-06-27 08:45:04
            [invitado_por] => 
            [estado] => activo
            [token_activacion] => 
            [nombre_rol] => admin
        )

    [3] => Array
        (
            [id_usuario] => 77
            [nombre] => llaldll
            [apellido] => asa
            [email] => salamin07@gmail.com
            [contrasena] => $2y$10$sXiTysDWNRBTlLhQawOoauIec0q5HQ/fhvi39Gl4mN61AMikpib0O
            [direccion_id] => 0
            [id_rol] => 1
            [created_at] => 2025-06-27 08:11:55
            [updated_at] => 2025-06-27 08:22:20
            [invitado_por] => 
            [estado] => activo
            [token_activacion] => 
            [nombre_rol] => admin
        )

    [4] => Array
        (
            [id_usuario] => 76
            [nombre] => Manuel
            [apellido] => Urrutia
            [email] => manuelurrutia@alumnos.itr3.edu.ar
            [contrasena] => $2y$10$ljDnuClSssl0YgngR8WkcORiaEEb0P0XtPL2bGwgZ.U50symRFe7u
            [direccion_id] => 0
            [id_rol] => 1
            [created_at] => 2025-06-19 08:22:31
            [updated_at] => 2025-06-19 08:23:16
            [invitado_por] => 75
            [estado] => activo
            [token_activacion] => 
            [nombre_rol] => admin
        )

    [5] => Array
        (
            [id_usuario] => 75
            [nombre] => Aylen
            [apellido] => berthalet
            [email] => aylen@itr3.edu.ar
            [contrasena] => $2y$10$x0R3zQXWhiw14RxYSK6HyOrCl3LPpp8iYxRfKaRXiuc0MKhYahp2i
            [direccion_id] => 0
            [id_rol] => 1
            [created_at] => 2025-06-19 08:14:45
            [updated_at] => 2025-06-19 08:26:02
            [invitado_por] => 
            [estado] => activo
            [token_activacion] => 
            [nombre_rol] => admin
        )

    [6] => Array
        (
            [id_usuario] => 74
            [nombre] => estefanito
            [apellido] => nazi
            [email] => estefano09@gmail.com
            [contrasena] => $2y$10$qjP50Kn8Ogr9Q/q1Iz6cAeJiVJl9HOUd2Yw.JhYH0.tqDtSMtww2W
            [direccion_id] => 0
            [id_rol] => 1
            [created_at] => 2025-06-18 08:56:44
            [updated_at] => 2025-06-18 08:57:09
            [invitado_por] => 
            [estado] => activo
            [token_activacion] => 
            [nombre_rol] => admin
        )

    [7] => Array
        (
            [id_usuario] => 73
            [nombre] => elmedo
            [apellido] => godoy
            [email] => elmedo@gmail.com
            [contrasena] => $2y$10$hsCiQS2iZtSHE7SmAtIzluzYeA0gcpB0eEp7iw0TfVJe7dX44uebC
            [direccion_id] => 0
            [id_rol] => 1
            [created_at] => 2025-06-12 16:52:10
            [updated_at] => 2025-06-12 18:22:19
            [invitado_por] => 
            [estado] => activo
            [token_activacion] => 
            [nombre_rol] => admin
        )

    [8] => Array
        (
            [id_usuario] => 72
            [nombre] => mayitooo
            [apellido] => kaka
            [email] => mayito@gmail.com
            [contrasena] => $2y$10$rq4u2.7llV6L4nGuy0R1dOt2CRvpTD6IeLQmWoUCcm/s3OXteXYcq
            [direccion_id] => 0
            [id_rol] => 1
            [created_at] => 2025-06-11 22:41:57
            [updated_at] => 2025-06-11 22:43:36
            [invitado_por] => 
            [estado] => activo
            [token_activacion] => 
            [nombre_rol] => admin
        )

    [9] => Array
        (
            [id_usuario] => 71
            [nombre] => iancito
            [apellido] => Cameille
            [email] => iancito@gmail.com
            [contrasena] => $2y$10$KCXxE7wnCSzdBEtgShio1.LQqJPG3HfFECdNklgR5Hs0utxhIzCje
            [direccion_id] => 0
            [id_rol] => 1
            [created_at] => 2025-06-03 15:53:41
            [updated_at] => 2025-06-03 15:56:30
            [invitado_por] => 70
            [estado] => activo
            [token_activacion] => 
            [nombre_rol] => admin
        )

)

DEBUG - 2025-09-25 08:14:44 --> Ruta actual: /Tesina/public/supervisor
INFO - 2025-09-25 08:14:44 --> Session: Class initialized using 'CodeIgniter\Session\Handlers\FileHandler' driver.
DEBUG - 2025-09-25 08:14:44 --> Datos en sesión: Array
(
    [__ci_last_regenerate] => 1758798881
    [_ci_previous_url] => http://192.168.2.182/Tesina/public/supervisor
    [id_usuario] => 1
    [nombre] => brunito
    [apellido] => barber
    [email] => brunocameille@alumnos.itr3.edu.ar
    [rol] => supervisor
    [logged_in] => 1
    [tarifa_kwh] => 555626
)

DEBUG - 2025-09-25 08:14:44 --> Buscando usuario ID: 
DEBUG - 2025-09-25 08:14:44 --> Resultado de la búsqueda: Array
(
    [0] => Array
        (
            [id_usuario] => 80
            [nombre] => elvito
            [apellido] => loacs
            [email] => gordoffofo@gmail.com
            [contrasena] => $2y$10$HsEYMPrnTHX2umHxJneNl.uGyJTGG.NYVccBIsTxGFQWx1nf9AWti
            [direccion_id] => 0
            [id_rol] => 1
            [created_at] => 2025-09-16 11:39:13
            [updated_at] => 2025-09-16 11:39:13
            [invitado_por] => 
            [estado] => pendiente
            [token_activacion] => 
            [nombre_rol] => admin
        )

    [1] => Array
        (
            [id_usuario] => 79
            [nombre] => elbajo
            [apellido] => jajjajaa
            [email] => elbajo07@gmail.com
            [contrasena] => $2y$10$1twjBNNrclek2GabqPUw..loUU17B.G5uC9AMbr.KbGr5EeZtzo36
            [direccion_id] => 0
            [id_rol] => 2
            [created_at] => 2025-06-27 08:52:11
            [updated_at] => 2025-06-27 08:52:11
            [invitado_por] => 1
            [estado] => activo
            [token_activacion] => 
            [nombre_rol] => usuario
        )

    [2] => Array
        (
            [id_usuario] => 78
            [nombre] => sopa
            [apellido] => estsasa
            [email] => sopa07@gmail.com
            [contrasena] => $2y$10$/vX5TGtXK2UJfO2/C36MQeKWkUeD/IXqieHeRH3jnLK2ncBSby.Oa
            [direccion_id] => 0
            [id_rol] => 1
            [created_at] => 2025-06-27 08:44:06
            [updated_at] => 2025-06-27 08:45:04
            [invitado_por] => 
            [estado] => activo
            [token_activacion] => 
            [nombre_rol] => admin
        )

    [3] => Array
        (
            [id_usuario] => 77
            [nombre] => llaldll
            [apellido] => asa
            [email] => salamin07@gmail.com
            [contrasena] => $2y$10$sXiTysDWNRBTlLhQawOoauIec0q5HQ/fhvi39Gl4mN61AMikpib0O
            [direccion_id] => 0
            [id_rol] => 1
            [created_at] => 2025-06-27 08:11:55
            [updated_at] => 2025-06-27 08:22:20
            [invitado_por] => 
            [estado] => activo
            [token_activacion] => 
            [nombre_rol] => admin
        )

    [4] => Array
        (
            [id_usuario] => 76
            [nombre] => Manuel
            [apellido] => Urrutia
            [email] => manuelurrutia@alumnos.itr3.edu.ar
            [contrasena] => $2y$10$ljDnuClSssl0YgngR8WkcORiaEEb0P0XtPL2bGwgZ.U50symRFe7u
            [direccion_id] => 0
            [id_rol] => 1
            [created_at] => 2025-06-19 08:22:31
            [updated_at] => 2025-06-19 08:23:16
            [invitado_por] => 75
            [estado] => activo
            [token_activacion] => 
            [nombre_rol] => admin
        )

    [5] => Array
        (
            [id_usuario] => 75
            [nombre] => Aylen
            [apellido] => berthalet
            [email] => aylen@itr3.edu.ar
            [contrasena] => $2y$10$x0R3zQXWhiw14RxYSK6HyOrCl3LPpp8iYxRfKaRXiuc0MKhYahp2i
            [direccion_id] => 0
            [id_rol] => 1
            [created_at] => 2025-06-19 08:14:45
            [updated_at] => 2025-06-19 08:26:02
            [invitado_por] => 
            [estado] => activo
            [token_activacion] => 
            [nombre_rol] => admin
        )

    [6] => Array
        (
            [id_usuario] => 74
            [nombre] => estefanito
            [apellido] => nazi
            [email] => estefano09@gmail.com
            [contrasena] => $2y$10$qjP50Kn8Ogr9Q/q1Iz6cAeJiVJl9HOUd2Yw.JhYH0.tqDtSMtww2W
            [direccion_id] => 0
            [id_rol] => 1
            [created_at] => 2025-06-18 08:56:44
            [updated_at] => 2025-06-18 08:57:09
            [invitado_por] => 
            [estado] => activo
            [token_activacion] => 
            [nombre_rol] => admin
        )

    [7] => Array
        (
            [id_usuario] => 73
            [nombre] => elmedo
            [apellido] => godoy
            [email] => elmedo@gmail.com
            [contrasena] => $2y$10$hsCiQS2iZtSHE7SmAtIzluzYeA0gcpB0eEp7iw0TfVJe7dX44uebC
            [direccion_id] => 0
            [id_rol] => 1
            [created_at] => 2025-06-12 16:52:10
            [updated_at] => 2025-06-12 18:22:19
            [invitado_por] => 
            [estado] => activo
            [token_activacion] => 
            [nombre_rol] => admin
        )

    [8] => Array
        (
            [id_usuario] => 72
            [nombre] => mayitooo
            [apellido] => kaka
            [email] => mayito@gmail.com
            [contrasena] => $2y$10$rq4u2.7llV6L4nGuy0R1dOt2CRvpTD6IeLQmWoUCcm/s3OXteXYcq
            [direccion_id] => 0
            [id_rol] => 1
            [created_at] => 2025-06-11 22:41:57
            [updated_at] => 2025-06-11 22:43:36
            [invitado_por] => 
            [estado] => activo
            [token_activacion] => 
            [nombre_rol] => admin
        )

    [9] => Array
        (
            [id_usuario] => 71
            [nombre] => iancito
            [apellido] => Cameille
            [email] => iancito@gmail.com
            [contrasena] => $2y$10$KCXxE7wnCSzdBEtgShio1.LQqJPG3HfFECdNklgR5Hs0utxhIzCje
            [direccion_id] => 0
            [id_rol] => 1
            [created_at] => 2025-06-03 15:53:41
            [updated_at] => 2025-06-03 15:56:30
            [invitado_por] => 70
            [estado] => activo
            [token_activacion] => 
            [nombre_rol] => admin
        )

)

DEBUG - 2025-09-25 08:14:45 --> Ruta actual: /Tesina/public/supervisor/gestionarUsuarios
INFO - 2025-09-25 08:14:45 --> Session: Class initialized using 'CodeIgniter\Session\Handlers\FileHandler' driver.
DEBUG - 2025-09-25 08:14:45 --> Datos en sesión: Array
(
    [__ci_last_regenerate] => 1758798881
    [_ci_previous_url] => http://192.168.2.182/Tesina/public/supervisor
    [id_usuario] => 1
    [nombre] => brunito
    [apellido] => barber
    [email] => brunocameille@alumnos.itr3.edu.ar
    [rol] => supervisor
    [logged_in] => 1
    [tarifa_kwh] => 555626
)

DEBUG - 2025-09-25 08:14:51 --> Ruta actual: /Tesina/public/supervisor/dispositivosUsuarios/1
INFO - 2025-09-25 08:14:51 --> Session: Class initialized using 'CodeIgniter\Session\Handlers\FileHandler' driver.
DEBUG - 2025-09-25 08:14:51 --> Datos en sesión: Array
(
    [__ci_last_regenerate] => 1758798881
    [_ci_previous_url] => http://192.168.2.182/Tesina/public/supervisor/gestionarUsuarios
    [id_usuario] => 1
    [nombre] => brunito
    [apellido] => barber
    [email] => brunocameille@alumnos.itr3.edu.ar
    [rol] => supervisor
    [logged_in] => 1
    [tarifa_kwh] => 555626
)

DEBUG - 2025-09-25 08:14:51 --> Buscando usuario ID: 1
DEBUG - 2025-09-25 08:14:51 --> Resultado de la búsqueda: Array
(
    [id_usuario] => 1
    [nombre] => brunito
    [apellido] => barber
    [email] => brunocameille@alumnos.itr3.edu.ar
    [contrasena] => $2y$10$F4xQfULyrVhG1JD8Y21QR.vgn9Fzd257acxjmQqHQ3OYfEqBaAPb6
    [direccion_id] => 0
    [id_rol] => 3
    [created_at] => 2025-04-07 13:37:30
    [updated_at] => 2025-09-25 07:58:44
    [invitado_por] => 
    [estado] => activo
    [token_activacion] => 
)

INFO - 2025-09-25 08:14:52 --> Session: Class initialized using 'CodeIgniter\Session\Handlers\FileHandler' driver.
DEBUG - 2025-09-25 08:14:52 --> Accediendo a grafico con ID: 2
DEBUG - 2025-09-25 08:14:52 --> Número de lecturas para gráfico: 31
DEBUG - 2025-09-25 08:14:52 --> Datos del gráfico: Array
(
    [labels] => Array
        (
            [0] => 21/08 16:13
            [1] => 21/08 16:13
            [2] => 21/08 16:13
            [3] => 21/08 16:13
            [4] => 22/08 13:09
            [5] => 22/08 13:10
            [6] => 22/08 13:10
            [7] => 22/08 13:10
            [8] => 22/08 13:10
            [9] => 22/08 13:10
            [10] => 22/08 13:10
            [11] => 22/08 13:10
            [12] => 22/08 13:10
            [13] => 22/08 13:10
            [14] => 22/08 13:10
            [15] => 22/08 13:10
            [16] => 22/08 13:10
            [17] => 22/08 13:10
            [18] => 22/08 13:10
            [19] => 22/08 13:10
            [20] => 22/08 13:10
            [21] => 22/08 13:10
            [22] => 22/08 13:10
            [23] => 22/08 13:10
            [24] => 22/08 13:10
            [25] => 22/08 13:10
            [26] => 22/08 13:10
            [27] => 22/08 13:10
            [28] => 22/08 13:10
            [29] => 22/08 13:11
            [30] => 22/08 13:11
        )

    [consumo] => Array
        (
            [0] => 0
            [1] => 0
            [2] => 0
            [3] => 0
            [4] => 0.0004
            [5] => 0.0008
            [6] => 0.0012
            [7] => 0.0015
            [8] => 0.0019
            [9] => 0.0022
            [10] => 0.0026
            [11] => 0.003
            [12] => 0.0034
            [13] => 0.0037
            [14] => 0.0041
            [15] => 0.0044
            [16] => 0.0048
            [17] => 0.0052
            [18] => 0.0055
            [19] => 0.006
            [20] => 0.0064
            [21] => 0.0069
            [22] => 0.0074
            [23] => 0.0079
            [24] => 0.0083
            [25] => 0.0088
            [26] => 0.0093
            [27] => 0.0097
            [28] => 0.0098
            [29] => 0.0099
            [30] => 0.01
        )

)

INFO - 2025-09-25 08:14:52 --> Session: Class initialized using 'CodeIgniter\Session\Handlers\FileHandler' driver.
DEBUG - 2025-09-25 08:14:52 --> Accediendo a grafico con ID: 1
DEBUG - 2025-09-25 08:14:52 --> Número de lecturas para gráfico: 0
DEBUG - 2025-09-25 08:14:52 --> Datos del gráfico: Array
(
    [labels] => Array
        (
        )

    [consumo] => Array
        (
        )

)

INFO - 2025-09-25 08:14:52 --> Session: Class initialized using 'CodeIgniter\Session\Handlers\FileHandler' driver.
DEBUG - 2025-09-25 08:14:52 --> Accediendo a grafico con ID: 2
DEBUG - 2025-09-25 08:14:52 --> Número de lecturas para gráfico: 31
DEBUG - 2025-09-25 08:14:52 --> Datos del gráfico: Array
(
    [labels] => Array
        (
            [0] => 21/08 16:13
            [1] => 21/08 16:13
            [2] => 21/08 16:13
            [3] => 21/08 16:13
            [4] => 22/08 13:09
            [5] => 22/08 13:10
            [6] => 22/08 13:10
            [7] => 22/08 13:10
            [8] => 22/08 13:10
            [9] => 22/08 13:10
            [10] => 22/08 13:10
            [11] => 22/08 13:10
            [12] => 22/08 13:10
            [13] => 22/08 13:10
            [14] => 22/08 13:10
            [15] => 22/08 13:10
            [16] => 22/08 13:10
            [17] => 22/08 13:10
            [18] => 22/08 13:10
            [19] => 22/08 13:10
            [20] => 22/08 13:10
            [21] => 22/08 13:10
            [22] => 22/08 13:10
            [23] => 22/08 13:10
            [24] => 22/08 13:10
            [25] => 22/08 13:10
            [26] => 22/08 13:10
            [27] => 22/08 13:10
            [28] => 22/08 13:10
            [29] => 22/08 13:11
            [30] => 22/08 13:11
        )

    [consumo] => Array
        (
            [0] => 0
            [1] => 0
            [2] => 0
            [3] => 0
            [4] => 0.0004
            [5] => 0.0008
            [6] => 0.0012
            [7] => 0.0015
            [8] => 0.0019
            [9] => 0.0022
            [10] => 0.0026
            [11] => 0.003
            [12] => 0.0034
            [13] => 0.0037
            [14] => 0.0041
            [15] => 0.0044
            [16] => 0.0048
            [17] => 0.0052
            [18] => 0.0055
            [19] => 0.006
            [20] => 0.0064
            [21] => 0.0069
            [22] => 0.0074
            [23] => 0.0079
            [24] => 0.0083
            [25] => 0.0088
            [26] => 0.0093
            [27] => 0.0097
            [28] => 0.0098
            [29] => 0.0099
            [30] => 0.01
        )

)

DEBUG - 2025-09-25 08:15:03 --> Ruta actual: /Tesina/public/supervisor/verLecturasDispositivo/2
INFO - 2025-09-25 08:15:03 --> Session: Class initialized using 'CodeIgniter\Session\Handlers\FileHandler' driver.
DEBUG - 2025-09-25 08:15:03 --> Datos en sesión: Array
(
    [__ci_last_regenerate] => 1758798881
    [_ci_previous_url] => http://192.168.2.182/Tesina/public/supervisor/dispositivosUsuarios/1
    [id_usuario] => 1
    [nombre] => brunito
    [apellido] => barber
    [email] => brunocameille@alumnos.itr3.edu.ar
    [rol] => supervisor
    [logged_in] => 1
    [tarifa_kwh] => 555626
)

DEBUG - 2025-09-25 08:15:03 --> Ruta actual: /Tesina/public/supervisor/obtenerLecturasDispositivo/2
INFO - 2025-09-25 08:15:03 --> Session: Class initialized using 'CodeIgniter\Session\Handlers\FileHandler' driver.
DEBUG - 2025-09-25 08:15:03 --> Datos en sesión: Array
(
    [__ci_last_regenerate] => 1758798881
    [_ci_previous_url] => http://192.168.2.182/Tesina/public/supervisor/verLecturasDispositivo/2
    [id_usuario] => 1
    [nombre] => brunito
    [apellido] => barber
    [email] => brunocameille@alumnos.itr3.edu.ar
    [rol] => supervisor
    [logged_in] => 1
    [tarifa_kwh] => 555626
)

DEBUG - 2025-09-25 08:15:14 --> Ruta actual: /Tesina/public/supervisor/obtenerLecturasDispositivo/2
INFO - 2025-09-25 08:15:14 --> Session: Class initialized using 'CodeIgniter\Session\Handlers\FileHandler' driver.
DEBUG - 2025-09-25 08:15:14 --> Datos en sesión: Array
(
    [__ci_last_regenerate] => 1758798881
    [_ci_previous_url] => http://192.168.2.182/Tesina/public/supervisor/verLecturasDispositivo/2
    [id_usuario] => 1
    [nombre] => brunito
    [apellido] => barber
    [email] => brunocameille@alumnos.itr3.edu.ar
    [rol] => supervisor
    [logged_in] => 1
    [tarifa_kwh] => 555626
)

DEBUG - 2025-09-25 08:15:36 --> Ruta actual: /Tesina/public/supervisor/obtenerLecturasDispositivo/2
INFO - 2025-09-25 08:15:36 --> Session: Class initialized using 'CodeIgniter\Session\Handlers\FileHandler' driver.
DEBUG - 2025-09-25 08:15:36 --> Datos en sesión: Array
(
    [__ci_last_regenerate] => 1758798881
    [_ci_previous_url] => http://192.168.2.182/Tesina/public/supervisor/verLecturasDispositivo/2
    [id_usuario] => 1
    [nombre] => brunito
    [apellido] => barber
    [email] => brunocameille@alumnos.itr3.edu.ar
    [rol] => supervisor
    [logged_in] => 1
    [tarifa_kwh] => 555626
)

DEBUG - 2025-09-25 08:15:39 --> Ruta actual: /Tesina/public/supervisor/obtenerLecturasDispositivo/2
INFO - 2025-09-25 08:15:39 --> Session: Class initialized using 'CodeIgniter\Session\Handlers\FileHandler' driver.
DEBUG - 2025-09-25 08:15:39 --> Datos en sesión: Array
(
    [__ci_last_regenerate] => 1758798881
    [_ci_previous_url] => http://192.168.2.182/Tesina/public/supervisor/verLecturasDispositivo/2
    [id_usuario] => 1
    [nombre] => brunito
    [apellido] => barber
    [email] => brunocameille@alumnos.itr3.edu.ar
    [rol] => supervisor
    [logged_in] => 1
    [tarifa_kwh] => 555626
)

DEBUG - 2025-09-25 08:16:27 --> Ruta actual: /Tesina/public/supervisor/obtenerLecturasDispositivo/2
INFO - 2025-09-25 08:16:27 --> Session: Class initialized using 'CodeIgniter\Session\Handlers\FileHandler' driver.
DEBUG - 2025-09-25 08:16:27 --> Datos en sesión: Array
(
    [__ci_last_regenerate] => 1758798881
    [_ci_previous_url] => http://192.168.2.182/Tesina/public/supervisor/verLecturasDispositivo/2
    [id_usuario] => 1
    [nombre] => brunito
    [apellido] => barber
    [email] => brunocameille@alumnos.itr3.edu.ar
    [rol] => supervisor
    [logged_in] => 1
    [tarifa_kwh] => 555626
)

DEBUG - 2025-09-25 08:16:52 --> Ruta actual: /Tesina/public/supervisor/dispositivosUsuarios/1
INFO - 2025-09-25 08:16:52 --> Session: Class initialized using 'CodeIgniter\Session\Handlers\FileHandler' driver.
DEBUG - 2025-09-25 08:16:52 --> Datos en sesión: Array
(
    [__ci_last_regenerate] => 1758798881
    [_ci_previous_url] => http://192.168.2.182/Tesina/public/supervisor/verLecturasDispositivo/2
    [id_usuario] => 1
    [nombre] => brunito
    [apellido] => barber
    [email] => brunocameille@alumnos.itr3.edu.ar
    [rol] => supervisor
    [logged_in] => 1
    [tarifa_kwh] => 555626
)

DEBUG - 2025-09-25 08:16:52 --> Buscando usuario ID: 1
DEBUG - 2025-09-25 08:16:52 --> Resultado de la búsqueda: Array
(
    [id_usuario] => 1
    [nombre] => brunito
    [apellido] => barber
    [email] => brunocameille@alumnos.itr3.edu.ar
    [contrasena] => $2y$10$F4xQfULyrVhG1JD8Y21QR.vgn9Fzd257acxjmQqHQ3OYfEqBaAPb6
    [direccion_id] => 0
    [id_rol] => 3
    [created_at] => 2025-04-07 13:37:30
    [updated_at] => 2025-09-25 07:58:44
    [invitado_por] => 
    [estado] => activo
    [token_activacion] => 
)

INFO - 2025-09-25 08:16:52 --> Session: Class initialized using 'CodeIgniter\Session\Handlers\FileHandler' driver.
DEBUG - 2025-09-25 08:16:52 --> Accediendo a grafico con ID: 1
DEBUG - 2025-09-25 08:16:52 --> Número de lecturas para gráfico: 0
DEBUG - 2025-09-25 08:16:52 --> Datos del gráfico: Array
(
    [labels] => Array
        (
        )

    [consumo] => Array
        (
        )

)

INFO - 2025-09-25 08:16:52 --> Session: Class initialized using 'CodeIgniter\Session\Handlers\FileHandler' driver.
DEBUG - 2025-09-25 08:16:52 --> Accediendo a grafico con ID: 2
DEBUG - 2025-09-25 08:16:52 --> Número de lecturas para gráfico: 31
DEBUG - 2025-09-25 08:16:52 --> Datos del gráfico: Array
(
    [labels] => Array
        (
            [0] => 21/08 16:13
            [1] => 21/08 16:13
            [2] => 21/08 16:13
            [3] => 21/08 16:13
            [4] => 22/08 13:09
            [5] => 22/08 13:10
            [6] => 22/08 13:10
            [7] => 22/08 13:10
            [8] => 22/08 13:10
            [9] => 22/08 13:10
            [10] => 22/08 13:10
            [11] => 22/08 13:10
            [12] => 22/08 13:10
            [13] => 22/08 13:10
            [14] => 22/08 13:10
            [15] => 22/08 13:10
            [16] => 22/08 13:10
            [17] => 22/08 13:10
            [18] => 22/08 13:10
            [19] => 22/08 13:10
            [20] => 22/08 13:10
            [21] => 22/08 13:10
            [22] => 22/08 13:10
            [23] => 22/08 13:10
            [24] => 22/08 13:10
            [25] => 22/08 13:10
            [26] => 22/08 13:10
            [27] => 22/08 13:10
            [28] => 22/08 13:10
            [29] => 22/08 13:11
            [30] => 22/08 13:11
        )

    [consumo] => Array
        (
            [0] => 0
            [1] => 0
            [2] => 0
            [3] => 0
            [4] => 0.0004
            [5] => 0.0008
            [6] => 0.0012
            [7] => 0.0015
            [8] => 0.0019
            [9] => 0.0022
            [10] => 0.0026
            [11] => 0.003
            [12] => 0.0034
            [13] => 0.0037
            [14] => 0.0041
            [15] => 0.0044
            [16] => 0.0048
            [17] => 0.0052
            [18] => 0.0055
            [19] => 0.006
            [20] => 0.0064
            [21] => 0.0069
            [22] => 0.0074
            [23] => 0.0079
            [24] => 0.0083
            [25] => 0.0088
            [26] => 0.0093
            [27] => 0.0097
            [28] => 0.0098
            [29] => 0.0099
            [30] => 0.01
        )

)

INFO - 2025-09-25 08:16:53 --> Session: Class initialized using 'CodeIgniter\Session\Handlers\FileHandler' driver.
DEBUG - 2025-09-25 08:16:53 --> Accediendo a grafico con ID: 2
DEBUG - 2025-09-25 08:16:53 --> Número de lecturas para gráfico: 31
DEBUG - 2025-09-25 08:16:53 --> Datos del gráfico: Array
(
    [labels] => Array
        (
            [0] => 21/08 16:13
            [1] => 21/08 16:13
            [2] => 21/08 16:13
            [3] => 21/08 16:13
            [4] => 22/08 13:09
            [5] => 22/08 13:10
            [6] => 22/08 13:10
            [7] => 22/08 13:10
            [8] => 22/08 13:10
            [9] => 22/08 13:10
            [10] => 22/08 13:10
            [11] => 22/08 13:10
            [12] => 22/08 13:10
            [13] => 22/08 13:10
            [14] => 22/08 13:10
            [15] => 22/08 13:10
            [16] => 22/08 13:10
            [17] => 22/08 13:10
            [18] => 22/08 13:10
            [19] => 22/08 13:10
            [20] => 22/08 13:10
            [21] => 22/08 13:10
            [22] => 22/08 13:10
            [23] => 22/08 13:10
            [24] => 22/08 13:10
            [25] => 22/08 13:10
            [26] => 22/08 13:10
            [27] => 22/08 13:10
            [28] => 22/08 13:10
            [29] => 22/08 13:11
            [30] => 22/08 13:11
        )

    [consumo] => Array
        (
            [0] => 0
            [1] => 0
            [2] => 0
            [3] => 0
            [4] => 0.0004
            [5] => 0.0008
            [6] => 0.0012
            [7] => 0.0015
            [8] => 0.0019
            [9] => 0.0022
            [10] => 0.0026
            [11] => 0.003
            [12] => 0.0034
            [13] => 0.0037
            [14] => 0.0041
            [15] => 0.0044
            [16] => 0.0048
            [17] => 0.0052
            [18] => 0.0055
            [19] => 0.006
            [20] => 0.0064
            [21] => 0.0069
            [22] => 0.0074
            [23] => 0.0079
            [24] => 0.0083
            [25] => 0.0088
            [26] => 0.0093
            [27] => 0.0097
            [28] => 0.0098
            [29] => 0.0099
            [30] => 0.01
        )

)

DEBUG - 2025-09-25 08:16:54 --> Ruta actual: /Tesina/public/supervisor/gestionarUsuarios
INFO - 2025-09-25 08:16:54 --> Session: Class initialized using 'CodeIgniter\Session\Handlers\FileHandler' driver.
DEBUG - 2025-09-25 08:16:54 --> Datos en sesión: Array
(
    [__ci_last_regenerate] => 1758798881
    [_ci_previous_url] => http://192.168.2.182/Tesina/public/supervisor/dispositivosUsuarios/1
    [id_usuario] => 1
    [nombre] => brunito
    [apellido] => barber
    [email] => brunocameille@alumnos.itr3.edu.ar
    [rol] => supervisor
    [logged_in] => 1
    [tarifa_kwh] => 555626
)

DEBUG - 2025-09-25 08:16:59 --> Ruta actual: /Tesina/public/supervisor/dispositivosUsuarios/1
INFO - 2025-09-25 08:16:59 --> Session: Class initialized using 'CodeIgniter\Session\Handlers\FileHandler' driver.
DEBUG - 2025-09-25 08:16:59 --> Datos en sesión: Array
(
    [__ci_last_regenerate] => 1758798881
    [_ci_previous_url] => http://192.168.2.182/Tesina/public/supervisor/gestionarUsuarios
    [id_usuario] => 1
    [nombre] => brunito
    [apellido] => barber
    [email] => brunocameille@alumnos.itr3.edu.ar
    [rol] => supervisor
    [logged_in] => 1
    [tarifa_kwh] => 555626
)

DEBUG - 2025-09-25 08:16:59 --> Buscando usuario ID: 1
DEBUG - 2025-09-25 08:16:59 --> Resultado de la búsqueda: Array
(
    [id_usuario] => 1
    [nombre] => brunito
    [apellido] => barber
    [email] => brunocameille@alumnos.itr3.edu.ar
    [contrasena] => $2y$10$F4xQfULyrVhG1JD8Y21QR.vgn9Fzd257acxjmQqHQ3OYfEqBaAPb6
    [direccion_id] => 0
    [id_rol] => 3
    [created_at] => 2025-04-07 13:37:30
    [updated_at] => 2025-09-25 07:58:44
    [invitado_por] => 
    [estado] => activo
    [token_activacion] => 
)

INFO - 2025-09-25 08:17:00 --> Session: Class initialized using 'CodeIgniter\Session\Handlers\FileHandler' driver.
DEBUG - 2025-09-25 08:17:00 --> Accediendo a grafico con ID: 1
DEBUG - 2025-09-25 08:17:00 --> Número de lecturas para gráfico: 0
DEBUG - 2025-09-25 08:17:00 --> Datos del gráfico: Array
(
    [labels] => Array
        (
        )

    [consumo] => Array
        (
        )

)

INFO - 2025-09-25 08:17:00 --> Session: Class initialized using 'CodeIgniter\Session\Handlers\FileHandler' driver.
DEBUG - 2025-09-25 08:17:00 --> Accediendo a grafico con ID: 2
DEBUG - 2025-09-25 08:17:00 --> Número de lecturas para gráfico: 31
DEBUG - 2025-09-25 08:17:00 --> Datos del gráfico: Array
(
    [labels] => Array
        (
            [0] => 21/08 16:13
            [1] => 21/08 16:13
            [2] => 21/08 16:13
            [3] => 21/08 16:13
            [4] => 22/08 13:09
            [5] => 22/08 13:10
            [6] => 22/08 13:10
            [7] => 22/08 13:10
            [8] => 22/08 13:10
            [9] => 22/08 13:10
            [10] => 22/08 13:10
            [11] => 22/08 13:10
            [12] => 22/08 13:10
            [13] => 22/08 13:10
            [14] => 22/08 13:10
            [15] => 22/08 13:10
            [16] => 22/08 13:10
            [17] => 22/08 13:10
            [18] => 22/08 13:10
            [19] => 22/08 13:10
            [20] => 22/08 13:10
            [21] => 22/08 13:10
            [22] => 22/08 13:10
            [23] => 22/08 13:10
            [24] => 22/08 13:10
            [25] => 22/08 13:10
            [26] => 22/08 13:10
            [27] => 22/08 13:10
            [28] => 22/08 13:10
            [29] => 22/08 13:11
            [30] => 22/08 13:11
        )

    [consumo] => Array
        (
            [0] => 0
            [1] => 0
            [2] => 0
            [3] => 0
            [4] => 0.0004
            [5] => 0.0008
            [6] => 0.0012
            [7] => 0.0015
            [8] => 0.0019
            [9] => 0.0022
            [10] => 0.0026
            [11] => 0.003
            [12] => 0.0034
            [13] => 0.0037
            [14] => 0.0041
            [15] => 0.0044
            [16] => 0.0048
            [17] => 0.0052
            [18] => 0.0055
            [19] => 0.006
            [20] => 0.0064
            [21] => 0.0069
            [22] => 0.0074
            [23] => 0.0079
            [24] => 0.0083
            [25] => 0.0088
            [26] => 0.0093
            [27] => 0.0097
            [28] => 0.0098
            [29] => 0.0099
            [30] => 0.01
        )

)

INFO - 2025-09-25 08:17:01 --> Session: Class initialized using 'CodeIgniter\Session\Handlers\FileHandler' driver.
DEBUG - 2025-09-25 08:17:01 --> Accediendo a grafico con ID: 2
DEBUG - 2025-09-25 08:17:01 --> Número de lecturas para gráfico: 31
DEBUG - 2025-09-25 08:17:01 --> Datos del gráfico: Array
(
    [labels] => Array
        (
            [0] => 21/08 16:13
            [1] => 21/08 16:13
            [2] => 21/08 16:13
            [3] => 21/08 16:13
            [4] => 22/08 13:09
            [5] => 22/08 13:10
            [6] => 22/08 13:10
            [7] => 22/08 13:10
            [8] => 22/08 13:10
            [9] => 22/08 13:10
            [10] => 22/08 13:10
            [11] => 22/08 13:10
            [12] => 22/08 13:10
            [13] => 22/08 13:10
            [14] => 22/08 13:10
            [15] => 22/08 13:10
            [16] => 22/08 13:10
            [17] => 22/08 13:10
            [18] => 22/08 13:10
            [19] => 22/08 13:10
            [20] => 22/08 13:10
            [21] => 22/08 13:10
            [22] => 22/08 13:10
            [23] => 22/08 13:10
            [24] => 22/08 13:10
            [25] => 22/08 13:10
            [26] => 22/08 13:10
            [27] => 22/08 13:10
            [28] => 22/08 13:10
            [29] => 22/08 13:11
            [30] => 22/08 13:11
        )

    [consumo] => Array
        (
            [0] => 0
            [1] => 0
            [2] => 0
            [3] => 0
            [4] => 0.0004
            [5] => 0.0008
            [6] => 0.0012
            [7] => 0.0015
            [8] => 0.0019
            [9] => 0.0022
            [10] => 0.0026
            [11] => 0.003
            [12] => 0.0034
            [13] => 0.0037
            [14] => 0.0041
            [15] => 0.0044
            [16] => 0.0048
            [17] => 0.0052
            [18] => 0.0055
            [19] => 0.006
            [20] => 0.0064
            [21] => 0.0069
            [22] => 0.0074
            [23] => 0.0079
            [24] => 0.0083
            [25] => 0.0088
            [26] => 0.0093
            [27] => 0.0097
            [28] => 0.0098
            [29] => 0.0099
            [30] => 0.01
        )

)

DEBUG - 2025-09-25 08:17:03 --> Ruta actual: /Tesina/public/supervisor/verLecturasDispositivo/2
INFO - 2025-09-25 08:17:03 --> Session: Class initialized using 'CodeIgniter\Session\Handlers\FileHandler' driver.
DEBUG - 2025-09-25 08:17:03 --> Datos en sesión: Array
(
    [__ci_last_regenerate] => 1758798881
    [_ci_previous_url] => http://192.168.2.182/Tesina/public/supervisor/dispositivosUsuarios/1
    [id_usuario] => 1
    [nombre] => brunito
    [apellido] => barber
    [email] => brunocameille@alumnos.itr3.edu.ar
    [rol] => supervisor
    [logged_in] => 1
    [tarifa_kwh] => 555626
)

DEBUG - 2025-09-25 08:17:03 --> Ruta actual: /Tesina/public/supervisor/obtenerLecturasDispositivo/2
INFO - 2025-09-25 08:17:03 --> Session: Class initialized using 'CodeIgniter\Session\Handlers\FileHandler' driver.
DEBUG - 2025-09-25 08:17:03 --> Datos en sesión: Array
(
    [__ci_last_regenerate] => 1758798881
    [_ci_previous_url] => http://192.168.2.182/Tesina/public/supervisor/verLecturasDispositivo/2
    [id_usuario] => 1
    [nombre] => brunito
    [apellido] => barber
    [email] => brunocameille@alumnos.itr3.edu.ar
    [rol] => supervisor
    [logged_in] => 1
    [tarifa_kwh] => 555626
)

DEBUG - 2025-09-25 08:17:45 --> Ruta actual: /Tesina/public/supervisor/obtenerLecturasDispositivo/2
INFO - 2025-09-25 08:17:45 --> Session: Class initialized using 'CodeIgniter\Session\Handlers\FileHandler' driver.
DEBUG - 2025-09-25 08:17:45 --> Datos en sesión: Array
(
    [__ci_last_regenerate] => 1758798881
    [_ci_previous_url] => http://192.168.2.182/Tesina/public/supervisor/verLecturasDispositivo/2
    [id_usuario] => 1
    [nombre] => brunito
    [apellido] => barber
    [email] => brunocameille@alumnos.itr3.edu.ar
    [rol] => supervisor
    [logged_in] => 1
    [tarifa_kwh] => 555626
)

DEBUG - 2025-09-25 08:17:47 --> Ruta actual: /Tesina/public/supervisor/obtenerLecturasDispositivo/2
INFO - 2025-09-25 08:17:47 --> Session: Class initialized using 'CodeIgniter\Session\Handlers\FileHandler' driver.
DEBUG - 2025-09-25 08:17:47 --> Datos en sesión: Array
(
    [__ci_last_regenerate] => 1758798881
    [_ci_previous_url] => http://192.168.2.182/Tesina/public/supervisor/verLecturasDispositivo/2
    [id_usuario] => 1
    [nombre] => brunito
    [apellido] => barber
    [email] => brunocameille@alumnos.itr3.edu.ar
    [rol] => supervisor
    [logged_in] => 1
    [tarifa_kwh] => 555626
)

DEBUG - 2025-09-25 08:17:47 --> Ruta actual: /Tesina/public/supervisor/obtenerLecturasDispositivo/2
INFO - 2025-09-25 08:17:47 --> Session: Class initialized using 'CodeIgniter\Session\Handlers\FileHandler' driver.
DEBUG - 2025-09-25 08:17:47 --> Datos en sesión: Array
(
    [__ci_last_regenerate] => 1758798881
    [_ci_previous_url] => http://192.168.2.182/Tesina/public/supervisor/verLecturasDispositivo/2
    [id_usuario] => 1
    [nombre] => brunito
    [apellido] => barber
    [email] => brunocameille@alumnos.itr3.edu.ar
    [rol] => supervisor
    [logged_in] => 1
    [tarifa_kwh] => 555626
)

DEBUG - 2025-09-25 08:17:51 --> Ruta actual: /Tesina/public/supervisor/obtenerLecturasDispositivo/2
INFO - 2025-09-25 08:17:51 --> Session: Class initialized using 'CodeIgniter\Session\Handlers\FileHandler' driver.
DEBUG - 2025-09-25 08:17:51 --> Datos en sesión: Array
(
    [__ci_last_regenerate] => 1758798881
    [_ci_previous_url] => http://192.168.2.182/Tesina/public/supervisor/verLecturasDispositivo/2
    [id_usuario] => 1
    [nombre] => brunito
    [apellido] => barber
    [email] => brunocameille@alumnos.itr3.edu.ar
    [rol] => supervisor
    [logged_in] => 1
    [tarifa_kwh] => 555626
)

DEBUG - 2025-09-25 08:17:51 --> Ruta actual: /Tesina/public/supervisor/obtenerLecturasDispositivo/2
INFO - 2025-09-25 08:17:51 --> Session: Class initialized using 'CodeIgniter\Session\Handlers\FileHandler' driver.
DEBUG - 2025-09-25 08:17:51 --> Datos en sesión: Array
(
    [__ci_last_regenerate] => 1758798881
    [_ci_previous_url] => http://192.168.2.182/Tesina/public/supervisor/verLecturasDispositivo/2
    [id_usuario] => 1
    [nombre] => brunito
    [apellido] => barber
    [email] => brunocameille@alumnos.itr3.edu.ar
    [rol] => supervisor
    [logged_in] => 1
    [tarifa_kwh] => 555626
)

DEBUG - 2025-09-25 08:17:52 --> Ruta actual: /Tesina/public/supervisor/obtenerLecturasDispositivo/2
INFO - 2025-09-25 08:17:52 --> Session: Class initialized using 'CodeIgniter\Session\Handlers\FileHandler' driver.
DEBUG - 2025-09-25 08:17:52 --> Datos en sesión: Array
(
    [__ci_last_regenerate] => 1758798881
    [_ci_previous_url] => http://192.168.2.182/Tesina/public/supervisor/verLecturasDispositivo/2
    [id_usuario] => 1
    [nombre] => brunito
    [apellido] => barber
    [email] => brunocameille@alumnos.itr3.edu.ar
    [rol] => supervisor
    [logged_in] => 1
    [tarifa_kwh] => 555626
)

DEBUG - 2025-09-25 08:17:52 --> Ruta actual: /Tesina/public/supervisor/obtenerLecturasDispositivo/2
INFO - 2025-09-25 08:17:52 --> Session: Class initialized using 'CodeIgniter\Session\Handlers\FileHandler' driver.
DEBUG - 2025-09-25 08:17:52 --> Datos en sesión: Array
(
    [__ci_last_regenerate] => 1758798881
    [_ci_previous_url] => http://192.168.2.182/Tesina/public/supervisor/verLecturasDispositivo/2
    [id_usuario] => 1
    [nombre] => brunito
    [apellido] => barber
    [email] => brunocameille@alumnos.itr3.edu.ar
    [rol] => supervisor
    [logged_in] => 1
    [tarifa_kwh] => 555626
)

DEBUG - 2025-09-25 08:17:53 --> Ruta actual: /Tesina/public/supervisor/obtenerLecturasDispositivo/2
INFO - 2025-09-25 08:17:53 --> Session: Class initialized using 'CodeIgniter\Session\Handlers\FileHandler' driver.
DEBUG - 2025-09-25 08:17:53 --> Datos en sesión: Array
(
    [__ci_last_regenerate] => 1758798881
    [_ci_previous_url] => http://192.168.2.182/Tesina/public/supervisor/verLecturasDispositivo/2
    [id_usuario] => 1
    [nombre] => brunito
    [apellido] => barber
    [email] => brunocameille@alumnos.itr3.edu.ar
    [rol] => supervisor
    [logged_in] => 1
    [tarifa_kwh] => 555626
)

DEBUG - 2025-09-25 08:17:54 --> Ruta actual: /Tesina/public/supervisor/obtenerLecturasDispositivo/2
INFO - 2025-09-25 08:17:54 --> Session: Class initialized using 'CodeIgniter\Session\Handlers\FileHandler' driver.
DEBUG - 2025-09-25 08:17:54 --> Datos en sesión: Array
(
    [__ci_last_regenerate] => 1758798881
    [_ci_previous_url] => http://192.168.2.182/Tesina/public/supervisor/verLecturasDispositivo/2
    [id_usuario] => 1
    [nombre] => brunito
    [apellido] => barber
    [email] => brunocameille@alumnos.itr3.edu.ar
    [rol] => supervisor
    [logged_in] => 1
    [tarifa_kwh] => 555626
)

DEBUG - 2025-09-25 08:17:54 --> Ruta actual: /Tesina/public/supervisor/obtenerLecturasDispositivo/2
INFO - 2025-09-25 08:17:54 --> Session: Class initialized using 'CodeIgniter\Session\Handlers\FileHandler' driver.
DEBUG - 2025-09-25 08:17:54 --> Datos en sesión: Array
(
    [__ci_last_regenerate] => 1758798881
    [_ci_previous_url] => http://192.168.2.182/Tesina/public/supervisor/verLecturasDispositivo/2
    [id_usuario] => 1
    [nombre] => brunito
    [apellido] => barber
    [email] => brunocameille@alumnos.itr3.edu.ar
    [rol] => supervisor
    [logged_in] => 1
    [tarifa_kwh] => 555626
)

DEBUG - 2025-09-25 08:17:59 --> Ruta actual: /Tesina/public/supervisor/verLecturasDispositivo/2
INFO - 2025-09-25 08:17:59 --> Session: Class initialized using 'CodeIgniter\Session\Handlers\FileHandler' driver.
DEBUG - 2025-09-25 08:17:59 --> Datos en sesión: Array
(
    [__ci_last_regenerate] => 1758798881
    [_ci_previous_url] => http://192.168.2.182/Tesina/public/supervisor/verLecturasDispositivo/2
    [id_usuario] => 1
    [nombre] => brunito
    [apellido] => barber
    [email] => brunocameille@alumnos.itr3.edu.ar
    [rol] => supervisor
    [logged_in] => 1
    [tarifa_kwh] => 555626
)

DEBUG - 2025-09-25 08:18:00 --> Ruta actual: /Tesina/public/supervisor/obtenerLecturasDispositivo/2
INFO - 2025-09-25 08:18:00 --> Session: Class initialized using 'CodeIgniter\Session\Handlers\FileHandler' driver.
DEBUG - 2025-09-25 08:18:00 --> Datos en sesión: Array
(
    [__ci_last_regenerate] => 1758798881
    [_ci_previous_url] => http://192.168.2.182/Tesina/public/supervisor/verLecturasDispositivo/2
    [id_usuario] => 1
    [nombre] => brunito
    [apellido] => barber
    [email] => brunocameille@alumnos.itr3.edu.ar
    [rol] => supervisor
    [logged_in] => 1
    [tarifa_kwh] => 555626
)

DEBUG - 2025-09-25 08:18:15 --> Ruta actual: /Tesina/public/supervisor/obtenerLecturasDispositivo/2
INFO - 2025-09-25 08:18:15 --> Session: Class initialized using 'CodeIgniter\Session\Handlers\FileHandler' driver.
DEBUG - 2025-09-25 08:18:15 --> Datos en sesión: Array
(
    [__ci_last_regenerate] => 1758798881
    [_ci_previous_url] => http://192.168.2.182/Tesina/public/supervisor/verLecturasDispositivo/2
    [id_usuario] => 1
    [nombre] => brunito
    [apellido] => barber
    [email] => brunocameille@alumnos.itr3.edu.ar
    [rol] => supervisor
    [logged_in] => 1
    [tarifa_kwh] => 555626
)

DEBUG - 2025-09-25 08:18:20 --> Ruta actual: /Tesina/public/supervisor/obtenerLecturasDispositivo/2
INFO - 2025-09-25 08:18:20 --> Session: Class initialized using 'CodeIgniter\Session\Handlers\FileHandler' driver.
DEBUG - 2025-09-25 08:18:20 --> Datos en sesión: Array
(
    [__ci_last_regenerate] => 1758798881
    [_ci_previous_url] => http://192.168.2.182/Tesina/public/supervisor/verLecturasDispositivo/2
    [id_usuario] => 1
    [nombre] => brunito
    [apellido] => barber
    [email] => brunocameille@alumnos.itr3.edu.ar
    [rol] => supervisor
    [logged_in] => 1
    [tarifa_kwh] => 555626
)

DEBUG - 2025-09-25 08:18:50 --> Ruta actual: /Tesina/public/supervisor/obtenerLecturasDispositivo/2
INFO - 2025-09-25 08:18:50 --> Session: Class initialized using 'CodeIgniter\Session\Handlers\FileHandler' driver.
DEBUG - 2025-09-25 08:18:50 --> Datos en sesión: Array
(
    [__ci_last_regenerate] => 1758798881
    [_ci_previous_url] => http://192.168.2.182/Tesina/public/supervisor/verLecturasDispositivo/2
    [id_usuario] => 1
    [nombre] => brunito
    [apellido] => barber
    [email] => brunocameille@alumnos.itr3.edu.ar
    [rol] => supervisor
    [logged_in] => 1
    [tarifa_kwh] => 555626
)

DEBUG - 2025-09-25 08:18:54 --> Ruta actual: /Tesina/public/supervisor/obtenerLecturasDispositivo/2
INFO - 2025-09-25 08:18:54 --> Session: Class initialized using 'CodeIgniter\Session\Handlers\FileHandler' driver.
DEBUG - 2025-09-25 08:18:54 --> Datos en sesión: Array
(
    [__ci_last_regenerate] => 1758798881
    [_ci_previous_url] => http://192.168.2.182/Tesina/public/supervisor/verLecturasDispositivo/2
    [id_usuario] => 1
    [nombre] => brunito
    [apellido] => barber
    [email] => brunocameille@alumnos.itr3.edu.ar
    [rol] => supervisor
    [logged_in] => 1
    [tarifa_kwh] => 555626
)

DEBUG - 2025-09-25 08:18:56 --> Ruta actual: /Tesina/public/supervisor/dispositivosUsuarios/1
INFO - 2025-09-25 08:18:56 --> Session: Class initialized using 'CodeIgniter\Session\Handlers\FileHandler' driver.
DEBUG - 2025-09-25 08:18:56 --> Datos en sesión: Array
(
    [__ci_last_regenerate] => 1758798881
    [_ci_previous_url] => http://192.168.2.182/Tesina/public/supervisor/verLecturasDispositivo/2
    [id_usuario] => 1
    [nombre] => brunito
    [apellido] => barber
    [email] => brunocameille@alumnos.itr3.edu.ar
    [rol] => supervisor
    [logged_in] => 1
    [tarifa_kwh] => 555626
)

DEBUG - 2025-09-25 08:18:56 --> Buscando usuario ID: 1
DEBUG - 2025-09-25 08:18:56 --> Resultado de la búsqueda: Array
(
    [id_usuario] => 1
    [nombre] => brunito
    [apellido] => barber
    [email] => brunocameille@alumnos.itr3.edu.ar
    [contrasena] => $2y$10$F4xQfULyrVhG1JD8Y21QR.vgn9Fzd257acxjmQqHQ3OYfEqBaAPb6
    [direccion_id] => 0
    [id_rol] => 3
    [created_at] => 2025-04-07 13:37:30
    [updated_at] => 2025-09-25 07:58:44
    [invitado_por] => 
    [estado] => activo
    [token_activacion] => 
)

INFO - 2025-09-25 08:18:56 --> Session: Class initialized using 'CodeIgniter\Session\Handlers\FileHandler' driver.
DEBUG - 2025-09-25 08:18:56 --> Accediendo a grafico con ID: 2
DEBUG - 2025-09-25 08:18:56 --> Número de lecturas para gráfico: 31
DEBUG - 2025-09-25 08:18:56 --> Datos del gráfico: Array
(
    [labels] => Array
        (
            [0] => 21/08 16:13
            [1] => 21/08 16:13
            [2] => 21/08 16:13
            [3] => 21/08 16:13
            [4] => 22/08 13:09
            [5] => 22/08 13:10
            [6] => 22/08 13:10
            [7] => 22/08 13:10
            [8] => 22/08 13:10
            [9] => 22/08 13:10
            [10] => 22/08 13:10
            [11] => 22/08 13:10
            [12] => 22/08 13:10
            [13] => 22/08 13:10
            [14] => 22/08 13:10
            [15] => 22/08 13:10
            [16] => 22/08 13:10
            [17] => 22/08 13:10
            [18] => 22/08 13:10
            [19] => 22/08 13:10
            [20] => 22/08 13:10
            [21] => 22/08 13:10
            [22] => 22/08 13:10
            [23] => 22/08 13:10
            [24] => 22/08 13:10
            [25] => 22/08 13:10
            [26] => 22/08 13:10
            [27] => 22/08 13:10
            [28] => 22/08 13:10
            [29] => 22/08 13:11
            [30] => 22/08 13:11
        )

    [consumo] => Array
        (
            [0] => 0
            [1] => 0
            [2] => 0
            [3] => 0
            [4] => 0.0004
            [5] => 0.0008
            [6] => 0.0012
            [7] => 0.0015
            [8] => 0.0019
            [9] => 0.0022
            [10] => 0.0026
            [11] => 0.003
            [12] => 0.0034
            [13] => 0.0037
            [14] => 0.0041
            [15] => 0.0044
            [16] => 0.0048
            [17] => 0.0052
            [18] => 0.0055
            [19] => 0.006
            [20] => 0.0064
            [21] => 0.0069
            [22] => 0.0074
            [23] => 0.0079
            [24] => 0.0083
            [25] => 0.0088
            [26] => 0.0093
            [27] => 0.0097
            [28] => 0.0098
            [29] => 0.0099
            [30] => 0.01
        )

)

INFO - 2025-09-25 08:18:56 --> Session: Class initialized using 'CodeIgniter\Session\Handlers\FileHandler' driver.
DEBUG - 2025-09-25 08:18:56 --> Accediendo a grafico con ID: 1
DEBUG - 2025-09-25 08:18:56 --> Número de lecturas para gráfico: 0
DEBUG - 2025-09-25 08:18:56 --> Datos del gráfico: Array
(
    [labels] => Array
        (
        )

    [consumo] => Array
        (
        )

)

INFO - 2025-09-25 08:18:56 --> Session: Class initialized using 'CodeIgniter\Session\Handlers\FileHandler' driver.
DEBUG - 2025-09-25 08:18:56 --> Accediendo a grafico con ID: 2
DEBUG - 2025-09-25 08:18:57 --> Número de lecturas para gráfico: 31
DEBUG - 2025-09-25 08:18:57 --> Datos del gráfico: Array
(
    [labels] => Array
        (
            [0] => 21/08 16:13
            [1] => 21/08 16:13
            [2] => 21/08 16:13
            [3] => 21/08 16:13
            [4] => 22/08 13:09
            [5] => 22/08 13:10
            [6] => 22/08 13:10
            [7] => 22/08 13:10
            [8] => 22/08 13:10
            [9] => 22/08 13:10
            [10] => 22/08 13:10
            [11] => 22/08 13:10
            [12] => 22/08 13:10
            [13] => 22/08 13:10
            [14] => 22/08 13:10
            [15] => 22/08 13:10
            [16] => 22/08 13:10
            [17] => 22/08 13:10
            [18] => 22/08 13:10
            [19] => 22/08 13:10
            [20] => 22/08 13:10
            [21] => 22/08 13:10
            [22] => 22/08 13:10
            [23] => 22/08 13:10
            [24] => 22/08 13:10
            [25] => 22/08 13:10
            [26] => 22/08 13:10
            [27] => 22/08 13:10
            [28] => 22/08 13:10
            [29] => 22/08 13:11
            [30] => 22/08 13:11
        )

    [consumo] => Array
        (
            [0] => 0
            [1] => 0
            [2] => 0
            [3] => 0
            [4] => 0.0004
            [5] => 0.0008
            [6] => 0.0012
            [7] => 0.0015
            [8] => 0.0019
            [9] => 0.0022
            [10] => 0.0026
            [11] => 0.003
            [12] => 0.0034
            [13] => 0.0037
            [14] => 0.0041
            [15] => 0.0044
            [16] => 0.0048
            [17] => 0.0052
            [18] => 0.0055
            [19] => 0.006
            [20] => 0.0064
            [21] => 0.0069
            [22] => 0.0074
            [23] => 0.0079
            [24] => 0.0083
            [25] => 0.0088
            [26] => 0.0093
            [27] => 0.0097
            [28] => 0.0098
            [29] => 0.0099
            [30] => 0.01
        )

)

DEBUG - 2025-09-25 08:19:15 --> Ruta actual: /Tesina/public/supervisor
INFO - 2025-09-25 08:19:15 --> Session: Class initialized using 'CodeIgniter\Session\Handlers\FileHandler' driver.
DEBUG - 2025-09-25 08:19:15 --> Datos en sesión: Array
(
    [__ci_last_regenerate] => 1758798881
    [_ci_previous_url] => http://192.168.2.182/Tesina/public/supervisor/dispositivosUsuarios/1
    [id_usuario] => 1
    [nombre] => brunito
    [apellido] => barber
    [email] => brunocameille@alumnos.itr3.edu.ar
    [rol] => supervisor
    [logged_in] => 1
    [tarifa_kwh] => 555626
)

DEBUG - 2025-09-25 08:19:15 --> Buscando usuario ID: 
DEBUG - 2025-09-25 08:19:15 --> Resultado de la búsqueda: Array
(
    [0] => Array
        (
            [id_usuario] => 80
            [nombre] => elvito
            [apellido] => loacs
            [email] => gordoffofo@gmail.com
            [contrasena] => $2y$10$HsEYMPrnTHX2umHxJneNl.uGyJTGG.NYVccBIsTxGFQWx1nf9AWti
            [direccion_id] => 0
            [id_rol] => 1
            [created_at] => 2025-09-16 11:39:13
            [updated_at] => 2025-09-16 11:39:13
            [invitado_por] => 
            [estado] => pendiente
            [token_activacion] => 
            [nombre_rol] => admin
        )

    [1] => Array
        (
            [id_usuario] => 79
            [nombre] => elbajo
            [apellido] => jajjajaa
            [email] => elbajo07@gmail.com
            [contrasena] => $2y$10$1twjBNNrclek2GabqPUw..loUU17B.G5uC9AMbr.KbGr5EeZtzo36
            [direccion_id] => 0
            [id_rol] => 2
            [created_at] => 2025-06-27 08:52:11
            [updated_at] => 2025-06-27 08:52:11
            [invitado_por] => 1
            [estado] => activo
            [token_activacion] => 
            [nombre_rol] => usuario
        )

    [2] => Array
        (
            [id_usuario] => 78
            [nombre] => sopa
            [apellido] => estsasa
            [email] => sopa07@gmail.com
            [contrasena] => $2y$10$/vX5TGtXK2UJfO2/C36MQeKWkUeD/IXqieHeRH3jnLK2ncBSby.Oa
            [direccion_id] => 0
            [id_rol] => 1
            [created_at] => 2025-06-27 08:44:06
            [updated_at] => 2025-06-27 08:45:04
            [invitado_por] => 
            [estado] => activo
            [token_activacion] => 
            [nombre_rol] => admin
        )

    [3] => Array
        (
            [id_usuario] => 77
            [nombre] => llaldll
            [apellido] => asa
            [email] => salamin07@gmail.com
            [contrasena] => $2y$10$sXiTysDWNRBTlLhQawOoauIec0q5HQ/fhvi39Gl4mN61AMikpib0O
            [direccion_id] => 0
            [id_rol] => 1
            [created_at] => 2025-06-27 08:11:55
            [updated_at] => 2025-06-27 08:22:20
            [invitado_por] => 
            [estado] => activo
            [token_activacion] => 
            [nombre_rol] => admin
        )

    [4] => Array
        (
            [id_usuario] => 76
            [nombre] => Manuel
            [apellido] => Urrutia
            [email] => manuelurrutia@alumnos.itr3.edu.ar
            [contrasena] => $2y$10$ljDnuClSssl0YgngR8WkcORiaEEb0P0XtPL2bGwgZ.U50symRFe7u
            [direccion_id] => 0
            [id_rol] => 1
            [created_at] => 2025-06-19 08:22:31
            [updated_at] => 2025-06-19 08:23:16
            [invitado_por] => 75
            [estado] => activo
            [token_activacion] => 
            [nombre_rol] => admin
        )

    [5] => Array
        (
            [id_usuario] => 75
            [nombre] => Aylen
            [apellido] => berthalet
            [email] => aylen@itr3.edu.ar
            [contrasena] => $2y$10$x0R3zQXWhiw14RxYSK6HyOrCl3LPpp8iYxRfKaRXiuc0MKhYahp2i
            [direccion_id] => 0
            [id_rol] => 1
            [created_at] => 2025-06-19 08:14:45
            [updated_at] => 2025-06-19 08:26:02
            [invitado_por] => 
            [estado] => activo
            [token_activacion] => 
            [nombre_rol] => admin
        )

    [6] => Array
        (
            [id_usuario] => 74
            [nombre] => estefanito
            [apellido] => nazi
            [email] => estefano09@gmail.com
            [contrasena] => $2y$10$qjP50Kn8Ogr9Q/q1Iz6cAeJiVJl9HOUd2Yw.JhYH0.tqDtSMtww2W
            [direccion_id] => 0
            [id_rol] => 1
            [created_at] => 2025-06-18 08:56:44
            [updated_at] => 2025-06-18 08:57:09
            [invitado_por] => 
            [estado] => activo
            [token_activacion] => 
            [nombre_rol] => admin
        )

    [7] => Array
        (
            [id_usuario] => 73
            [nombre] => elmedo
            [apellido] => godoy
            [email] => elmedo@gmail.com
            [contrasena] => $2y$10$hsCiQS2iZtSHE7SmAtIzluzYeA0gcpB0eEp7iw0TfVJe7dX44uebC
            [direccion_id] => 0
            [id_rol] => 1
            [created_at] => 2025-06-12 16:52:10
            [updated_at] => 2025-06-12 18:22:19
            [invitado_por] => 
            [estado] => activo
            [token_activacion] => 
            [nombre_rol] => admin
        )

    [8] => Array
        (
            [id_usuario] => 72
            [nombre] => mayitooo
            [apellido] => kaka
            [email] => mayito@gmail.com
            [contrasena] => $2y$10$rq4u2.7llV6L4nGuy0R1dOt2CRvpTD6IeLQmWoUCcm/s3OXteXYcq
            [direccion_id] => 0
            [id_rol] => 1
            [created_at] => 2025-06-11 22:41:57
            [updated_at] => 2025-06-11 22:43:36
            [invitado_por] => 
            [estado] => activo
            [token_activacion] => 
            [nombre_rol] => admin
        )

    [9] => Array
        (
            [id_usuario] => 71
            [nombre] => iancito
            [apellido] => Cameille
            [email] => iancito@gmail.com
            [contrasena] => $2y$10$KCXxE7wnCSzdBEtgShio1.LQqJPG3HfFECdNklgR5Hs0utxhIzCje
            [direccion_id] => 0
            [id_rol] => 1
            [created_at] => 2025-06-03 15:53:41
            [updated_at] => 2025-06-03 15:56:30
            [invitado_por] => 70
            [estado] => activo
            [token_activacion] => 
            [nombre_rol] => admin
        )

)

DEBUG - 2025-09-25 08:19:17 --> Ruta actual: /Tesina/public/supervisor/gestionarUsuarios
INFO - 2025-09-25 08:19:17 --> Session: Class initialized using 'CodeIgniter\Session\Handlers\FileHandler' driver.
DEBUG - 2025-09-25 08:19:17 --> Datos en sesión: Array
(
    [__ci_last_regenerate] => 1758798881
    [_ci_previous_url] => http://192.168.2.182/Tesina/public/supervisor
    [id_usuario] => 1
    [nombre] => brunito
    [apellido] => barber
    [email] => brunocameille@alumnos.itr3.edu.ar
    [rol] => supervisor
    [logged_in] => 1
    [tarifa_kwh] => 555626
)

DEBUG - 2025-09-25 08:19:21 --> Ruta actual: /Tesina/public/supervisor/dispositivosUsuarios/1
INFO - 2025-09-25 08:19:21 --> Session: Class initialized using 'CodeIgniter\Session\Handlers\FileHandler' driver.
DEBUG - 2025-09-25 08:19:21 --> Datos en sesión: Array
(
    [__ci_last_regenerate] => 1758798881
    [_ci_previous_url] => http://192.168.2.182/Tesina/public/supervisor/gestionarUsuarios
    [id_usuario] => 1
    [nombre] => brunito
    [apellido] => barber
    [email] => brunocameille@alumnos.itr3.edu.ar
    [rol] => supervisor
    [logged_in] => 1
    [tarifa_kwh] => 555626
)

DEBUG - 2025-09-25 08:19:21 --> Buscando usuario ID: 1
DEBUG - 2025-09-25 08:19:21 --> Resultado de la búsqueda: Array
(
    [id_usuario] => 1
    [nombre] => brunito
    [apellido] => barber
    [email] => brunocameille@alumnos.itr3.edu.ar
    [contrasena] => $2y$10$F4xQfULyrVhG1JD8Y21QR.vgn9Fzd257acxjmQqHQ3OYfEqBaAPb6
    [direccion_id] => 0
    [id_rol] => 3
    [created_at] => 2025-04-07 13:37:30
    [updated_at] => 2025-09-25 07:58:44
    [invitado_por] => 
    [estado] => activo
    [token_activacion] => 
)

INFO - 2025-09-25 08:19:21 --> Session: Class initialized using 'CodeIgniter\Session\Handlers\FileHandler' driver.
DEBUG - 2025-09-25 08:19:21 --> Accediendo a grafico con ID: 1
DEBUG - 2025-09-25 08:19:21 --> Número de lecturas para gráfico: 0
DEBUG - 2025-09-25 08:19:21 --> Datos del gráfico: Array
(
    [labels] => Array
        (
        )

    [consumo] => Array
        (
        )

)

INFO - 2025-09-25 08:19:21 --> Session: Class initialized using 'CodeIgniter\Session\Handlers\FileHandler' driver.
DEBUG - 2025-09-25 08:19:21 --> Accediendo a grafico con ID: 2
DEBUG - 2025-09-25 08:19:21 --> Número de lecturas para gráfico: 31
DEBUG - 2025-09-25 08:19:21 --> Datos del gráfico: Array
(
    [labels] => Array
        (
            [0] => 21/08 16:13
            [1] => 21/08 16:13
            [2] => 21/08 16:13
            [3] => 21/08 16:13
            [4] => 22/08 13:09
            [5] => 22/08 13:10
            [6] => 22/08 13:10
            [7] => 22/08 13:10
            [8] => 22/08 13:10
            [9] => 22/08 13:10
            [10] => 22/08 13:10
            [11] => 22/08 13:10
            [12] => 22/08 13:10
            [13] => 22/08 13:10
            [14] => 22/08 13:10
            [15] => 22/08 13:10
            [16] => 22/08 13:10
            [17] => 22/08 13:10
            [18] => 22/08 13:10
            [19] => 22/08 13:10
            [20] => 22/08 13:10
            [21] => 22/08 13:10
            [22] => 22/08 13:10
            [23] => 22/08 13:10
            [24] => 22/08 13:10
            [25] => 22/08 13:10
            [26] => 22/08 13:10
            [27] => 22/08 13:10
            [28] => 22/08 13:10
            [29] => 22/08 13:11
            [30] => 22/08 13:11
        )

    [consumo] => Array
        (
            [0] => 0
            [1] => 0
            [2] => 0
            [3] => 0
            [4] => 0.0004
            [5] => 0.0008
            [6] => 0.0012
            [7] => 0.0015
            [8] => 0.0019
            [9] => 0.0022
            [10] => 0.0026
            [11] => 0.003
            [12] => 0.0034
            [13] => 0.0037
            [14] => 0.0041
            [15] => 0.0044
            [16] => 0.0048
            [17] => 0.0052
            [18] => 0.0055
            [19] => 0.006
            [20] => 0.0064
            [21] => 0.0069
            [22] => 0.0074
            [23] => 0.0079
            [24] => 0.0083
            [25] => 0.0088
            [26] => 0.0093
            [27] => 0.0097
            [28] => 0.0098
            [29] => 0.0099
            [30] => 0.01
        )

)

INFO - 2025-09-25 08:19:21 --> Session: Class initialized using 'CodeIgniter\Session\Handlers\FileHandler' driver.
DEBUG - 2025-09-25 08:19:21 --> Accediendo a grafico con ID: 2
DEBUG - 2025-09-25 08:19:21 --> Número de lecturas para gráfico: 31
DEBUG - 2025-09-25 08:19:21 --> Datos del gráfico: Array
(
    [labels] => Array
        (
            [0] => 21/08 16:13
            [1] => 21/08 16:13
            [2] => 21/08 16:13
            [3] => 21/08 16:13
            [4] => 22/08 13:09
            [5] => 22/08 13:10
            [6] => 22/08 13:10
            [7] => 22/08 13:10
            [8] => 22/08 13:10
            [9] => 22/08 13:10
            [10] => 22/08 13:10
            [11] => 22/08 13:10
            [12] => 22/08 13:10
            [13] => 22/08 13:10
            [14] => 22/08 13:10
            [15] => 22/08 13:10
            [16] => 22/08 13:10
            [17] => 22/08 13:10
            [18] => 22/08 13:10
            [19] => 22/08 13:10
            [20] => 22/08 13:10
            [21] => 22/08 13:10
            [22] => 22/08 13:10
            [23] => 22/08 13:10
            [24] => 22/08 13:10
            [25] => 22/08 13:10
            [26] => 22/08 13:10
            [27] => 22/08 13:10
            [28] => 22/08 13:10
            [29] => 22/08 13:11
            [30] => 22/08 13:11
        )

    [consumo] => Array
        (
            [0] => 0
            [1] => 0
            [2] => 0
            [3] => 0
            [4] => 0.0004
            [5] => 0.0008
            [6] => 0.0012
            [7] => 0.0015
            [8] => 0.0019
            [9] => 0.0022
            [10] => 0.0026
            [11] => 0.003
            [12] => 0.0034
            [13] => 0.0037
            [14] => 0.0041
            [15] => 0.0044
            [16] => 0.0048
            [17] => 0.0052
            [18] => 0.0055
            [19] => 0.006
            [20] => 0.0064
            [21] => 0.0069
            [22] => 0.0074
            [23] => 0.0079
            [24] => 0.0083
            [25] => 0.0088
            [26] => 0.0093
            [27] => 0.0097
            [28] => 0.0098
            [29] => 0.0099
            [30] => 0.01
        )

)

DEBUG - 2025-09-25 08:19:28 --> Ruta actual: /Tesina/public/supervisor/verLecturasDispositivo/2
INFO - 2025-09-25 08:19:28 --> Session: Class initialized using 'CodeIgniter\Session\Handlers\FileHandler' driver.
DEBUG - 2025-09-25 08:19:28 --> Datos en sesión: Array
(
    [__ci_last_regenerate] => 1758798881
    [_ci_previous_url] => http://192.168.2.182/Tesina/public/supervisor/dispositivosUsuarios/1
    [id_usuario] => 1
    [nombre] => brunito
    [apellido] => barber
    [email] => brunocameille@alumnos.itr3.edu.ar
    [rol] => supervisor
    [logged_in] => 1
    [tarifa_kwh] => 555626
)

DEBUG - 2025-09-25 08:19:29 --> Ruta actual: /Tesina/public/supervisor/obtenerLecturasDispositivo/2
INFO - 2025-09-25 08:19:29 --> Session: Class initialized using 'CodeIgniter\Session\Handlers\FileHandler' driver.
DEBUG - 2025-09-25 08:19:29 --> Datos en sesión: Array
(
    [__ci_last_regenerate] => 1758798881
    [_ci_previous_url] => http://192.168.2.182/Tesina/public/supervisor/verLecturasDispositivo/2
    [id_usuario] => 1
    [nombre] => brunito
    [apellido] => barber
    [email] => brunocameille@alumnos.itr3.edu.ar
    [rol] => supervisor
    [logged_in] => 1
    [tarifa_kwh] => 555626
)

DEBUG - 2025-09-25 08:19:30 --> Ruta actual: /Tesina/public/supervisor/dispositivosUsuarios/1
INFO - 2025-09-25 08:19:30 --> Session: Class initialized using 'CodeIgniter\Session\Handlers\FileHandler' driver.
DEBUG - 2025-09-25 08:19:30 --> Datos en sesión: Array
(
    [__ci_last_regenerate] => 1758798881
    [_ci_previous_url] => http://192.168.2.182/Tesina/public/supervisor/verLecturasDispositivo/2
    [id_usuario] => 1
    [nombre] => brunito
    [apellido] => barber
    [email] => brunocameille@alumnos.itr3.edu.ar
    [rol] => supervisor
    [logged_in] => 1
    [tarifa_kwh] => 555626
)

DEBUG - 2025-09-25 08:19:30 --> Buscando usuario ID: 1
DEBUG - 2025-09-25 08:19:30 --> Resultado de la búsqueda: Array
(
    [id_usuario] => 1
    [nombre] => brunito
    [apellido] => barber
    [email] => brunocameille@alumnos.itr3.edu.ar
    [contrasena] => $2y$10$F4xQfULyrVhG1JD8Y21QR.vgn9Fzd257acxjmQqHQ3OYfEqBaAPb6
    [direccion_id] => 0
    [id_rol] => 3
    [created_at] => 2025-04-07 13:37:30
    [updated_at] => 2025-09-25 07:58:44
    [invitado_por] => 
    [estado] => activo
    [token_activacion] => 
)

INFO - 2025-09-25 08:19:31 --> Session: Class initialized using 'CodeIgniter\Session\Handlers\FileHandler' driver.
DEBUG - 2025-09-25 08:19:31 --> Accediendo a grafico con ID: 1
DEBUG - 2025-09-25 08:19:31 --> Número de lecturas para gráfico: 0
DEBUG - 2025-09-25 08:19:31 --> Datos del gráfico: Array
(
    [labels] => Array
        (
        )

    [consumo] => Array
        (
        )

)

INFO - 2025-09-25 08:19:31 --> Session: Class initialized using 'CodeIgniter\Session\Handlers\FileHandler' driver.
DEBUG - 2025-09-25 08:19:31 --> Accediendo a grafico con ID: 2
DEBUG - 2025-09-25 08:19:31 --> Número de lecturas para gráfico: 31
DEBUG - 2025-09-25 08:19:31 --> Datos del gráfico: Array
(
    [labels] => Array
        (
            [0] => 21/08 16:13
            [1] => 21/08 16:13
            [2] => 21/08 16:13
            [3] => 21/08 16:13
            [4] => 22/08 13:09
            [5] => 22/08 13:10
            [6] => 22/08 13:10
            [7] => 22/08 13:10
            [8] => 22/08 13:10
            [9] => 22/08 13:10
            [10] => 22/08 13:10
            [11] => 22/08 13:10
            [12] => 22/08 13:10
            [13] => 22/08 13:10
            [14] => 22/08 13:10
            [15] => 22/08 13:10
            [16] => 22/08 13:10
            [17] => 22/08 13:10
            [18] => 22/08 13:10
            [19] => 22/08 13:10
            [20] => 22/08 13:10
            [21] => 22/08 13:10
            [22] => 22/08 13:10
            [23] => 22/08 13:10
            [24] => 22/08 13:10
            [25] => 22/08 13:10
            [26] => 22/08 13:10
            [27] => 22/08 13:10
            [28] => 22/08 13:10
            [29] => 22/08 13:11
            [30] => 22/08 13:11
        )

    [consumo] => Array
        (
            [0] => 0
            [1] => 0
            [2] => 0
            [3] => 0
            [4] => 0.0004
            [5] => 0.0008
            [6] => 0.0012
            [7] => 0.0015
            [8] => 0.0019
            [9] => 0.0022
            [10] => 0.0026
            [11] => 0.003
            [12] => 0.0034
            [13] => 0.0037
            [14] => 0.0041
            [15] => 0.0044
            [16] => 0.0048
            [17] => 0.0052
            [18] => 0.0055
            [19] => 0.006
            [20] => 0.0064
            [21] => 0.0069
            [22] => 0.0074
            [23] => 0.0079
            [24] => 0.0083
            [25] => 0.0088
            [26] => 0.0093
            [27] => 0.0097
            [28] => 0.0098
            [29] => 0.0099
            [30] => 0.01
        )

)

INFO - 2025-09-25 08:19:31 --> Session: Class initialized using 'CodeIgniter\Session\Handlers\FileHandler' driver.
DEBUG - 2025-09-25 08:19:31 --> Accediendo a grafico con ID: 2
DEBUG - 2025-09-25 08:19:31 --> Número de lecturas para gráfico: 31
DEBUG - 2025-09-25 08:19:31 --> Datos del gráfico: Array
(
    [labels] => Array
        (
            [0] => 21/08 16:13
            [1] => 21/08 16:13
            [2] => 21/08 16:13
            [3] => 21/08 16:13
            [4] => 22/08 13:09
            [5] => 22/08 13:10
            [6] => 22/08 13:10
            [7] => 22/08 13:10
            [8] => 22/08 13:10
            [9] => 22/08 13:10
            [10] => 22/08 13:10
            [11] => 22/08 13:10
            [12] => 22/08 13:10
            [13] => 22/08 13:10
            [14] => 22/08 13:10
            [15] => 22/08 13:10
            [16] => 22/08 13:10
            [17] => 22/08 13:10
            [18] => 22/08 13:10
            [19] => 22/08 13:10
            [20] => 22/08 13:10
            [21] => 22/08 13:10
            [22] => 22/08 13:10
            [23] => 22/08 13:10
            [24] => 22/08 13:10
            [25] => 22/08 13:10
            [26] => 22/08 13:10
            [27] => 22/08 13:10
            [28] => 22/08 13:10
            [29] => 22/08 13:11
            [30] => 22/08 13:11
        )

    [consumo] => Array
        (
            [0] => 0
            [1] => 0
            [2] => 0
            [3] => 0
            [4] => 0.0004
            [5] => 0.0008
            [6] => 0.0012
            [7] => 0.0015
            [8] => 0.0019
            [9] => 0.0022
            [10] => 0.0026
            [11] => 0.003
            [12] => 0.0034
            [13] => 0.0037
            [14] => 0.0041
            [15] => 0.0044
            [16] => 0.0048
            [17] => 0.0052
            [18] => 0.0055
            [19] => 0.006
            [20] => 0.0064
            [21] => 0.0069
            [22] => 0.0074
            [23] => 0.0079
            [24] => 0.0083
            [25] => 0.0088
            [26] => 0.0093
            [27] => 0.0097
            [28] => 0.0098
            [29] => 0.0099
            [30] => 0.01
        )

)

DEBUG - 2025-09-25 08:21:38 --> Ruta actual: /Tesina/public/supervisor/dispositivosUsuarios/1
INFO - 2025-09-25 08:21:38 --> Session: Class initialized using 'CodeIgniter\Session\Handlers\FileHandler' driver.
DEBUG - 2025-09-25 08:21:38 --> Datos en sesión: Array
(
    [__ci_last_regenerate] => 1758799298
    [_ci_previous_url] => http://192.168.2.182/Tesina/public/supervisor/dispositivosUsuarios/1
    [id_usuario] => 1
    [nombre] => brunito
    [apellido] => barber
    [email] => brunocameille@alumnos.itr3.edu.ar
    [rol] => supervisor
    [logged_in] => 1
    [tarifa_kwh] => 555626
)

DEBUG - 2025-09-25 08:21:38 --> Buscando usuario ID: 1
DEBUG - 2025-09-25 08:21:38 --> Resultado de la búsqueda: Array
(
    [id_usuario] => 1
    [nombre] => brunito
    [apellido] => barber
    [email] => brunocameille@alumnos.itr3.edu.ar
    [contrasena] => $2y$10$F4xQfULyrVhG1JD8Y21QR.vgn9Fzd257acxjmQqHQ3OYfEqBaAPb6
    [direccion_id] => 0
    [id_rol] => 3
    [created_at] => 2025-04-07 13:37:30
    [updated_at] => 2025-09-25 07:58:44
    [invitado_por] => 
    [estado] => activo
    [token_activacion] => 
)

INFO - 2025-09-25 08:21:39 --> Session: Class initialized using 'CodeIgniter\Session\Handlers\FileHandler' driver.
DEBUG - 2025-09-25 08:21:39 --> Accediendo a grafico con ID: 1
DEBUG - 2025-09-25 08:21:39 --> Número de lecturas para gráfico: 0
DEBUG - 2025-09-25 08:21:39 --> Datos del gráfico: Array
(
    [labels] => Array
        (
        )

    [consumo] => Array
        (
        )

)

INFO - 2025-09-25 08:21:39 --> Session: Class initialized using 'CodeIgniter\Session\Handlers\FileHandler' driver.
DEBUG - 2025-09-25 08:21:39 --> Accediendo a grafico con ID: 2
DEBUG - 2025-09-25 08:21:39 --> Número de lecturas para gráfico: 31
DEBUG - 2025-09-25 08:21:39 --> Datos del gráfico: Array
(
    [labels] => Array
        (
            [0] => 21/08 16:13
            [1] => 21/08 16:13
            [2] => 21/08 16:13
            [3] => 21/08 16:13
            [4] => 22/08 13:09
            [5] => 22/08 13:10
            [6] => 22/08 13:10
            [7] => 22/08 13:10
            [8] => 22/08 13:10
            [9] => 22/08 13:10
            [10] => 22/08 13:10
            [11] => 22/08 13:10
            [12] => 22/08 13:10
            [13] => 22/08 13:10
            [14] => 22/08 13:10
            [15] => 22/08 13:10
            [16] => 22/08 13:10
            [17] => 22/08 13:10
            [18] => 22/08 13:10
            [19] => 22/08 13:10
            [20] => 22/08 13:10
            [21] => 22/08 13:10
            [22] => 22/08 13:10
            [23] => 22/08 13:10
            [24] => 22/08 13:10
            [25] => 22/08 13:10
            [26] => 22/08 13:10
            [27] => 22/08 13:10
            [28] => 22/08 13:10
            [29] => 22/08 13:11
            [30] => 22/08 13:11
        )

    [consumo] => Array
        (
            [0] => 0
            [1] => 0
            [2] => 0
            [3] => 0
            [4] => 0.0004
            [5] => 0.0008
            [6] => 0.0012
            [7] => 0.0015
            [8] => 0.0019
            [9] => 0.0022
            [10] => 0.0026
            [11] => 0.003
            [12] => 0.0034
            [13] => 0.0037
            [14] => 0.0041
            [15] => 0.0044
            [16] => 0.0048
            [17] => 0.0052
            [18] => 0.0055
            [19] => 0.006
            [20] => 0.0064
            [21] => 0.0069
            [22] => 0.0074
            [23] => 0.0079
            [24] => 0.0083
            [25] => 0.0088
            [26] => 0.0093
            [27] => 0.0097
            [28] => 0.0098
            [29] => 0.0099
            [30] => 0.01
        )

)

INFO - 2025-09-25 08:21:39 --> Session: Class initialized using 'CodeIgniter\Session\Handlers\FileHandler' driver.
DEBUG - 2025-09-25 08:21:39 --> Accediendo a grafico con ID: 2
DEBUG - 2025-09-25 08:21:39 --> Número de lecturas para gráfico: 31
DEBUG - 2025-09-25 08:21:39 --> Datos del gráfico: Array
(
    [labels] => Array
        (
            [0] => 21/08 16:13
            [1] => 21/08 16:13
            [2] => 21/08 16:13
            [3] => 21/08 16:13
            [4] => 22/08 13:09
            [5] => 22/08 13:10
            [6] => 22/08 13:10
            [7] => 22/08 13:10
            [8] => 22/08 13:10
            [9] => 22/08 13:10
            [10] => 22/08 13:10
            [11] => 22/08 13:10
            [12] => 22/08 13:10
            [13] => 22/08 13:10
            [14] => 22/08 13:10
            [15] => 22/08 13:10
            [16] => 22/08 13:10
            [17] => 22/08 13:10
            [18] => 22/08 13:10
            [19] => 22/08 13:10
            [20] => 22/08 13:10
            [21] => 22/08 13:10
            [22] => 22/08 13:10
            [23] => 22/08 13:10
            [24] => 22/08 13:10
            [25] => 22/08 13:10
            [26] => 22/08 13:10
            [27] => 22/08 13:10
            [28] => 22/08 13:10
            [29] => 22/08 13:11
            [30] => 22/08 13:11
        )

    [consumo] => Array
        (
            [0] => 0
            [1] => 0
            [2] => 0
            [3] => 0
            [4] => 0.0004
            [5] => 0.0008
            [6] => 0.0012
            [7] => 0.0015
            [8] => 0.0019
            [9] => 0.0022
            [10] => 0.0026
            [11] => 0.003
            [12] => 0.0034
            [13] => 0.0037
            [14] => 0.0041
            [15] => 0.0044
            [16] => 0.0048
            [17] => 0.0052
            [18] => 0.0055
            [19] => 0.006
            [20] => 0.0064
            [21] => 0.0069
            [22] => 0.0074
            [23] => 0.0079
            [24] => 0.0083
            [25] => 0.0088
            [26] => 0.0093
            [27] => 0.0097
            [28] => 0.0098
            [29] => 0.0099
            [30] => 0.01
        )

)

DEBUG - 2025-09-25 08:21:55 --> Ruta actual: /Tesina/public/supervisor/verLecturasDispositivo/2
INFO - 2025-09-25 08:21:55 --> Session: Class initialized using 'CodeIgniter\Session\Handlers\FileHandler' driver.
DEBUG - 2025-09-25 08:21:55 --> Datos en sesión: Array
(
    [__ci_last_regenerate] => 1758799298
    [_ci_previous_url] => http://192.168.2.182/Tesina/public/supervisor/dispositivosUsuarios/1
    [id_usuario] => 1
    [nombre] => brunito
    [apellido] => barber
    [email] => brunocameille@alumnos.itr3.edu.ar
    [rol] => supervisor
    [logged_in] => 1
    [tarifa_kwh] => 555626
)

DEBUG - 2025-09-25 08:21:56 --> Ruta actual: /Tesina/public/supervisor/obtenerLecturasDispositivo/2
INFO - 2025-09-25 08:21:56 --> Session: Class initialized using 'CodeIgniter\Session\Handlers\FileHandler' driver.
DEBUG - 2025-09-25 08:21:56 --> Datos en sesión: Array
(
    [__ci_last_regenerate] => 1758799298
    [_ci_previous_url] => http://192.168.2.182/Tesina/public/supervisor/verLecturasDispositivo/2
    [id_usuario] => 1
    [nombre] => brunito
    [apellido] => barber
    [email] => brunocameille@alumnos.itr3.edu.ar
    [rol] => supervisor
    [logged_in] => 1
    [tarifa_kwh] => 555626
)

DEBUG - 2025-09-25 08:21:57 --> Ruta actual: /Tesina/public/supervisor/dispositivosUsuarios/1
INFO - 2025-09-25 08:21:57 --> Session: Class initialized using 'CodeIgniter\Session\Handlers\FileHandler' driver.
DEBUG - 2025-09-25 08:21:57 --> Datos en sesión: Array
(
    [__ci_last_regenerate] => 1758799298
    [_ci_previous_url] => http://192.168.2.182/Tesina/public/supervisor/verLecturasDispositivo/2
    [id_usuario] => 1
    [nombre] => brunito
    [apellido] => barber
    [email] => brunocameille@alumnos.itr3.edu.ar
    [rol] => supervisor
    [logged_in] => 1
    [tarifa_kwh] => 555626
)

DEBUG - 2025-09-25 08:21:57 --> Buscando usuario ID: 1
DEBUG - 2025-09-25 08:21:57 --> Resultado de la búsqueda: Array
(
    [id_usuario] => 1
    [nombre] => brunito
    [apellido] => barber
    [email] => brunocameille@alumnos.itr3.edu.ar
    [contrasena] => $2y$10$F4xQfULyrVhG1JD8Y21QR.vgn9Fzd257acxjmQqHQ3OYfEqBaAPb6
    [direccion_id] => 0
    [id_rol] => 3
    [created_at] => 2025-04-07 13:37:30
    [updated_at] => 2025-09-25 07:58:44
    [invitado_por] => 
    [estado] => activo
    [token_activacion] => 
)

INFO - 2025-09-25 08:21:57 --> Session: Class initialized using 'CodeIgniter\Session\Handlers\FileHandler' driver.
DEBUG - 2025-09-25 08:21:57 --> Accediendo a grafico con ID: 1
DEBUG - 2025-09-25 08:21:57 --> Número de lecturas para gráfico: 0
DEBUG - 2025-09-25 08:21:57 --> Datos del gráfico: Array
(
    [labels] => Array
        (
        )

    [consumo] => Array
        (
        )

)

INFO - 2025-09-25 08:21:57 --> Session: Class initialized using 'CodeIgniter\Session\Handlers\FileHandler' driver.
DEBUG - 2025-09-25 08:21:57 --> Accediendo a grafico con ID: 2
DEBUG - 2025-09-25 08:21:57 --> Número de lecturas para gráfico: 31
DEBUG - 2025-09-25 08:21:57 --> Datos del gráfico: Array
(
    [labels] => Array
        (
            [0] => 21/08 16:13
            [1] => 21/08 16:13
            [2] => 21/08 16:13
            [3] => 21/08 16:13
            [4] => 22/08 13:09
            [5] => 22/08 13:10
            [6] => 22/08 13:10
            [7] => 22/08 13:10
            [8] => 22/08 13:10
            [9] => 22/08 13:10
            [10] => 22/08 13:10
            [11] => 22/08 13:10
            [12] => 22/08 13:10
            [13] => 22/08 13:10
            [14] => 22/08 13:10
            [15] => 22/08 13:10
            [16] => 22/08 13:10
            [17] => 22/08 13:10
            [18] => 22/08 13:10
            [19] => 22/08 13:10
            [20] => 22/08 13:10
            [21] => 22/08 13:10
            [22] => 22/08 13:10
            [23] => 22/08 13:10
            [24] => 22/08 13:10
            [25] => 22/08 13:10
            [26] => 22/08 13:10
            [27] => 22/08 13:10
            [28] => 22/08 13:10
            [29] => 22/08 13:11
            [30] => 22/08 13:11
        )

    [consumo] => Array
        (
            [0] => 0
            [1] => 0
            [2] => 0
            [3] => 0
            [4] => 0.0004
            [5] => 0.0008
            [6] => 0.0012
            [7] => 0.0015
            [8] => 0.0019
            [9] => 0.0022
            [10] => 0.0026
            [11] => 0.003
            [12] => 0.0034
            [13] => 0.0037
            [14] => 0.0041
            [15] => 0.0044
            [16] => 0.0048
            [17] => 0.0052
            [18] => 0.0055
            [19] => 0.006
            [20] => 0.0064
            [21] => 0.0069
            [22] => 0.0074
            [23] => 0.0079
            [24] => 0.0083
            [25] => 0.0088
            [26] => 0.0093
            [27] => 0.0097
            [28] => 0.0098
            [29] => 0.0099
            [30] => 0.01
        )

)

INFO - 2025-09-25 08:21:57 --> Session: Class initialized using 'CodeIgniter\Session\Handlers\FileHandler' driver.
DEBUG - 2025-09-25 08:21:57 --> Accediendo a grafico con ID: 2
DEBUG - 2025-09-25 08:21:57 --> Número de lecturas para gráfico: 31
DEBUG - 2025-09-25 08:21:57 --> Datos del gráfico: Array
(
    [labels] => Array
        (
            [0] => 21/08 16:13
            [1] => 21/08 16:13
            [2] => 21/08 16:13
            [3] => 21/08 16:13
            [4] => 22/08 13:09
            [5] => 22/08 13:10
            [6] => 22/08 13:10
            [7] => 22/08 13:10
            [8] => 22/08 13:10
            [9] => 22/08 13:10
            [10] => 22/08 13:10
            [11] => 22/08 13:10
            [12] => 22/08 13:10
            [13] => 22/08 13:10
            [14] => 22/08 13:10
            [15] => 22/08 13:10
            [16] => 22/08 13:10
            [17] => 22/08 13:10
            [18] => 22/08 13:10
            [19] => 22/08 13:10
            [20] => 22/08 13:10
            [21] => 22/08 13:10
            [22] => 22/08 13:10
            [23] => 22/08 13:10
            [24] => 22/08 13:10
            [25] => 22/08 13:10
            [26] => 22/08 13:10
            [27] => 22/08 13:10
            [28] => 22/08 13:10
            [29] => 22/08 13:11
            [30] => 22/08 13:11
        )

    [consumo] => Array
        (
            [0] => 0
            [1] => 0
            [2] => 0
            [3] => 0
            [4] => 0.0004
            [5] => 0.0008
            [6] => 0.0012
            [7] => 0.0015
            [8] => 0.0019
            [9] => 0.0022
            [10] => 0.0026
            [11] => 0.003
            [12] => 0.0034
            [13] => 0.0037
            [14] => 0.0041
            [15] => 0.0044
            [16] => 0.0048
            [17] => 0.0052
            [18] => 0.0055
            [19] => 0.006
            [20] => 0.0064
            [21] => 0.0069
            [22] => 0.0074
            [23] => 0.0079
            [24] => 0.0083
            [25] => 0.0088
            [26] => 0.0093
            [27] => 0.0097
            [28] => 0.0098
            [29] => 0.0099
            [30] => 0.01
        )

)

DEBUG - 2025-09-25 08:24:03 --> Ruta actual: /Tesina/public/supervisor/dispositivosUsuarios/1
INFO - 2025-09-25 08:24:03 --> Session: Class initialized using 'CodeIgniter\Session\Handlers\FileHandler' driver.
DEBUG - 2025-09-25 08:24:03 --> Datos en sesión: Array
(
    [__ci_last_regenerate] => 1758799298
    [_ci_previous_url] => http://192.168.2.182/Tesina/public/supervisor/dispositivosUsuarios/1
    [id_usuario] => 1
    [nombre] => brunito
    [apellido] => barber
    [email] => brunocameille@alumnos.itr3.edu.ar
    [rol] => supervisor
    [logged_in] => 1
    [tarifa_kwh] => 555626
)

DEBUG - 2025-09-25 08:24:03 --> Buscando usuario ID: 1
DEBUG - 2025-09-25 08:24:03 --> Resultado de la búsqueda: Array
(
    [id_usuario] => 1
    [nombre] => brunito
    [apellido] => barber
    [email] => brunocameille@alumnos.itr3.edu.ar
    [contrasena] => $2y$10$F4xQfULyrVhG1JD8Y21QR.vgn9Fzd257acxjmQqHQ3OYfEqBaAPb6
    [direccion_id] => 0
    [id_rol] => 3
    [created_at] => 2025-04-07 13:37:30
    [updated_at] => 2025-09-25 07:58:44
    [invitado_por] => 
    [estado] => activo
    [token_activacion] => 
)

INFO - 2025-09-25 08:24:03 --> Session: Class initialized using 'CodeIgniter\Session\Handlers\FileHandler' driver.
DEBUG - 2025-09-25 08:24:03 --> Accediendo a grafico con ID: 1
DEBUG - 2025-09-25 08:24:03 --> Número de lecturas para gráfico: 0
DEBUG - 2025-09-25 08:24:03 --> Datos del gráfico: Array
(
    [labels] => Array
        (
        )

    [consumo] => Array
        (
        )

)

INFO - 2025-09-25 08:24:03 --> Session: Class initialized using 'CodeIgniter\Session\Handlers\FileHandler' driver.
DEBUG - 2025-09-25 08:24:03 --> Accediendo a grafico con ID: 2
DEBUG - 2025-09-25 08:24:03 --> Número de lecturas para gráfico: 31
DEBUG - 2025-09-25 08:24:03 --> Datos del gráfico: Array
(
    [labels] => Array
        (
            [0] => 21/08 16:13
            [1] => 21/08 16:13
            [2] => 21/08 16:13
            [3] => 21/08 16:13
            [4] => 22/08 13:09
            [5] => 22/08 13:10
            [6] => 22/08 13:10
            [7] => 22/08 13:10
            [8] => 22/08 13:10
            [9] => 22/08 13:10
            [10] => 22/08 13:10
            [11] => 22/08 13:10
            [12] => 22/08 13:10
            [13] => 22/08 13:10
            [14] => 22/08 13:10
            [15] => 22/08 13:10
            [16] => 22/08 13:10
            [17] => 22/08 13:10
            [18] => 22/08 13:10
            [19] => 22/08 13:10
            [20] => 22/08 13:10
            [21] => 22/08 13:10
            [22] => 22/08 13:10
            [23] => 22/08 13:10
            [24] => 22/08 13:10
            [25] => 22/08 13:10
            [26] => 22/08 13:10
            [27] => 22/08 13:10
            [28] => 22/08 13:10
            [29] => 22/08 13:11
            [30] => 22/08 13:11
        )

    [consumo] => Array
        (
            [0] => 0
            [1] => 0
            [2] => 0
            [3] => 0
            [4] => 0.0004
            [5] => 0.0008
            [6] => 0.0012
            [7] => 0.0015
            [8] => 0.0019
            [9] => 0.0022
            [10] => 0.0026
            [11] => 0.003
            [12] => 0.0034
            [13] => 0.0037
            [14] => 0.0041
            [15] => 0.0044
            [16] => 0.0048
            [17] => 0.0052
            [18] => 0.0055
            [19] => 0.006
            [20] => 0.0064
            [21] => 0.0069
            [22] => 0.0074
            [23] => 0.0079
            [24] => 0.0083
            [25] => 0.0088
            [26] => 0.0093
            [27] => 0.0097
            [28] => 0.0098
            [29] => 0.0099
            [30] => 0.01
        )

)

INFO - 2025-09-25 08:24:03 --> Session: Class initialized using 'CodeIgniter\Session\Handlers\FileHandler' driver.
DEBUG - 2025-09-25 08:24:03 --> Accediendo a grafico con ID: 2
DEBUG - 2025-09-25 08:24:03 --> Número de lecturas para gráfico: 31
DEBUG - 2025-09-25 08:24:03 --> Datos del gráfico: Array
(
    [labels] => Array
        (
            [0] => 21/08 16:13
            [1] => 21/08 16:13
            [2] => 21/08 16:13
            [3] => 21/08 16:13
            [4] => 22/08 13:09
            [5] => 22/08 13:10
            [6] => 22/08 13:10
            [7] => 22/08 13:10
            [8] => 22/08 13:10
            [9] => 22/08 13:10
            [10] => 22/08 13:10
            [11] => 22/08 13:10
            [12] => 22/08 13:10
            [13] => 22/08 13:10
            [14] => 22/08 13:10
            [15] => 22/08 13:10
            [16] => 22/08 13:10
            [17] => 22/08 13:10
            [18] => 22/08 13:10
            [19] => 22/08 13:10
            [20] => 22/08 13:10
            [21] => 22/08 13:10
            [22] => 22/08 13:10
            [23] => 22/08 13:10
            [24] => 22/08 13:10
            [25] => 22/08 13:10
            [26] => 22/08 13:10
            [27] => 22/08 13:10
            [28] => 22/08 13:10
            [29] => 22/08 13:11
            [30] => 22/08 13:11
        )

    [consumo] => Array
        (
            [0] => 0
            [1] => 0
            [2] => 0
            [3] => 0
            [4] => 0.0004
            [5] => 0.0008
            [6] => 0.0012
            [7] => 0.0015
            [8] => 0.0019
            [9] => 0.0022
            [10] => 0.0026
            [11] => 0.003
            [12] => 0.0034
            [13] => 0.0037
            [14] => 0.0041
            [15] => 0.0044
            [16] => 0.0048
            [17] => 0.0052
            [18] => 0.0055
            [19] => 0.006
            [20] => 0.0064
            [21] => 0.0069
            [22] => 0.0074
            [23] => 0.0079
            [24] => 0.0083
            [25] => 0.0088
            [26] => 0.0093
            [27] => 0.0097
            [28] => 0.0098
            [29] => 0.0099
            [30] => 0.01
        )

)

DEBUG - 2025-09-25 08:24:07 --> Ruta actual: /Tesina/public/supervisor/dispositivo/cambiarEstado
INFO - 2025-09-25 08:24:07 --> Session: Class initialized using 'CodeIgniter\Session\Handlers\FileHandler' driver.
DEBUG - 2025-09-25 08:24:07 --> Datos en sesión: Array
(
    [__ci_last_regenerate] => 1758799298
    [_ci_previous_url] => http://192.168.2.182/Tesina/public/supervisor/dispositivosUsuarios/1
    [id_usuario] => 1
    [nombre] => brunito
    [apellido] => barber
    [email] => brunocameille@alumnos.itr3.edu.ar
    [rol] => supervisor
    [logged_in] => 1
    [tarifa_kwh] => 555626
)

DEBUG - 2025-09-25 08:24:07 --> Ruta actual: /Tesina/public/supervisor/dispositivosUsuarios/1
INFO - 2025-09-25 08:24:07 --> Session: Class initialized using 'CodeIgniter\Session\Handlers\FileHandler' driver.
DEBUG - 2025-09-25 08:24:07 --> Datos en sesión: Array
(
    [__ci_last_regenerate] => 1758799298
    [_ci_previous_url] => http://192.168.2.182/Tesina/public/supervisor/dispositivosUsuarios/1
    [id_usuario] => 1
    [nombre] => brunito
    [apellido] => barber
    [email] => brunocameille@alumnos.itr3.edu.ar
    [rol] => supervisor
    [logged_in] => 1
    [tarifa_kwh] => 555626
)

DEBUG - 2025-09-25 08:24:07 --> Buscando usuario ID: 1
DEBUG - 2025-09-25 08:24:07 --> Resultado de la búsqueda: Array
(
    [id_usuario] => 1
    [nombre] => brunito
    [apellido] => barber
    [email] => brunocameille@alumnos.itr3.edu.ar
    [contrasena] => $2y$10$F4xQfULyrVhG1JD8Y21QR.vgn9Fzd257acxjmQqHQ3OYfEqBaAPb6
    [direccion_id] => 0
    [id_rol] => 3
    [created_at] => 2025-04-07 13:37:30
    [updated_at] => 2025-09-25 07:58:44
    [invitado_por] => 
    [estado] => activo
    [token_activacion] => 
)

INFO - 2025-09-25 08:24:07 --> Session: Class initialized using 'CodeIgniter\Session\Handlers\FileHandler' driver.
DEBUG - 2025-09-25 08:24:07 --> Accediendo a grafico con ID: 1
DEBUG - 2025-09-25 08:24:07 --> Número de lecturas para gráfico: 0
DEBUG - 2025-09-25 08:24:07 --> Datos del gráfico: Array
(
    [labels] => Array
        (
        )

    [consumo] => Array
        (
        )

)

INFO - 2025-09-25 08:24:07 --> Session: Class initialized using 'CodeIgniter\Session\Handlers\FileHandler' driver.
DEBUG - 2025-09-25 08:24:07 --> Accediendo a grafico con ID: 2
DEBUG - 2025-09-25 08:24:07 --> Número de lecturas para gráfico: 31
DEBUG - 2025-09-25 08:24:07 --> Datos del gráfico: Array
(
    [labels] => Array
        (
            [0] => 21/08 16:13
            [1] => 21/08 16:13
            [2] => 21/08 16:13
            [3] => 21/08 16:13
            [4] => 22/08 13:09
            [5] => 22/08 13:10
            [6] => 22/08 13:10
            [7] => 22/08 13:10
            [8] => 22/08 13:10
            [9] => 22/08 13:10
            [10] => 22/08 13:10
            [11] => 22/08 13:10
            [12] => 22/08 13:10
            [13] => 22/08 13:10
            [14] => 22/08 13:10
            [15] => 22/08 13:10
            [16] => 22/08 13:10
            [17] => 22/08 13:10
            [18] => 22/08 13:10
            [19] => 22/08 13:10
            [20] => 22/08 13:10
            [21] => 22/08 13:10
            [22] => 22/08 13:10
            [23] => 22/08 13:10
            [24] => 22/08 13:10
            [25] => 22/08 13:10
            [26] => 22/08 13:10
            [27] => 22/08 13:10
            [28] => 22/08 13:10
            [29] => 22/08 13:11
            [30] => 22/08 13:11
        )

    [consumo] => Array
        (
            [0] => 0
            [1] => 0
            [2] => 0
            [3] => 0
            [4] => 0.0004
            [5] => 0.0008
            [6] => 0.0012
            [7] => 0.0015
            [8] => 0.0019
            [9] => 0.0022
            [10] => 0.0026
            [11] => 0.003
            [12] => 0.0034
            [13] => 0.0037
            [14] => 0.0041
            [15] => 0.0044
            [16] => 0.0048
            [17] => 0.0052
            [18] => 0.0055
            [19] => 0.006
            [20] => 0.0064
            [21] => 0.0069
            [22] => 0.0074
            [23] => 0.0079
            [24] => 0.0083
            [25] => 0.0088
            [26] => 0.0093
            [27] => 0.0097
            [28] => 0.0098
            [29] => 0.0099
            [30] => 0.01
        )

)

INFO - 2025-09-25 08:24:08 --> Session: Class initialized using 'CodeIgniter\Session\Handlers\FileHandler' driver.
DEBUG - 2025-09-25 08:24:08 --> Accediendo a grafico con ID: 2
DEBUG - 2025-09-25 08:24:08 --> Número de lecturas para gráfico: 31
DEBUG - 2025-09-25 08:24:08 --> Datos del gráfico: Array
(
    [labels] => Array
        (
            [0] => 21/08 16:13
            [1] => 21/08 16:13
            [2] => 21/08 16:13
            [3] => 21/08 16:13
            [4] => 22/08 13:09
            [5] => 22/08 13:10
            [6] => 22/08 13:10
            [7] => 22/08 13:10
            [8] => 22/08 13:10
            [9] => 22/08 13:10
            [10] => 22/08 13:10
            [11] => 22/08 13:10
            [12] => 22/08 13:10
            [13] => 22/08 13:10
            [14] => 22/08 13:10
            [15] => 22/08 13:10
            [16] => 22/08 13:10
            [17] => 22/08 13:10
            [18] => 22/08 13:10
            [19] => 22/08 13:10
            [20] => 22/08 13:10
            [21] => 22/08 13:10
            [22] => 22/08 13:10
            [23] => 22/08 13:10
            [24] => 22/08 13:10
            [25] => 22/08 13:10
            [26] => 22/08 13:10
            [27] => 22/08 13:10
            [28] => 22/08 13:10
            [29] => 22/08 13:11
            [30] => 22/08 13:11
        )

    [consumo] => Array
        (
            [0] => 0
            [1] => 0
            [2] => 0
            [3] => 0
            [4] => 0.0004
            [5] => 0.0008
            [6] => 0.0012
            [7] => 0.0015
            [8] => 0.0019
            [9] => 0.0022
            [10] => 0.0026
            [11] => 0.003
            [12] => 0.0034
            [13] => 0.0037
            [14] => 0.0041
            [15] => 0.0044
            [16] => 0.0048
            [17] => 0.0052
            [18] => 0.0055
            [19] => 0.006
            [20] => 0.0064
            [21] => 0.0069
            [22] => 0.0074
            [23] => 0.0079
            [24] => 0.0083
            [25] => 0.0088
            [26] => 0.0093
            [27] => 0.0097
            [28] => 0.0098
            [29] => 0.0099
            [30] => 0.01
        )

)

DEBUG - 2025-09-25 08:24:27 --> Ruta actual: /Tesina/public/supervisor/dispositivo/cambiarEstado
INFO - 2025-09-25 08:24:27 --> Session: Class initialized using 'CodeIgniter\Session\Handlers\FileHandler' driver.
DEBUG - 2025-09-25 08:24:27 --> Datos en sesión: Array
(
    [__ci_last_regenerate] => 1758799298
    [_ci_previous_url] => http://192.168.2.182/Tesina/public/supervisor/dispositivosUsuarios/1
    [id_usuario] => 1
    [nombre] => brunito
    [apellido] => barber
    [email] => brunocameille@alumnos.itr3.edu.ar
    [rol] => supervisor
    [logged_in] => 1
    [tarifa_kwh] => 555626
)

DEBUG - 2025-09-25 08:24:27 --> Ruta actual: /Tesina/public/supervisor/dispositivosUsuarios/1
INFO - 2025-09-25 08:24:27 --> Session: Class initialized using 'CodeIgniter\Session\Handlers\FileHandler' driver.
DEBUG - 2025-09-25 08:24:27 --> Datos en sesión: Array
(
    [__ci_last_regenerate] => 1758799298
    [_ci_previous_url] => http://192.168.2.182/Tesina/public/supervisor/dispositivosUsuarios/1
    [id_usuario] => 1
    [nombre] => brunito
    [apellido] => barber
    [email] => brunocameille@alumnos.itr3.edu.ar
    [rol] => supervisor
    [logged_in] => 1
    [tarifa_kwh] => 555626
)

DEBUG - 2025-09-25 08:24:27 --> Buscando usuario ID: 1
DEBUG - 2025-09-25 08:24:27 --> Resultado de la búsqueda: Array
(
    [id_usuario] => 1
    [nombre] => brunito
    [apellido] => barber
    [email] => brunocameille@alumnos.itr3.edu.ar
    [contrasena] => $2y$10$F4xQfULyrVhG1JD8Y21QR.vgn9Fzd257acxjmQqHQ3OYfEqBaAPb6
    [direccion_id] => 0
    [id_rol] => 3
    [created_at] => 2025-04-07 13:37:30
    [updated_at] => 2025-09-25 07:58:44
    [invitado_por] => 
    [estado] => activo
    [token_activacion] => 
)

INFO - 2025-09-25 08:24:27 --> Session: Class initialized using 'CodeIgniter\Session\Handlers\FileHandler' driver.
DEBUG - 2025-09-25 08:24:27 --> Accediendo a grafico con ID: 1
DEBUG - 2025-09-25 08:24:27 --> Número de lecturas para gráfico: 0
DEBUG - 2025-09-25 08:24:27 --> Datos del gráfico: Array
(
    [labels] => Array
        (
        )

    [consumo] => Array
        (
        )

)

INFO - 2025-09-25 08:24:27 --> Session: Class initialized using 'CodeIgniter\Session\Handlers\FileHandler' driver.
DEBUG - 2025-09-25 08:24:27 --> Accediendo a grafico con ID: 2
DEBUG - 2025-09-25 08:24:27 --> Número de lecturas para gráfico: 31
DEBUG - 2025-09-25 08:24:27 --> Datos del gráfico: Array
(
    [labels] => Array
        (
            [0] => 21/08 16:13
            [1] => 21/08 16:13
            [2] => 21/08 16:13
            [3] => 21/08 16:13
            [4] => 22/08 13:09
            [5] => 22/08 13:10
            [6] => 22/08 13:10
            [7] => 22/08 13:10
            [8] => 22/08 13:10
            [9] => 22/08 13:10
            [10] => 22/08 13:10
            [11] => 22/08 13:10
            [12] => 22/08 13:10
            [13] => 22/08 13:10
            [14] => 22/08 13:10
            [15] => 22/08 13:10
            [16] => 22/08 13:10
            [17] => 22/08 13:10
            [18] => 22/08 13:10
            [19] => 22/08 13:10
            [20] => 22/08 13:10
            [21] => 22/08 13:10
            [22] => 22/08 13:10
            [23] => 22/08 13:10
            [24] => 22/08 13:10
            [25] => 22/08 13:10
            [26] => 22/08 13:10
            [27] => 22/08 13:10
            [28] => 22/08 13:10
            [29] => 22/08 13:11
            [30] => 22/08 13:11
        )

    [consumo] => Array
        (
            [0] => 0
            [1] => 0
            [2] => 0
            [3] => 0
            [4] => 0.0004
            [5] => 0.0008
            [6] => 0.0012
            [7] => 0.0015
            [8] => 0.0019
            [9] => 0.0022
            [10] => 0.0026
            [11] => 0.003
            [12] => 0.0034
            [13] => 0.0037
            [14] => 0.0041
            [15] => 0.0044
            [16] => 0.0048
            [17] => 0.0052
            [18] => 0.0055
            [19] => 0.006
            [20] => 0.0064
            [21] => 0.0069
            [22] => 0.0074
            [23] => 0.0079
            [24] => 0.0083
            [25] => 0.0088
            [26] => 0.0093
            [27] => 0.0097
            [28] => 0.0098
            [29] => 0.0099
            [30] => 0.01
        )

)

INFO - 2025-09-25 08:24:28 --> Session: Class initialized using 'CodeIgniter\Session\Handlers\FileHandler' driver.
DEBUG - 2025-09-25 08:24:28 --> Accediendo a grafico con ID: 2
DEBUG - 2025-09-25 08:24:28 --> Número de lecturas para gráfico: 31
DEBUG - 2025-09-25 08:24:28 --> Datos del gráfico: Array
(
    [labels] => Array
        (
            [0] => 21/08 16:13
            [1] => 21/08 16:13
            [2] => 21/08 16:13
            [3] => 21/08 16:13
            [4] => 22/08 13:09
            [5] => 22/08 13:10
            [6] => 22/08 13:10
            [7] => 22/08 13:10
            [8] => 22/08 13:10
            [9] => 22/08 13:10
            [10] => 22/08 13:10
            [11] => 22/08 13:10
            [12] => 22/08 13:10
            [13] => 22/08 13:10
            [14] => 22/08 13:10
            [15] => 22/08 13:10
            [16] => 22/08 13:10
            [17] => 22/08 13:10
            [18] => 22/08 13:10
            [19] => 22/08 13:10
            [20] => 22/08 13:10
            [21] => 22/08 13:10
            [22] => 22/08 13:10
            [23] => 22/08 13:10
            [24] => 22/08 13:10
            [25] => 22/08 13:10
            [26] => 22/08 13:10
            [27] => 22/08 13:10
            [28] => 22/08 13:10
            [29] => 22/08 13:11
            [30] => 22/08 13:11
        )

    [consumo] => Array
        (
            [0] => 0
            [1] => 0
            [2] => 0
            [3] => 0
            [4] => 0.0004
            [5] => 0.0008
            [6] => 0.0012
            [7] => 0.0015
            [8] => 0.0019
            [9] => 0.0022
            [10] => 0.0026
            [11] => 0.003
            [12] => 0.0034
            [13] => 0.0037
            [14] => 0.0041
            [15] => 0.0044
            [16] => 0.0048
            [17] => 0.0052
            [18] => 0.0055
            [19] => 0.006
            [20] => 0.0064
            [21] => 0.0069
            [22] => 0.0074
            [23] => 0.0079
            [24] => 0.0083
            [25] => 0.0088
            [26] => 0.0093
            [27] => 0.0097
            [28] => 0.0098
            [29] => 0.0099
            [30] => 0.01
        )

)

DEBUG - 2025-09-25 08:24:35 --> Ruta actual: /Tesina/public/supervisor/verLecturasDispositivo/2
INFO - 2025-09-25 08:24:35 --> Session: Class initialized using 'CodeIgniter\Session\Handlers\FileHandler' driver.
DEBUG - 2025-09-25 08:24:35 --> Datos en sesión: Array
(
    [__ci_last_regenerate] => 1758799298
    [_ci_previous_url] => http://192.168.2.182/Tesina/public/supervisor/dispositivosUsuarios/1
    [id_usuario] => 1
    [nombre] => brunito
    [apellido] => barber
    [email] => brunocameille@alumnos.itr3.edu.ar
    [rol] => supervisor
    [logged_in] => 1
    [tarifa_kwh] => 555626
)

DEBUG - 2025-09-25 08:24:36 --> Ruta actual: /Tesina/public/supervisor/obtenerLecturasDispositivo/2
INFO - 2025-09-25 08:24:36 --> Session: Class initialized using 'CodeIgniter\Session\Handlers\FileHandler' driver.
DEBUG - 2025-09-25 08:24:36 --> Datos en sesión: Array
(
    [__ci_last_regenerate] => 1758799298
    [_ci_previous_url] => http://192.168.2.182/Tesina/public/supervisor/verLecturasDispositivo/2
    [id_usuario] => 1
    [nombre] => brunito
    [apellido] => barber
    [email] => brunocameille@alumnos.itr3.edu.ar
    [rol] => supervisor
    [logged_in] => 1
    [tarifa_kwh] => 555626
)

DEBUG - 2025-09-25 08:24:41 --> Ruta actual: /Tesina/public/supervisor/dispositivosUsuarios/1
INFO - 2025-09-25 08:24:41 --> Session: Class initialized using 'CodeIgniter\Session\Handlers\FileHandler' driver.
DEBUG - 2025-09-25 08:24:41 --> Datos en sesión: Array
(
    [__ci_last_regenerate] => 1758799298
    [_ci_previous_url] => http://192.168.2.182/Tesina/public/supervisor/verLecturasDispositivo/2
    [id_usuario] => 1
    [nombre] => brunito
    [apellido] => barber
    [email] => brunocameille@alumnos.itr3.edu.ar
    [rol] => supervisor
    [logged_in] => 1
    [tarifa_kwh] => 555626
)

DEBUG - 2025-09-25 08:24:41 --> Buscando usuario ID: 1
DEBUG - 2025-09-25 08:24:41 --> Resultado de la búsqueda: Array
(
    [id_usuario] => 1
    [nombre] => brunito
    [apellido] => barber
    [email] => brunocameille@alumnos.itr3.edu.ar
    [contrasena] => $2y$10$F4xQfULyrVhG1JD8Y21QR.vgn9Fzd257acxjmQqHQ3OYfEqBaAPb6
    [direccion_id] => 0
    [id_rol] => 3
    [created_at] => 2025-04-07 13:37:30
    [updated_at] => 2025-09-25 07:58:44
    [invitado_por] => 
    [estado] => activo
    [token_activacion] => 
)

INFO - 2025-09-25 08:24:41 --> Session: Class initialized using 'CodeIgniter\Session\Handlers\FileHandler' driver.
DEBUG - 2025-09-25 08:24:41 --> Accediendo a grafico con ID: 1
DEBUG - 2025-09-25 08:24:41 --> Número de lecturas para gráfico: 0
DEBUG - 2025-09-25 08:24:41 --> Datos del gráfico: Array
(
    [labels] => Array
        (
        )

    [consumo] => Array
        (
        )

)

INFO - 2025-09-25 08:24:41 --> Session: Class initialized using 'CodeIgniter\Session\Handlers\FileHandler' driver.
DEBUG - 2025-09-25 08:24:41 --> Accediendo a grafico con ID: 2
DEBUG - 2025-09-25 08:24:41 --> Número de lecturas para gráfico: 31
DEBUG - 2025-09-25 08:24:41 --> Datos del gráfico: Array
(
    [labels] => Array
        (
            [0] => 21/08 16:13
            [1] => 21/08 16:13
            [2] => 21/08 16:13
            [3] => 21/08 16:13
            [4] => 22/08 13:09
            [5] => 22/08 13:10
            [6] => 22/08 13:10
            [7] => 22/08 13:10
            [8] => 22/08 13:10
            [9] => 22/08 13:10
            [10] => 22/08 13:10
            [11] => 22/08 13:10
            [12] => 22/08 13:10
            [13] => 22/08 13:10
            [14] => 22/08 13:10
            [15] => 22/08 13:10
            [16] => 22/08 13:10
            [17] => 22/08 13:10
            [18] => 22/08 13:10
            [19] => 22/08 13:10
            [20] => 22/08 13:10
            [21] => 22/08 13:10
            [22] => 22/08 13:10
            [23] => 22/08 13:10
            [24] => 22/08 13:10
            [25] => 22/08 13:10
            [26] => 22/08 13:10
            [27] => 22/08 13:10
            [28] => 22/08 13:10
            [29] => 22/08 13:11
            [30] => 22/08 13:11
        )

    [consumo] => Array
        (
            [0] => 0
            [1] => 0
            [2] => 0
            [3] => 0
            [4] => 0.0004
            [5] => 0.0008
            [6] => 0.0012
            [7] => 0.0015
            [8] => 0.0019
            [9] => 0.0022
            [10] => 0.0026
            [11] => 0.003
            [12] => 0.0034
            [13] => 0.0037
            [14] => 0.0041
            [15] => 0.0044
            [16] => 0.0048
            [17] => 0.0052
            [18] => 0.0055
            [19] => 0.006
            [20] => 0.0064
            [21] => 0.0069
            [22] => 0.0074
            [23] => 0.0079
            [24] => 0.0083
            [25] => 0.0088
            [26] => 0.0093
            [27] => 0.0097
            [28] => 0.0098
            [29] => 0.0099
            [30] => 0.01
        )

)

INFO - 2025-09-25 08:24:41 --> Session: Class initialized using 'CodeIgniter\Session\Handlers\FileHandler' driver.
DEBUG - 2025-09-25 08:24:41 --> Accediendo a grafico con ID: 2
DEBUG - 2025-09-25 08:24:41 --> Número de lecturas para gráfico: 31
DEBUG - 2025-09-25 08:24:41 --> Datos del gráfico: Array
(
    [labels] => Array
        (
            [0] => 21/08 16:13
            [1] => 21/08 16:13
            [2] => 21/08 16:13
            [3] => 21/08 16:13
            [4] => 22/08 13:09
            [5] => 22/08 13:10
            [6] => 22/08 13:10
            [7] => 22/08 13:10
            [8] => 22/08 13:10
            [9] => 22/08 13:10
            [10] => 22/08 13:10
            [11] => 22/08 13:10
            [12] => 22/08 13:10
            [13] => 22/08 13:10
            [14] => 22/08 13:10
            [15] => 22/08 13:10
            [16] => 22/08 13:10
            [17] => 22/08 13:10
            [18] => 22/08 13:10
            [19] => 22/08 13:10
            [20] => 22/08 13:10
            [21] => 22/08 13:10
            [22] => 22/08 13:10
            [23] => 22/08 13:10
            [24] => 22/08 13:10
            [25] => 22/08 13:10
            [26] => 22/08 13:10
            [27] => 22/08 13:10
            [28] => 22/08 13:10
            [29] => 22/08 13:11
            [30] => 22/08 13:11
        )

    [consumo] => Array
        (
            [0] => 0
            [1] => 0
            [2] => 0
            [3] => 0
            [4] => 0.0004
            [5] => 0.0008
            [6] => 0.0012
            [7] => 0.0015
            [8] => 0.0019
            [9] => 0.0022
            [10] => 0.0026
            [11] => 0.003
            [12] => 0.0034
            [13] => 0.0037
            [14] => 0.0041
            [15] => 0.0044
            [16] => 0.0048
            [17] => 0.0052
            [18] => 0.0055
            [19] => 0.006
            [20] => 0.0064
            [21] => 0.0069
            [22] => 0.0074
            [23] => 0.0079
            [24] => 0.0083
            [25] => 0.0088
            [26] => 0.0093
            [27] => 0.0097
            [28] => 0.0098
            [29] => 0.0099
            [30] => 0.01
        )

)

DEBUG - 2025-09-25 08:24:42 --> Ruta actual: /Tesina/public/supervisor
INFO - 2025-09-25 08:24:42 --> Session: Class initialized using 'CodeIgniter\Session\Handlers\FileHandler' driver.
DEBUG - 2025-09-25 08:24:42 --> Datos en sesión: Array
(
    [__ci_last_regenerate] => 1758799298
    [_ci_previous_url] => http://192.168.2.182/Tesina/public/supervisor/dispositivosUsuarios/1
    [id_usuario] => 1
    [nombre] => brunito
    [apellido] => barber
    [email] => brunocameille@alumnos.itr3.edu.ar
    [rol] => supervisor
    [logged_in] => 1
    [tarifa_kwh] => 555626
)

DEBUG - 2025-09-25 08:24:42 --> Buscando usuario ID: 
DEBUG - 2025-09-25 08:24:42 --> Resultado de la búsqueda: Array
(
    [0] => Array
        (
            [id_usuario] => 80
            [nombre] => elvito
            [apellido] => loacs
            [email] => gordoffofo@gmail.com
            [contrasena] => $2y$10$HsEYMPrnTHX2umHxJneNl.uGyJTGG.NYVccBIsTxGFQWx1nf9AWti
            [direccion_id] => 0
            [id_rol] => 1
            [created_at] => 2025-09-16 11:39:13
            [updated_at] => 2025-09-16 11:39:13
            [invitado_por] => 
            [estado] => pendiente
            [token_activacion] => 
            [nombre_rol] => admin
        )

    [1] => Array
        (
            [id_usuario] => 79
            [nombre] => elbajo
            [apellido] => jajjajaa
            [email] => elbajo07@gmail.com
            [contrasena] => $2y$10$1twjBNNrclek2GabqPUw..loUU17B.G5uC9AMbr.KbGr5EeZtzo36
            [direccion_id] => 0
            [id_rol] => 2
            [created_at] => 2025-06-27 08:52:11
            [updated_at] => 2025-06-27 08:52:11
            [invitado_por] => 1
            [estado] => activo
            [token_activacion] => 
            [nombre_rol] => usuario
        )

    [2] => Array
        (
            [id_usuario] => 78
            [nombre] => sopa
            [apellido] => estsasa
            [email] => sopa07@gmail.com
            [contrasena] => $2y$10$/vX5TGtXK2UJfO2/C36MQeKWkUeD/IXqieHeRH3jnLK2ncBSby.Oa
            [direccion_id] => 0
            [id_rol] => 1
            [created_at] => 2025-06-27 08:44:06
            [updated_at] => 2025-06-27 08:45:04
            [invitado_por] => 
            [estado] => activo
            [token_activacion] => 
            [nombre_rol] => admin
        )

    [3] => Array
        (
            [id_usuario] => 77
            [nombre] => llaldll
            [apellido] => asa
            [email] => salamin07@gmail.com
            [contrasena] => $2y$10$sXiTysDWNRBTlLhQawOoauIec0q5HQ/fhvi39Gl4mN61AMikpib0O
            [direccion_id] => 0
            [id_rol] => 1
            [created_at] => 2025-06-27 08:11:55
            [updated_at] => 2025-06-27 08:22:20
            [invitado_por] => 
            [estado] => activo
            [token_activacion] => 
            [nombre_rol] => admin
        )

    [4] => Array
        (
            [id_usuario] => 76
            [nombre] => Manuel
            [apellido] => Urrutia
            [email] => manuelurrutia@alumnos.itr3.edu.ar
            [contrasena] => $2y$10$ljDnuClSssl0YgngR8WkcORiaEEb0P0XtPL2bGwgZ.U50symRFe7u
            [direccion_id] => 0
            [id_rol] => 1
            [created_at] => 2025-06-19 08:22:31
            [updated_at] => 2025-06-19 08:23:16
            [invitado_por] => 75
            [estado] => activo
            [token_activacion] => 
            [nombre_rol] => admin
        )

    [5] => Array
        (
            [id_usuario] => 75
            [nombre] => Aylen
            [apellido] => berthalet
            [email] => aylen@itr3.edu.ar
            [contrasena] => $2y$10$x0R3zQXWhiw14RxYSK6HyOrCl3LPpp8iYxRfKaRXiuc0MKhYahp2i
            [direccion_id] => 0
            [id_rol] => 1
            [created_at] => 2025-06-19 08:14:45
            [updated_at] => 2025-06-19 08:26:02
            [invitado_por] => 
            [estado] => activo
            [token_activacion] => 
            [nombre_rol] => admin
        )

    [6] => Array
        (
            [id_usuario] => 74
            [nombre] => estefanito
            [apellido] => nazi
            [email] => estefano09@gmail.com
            [contrasena] => $2y$10$qjP50Kn8Ogr9Q/q1Iz6cAeJiVJl9HOUd2Yw.JhYH0.tqDtSMtww2W
            [direccion_id] => 0
            [id_rol] => 1
            [created_at] => 2025-06-18 08:56:44
            [updated_at] => 2025-06-18 08:57:09
            [invitado_por] => 
            [estado] => activo
            [token_activacion] => 
            [nombre_rol] => admin
        )

    [7] => Array
        (
            [id_usuario] => 73
            [nombre] => elmedo
            [apellido] => godoy
            [email] => elmedo@gmail.com
            [contrasena] => $2y$10$hsCiQS2iZtSHE7SmAtIzluzYeA0gcpB0eEp7iw0TfVJe7dX44uebC
            [direccion_id] => 0
            [id_rol] => 1
            [created_at] => 2025-06-12 16:52:10
            [updated_at] => 2025-06-12 18:22:19
            [invitado_por] => 
            [estado] => activo
            [token_activacion] => 
            [nombre_rol] => admin
        )

    [8] => Array
        (
            [id_usuario] => 72
            [nombre] => mayitooo
            [apellido] => kaka
            [email] => mayito@gmail.com
            [contrasena] => $2y$10$rq4u2.7llV6L4nGuy0R1dOt2CRvpTD6IeLQmWoUCcm/s3OXteXYcq
            [direccion_id] => 0
            [id_rol] => 1
            [created_at] => 2025-06-11 22:41:57
            [updated_at] => 2025-06-11 22:43:36
            [invitado_por] => 
            [estado] => activo
            [token_activacion] => 
            [nombre_rol] => admin
        )

    [9] => Array
        (
            [id_usuario] => 71
            [nombre] => iancito
            [apellido] => Cameille
            [email] => iancito@gmail.com
            [contrasena] => $2y$10$KCXxE7wnCSzdBEtgShio1.LQqJPG3HfFECdNklgR5Hs0utxhIzCje
            [direccion_id] => 0
            [id_rol] => 1
            [created_at] => 2025-06-03 15:53:41
            [updated_at] => 2025-06-03 15:56:30
            [invitado_por] => 70
            [estado] => activo
            [token_activacion] => 
            [nombre_rol] => admin
        )

)

DEBUG - 2025-09-25 08:25:39 --> Ruta actual: /Tesina/public/supervisor
INFO - 2025-09-25 08:25:39 --> Session: Class initialized using 'CodeIgniter\Session\Handlers\FileHandler' driver.
DEBUG - 2025-09-25 08:25:39 --> Datos en sesión: Array
(
    [__ci_last_regenerate] => 1758799298
    [_ci_previous_url] => http://192.168.2.182/Tesina/public/supervisor
    [id_usuario] => 1
    [nombre] => brunito
    [apellido] => barber
    [email] => brunocameille@alumnos.itr3.edu.ar
    [rol] => supervisor
    [logged_in] => 1
    [tarifa_kwh] => 555626
)

DEBUG - 2025-09-25 08:25:39 --> Buscando usuario ID: 
DEBUG - 2025-09-25 08:25:39 --> Resultado de la búsqueda: Array
(
    [0] => Array
        (
            [id_usuario] => 80
            [nombre] => elvito
            [apellido] => loacs
            [email] => gordoffofo@gmail.com
            [contrasena] => $2y$10$HsEYMPrnTHX2umHxJneNl.uGyJTGG.NYVccBIsTxGFQWx1nf9AWti
            [direccion_id] => 0
            [id_rol] => 1
            [created_at] => 2025-09-16 11:39:13
            [updated_at] => 2025-09-16 11:39:13
            [invitado_por] => 
            [estado] => pendiente
            [token_activacion] => 
            [nombre_rol] => admin
        )

    [1] => Array
        (
            [id_usuario] => 79
            [nombre] => elbajo
            [apellido] => jajjajaa
            [email] => elbajo07@gmail.com
            [contrasena] => $2y$10$1twjBNNrclek2GabqPUw..loUU17B.G5uC9AMbr.KbGr5EeZtzo36
            [direccion_id] => 0
            [id_rol] => 2
            [created_at] => 2025-06-27 08:52:11
            [updated_at] => 2025-06-27 08:52:11
            [invitado_por] => 1
            [estado] => activo
            [token_activacion] => 
            [nombre_rol] => usuario
        )

    [2] => Array
        (
            [id_usuario] => 78
            [nombre] => sopa
            [apellido] => estsasa
            [email] => sopa07@gmail.com
            [contrasena] => $2y$10$/vX5TGtXK2UJfO2/C36MQeKWkUeD/IXqieHeRH3jnLK2ncBSby.Oa
            [direccion_id] => 0
            [id_rol] => 1
            [created_at] => 2025-06-27 08:44:06
            [updated_at] => 2025-06-27 08:45:04
            [invitado_por] => 
            [estado] => activo
            [token_activacion] => 
            [nombre_rol] => admin
        )

    [3] => Array
        (
            [id_usuario] => 77
            [nombre] => llaldll
            [apellido] => asa
            [email] => salamin07@gmail.com
            [contrasena] => $2y$10$sXiTysDWNRBTlLhQawOoauIec0q5HQ/fhvi39Gl4mN61AMikpib0O
            [direccion_id] => 0
            [id_rol] => 1
            [created_at] => 2025-06-27 08:11:55
            [updated_at] => 2025-06-27 08:22:20
            [invitado_por] => 
            [estado] => activo
            [token_activacion] => 
            [nombre_rol] => admin
        )

    [4] => Array
        (
            [id_usuario] => 76
            [nombre] => Manuel
            [apellido] => Urrutia
            [email] => manuelurrutia@alumnos.itr3.edu.ar
            [contrasena] => $2y$10$ljDnuClSssl0YgngR8WkcORiaEEb0P0XtPL2bGwgZ.U50symRFe7u
            [direccion_id] => 0
            [id_rol] => 1
            [created_at] => 2025-06-19 08:22:31
            [updated_at] => 2025-06-19 08:23:16
            [invitado_por] => 75
            [estado] => activo
            [token_activacion] => 
            [nombre_rol] => admin
        )

    [5] => Array
        (
            [id_usuario] => 75
            [nombre] => Aylen
            [apellido] => berthalet
            [email] => aylen@itr3.edu.ar
            [contrasena] => $2y$10$x0R3zQXWhiw14RxYSK6HyOrCl3LPpp8iYxRfKaRXiuc0MKhYahp2i
            [direccion_id] => 0
            [id_rol] => 1
            [created_at] => 2025-06-19 08:14:45
            [updated_at] => 2025-06-19 08:26:02
            [invitado_por] => 
            [estado] => activo
            [token_activacion] => 
            [nombre_rol] => admin
        )

    [6] => Array
        (
            [id_usuario] => 74
            [nombre] => estefanito
            [apellido] => nazi
            [email] => estefano09@gmail.com
            [contrasena] => $2y$10$qjP50Kn8Ogr9Q/q1Iz6cAeJiVJl9HOUd2Yw.JhYH0.tqDtSMtww2W
            [direccion_id] => 0
            [id_rol] => 1
            [created_at] => 2025-06-18 08:56:44
            [updated_at] => 2025-06-18 08:57:09
            [invitado_por] => 
            [estado] => activo
            [token_activacion] => 
            [nombre_rol] => admin
        )

    [7] => Array
        (
            [id_usuario] => 73
            [nombre] => elmedo
            [apellido] => godoy
            [email] => elmedo@gmail.com
            [contrasena] => $2y$10$hsCiQS2iZtSHE7SmAtIzluzYeA0gcpB0eEp7iw0TfVJe7dX44uebC
            [direccion_id] => 0
            [id_rol] => 1
            [created_at] => 2025-06-12 16:52:10
            [updated_at] => 2025-06-12 18:22:19
            [invitado_por] => 
            [estado] => activo
            [token_activacion] => 
            [nombre_rol] => admin
        )

    [8] => Array
        (
            [id_usuario] => 72
            [nombre] => mayitooo
            [apellido] => kaka
            [email] => mayito@gmail.com
            [contrasena] => $2y$10$rq4u2.7llV6L4nGuy0R1dOt2CRvpTD6IeLQmWoUCcm/s3OXteXYcq
            [direccion_id] => 0
            [id_rol] => 1
            [created_at] => 2025-06-11 22:41:57
            [updated_at] => 2025-06-11 22:43:36
            [invitado_por] => 
            [estado] => activo
            [token_activacion] => 
            [nombre_rol] => admin
        )

    [9] => Array
        (
            [id_usuario] => 71
            [nombre] => iancito
            [apellido] => Cameille
            [email] => iancito@gmail.com
            [contrasena] => $2y$10$KCXxE7wnCSzdBEtgShio1.LQqJPG3HfFECdNklgR5Hs0utxhIzCje
            [direccion_id] => 0
            [id_rol] => 1
            [created_at] => 2025-06-03 15:53:41
            [updated_at] => 2025-06-03 15:56:30
            [invitado_por] => 70
            [estado] => activo
            [token_activacion] => 
            [nombre_rol] => admin
        )

)

DEBUG - 2025-09-25 08:25:42 --> Ruta actual: /Tesina/public/supervisor/gestionarUsuarios
INFO - 2025-09-25 08:25:42 --> Session: Class initialized using 'CodeIgniter\Session\Handlers\FileHandler' driver.
DEBUG - 2025-09-25 08:25:42 --> Datos en sesión: Array
(
    [__ci_last_regenerate] => 1758799298
    [_ci_previous_url] => http://192.168.2.182/Tesina/public/supervisor
    [id_usuario] => 1
    [nombre] => brunito
    [apellido] => barber
    [email] => brunocameille@alumnos.itr3.edu.ar
    [rol] => supervisor
    [logged_in] => 1
    [tarifa_kwh] => 555626
)

DEBUG - 2025-09-25 08:25:43 --> Ruta actual: /Tesina/public/supervisor/dispositivosGlobal
INFO - 2025-09-25 08:25:43 --> Session: Class initialized using 'CodeIgniter\Session\Handlers\FileHandler' driver.
DEBUG - 2025-09-25 08:25:43 --> Datos en sesión: Array
(
    [__ci_last_regenerate] => 1758799298
    [_ci_previous_url] => http://192.168.2.182/Tesina/public/supervisor/gestionarUsuarios
    [id_usuario] => 1
    [nombre] => brunito
    [apellido] => barber
    [email] => brunocameille@alumnos.itr3.edu.ar
    [rol] => supervisor
    [logged_in] => 1
    [tarifa_kwh] => 555626
)

DEBUG - 2025-09-25 08:25:48 --> Ruta actual: /Tesina/public/supervisor/eliminarDispositivo/10
INFO - 2025-09-25 08:25:48 --> Session: Class initialized using 'CodeIgniter\Session\Handlers\FileHandler' driver.
DEBUG - 2025-09-25 08:25:48 --> Datos en sesión: Array
(
    [__ci_last_regenerate] => 1758799298
    [_ci_previous_url] => http://192.168.2.182/Tesina/public/supervisor/dispositivosGlobal
    [id_usuario] => 1
    [nombre] => brunito
    [apellido] => barber
    [email] => brunocameille@alumnos.itr3.edu.ar
    [rol] => supervisor
    [logged_in] => 1
    [tarifa_kwh] => 555626
)

DEBUG - 2025-09-25 08:25:49 --> Ruta actual: /Tesina/public/supervisor/dispositivosGlobal
INFO - 2025-09-25 08:25:49 --> Session: Class initialized using 'CodeIgniter\Session\Handlers\FileHandler' driver.
DEBUG - 2025-09-25 08:25:49 --> Datos en sesión: Array
(
    [__ci_last_regenerate] => 1758799298
    [_ci_previous_url] => http://192.168.2.182/Tesina/public/supervisor/dispositivosGlobal
    [id_usuario] => 1
    [nombre] => brunito
    [apellido] => barber
    [email] => brunocameille@alumnos.itr3.edu.ar
    [rol] => supervisor
    [logged_in] => 1
    [tarifa_kwh] => 555626
)

DEBUG - 2025-09-25 08:28:32 --> Ruta actual: /Tesina/public/supervisor
INFO - 2025-09-25 08:28:32 --> Session: Class initialized using 'CodeIgniter\Session\Handlers\FileHandler' driver.
DEBUG - 2025-09-25 08:28:32 --> Datos en sesión: Array
(
    [__ci_last_regenerate] => 1758799712
    [_ci_previous_url] => http://192.168.2.182/Tesina/public/supervisor/dispositivosGlobal
    [id_usuario] => 1
    [nombre] => brunito
    [apellido] => barber
    [email] => brunocameille@alumnos.itr3.edu.ar
    [rol] => supervisor
    [logged_in] => 1
    [tarifa_kwh] => 555626
)

DEBUG - 2025-09-25 08:28:32 --> Buscando usuario ID: 
DEBUG - 2025-09-25 08:28:32 --> Resultado de la búsqueda: Array
(
    [0] => Array
        (
            [id_usuario] => 80
            [nombre] => elvito
            [apellido] => loacs
            [email] => gordoffofo@gmail.com
            [contrasena] => $2y$10$HsEYMPrnTHX2umHxJneNl.uGyJTGG.NYVccBIsTxGFQWx1nf9AWti
            [direccion_id] => 0
            [id_rol] => 1
            [created_at] => 2025-09-16 11:39:13
            [updated_at] => 2025-09-16 11:39:13
            [invitado_por] => 
            [estado] => pendiente
            [token_activacion] => 
            [nombre_rol] => admin
        )

    [1] => Array
        (
            [id_usuario] => 79
            [nombre] => elbajo
            [apellido] => jajjajaa
            [email] => elbajo07@gmail.com
            [contrasena] => $2y$10$1twjBNNrclek2GabqPUw..loUU17B.G5uC9AMbr.KbGr5EeZtzo36
            [direccion_id] => 0
            [id_rol] => 2
            [created_at] => 2025-06-27 08:52:11
            [updated_at] => 2025-06-27 08:52:11
            [invitado_por] => 1
            [estado] => activo
            [token_activacion] => 
            [nombre_rol] => usuario
        )

    [2] => Array
        (
            [id_usuario] => 78
            [nombre] => sopa
            [apellido] => estsasa
            [email] => sopa07@gmail.com
            [contrasena] => $2y$10$/vX5TGtXK2UJfO2/C36MQeKWkUeD/IXqieHeRH3jnLK2ncBSby.Oa
            [direccion_id] => 0
            [id_rol] => 1
            [created_at] => 2025-06-27 08:44:06
            [updated_at] => 2025-06-27 08:45:04
            [invitado_por] => 
            [estado] => activo
            [token_activacion] => 
            [nombre_rol] => admin
        )

    [3] => Array
        (
            [id_usuario] => 77
            [nombre] => llaldll
            [apellido] => asa
            [email] => salamin07@gmail.com
            [contrasena] => $2y$10$sXiTysDWNRBTlLhQawOoauIec0q5HQ/fhvi39Gl4mN61AMikpib0O
            [direccion_id] => 0
            [id_rol] => 1
            [created_at] => 2025-06-27 08:11:55
            [updated_at] => 2025-06-27 08:22:20
            [invitado_por] => 
            [estado] => activo
            [token_activacion] => 
            [nombre_rol] => admin
        )

    [4] => Array
        (
            [id_usuario] => 76
            [nombre] => Manuel
            [apellido] => Urrutia
            [email] => manuelurrutia@alumnos.itr3.edu.ar
            [contrasena] => $2y$10$ljDnuClSssl0YgngR8WkcORiaEEb0P0XtPL2bGwgZ.U50symRFe7u
            [direccion_id] => 0
            [id_rol] => 1
            [created_at] => 2025-06-19 08:22:31
            [updated_at] => 2025-06-19 08:23:16
            [invitado_por] => 75
            [estado] => activo
            [token_activacion] => 
            [nombre_rol] => admin
        )

    [5] => Array
        (
            [id_usuario] => 75
            [nombre] => Aylen
            [apellido] => berthalet
            [email] => aylen@itr3.edu.ar
            [contrasena] => $2y$10$x0R3zQXWhiw14RxYSK6HyOrCl3LPpp8iYxRfKaRXiuc0MKhYahp2i
            [direccion_id] => 0
            [id_rol] => 1
            [created_at] => 2025-06-19 08:14:45
            [updated_at] => 2025-06-19 08:26:02
            [invitado_por] => 
            [estado] => activo
            [token_activacion] => 
            [nombre_rol] => admin
        )

    [6] => Array
        (
            [id_usuario] => 74
            [nombre] => estefanito
            [apellido] => nazi
            [email] => estefano09@gmail.com
            [contrasena] => $2y$10$qjP50Kn8Ogr9Q/q1Iz6cAeJiVJl9HOUd2Yw.JhYH0.tqDtSMtww2W
            [direccion_id] => 0
            [id_rol] => 1
            [created_at] => 2025-06-18 08:56:44
            [updated_at] => 2025-06-18 08:57:09
            [invitado_por] => 
            [estado] => activo
            [token_activacion] => 
            [nombre_rol] => admin
        )

    [7] => Array
        (
            [id_usuario] => 73
            [nombre] => elmedo
            [apellido] => godoy
            [email] => elmedo@gmail.com
            [contrasena] => $2y$10$hsCiQS2iZtSHE7SmAtIzluzYeA0gcpB0eEp7iw0TfVJe7dX44uebC
            [direccion_id] => 0
            [id_rol] => 1
            [created_at] => 2025-06-12 16:52:10
            [updated_at] => 2025-06-12 18:22:19
            [invitado_por] => 
            [estado] => activo
            [token_activacion] => 
            [nombre_rol] => admin
        )

    [8] => Array
        (
            [id_usuario] => 72
            [nombre] => mayitooo
            [apellido] => kaka
            [email] => mayito@gmail.com
            [contrasena] => $2y$10$rq4u2.7llV6L4nGuy0R1dOt2CRvpTD6IeLQmWoUCcm/s3OXteXYcq
            [direccion_id] => 0
            [id_rol] => 1
            [created_at] => 2025-06-11 22:41:57
            [updated_at] => 2025-06-11 22:43:36
            [invitado_por] => 
            [estado] => activo
            [token_activacion] => 
            [nombre_rol] => admin
        )

    [9] => Array
        (
            [id_usuario] => 71
            [nombre] => iancito
            [apellido] => Cameille
            [email] => iancito@gmail.com
            [contrasena] => $2y$10$KCXxE7wnCSzdBEtgShio1.LQqJPG3HfFECdNklgR5Hs0utxhIzCje
            [direccion_id] => 0
            [id_rol] => 1
            [created_at] => 2025-06-03 15:53:41
            [updated_at] => 2025-06-03 15:56:30
            [invitado_por] => 70
            [estado] => activo
            [token_activacion] => 
            [nombre_rol] => admin
        )

)

DEBUG - 2025-09-25 08:28:33 --> Ruta actual: /Tesina/public/supervisor/gestionarUsuarios
INFO - 2025-09-25 08:28:33 --> Session: Class initialized using 'CodeIgniter\Session\Handlers\FileHandler' driver.
DEBUG - 2025-09-25 08:28:33 --> Datos en sesión: Array
(
    [__ci_last_regenerate] => 1758799712
    [_ci_previous_url] => http://192.168.2.182/Tesina/public/supervisor
    [id_usuario] => 1
    [nombre] => brunito
    [apellido] => barber
    [email] => brunocameille@alumnos.itr3.edu.ar
    [rol] => supervisor
    [logged_in] => 1
    [tarifa_kwh] => 555626
)

DEBUG - 2025-09-25 08:28:34 --> Ruta actual: /Tesina/public/supervisor/dispositivosGlobal
INFO - 2025-09-25 08:28:34 --> Session: Class initialized using 'CodeIgniter\Session\Handlers\FileHandler' driver.
DEBUG - 2025-09-25 08:28:34 --> Datos en sesión: Array
(
    [__ci_last_regenerate] => 1758799712
    [_ci_previous_url] => http://192.168.2.182/Tesina/public/supervisor/gestionarUsuarios
    [id_usuario] => 1
    [nombre] => brunito
    [apellido] => barber
    [email] => brunocameille@alumnos.itr3.edu.ar
    [rol] => supervisor
    [logged_in] => 1
    [tarifa_kwh] => 555626
)

DEBUG - 2025-09-25 08:28:41 --> Ruta actual: /Tesina/public/supervisor
INFO - 2025-09-25 08:28:41 --> Session: Class initialized using 'CodeIgniter\Session\Handlers\FileHandler' driver.
DEBUG - 2025-09-25 08:28:41 --> Datos en sesión: Array
(
    [__ci_last_regenerate] => 1758799712
    [_ci_previous_url] => http://192.168.2.182/Tesina/public/supervisor/dispositivosGlobal
    [id_usuario] => 1
    [nombre] => brunito
    [apellido] => barber
    [email] => brunocameille@alumnos.itr3.edu.ar
    [rol] => supervisor
    [logged_in] => 1
    [tarifa_kwh] => 555626
)

DEBUG - 2025-09-25 08:28:41 --> Buscando usuario ID: 
DEBUG - 2025-09-25 08:28:41 --> Resultado de la búsqueda: Array
(
    [0] => Array
        (
            [id_usuario] => 80
            [nombre] => elvito
            [apellido] => loacs
            [email] => gordoffofo@gmail.com
            [contrasena] => $2y$10$HsEYMPrnTHX2umHxJneNl.uGyJTGG.NYVccBIsTxGFQWx1nf9AWti
            [direccion_id] => 0
            [id_rol] => 1
            [created_at] => 2025-09-16 11:39:13
            [updated_at] => 2025-09-16 11:39:13
            [invitado_por] => 
            [estado] => pendiente
            [token_activacion] => 
            [nombre_rol] => admin
        )

    [1] => Array
        (
            [id_usuario] => 79
            [nombre] => elbajo
            [apellido] => jajjajaa
            [email] => elbajo07@gmail.com
            [contrasena] => $2y$10$1twjBNNrclek2GabqPUw..loUU17B.G5uC9AMbr.KbGr5EeZtzo36
            [direccion_id] => 0
            [id_rol] => 2
            [created_at] => 2025-06-27 08:52:11
            [updated_at] => 2025-06-27 08:52:11
            [invitado_por] => 1
            [estado] => activo
            [token_activacion] => 
            [nombre_rol] => usuario
        )

    [2] => Array
        (
            [id_usuario] => 78
            [nombre] => sopa
            [apellido] => estsasa
            [email] => sopa07@gmail.com
            [contrasena] => $2y$10$/vX5TGtXK2UJfO2/C36MQeKWkUeD/IXqieHeRH3jnLK2ncBSby.Oa
            [direccion_id] => 0
            [id_rol] => 1
            [created_at] => 2025-06-27 08:44:06
            [updated_at] => 2025-06-27 08:45:04
            [invitado_por] => 
            [estado] => activo
            [token_activacion] => 
            [nombre_rol] => admin
        )

    [3] => Array
        (
            [id_usuario] => 77
            [nombre] => llaldll
            [apellido] => asa
            [email] => salamin07@gmail.com
            [contrasena] => $2y$10$sXiTysDWNRBTlLhQawOoauIec0q5HQ/fhvi39Gl4mN61AMikpib0O
            [direccion_id] => 0
            [id_rol] => 1
            [created_at] => 2025-06-27 08:11:55
            [updated_at] => 2025-06-27 08:22:20
            [invitado_por] => 
            [estado] => activo
            [token_activacion] => 
            [nombre_rol] => admin
        )

    [4] => Array
        (
            [id_usuario] => 76
            [nombre] => Manuel
            [apellido] => Urrutia
            [email] => manuelurrutia@alumnos.itr3.edu.ar
            [contrasena] => $2y$10$ljDnuClSssl0YgngR8WkcORiaEEb0P0XtPL2bGwgZ.U50symRFe7u
            [direccion_id] => 0
            [id_rol] => 1
            [created_at] => 2025-06-19 08:22:31
            [updated_at] => 2025-06-19 08:23:16
            [invitado_por] => 75
            [estado] => activo
            [token_activacion] => 
            [nombre_rol] => admin
        )

    [5] => Array
        (
            [id_usuario] => 75
            [nombre] => Aylen
            [apellido] => berthalet
            [email] => aylen@itr3.edu.ar
            [contrasena] => $2y$10$x0R3zQXWhiw14RxYSK6HyOrCl3LPpp8iYxRfKaRXiuc0MKhYahp2i
            [direccion_id] => 0
            [id_rol] => 1
            [created_at] => 2025-06-19 08:14:45
            [updated_at] => 2025-06-19 08:26:02
            [invitado_por] => 
            [estado] => activo
            [token_activacion] => 
            [nombre_rol] => admin
        )

    [6] => Array
        (
            [id_usuario] => 74
            [nombre] => estefanito
            [apellido] => nazi
            [email] => estefano09@gmail.com
            [contrasena] => $2y$10$qjP50Kn8Ogr9Q/q1Iz6cAeJiVJl9HOUd2Yw.JhYH0.tqDtSMtww2W
            [direccion_id] => 0
            [id_rol] => 1
            [created_at] => 2025-06-18 08:56:44
            [updated_at] => 2025-06-18 08:57:09
            [invitado_por] => 
            [estado] => activo
            [token_activacion] => 
            [nombre_rol] => admin
        )

    [7] => Array
        (
            [id_usuario] => 73
            [nombre] => elmedo
            [apellido] => godoy
            [email] => elmedo@gmail.com
            [contrasena] => $2y$10$hsCiQS2iZtSHE7SmAtIzluzYeA0gcpB0eEp7iw0TfVJe7dX44uebC
            [direccion_id] => 0
            [id_rol] => 1
            [created_at] => 2025-06-12 16:52:10
            [updated_at] => 2025-06-12 18:22:19
            [invitado_por] => 
            [estado] => activo
            [token_activacion] => 
            [nombre_rol] => admin
        )

    [8] => Array
        (
            [id_usuario] => 72
            [nombre] => mayitooo
            [apellido] => kaka
            [email] => mayito@gmail.com
            [contrasena] => $2y$10$rq4u2.7llV6L4nGuy0R1dOt2CRvpTD6IeLQmWoUCcm/s3OXteXYcq
            [direccion_id] => 0
            [id_rol] => 1
            [created_at] => 2025-06-11 22:41:57
            [updated_at] => 2025-06-11 22:43:36
            [invitado_por] => 
            [estado] => activo
            [token_activacion] => 
            [nombre_rol] => admin
        )

    [9] => Array
        (
            [id_usuario] => 71
            [nombre] => iancito
            [apellido] => Cameille
            [email] => iancito@gmail.com
            [contrasena] => $2y$10$KCXxE7wnCSzdBEtgShio1.LQqJPG3HfFECdNklgR5Hs0utxhIzCje
            [direccion_id] => 0
            [id_rol] => 1
            [created_at] => 2025-06-03 15:53:41
            [updated_at] => 2025-06-03 15:56:30
            [invitado_por] => 70
            [estado] => activo
            [token_activacion] => 
            [nombre_rol] => admin
        )

)

DEBUG - 2025-09-25 08:28:51 --> Ruta actual: /Tesina/public/supervisor
INFO - 2025-09-25 08:28:51 --> Session: Class initialized using 'CodeIgniter\Session\Handlers\FileHandler' driver.
DEBUG - 2025-09-25 08:28:51 --> Datos en sesión: Array
(
    [__ci_last_regenerate] => 1758799712
    [_ci_previous_url] => http://192.168.2.182/Tesina/public/supervisor
    [id_usuario] => 1
    [nombre] => brunito
    [apellido] => barber
    [email] => brunocameille@alumnos.itr3.edu.ar
    [rol] => supervisor
    [logged_in] => 1
    [tarifa_kwh] => 555626
)

DEBUG - 2025-09-25 08:28:51 --> Buscando usuario ID: 
DEBUG - 2025-09-25 08:28:51 --> Resultado de la búsqueda: Array
(
    [0] => Array
        (
            [id_usuario] => 80
            [nombre] => elvito
            [apellido] => loacs
            [email] => gordoffofo@gmail.com
            [contrasena] => $2y$10$HsEYMPrnTHX2umHxJneNl.uGyJTGG.NYVccBIsTxGFQWx1nf9AWti
            [direccion_id] => 0
            [id_rol] => 1
            [created_at] => 2025-09-16 11:39:13
            [updated_at] => 2025-09-16 11:39:13
            [invitado_por] => 
            [estado] => pendiente
            [token_activacion] => 
            [nombre_rol] => admin
        )

    [1] => Array
        (
            [id_usuario] => 79
            [nombre] => elbajo
            [apellido] => jajjajaa
            [email] => elbajo07@gmail.com
            [contrasena] => $2y$10$1twjBNNrclek2GabqPUw..loUU17B.G5uC9AMbr.KbGr5EeZtzo36
            [direccion_id] => 0
            [id_rol] => 2
            [created_at] => 2025-06-27 08:52:11
            [updated_at] => 2025-06-27 08:52:11
            [invitado_por] => 1
            [estado] => activo
            [token_activacion] => 
            [nombre_rol] => usuario
        )

    [2] => Array
        (
            [id_usuario] => 78
            [nombre] => sopa
            [apellido] => estsasa
            [email] => sopa07@gmail.com
            [contrasena] => $2y$10$/vX5TGtXK2UJfO2/C36MQeKWkUeD/IXqieHeRH3jnLK2ncBSby.Oa
            [direccion_id] => 0
            [id_rol] => 1
            [created_at] => 2025-06-27 08:44:06
            [updated_at] => 2025-06-27 08:45:04
            [invitado_por] => 
            [estado] => activo
            [token_activacion] => 
            [nombre_rol] => admin
        )

    [3] => Array
        (
            [id_usuario] => 77
            [nombre] => llaldll
            [apellido] => asa
            [email] => salamin07@gmail.com
            [contrasena] => $2y$10$sXiTysDWNRBTlLhQawOoauIec0q5HQ/fhvi39Gl4mN61AMikpib0O
            [direccion_id] => 0
            [id_rol] => 1
            [created_at] => 2025-06-27 08:11:55
            [updated_at] => 2025-06-27 08:22:20
            [invitado_por] => 
            [estado] => activo
            [token_activacion] => 
            [nombre_rol] => admin
        )

    [4] => Array
        (
            [id_usuario] => 76
            [nombre] => Manuel
            [apellido] => Urrutia
            [email] => manuelurrutia@alumnos.itr3.edu.ar
            [contrasena] => $2y$10$ljDnuClSssl0YgngR8WkcORiaEEb0P0XtPL2bGwgZ.U50symRFe7u
            [direccion_id] => 0
            [id_rol] => 1
            [created_at] => 2025-06-19 08:22:31
            [updated_at] => 2025-06-19 08:23:16
            [invitado_por] => 75
            [estado] => activo
            [token_activacion] => 
            [nombre_rol] => admin
        )

    [5] => Array
        (
            [id_usuario] => 75
            [nombre] => Aylen
            [apellido] => berthalet
            [email] => aylen@itr3.edu.ar
            [contrasena] => $2y$10$x0R3zQXWhiw14RxYSK6HyOrCl3LPpp8iYxRfKaRXiuc0MKhYahp2i
            [direccion_id] => 0
            [id_rol] => 1
            [created_at] => 2025-06-19 08:14:45
            [updated_at] => 2025-06-19 08:26:02
            [invitado_por] => 
            [estado] => activo
            [token_activacion] => 
            [nombre_rol] => admin
        )

    [6] => Array
        (
            [id_usuario] => 74
            [nombre] => estefanito
            [apellido] => nazi
            [email] => estefano09@gmail.com
            [contrasena] => $2y$10$qjP50Kn8Ogr9Q/q1Iz6cAeJiVJl9HOUd2Yw.JhYH0.tqDtSMtww2W
            [direccion_id] => 0
            [id_rol] => 1
            [created_at] => 2025-06-18 08:56:44
            [updated_at] => 2025-06-18 08:57:09
            [invitado_por] => 
            [estado] => activo
            [token_activacion] => 
            [nombre_rol] => admin
        )

    [7] => Array
        (
            [id_usuario] => 73
            [nombre] => elmedo
            [apellido] => godoy
            [email] => elmedo@gmail.com
            [contrasena] => $2y$10$hsCiQS2iZtSHE7SmAtIzluzYeA0gcpB0eEp7iw0TfVJe7dX44uebC
            [direccion_id] => 0
            [id_rol] => 1
            [created_at] => 2025-06-12 16:52:10
            [updated_at] => 2025-06-12 18:22:19
            [invitado_por] => 
            [estado] => activo
            [token_activacion] => 
            [nombre_rol] => admin
        )

    [8] => Array
        (
            [id_usuario] => 72
            [nombre] => mayitooo
            [apellido] => kaka
            [email] => mayito@gmail.com
            [contrasena] => $2y$10$rq4u2.7llV6L4nGuy0R1dOt2CRvpTD6IeLQmWoUCcm/s3OXteXYcq
            [direccion_id] => 0
            [id_rol] => 1
            [created_at] => 2025-06-11 22:41:57
            [updated_at] => 2025-06-11 22:43:36
            [invitado_por] => 
            [estado] => activo
            [token_activacion] => 
            [nombre_rol] => admin
        )

    [9] => Array
        (
            [id_usuario] => 71
            [nombre] => iancito
            [apellido] => Cameille
            [email] => iancito@gmail.com
            [contrasena] => $2y$10$KCXxE7wnCSzdBEtgShio1.LQqJPG3HfFECdNklgR5Hs0utxhIzCje
            [direccion_id] => 0
            [id_rol] => 1
            [created_at] => 2025-06-03 15:53:41
            [updated_at] => 2025-06-03 15:56:30
            [invitado_por] => 70
            [estado] => activo
            [token_activacion] => 
            [nombre_rol] => admin
        )

)

INFO - 2025-09-25 08:28:54 --> Session: Class initialized using 'CodeIgniter\Session\Handlers\FileHandler' driver.
INFO - 2025-09-25 08:28:54 --> Session: Class initialized using 'CodeIgniter\Session\Handlers\FileHandler' driver.
INFO - 2025-09-25 08:29:31 --> Session: Class initialized using 'CodeIgniter\Session\Handlers\FileHandler' driver.
DEBUG - 2025-09-25 08:29:31 --> Intento de inicio de sesión para email: brunocameille@alumnos.itr3.edu.ar
DEBUG - 2025-09-25 08:29:31 --> Longitud de la contraseña ingresada: 17
DEBUG - 2025-09-25 08:29:31 --> Usuario encontrado: {"id":"1","email":"brunocameille@alumnos.itr3.edu.ar","estado":"activo","rol":"1"}
DEBUG - 2025-09-25 08:29:31 --> Resultado de verificación de contraseña: true
DEBUG - 2025-09-25 08:29:31 --> Hash almacenado en la base de datos: $2y$10$F4xQfULyrVhG1JD8Y21QR.vgn9Fzd257acxjmQqHQ3OYfEqBaAPb6
DEBUG - 2025-09-25 08:29:31 --> Inicio de sesión exitoso para usuario: brunocameille@alumnos.itr3.edu.ar
DEBUG - 2025-09-25 08:29:31 --> Datos de sesión guardados: {"id_usuario":"1","nombre":"brunito","apellido":"barber","email":"brunocameille@alumnos.itr3.edu.ar","rol":"admin","logged_in":true}
DEBUG - 2025-09-25 08:29:32 --> Ruta actual: /Tesina/public/admin
INFO - 2025-09-25 08:29:32 --> Session: Class initialized using 'CodeIgniter\Session\Handlers\FileHandler' driver.
DEBUG - 2025-09-25 08:29:32 --> Datos en sesión: Array
(
    [__ci_last_regenerate] => 1758799734
    [_ci_previous_url] => http://192.168.2.182/Tesina/public/autenticacion/login
    [id_usuario] => 1
    [nombre] => brunito
    [apellido] => barber
    [email] => brunocameille@alumnos.itr3.edu.ar
    [rol] => admin
    [logged_in] => 1
)

INFO - 2025-09-25 08:29:40 --> Session: Class initialized using 'CodeIgniter\Session\Handlers\FileHandler' driver.
INFO - 2025-09-25 08:29:40 --> Session: Class initialized using 'CodeIgniter\Session\Handlers\FileHandler' driver.
INFO - 2025-09-25 08:30:17 --> Session: Class initialized using 'CodeIgniter\Session\Handlers\FileHandler' driver.
DEBUG - 2025-09-25 08:30:17 --> Intento de inicio de sesión para email: brunocameille@alumnos.itr3.edu.ar
DEBUG - 2025-09-25 08:30:17 --> Longitud de la contraseña ingresada: 17
DEBUG - 2025-09-25 08:30:17 --> Usuario encontrado: {"id":"1","email":"brunocameille@alumnos.itr3.edu.ar","estado":"activo","rol":"2"}
DEBUG - 2025-09-25 08:30:17 --> Resultado de verificación de contraseña: true
DEBUG - 2025-09-25 08:30:17 --> Hash almacenado en la base de datos: $2y$10$F4xQfULyrVhG1JD8Y21QR.vgn9Fzd257acxjmQqHQ3OYfEqBaAPb6
DEBUG - 2025-09-25 08:30:17 --> Inicio de sesión exitoso para usuario: brunocameille@alumnos.itr3.edu.ar
DEBUG - 2025-09-25 08:30:17 --> Datos de sesión guardados: {"id_usuario":"1","nombre":"brunito","apellido":"barber","email":"brunocameille@alumnos.itr3.edu.ar","rol":"usuario","logged_in":true}
DEBUG - 2025-09-25 08:30:17 --> Ruta actual: /Tesina/public/usuario
INFO - 2025-09-25 08:30:17 --> Session: Class initialized using 'CodeIgniter\Session\Handlers\FileHandler' driver.
DEBUG - 2025-09-25 08:30:17 --> Datos en sesión: Array
(
    [__ci_last_regenerate] => 1758799780
    [_ci_previous_url] => http://192.168.2.182/Tesina/public/autenticacion/login
    [id_usuario] => 1
    [nombre] => brunito
    [apellido] => barber
    [email] => brunocameille@alumnos.itr3.edu.ar
    [rol] => usuario
    [logged_in] => 1
)

DEBUG - 2025-09-25 08:30:17 --> Usuario ID: 1
DEBUG - 2025-09-25 08:30:17 --> Buscando usuario ID: 1
DEBUG - 2025-09-25 08:30:17 --> Resultado de la búsqueda: Array
(
    [id_usuario] => 1
    [nombre] => brunito
    [apellido] => barber
    [email] => brunocameille@alumnos.itr3.edu.ar
    [contrasena] => $2y$10$F4xQfULyrVhG1JD8Y21QR.vgn9Fzd257acxjmQqHQ3OYfEqBaAPb6
    [direccion_id] => 0
    [id_rol] => 2
    [created_at] => 2025-04-07 13:37:30
    [updated_at] => 2025-09-25 08:29:52
    [invitado_por] => 
    [estado] => activo
    [token_activacion] => 
)

DEBUG - 2025-09-25 08:30:17 --> Datos del usuario: Array
(
    [id_usuario] => 1
    [nombre] => brunito
    [apellido] => barber
    [email] => brunocameille@alumnos.itr3.edu.ar
    [contrasena] => $2y$10$F4xQfULyrVhG1JD8Y21QR.vgn9Fzd257acxjmQqHQ3OYfEqBaAPb6
    [direccion_id] => 0
    [id_rol] => 2
    [created_at] => 2025-04-07 13:37:30
    [updated_at] => 2025-09-25 08:29:52
    [invitado_por] => 
    [estado] => activo
    [token_activacion] => 
)

DEBUG - 2025-09-25 08:30:17 --> Dispositivos encontrados: Array
(
    [0] => Array
        (
            [id_dispositivo] => 1
            [nombre] => medidor de ecovolt
            [id_usuario] => 1
            [mac_address] => 00:1A:2B:3C:4D:5E
            [ip_address] => 
            [ultima_conexion] => 
            [estado] => activo
            [created_at] => 2025-04-10 22:26:34
            [stock] => 43
            [precio] => 85
            [descripcion] => 
            [fecha_actualizacion] => 2025-06-27 08:44:59
            [updated_at] => 2025-06-12 15:06:14
            [codigo_activacion] => 
            [fecha_activacion] => 
            [nombre_usuario] => brunito
            [email_usuario] => brunocameille@alumnos.itr3.edu.ar
            [ultima_lectura] => 
        )

    [1] => Array
        (
            [id_dispositivo] => 2
            [nombre] => ECOVOLT HOYY 11/4
            [id_usuario] => 1
            [mac_address] => 08:D1:F9:A5:2A:14
            [ip_address] => 
            [ultima_conexion] => 
            [estado] => activo
            [created_at] => 2025-04-11 10:03:27
            [stock] => 0
            [precio] => 0
            [descripcion] => adasdada
            [fecha_actualizacion] => 2025-09-25 08:24:27
            [updated_at] => 2025-09-23 11:54:53
            [codigo_activacion] => 
            [fecha_activacion] => 
            [nombre_usuario] => brunito
            [email_usuario] => brunocameille@alumnos.itr3.edu.ar
            [ultima_lectura] => Array
                (
                    [id] => 8813
                    [id_dispositivo] => 2
                    [id_usuario] => 1
                    [voltaje] => 118.75
                    [corriente] => 3.0956
                    [potencia] => 367.6
                    [kwh] => 0.01
                    [limite_superado] => 0
                    [fecha] => 2025-08-22 13:11:02
                    [mac_address] => 08:D1:F9:A5:2A:14
                )

        )

    [2] => Array
        (
            [id_dispositivo] => 29
            [nombre] => sadasd
            [id_usuario] => 1
            [mac_address] => AA:C3:CC:D1:EE:2F
            [ip_address] => 
            [ultima_conexion] => 
            [estado] => activo
            [created_at] => 2025-06-27 10:12:51
            [stock] => 0
            [precio] => 0
            [descripcion] => 
            [fecha_actualizacion] => 2025-09-02 12:11:21
            [updated_at] => 
            [codigo_activacion] => 
            [fecha_activacion] => 
            [nombre_usuario] => brunito
            [email_usuario] => brunocameille@alumnos.itr3.edu.ar
            [ultima_lectura] => 
        )

)

DEBUG - 2025-09-25 08:30:17 --> Consumo 24h: 
DEBUG - 2025-09-25 08:30:17 --> Consumo promedio: 
DEBUG - 2025-09-25 08:30:17 --> Datos enviados a la vista: Array
(
    [usuario] => Array
        (
            [id_usuario] => 1
            [nombre] => brunito
            [apellido] => barber
            [email] => brunocameille@alumnos.itr3.edu.ar
            [contrasena] => $2y$10$F4xQfULyrVhG1JD8Y21QR.vgn9Fzd257acxjmQqHQ3OYfEqBaAPb6
            [direccion_id] => 0
            [id_rol] => 2
            [created_at] => 2025-04-07 13:37:30
            [updated_at] => 2025-09-25 08:29:52
            [invitado_por] => 
            [estado] => activo
            [token_activacion] => 
        )

    [dispositivos] => Array
        (
            [0] => Array
                (
                    [id_dispositivo] => 1
                    [nombre] => medidor de ecovolt
                    [id_usuario] => 1
                    [mac_address] => 00:1A:2B:3C:4D:5E
                    [ip_address] => 
                    [ultima_conexion] => 
                    [estado] => activo
                    [created_at] => 2025-04-10 22:26:34
                    [stock] => 43
                    [precio] => 85
                    [descripcion] => 
                    [fecha_actualizacion] => 2025-06-27 08:44:59
                    [updated_at] => 2025-06-12 15:06:14
                    [codigo_activacion] => 
                    [fecha_activacion] => 
                    [nombre_usuario] => brunito
                    [email_usuario] => brunocameille@alumnos.itr3.edu.ar
                    [ultima_lectura] => 
                )

            [1] => Array
                (
                    [id_dispositivo] => 2
                    [nombre] => ECOVOLT HOYY 11/4
                    [id_usuario] => 1
                    [mac_address] => 08:D1:F9:A5:2A:14
                    [ip_address] => 
                    [ultima_conexion] => 
                    [estado] => activo
                    [created_at] => 2025-04-11 10:03:27
                    [stock] => 0
                    [precio] => 0
                    [descripcion] => adasdada
                    [fecha_actualizacion] => 2025-09-25 08:24:27
                    [updated_at] => 2025-09-23 11:54:53
                    [codigo_activacion] => 
                    [fecha_activacion] => 
                    [nombre_usuario] => brunito
                    [email_usuario] => brunocameille@alumnos.itr3.edu.ar
                    [ultima_lectura] => Array
                        (
                            [id] => 8813
                            [id_dispositivo] => 2
                            [id_usuario] => 1
                            [voltaje] => 118.75
                            [corriente] => 3.0956
                            [potencia] => 367.6
                            [kwh] => 0.01
                            [limite_superado] => 0
                            [fecha] => 2025-08-22 13:11:02
                            [mac_address] => 08:D1:F9:A5:2A:14
                        )

                )

            [2] => Array
                (
                    [id_dispositivo] => 29
                    [nombre] => sadasd
                    [id_usuario] => 1
                    [mac_address] => AA:C3:CC:D1:EE:2F
                    [ip_address] => 
                    [ultima_conexion] => 
                    [estado] => activo
                    [created_at] => 2025-06-27 10:12:51
                    [stock] => 0
                    [precio] => 0
                    [descripcion] => 
                    [fecha_actualizacion] => 2025-09-02 12:11:21
                    [updated_at] => 
                    [codigo_activacion] => 
                    [fecha_activacion] => 
                    [nombre_usuario] => brunito
                    [email_usuario] => brunocameille@alumnos.itr3.edu.ar
                    [ultima_lectura] => 
                )

        )

    [consumo24h] => 
    [consumoPromedio] => 
)

DEBUG - 2025-09-25 08:30:21 --> Ruta actual: /Tesina/public/energia/verDatos/2
INFO - 2025-09-25 08:30:21 --> Session: Class initialized using 'CodeIgniter\Session\Handlers\FileHandler' driver.
DEBUG - 2025-09-25 08:30:21 --> Datos en sesión: Array
(
    [__ci_last_regenerate] => 1758799780
    [_ci_previous_url] => http://192.168.2.182/Tesina/public/usuario
    [id_usuario] => 1
    [nombre] => brunito
    [apellido] => barber
    [email] => brunocameille@alumnos.itr3.edu.ar
    [rol] => usuario
    [logged_in] => 1
)

DEBUG - 2025-09-25 08:30:21 --> Accediendo a verDatos con ID: 2
DEBUG - 2025-09-25 08:30:21 --> Datos del dispositivo: Array
(
    [id_dispositivo] => 2
    [nombre] => ECOVOLT HOYY 11/4
    [id_usuario] => 1
    [mac_address] => 08:D1:F9:A5:2A:14
    [ip_address] => 
    [ultima_conexion] => 
    [estado] => activo
    [created_at] => 2025-04-11 10:03:27
    [stock] => 0
    [precio] => 0
    [descripcion] => adasdada
    [fecha_actualizacion] => 2025-09-25 08:24:27
    [updated_at] => 2025-09-23 11:54:53
    [codigo_activacion] => 
    [fecha_activacion] => 
)

DEBUG - 2025-09-25 08:30:21 --> Número de lecturas encontradas: 31
DEBUG - 2025-09-25 08:30:21 --> Primera lectura: Array
(
    [id] => 8813
    [id_dispositivo] => 2
    [id_usuario] => 1
    [voltaje] => 118.75
    [corriente] => 3.0956
    [potencia] => 367.6
    [kwh] => 0.01
    [limite_superado] => 0
    [fecha] => 2025-08-22 13:11:02
    [mac_address] => 08:D1:F9:A5:2A:14
)

DEBUG - 2025-09-25 08:30:21 --> Datos enviados a la vista: Array
(
    [dispositivo] => Array
        (
            [id_dispositivo] => 2
            [nombre] => ECOVOLT HOYY 11/4
            [id_usuario] => 1
            [mac_address] => 08:D1:F9:A5:2A:14
            [ip_address] => 
            [ultima_conexion] => 
            [estado] => activo
            [created_at] => 2025-04-11 10:03:27
            [stock] => 0
            [precio] => 0
            [descripcion] => adasdada
            [fecha_actualizacion] => 2025-09-25 08:24:27
            [updated_at] => 2025-09-23 11:54:53
            [codigo_activacion] => 
            [fecha_activacion] => 
        )

    [lecturas] => Array
        (
            [0] => Array
                (
                    [id] => 8813
                    [id_dispositivo] => 2
                    [id_usuario] => 1
                    [voltaje] => 118.75
                    [corriente] => 3.0956
                    [potencia] => 367.6
                    [kwh] => 0.01
                    [limite_superado] => 0
                    [fecha] => 2025-08-22 13:11:02
                    [mac_address] => 08:D1:F9:A5:2A:14
                )

            [1] => Array
                (
                    [id] => 8812
                    [id_dispositivo] => 2
                    [id_usuario] => 1
                    [voltaje] => 118.94
                    [corriente] => 3.0923
                    [potencia] => 367.82
                    [kwh] => 0.0099
                    [limite_superado] => 0
                    [fecha] => 2025-08-22 13:11:00
                    [mac_address] => 08:D1:F9:A5:2A:14
                )

            [2] => Array
                (
                    [id] => 8811
                    [id_dispositivo] => 2
                    [id_usuario] => 1
                    [voltaje] => 108.46
                    [corriente] => 2.432
                    [potencia] => 263.77
                    [kwh] => 0.0098
                    [limite_superado] => 0
                    [fecha] => 2025-08-22 13:10:58
                    [mac_address] => 08:D1:F9:A5:2A:14
                )

            [3] => Array
                (
                    [id] => 8810
                    [id_dispositivo] => 2
                    [id_usuario] => 1
                    [voltaje] => 105.7
                    [corriente] => 16.5
                    [potencia] => 1744.06
                    [kwh] => 0.0097
                    [limite_superado] => 0
                    [fecha] => 2025-08-22 13:10:54
                    [mac_address] => 08:D1:F9:A5:2A:14
                )

            [4] => Array
                (
                    [id] => 8809
                    [id_dispositivo] => 2
                    [id_usuario] => 1
                    [voltaje] => 105.32
                    [corriente] => 16.5
                    [potencia] => 1737.82
                    [kwh] => 0.0093
                    [limite_superado] => 0
                    [fecha] => 2025-08-22 13:10:52
                    [mac_address] => 08:D1:F9:A5:2A:14
                )

            [5] => Array
                (
                    [id] => 8808
                    [id_dispositivo] => 2
                    [id_usuario] => 1
                    [voltaje] => 97.92
                    [corriente] => 16.5
                    [potencia] => 1615.68
                    [kwh] => 0.0088
                    [limite_superado] => 0
                    [fecha] => 2025-08-22 13:10:51
                    [mac_address] => 08:D1:F9:A5:2A:14
                )

            [6] => Array
                (
                    [id] => 8807
                    [id_dispositivo] => 2
                    [id_usuario] => 1
                    [voltaje] => 86.57
                    [corriente] => 16.5
                    [potencia] => 1428.4
                    [kwh] => 0.0083
                    [limite_superado] => 0
                    [fecha] => 2025-08-22 13:10:47
                    [mac_address] => 08:D1:F9:A5:2A:14
                )

            [7] => Array
                (
                    [id] => 8806
                    [id_dispositivo] => 2
                    [id_usuario] => 1
                    [voltaje] => 115.21
                    [corriente] => 16.5
                    [potencia] => 1900.97
                    [kwh] => 0.0079
                    [limite_superado] => 0
                    [fecha] => 2025-08-22 13:10:43
                    [mac_address] => 08:D1:F9:A5:2A:14
                )

            [8] => Array
                (
                    [id] => 8805
                    [id_dispositivo] => 2
                    [id_usuario] => 1
                    [voltaje] => 110.65
                    [corriente] => 16.5
                    [potencia] => 1825.67
                    [kwh] => 0.0074
                    [limite_superado] => 0
                    [fecha] => 2025-08-22 13:10:36
                    [mac_address] => 08:D1:F9:A5:2A:14
                )

            [9] => Array
                (
                    [id] => 8804
                    [id_dispositivo] => 2
                    [id_usuario] => 1
                    [voltaje] => 113.03
                    [corriente] => 16.5
                    [potencia] => 1865.02
                    [kwh] => 0.0069
                    [limite_superado] => 0
                    [fecha] => 2025-08-22 13:10:34
                    [mac_address] => 08:D1:F9:A5:2A:14
                )

            [10] => Array
                (
                    [id] => 8803
                    [id_dispositivo] => 2
                    [id_usuario] => 1
                    [voltaje] => 85.81
                    [corriente] => 16.5
                    [potencia] => 1415.82
                    [kwh] => 0.0064
                    [limite_superado] => 0
                    [fecha] => 2025-08-22 13:10:33
                    [mac_address] => 08:D1:F9:A5:2A:14
                )

            [11] => Array
                (
                    [id] => 8802
                    [id_dispositivo] => 2
                    [id_usuario] => 1
                    [voltaje] => 99.91
                    [corriente] => 16.5
                    [potencia] => 1648.56
                    [kwh] => 0.006
                    [limite_superado] => 0
                    [fecha] => 2025-08-22 13:10:31
                    [mac_address] => 08:D1:F9:A5:2A:14
                )

            [12] => Array
                (
                    [id] => 8801
                    [id_dispositivo] => 2
                    [id_usuario] => 1
                    [voltaje] => 81.01
                    [corriente] => 16.5
                    [potencia] => 1336.63
                    [kwh] => 0.0055
                    [limite_superado] => 0
                    [fecha] => 2025-08-22 13:10:30
                    [mac_address] => 08:D1:F9:A5:2A:14
                )

            [13] => Array
                (
                    [id] => 8800
                    [id_dispositivo] => 2
                    [id_usuario] => 1
                    [voltaje] => 79.58
                    [corriente] => 16.5
                    [potencia] => 1313.09
                    [kwh] => 0.0052
                    [limite_superado] => 0
                    [fecha] => 2025-08-22 13:10:28
                    [mac_address] => 08:D1:F9:A5:2A:14
                )

            [14] => Array
                (
                    [id] => 8799
                    [id_dispositivo] => 2
                    [id_usuario] => 1
                    [voltaje] => 80.12
                    [corriente] => 16.5
                    [potencia] => 1321.94
                    [kwh] => 0.0048
                    [limite_superado] => 0
                    [fecha] => 2025-08-22 13:10:27
                    [mac_address] => 08:D1:F9:A5:2A:14
                )

            [15] => Array
                (
                    [id] => 8798
                    [id_dispositivo] => 2
                    [id_usuario] => 1
                    [voltaje] => 78.4
                    [corriente] => 16.5
                    [potencia] => 1293.59
                    [kwh] => 0.0044
                    [limite_superado] => 0
                    [fecha] => 2025-08-22 13:10:25
                    [mac_address] => 08:D1:F9:A5:2A:14
                )

            [16] => Array
                (
                    [id] => 8797
                    [id_dispositivo] => 2
                    [id_usuario] => 1
                    [voltaje] => 81.92
                    [corriente] => 16.5
                    [potencia] => 1351.67
                    [kwh] => 0.0041
                    [limite_superado] => 0
                    [fecha] => 2025-08-22 13:10:24
                    [mac_address] => 08:D1:F9:A5:2A:14
                )

            [17] => Array
                (
                    [id] => 8796
                    [id_dispositivo] => 2
                    [id_usuario] => 1
                    [voltaje] => 66.81
                    [corriente] => 16.5
                    [potencia] => 1102.29
                    [kwh] => 0.0037
                    [limite_superado] => 0
                    [fecha] => 2025-08-22 13:10:22
                    [mac_address] => 08:D1:F9:A5:2A:14
                )

            [18] => Array
                (
                    [id] => 8795
                    [id_dispositivo] => 2
                    [id_usuario] => 1
                    [voltaje] => 83.33
                    [corriente] => 16.5
                    [potencia] => 1374.97
                    [kwh] => 0.0034
                    [limite_superado] => 0
                    [fecha] => 2025-08-22 13:10:21
                    [mac_address] => 08:D1:F9:A5:2A:14
                )

            [19] => Array
                (
                    [id] => 8794
                    [id_dispositivo] => 2
                    [id_usuario] => 1
                    [voltaje] => 84.69
                    [corriente] => 16.5
                    [potencia] => 1397.41
                    [kwh] => 0.003
                    [limite_superado] => 0
                    [fecha] => 2025-08-22 13:10:19
                    [mac_address] => 08:D1:F9:A5:2A:14
                )

            [20] => Array
                (
                    [id] => 8793
                    [id_dispositivo] => 2
                    [id_usuario] => 1
                    [voltaje] => 82.51
                    [corriente] => 16.5
                    [potencia] => 1361.42
                    [kwh] => 0.0026
                    [limite_superado] => 0
                    [fecha] => 2025-08-22 13:10:17
                    [mac_address] => 08:D1:F9:A5:2A:14
                )

            [21] => Array
                (
                    [id] => 8792
                    [id_dispositivo] => 2
                    [id_usuario] => 1
                    [voltaje] => 78.49
                    [corriente] => 16.5
                    [potencia] => 1295.03
                    [kwh] => 0.0022
                    [limite_superado] => 0
                    [fecha] => 2025-08-22 13:10:13
                    [mac_address] => 08:D1:F9:A5:2A:14
                )

            [22] => Array
                (
                    [id] => 8791
                    [id_dispositivo] => 2
                    [id_usuario] => 1
                    [voltaje] => 78.55
                    [corriente] => 16.5
                    [potencia] => 1296.02
                    [kwh] => 0.0019
                    [limite_superado] => 0
                    [fecha] => 2025-08-22 13:10:07
                    [mac_address] => 08:D1:F9:A5:2A:14
                )

            [23] => Array
                (
                    [id] => 8790
                    [id_dispositivo] => 2
                    [id_usuario] => 1
                    [voltaje] => 78.26
                    [corriente] => 16.5
                    [potencia] => 1291.3
                    [kwh] => 0.0015
                    [limite_superado] => 0
                    [fecha] => 2025-08-22 13:10:05
                    [mac_address] => 08:D1:F9:A5:2A:14
                )

            [24] => Array
                (
                    [id] => 8789
                    [id_dispositivo] => 2
                    [id_usuario] => 1
                    [voltaje] => 84.13
                    [corriente] => 16.5
                    [potencia] => 1388.15
                    [kwh] => 0.0012
                    [limite_superado] => 0
                    [fecha] => 2025-08-22 13:10:04
                    [mac_address] => 08:D1:F9:A5:2A:14
                )

            [25] => Array
                (
                    [id] => 8788
                    [id_dispositivo] => 2
                    [id_usuario] => 1
                    [voltaje] => 81.49
                    [corriente] => 16.5
                    [potencia] => 1344.66
                    [kwh] => 0.0008
                    [limite_superado] => 0
                    [fecha] => 2025-08-22 13:10:00
                    [mac_address] => 08:D1:F9:A5:2A:14
                )

            [26] => Array
                (
                    [id] => 8787
                    [id_dispositivo] => 2
                    [id_usuario] => 1
                    [voltaje] => 86.02
                    [corriente] => 16.5
                    [potencia] => 1419.3
                    [kwh] => 0.0004
                    [limite_superado] => 0
                    [fecha] => 2025-08-22 13:09:58
                    [mac_address] => 08:D1:F9:A5:2A:14
                )

            [27] => Array
                (
                    [id] => 8786
                    [id_dispositivo] => 2
                    [id_usuario] => 1
                    [voltaje] => 220
                    [corriente] => 0
                    [potencia] => 0
                    [kwh] => 0
                    [limite_superado] => 0
                    [fecha] => 2025-08-21 16:13:34
                    [mac_address] => 08:D1:F9:A5:2A:14
                )

            [28] => Array
                (
                    [id] => 8785
                    [id_dispositivo] => 2
                    [id_usuario] => 1
                    [voltaje] => 220
                    [corriente] => 0
                    [potencia] => 0
                    [kwh] => 0
                    [limite_superado] => 0
                    [fecha] => 2025-08-21 16:13:24
                    [mac_address] => 08:D1:F9:A5:2A:14
                )

            [29] => Array
                (
                    [id] => 8784
                    [id_dispositivo] => 2
                    [id_usuario] => 1
                    [voltaje] => 220
                    [corriente] => 0
                    [potencia] => 0
                    [kwh] => 0
                    [limite_superado] => 0
                    [fecha] => 2025-08-21 16:13:14
                    [mac_address] => 08:D1:F9:A5:2A:14
                )

            [30] => Array
                (
                    [id] => 8783
                    [id_dispositivo] => 2
                    [id_usuario] => 1
                    [voltaje] => 220
                    [corriente] => 0
                    [potencia] => 0
                    [kwh] => 0
                    [limite_superado] => 0
                    [fecha] => 2025-08-21 16:13:03
                    [mac_address] => 08:D1:F9:A5:2A:14
                )

        )

)

DEBUG - 2025-09-25 08:30:30 --> Ruta actual: /Tesina/public/energia
INFO - 2025-09-25 08:30:30 --> Session: Class initialized using 'CodeIgniter\Session\Handlers\FileHandler' driver.
DEBUG - 2025-09-25 08:30:30 --> Datos en sesión: Array
(
    [__ci_last_regenerate] => 1758799780
    [_ci_previous_url] => http://192.168.2.182/Tesina/public/energia/verDatos/2
    [id_usuario] => 1
    [nombre] => brunito
    [apellido] => barber
    [email] => brunocameille@alumnos.itr3.edu.ar
    [rol] => usuario
    [logged_in] => 1
)

INFO - 2025-09-25 08:30:30 --> Dispositivo ID: 29
INFO - 2025-09-25 08:30:30 --> Número de lecturas encontradas: 0
ERROR - 2025-09-25 08:30:30 --> Error en Energia::index: Invalid file: "energia/index.php"
DEBUG - 2025-09-25 08:30:30 --> Ruta actual: /Tesina/public/dashboard
INFO - 2025-09-25 08:30:30 --> Session: Class initialized using 'CodeIgniter\Session\Handlers\FileHandler' driver.
DEBUG - 2025-09-25 08:30:30 --> Datos en sesión: Array
(
    [__ci_last_regenerate] => 1758799780
    [_ci_previous_url] => http://192.168.2.182/Tesina/public/energia/verDatos/2
    [id_usuario] => 1
    [nombre] => brunito
    [apellido] => barber
    [email] => brunocameille@alumnos.itr3.edu.ar
    [rol] => usuario
    [logged_in] => 1
)

DEBUG - 2025-09-25 08:30:32 --> Ruta actual: /Tesina/public/energia/verDatos/2
INFO - 2025-09-25 08:30:32 --> Session: Class initialized using 'CodeIgniter\Session\Handlers\FileHandler' driver.
DEBUG - 2025-09-25 08:30:32 --> Datos en sesión: Array
(
    [__ci_last_regenerate] => 1758799780
    [_ci_previous_url] => http://192.168.2.182/Tesina/public/energia/verDatos/2
    [id_usuario] => 1
    [nombre] => brunito
    [apellido] => barber
    [email] => brunocameille@alumnos.itr3.edu.ar
    [rol] => usuario
    [logged_in] => 1
)

DEBUG - 2025-09-25 08:30:32 --> Accediendo a verDatos con ID: 2
DEBUG - 2025-09-25 08:30:32 --> Datos del dispositivo: Array
(
    [id_dispositivo] => 2
    [nombre] => ECOVOLT HOYY 11/4
    [id_usuario] => 1
    [mac_address] => 08:D1:F9:A5:2A:14
    [ip_address] => 
    [ultima_conexion] => 
    [estado] => activo
    [created_at] => 2025-04-11 10:03:27
    [stock] => 0
    [precio] => 0
    [descripcion] => adasdada
    [fecha_actualizacion] => 2025-09-25 08:24:27
    [updated_at] => 2025-09-23 11:54:53
    [codigo_activacion] => 
    [fecha_activacion] => 
)

DEBUG - 2025-09-25 08:30:32 --> Número de lecturas encontradas: 31
DEBUG - 2025-09-25 08:30:32 --> Primera lectura: Array
(
    [id] => 8813
    [id_dispositivo] => 2
    [id_usuario] => 1
    [voltaje] => 118.75
    [corriente] => 3.0956
    [potencia] => 367.6
    [kwh] => 0.01
    [limite_superado] => 0
    [fecha] => 2025-08-22 13:11:02
    [mac_address] => 08:D1:F9:A5:2A:14
)

DEBUG - 2025-09-25 08:30:32 --> Datos enviados a la vista: Array
(
    [dispositivo] => Array
        (
            [id_dispositivo] => 2
            [nombre] => ECOVOLT HOYY 11/4
            [id_usuario] => 1
            [mac_address] => 08:D1:F9:A5:2A:14
            [ip_address] => 
            [ultima_conexion] => 
            [estado] => activo
            [created_at] => 2025-04-11 10:03:27
            [stock] => 0
            [precio] => 0
            [descripcion] => adasdada
            [fecha_actualizacion] => 2025-09-25 08:24:27
            [updated_at] => 2025-09-23 11:54:53
            [codigo_activacion] => 
            [fecha_activacion] => 
        )

    [lecturas] => Array
        (
            [0] => Array
                (
                    [id] => 8813
                    [id_dispositivo] => 2
                    [id_usuario] => 1
                    [voltaje] => 118.75
                    [corriente] => 3.0956
                    [potencia] => 367.6
                    [kwh] => 0.01
                    [limite_superado] => 0
                    [fecha] => 2025-08-22 13:11:02
                    [mac_address] => 08:D1:F9:A5:2A:14
                )

            [1] => Array
                (
                    [id] => 8812
                    [id_dispositivo] => 2
                    [id_usuario] => 1
                    [voltaje] => 118.94
                    [corriente] => 3.0923
                    [potencia] => 367.82
                    [kwh] => 0.0099
                    [limite_superado] => 0
                    [fecha] => 2025-08-22 13:11:00
                    [mac_address] => 08:D1:F9:A5:2A:14
                )

            [2] => Array
                (
                    [id] => 8811
                    [id_dispositivo] => 2
                    [id_usuario] => 1
                    [voltaje] => 108.46
                    [corriente] => 2.432
                    [potencia] => 263.77
                    [kwh] => 0.0098
                    [limite_superado] => 0
                    [fecha] => 2025-08-22 13:10:58
                    [mac_address] => 08:D1:F9:A5:2A:14
                )

            [3] => Array
                (
                    [id] => 8810
                    [id_dispositivo] => 2
                    [id_usuario] => 1
                    [voltaje] => 105.7
                    [corriente] => 16.5
                    [potencia] => 1744.06
                    [kwh] => 0.0097
                    [limite_superado] => 0
                    [fecha] => 2025-08-22 13:10:54
                    [mac_address] => 08:D1:F9:A5:2A:14
                )

            [4] => Array
                (
                    [id] => 8809
                    [id_dispositivo] => 2
                    [id_usuario] => 1
                    [voltaje] => 105.32
                    [corriente] => 16.5
                    [potencia] => 1737.82
                    [kwh] => 0.0093
                    [limite_superado] => 0
                    [fecha] => 2025-08-22 13:10:52
                    [mac_address] => 08:D1:F9:A5:2A:14
                )

            [5] => Array
                (
                    [id] => 8808
                    [id_dispositivo] => 2
                    [id_usuario] => 1
                    [voltaje] => 97.92
                    [corriente] => 16.5
                    [potencia] => 1615.68
                    [kwh] => 0.0088
                    [limite_superado] => 0
                    [fecha] => 2025-08-22 13:10:51
                    [mac_address] => 08:D1:F9:A5:2A:14
                )

            [6] => Array
                (
                    [id] => 8807
                    [id_dispositivo] => 2
                    [id_usuario] => 1
                    [voltaje] => 86.57
                    [corriente] => 16.5
                    [potencia] => 1428.4
                    [kwh] => 0.0083
                    [limite_superado] => 0
                    [fecha] => 2025-08-22 13:10:47
                    [mac_address] => 08:D1:F9:A5:2A:14
                )

            [7] => Array
                (
                    [id] => 8806
                    [id_dispositivo] => 2
                    [id_usuario] => 1
                    [voltaje] => 115.21
                    [corriente] => 16.5
                    [potencia] => 1900.97
                    [kwh] => 0.0079
                    [limite_superado] => 0
                    [fecha] => 2025-08-22 13:10:43
                    [mac_address] => 08:D1:F9:A5:2A:14
                )

            [8] => Array
                (
                    [id] => 8805
                    [id_dispositivo] => 2
                    [id_usuario] => 1
                    [voltaje] => 110.65
                    [corriente] => 16.5
                    [potencia] => 1825.67
                    [kwh] => 0.0074
                    [limite_superado] => 0
                    [fecha] => 2025-08-22 13:10:36
                    [mac_address] => 08:D1:F9:A5:2A:14
                )

            [9] => Array
                (
                    [id] => 8804
                    [id_dispositivo] => 2
                    [id_usuario] => 1
                    [voltaje] => 113.03
                    [corriente] => 16.5
                    [potencia] => 1865.02
                    [kwh] => 0.0069
                    [limite_superado] => 0
                    [fecha] => 2025-08-22 13:10:34
                    [mac_address] => 08:D1:F9:A5:2A:14
                )

            [10] => Array
                (
                    [id] => 8803
                    [id_dispositivo] => 2
                    [id_usuario] => 1
                    [voltaje] => 85.81
                    [corriente] => 16.5
                    [potencia] => 1415.82
                    [kwh] => 0.0064
                    [limite_superado] => 0
                    [fecha] => 2025-08-22 13:10:33
                    [mac_address] => 08:D1:F9:A5:2A:14
                )

            [11] => Array
                (
                    [id] => 8802
                    [id_dispositivo] => 2
                    [id_usuario] => 1
                    [voltaje] => 99.91
                    [corriente] => 16.5
                    [potencia] => 1648.56
                    [kwh] => 0.006
                    [limite_superado] => 0
                    [fecha] => 2025-08-22 13:10:31
                    [mac_address] => 08:D1:F9:A5:2A:14
                )

            [12] => Array
                (
                    [id] => 8801
                    [id_dispositivo] => 2
                    [id_usuario] => 1
                    [voltaje] => 81.01
                    [corriente] => 16.5
                    [potencia] => 1336.63
                    [kwh] => 0.0055
                    [limite_superado] => 0
                    [fecha] => 2025-08-22 13:10:30
                    [mac_address] => 08:D1:F9:A5:2A:14
                )

            [13] => Array
                (
                    [id] => 8800
                    [id_dispositivo] => 2
                    [id_usuario] => 1
                    [voltaje] => 79.58
                    [corriente] => 16.5
                    [potencia] => 1313.09
                    [kwh] => 0.0052
                    [limite_superado] => 0
                    [fecha] => 2025-08-22 13:10:28
                    [mac_address] => 08:D1:F9:A5:2A:14
                )

            [14] => Array
                (
                    [id] => 8799
                    [id_dispositivo] => 2
                    [id_usuario] => 1
                    [voltaje] => 80.12
                    [corriente] => 16.5
                    [potencia] => 1321.94
                    [kwh] => 0.0048
                    [limite_superado] => 0
                    [fecha] => 2025-08-22 13:10:27
                    [mac_address] => 08:D1:F9:A5:2A:14
                )

            [15] => Array
                (
                    [id] => 8798
                    [id_dispositivo] => 2
                    [id_usuario] => 1
                    [voltaje] => 78.4
                    [corriente] => 16.5
                    [potencia] => 1293.59
                    [kwh] => 0.0044
                    [limite_superado] => 0
                    [fecha] => 2025-08-22 13:10:25
                    [mac_address] => 08:D1:F9:A5:2A:14
                )

            [16] => Array
                (
                    [id] => 8797
                    [id_dispositivo] => 2
                    [id_usuario] => 1
                    [voltaje] => 81.92
                    [corriente] => 16.5
                    [potencia] => 1351.67
                    [kwh] => 0.0041
                    [limite_superado] => 0
                    [fecha] => 2025-08-22 13:10:24
                    [mac_address] => 08:D1:F9:A5:2A:14
                )

            [17] => Array
                (
                    [id] => 8796
                    [id_dispositivo] => 2
                    [id_usuario] => 1
                    [voltaje] => 66.81
                    [corriente] => 16.5
                    [potencia] => 1102.29
                    [kwh] => 0.0037
                    [limite_superado] => 0
                    [fecha] => 2025-08-22 13:10:22
                    [mac_address] => 08:D1:F9:A5:2A:14
                )

            [18] => Array
                (
                    [id] => 8795
                    [id_dispositivo] => 2
                    [id_usuario] => 1
                    [voltaje] => 83.33
                    [corriente] => 16.5
                    [potencia] => 1374.97
                    [kwh] => 0.0034
                    [limite_superado] => 0
                    [fecha] => 2025-08-22 13:10:21
                    [mac_address] => 08:D1:F9:A5:2A:14
                )

            [19] => Array
                (
                    [id] => 8794
                    [id_dispositivo] => 2
                    [id_usuario] => 1
                    [voltaje] => 84.69
                    [corriente] => 16.5
                    [potencia] => 1397.41
                    [kwh] => 0.003
                    [limite_superado] => 0
                    [fecha] => 2025-08-22 13:10:19
                    [mac_address] => 08:D1:F9:A5:2A:14
                )

            [20] => Array
                (
                    [id] => 8793
                    [id_dispositivo] => 2
                    [id_usuario] => 1
                    [voltaje] => 82.51
                    [corriente] => 16.5
                    [potencia] => 1361.42
                    [kwh] => 0.0026
                    [limite_superado] => 0
                    [fecha] => 2025-08-22 13:10:17
                    [mac_address] => 08:D1:F9:A5:2A:14
                )

            [21] => Array
                (
                    [id] => 8792
                    [id_dispositivo] => 2
                    [id_usuario] => 1
                    [voltaje] => 78.49
                    [corriente] => 16.5
                    [potencia] => 1295.03
                    [kwh] => 0.0022
                    [limite_superado] => 0
                    [fecha] => 2025-08-22 13:10:13
                    [mac_address] => 08:D1:F9:A5:2A:14
                )

            [22] => Array
                (
                    [id] => 8791
                    [id_dispositivo] => 2
                    [id_usuario] => 1
                    [voltaje] => 78.55
                    [corriente] => 16.5
                    [potencia] => 1296.02
                    [kwh] => 0.0019
                    [limite_superado] => 0
                    [fecha] => 2025-08-22 13:10:07
                    [mac_address] => 08:D1:F9:A5:2A:14
                )

            [23] => Array
                (
                    [id] => 8790
                    [id_dispositivo] => 2
                    [id_usuario] => 1
                    [voltaje] => 78.26
                    [corriente] => 16.5
                    [potencia] => 1291.3
                    [kwh] => 0.0015
                    [limite_superado] => 0
                    [fecha] => 2025-08-22 13:10:05
                    [mac_address] => 08:D1:F9:A5:2A:14
                )

            [24] => Array
                (
                    [id] => 8789
                    [id_dispositivo] => 2
                    [id_usuario] => 1
                    [voltaje] => 84.13
                    [corriente] => 16.5
                    [potencia] => 1388.15
                    [kwh] => 0.0012
                    [limite_superado] => 0
                    [fecha] => 2025-08-22 13:10:04
                    [mac_address] => 08:D1:F9:A5:2A:14
                )

            [25] => Array
                (
                    [id] => 8788
                    [id_dispositivo] => 2
                    [id_usuario] => 1
                    [voltaje] => 81.49
                    [corriente] => 16.5
                    [potencia] => 1344.66
                    [kwh] => 0.0008
                    [limite_superado] => 0
                    [fecha] => 2025-08-22 13:10:00
                    [mac_address] => 08:D1:F9:A5:2A:14
                )

            [26] => Array
                (
                    [id] => 8787
                    [id_dispositivo] => 2
                    [id_usuario] => 1
                    [voltaje] => 86.02
                    [corriente] => 16.5
                    [potencia] => 1419.3
                    [kwh] => 0.0004
                    [limite_superado] => 0
                    [fecha] => 2025-08-22 13:09:58
                    [mac_address] => 08:D1:F9:A5:2A:14
                )

            [27] => Array
                (
                    [id] => 8786
                    [id_dispositivo] => 2
                    [id_usuario] => 1
                    [voltaje] => 220
                    [corriente] => 0
                    [potencia] => 0
                    [kwh] => 0
                    [limite_superado] => 0
                    [fecha] => 2025-08-21 16:13:34
                    [mac_address] => 08:D1:F9:A5:2A:14
                )

            [28] => Array
                (
                    [id] => 8785
                    [id_dispositivo] => 2
                    [id_usuario] => 1
                    [voltaje] => 220
                    [corriente] => 0
                    [potencia] => 0
                    [kwh] => 0
                    [limite_superado] => 0
                    [fecha] => 2025-08-21 16:13:24
                    [mac_address] => 08:D1:F9:A5:2A:14
                )

            [29] => Array
                (
                    [id] => 8784
                    [id_dispositivo] => 2
                    [id_usuario] => 1
                    [voltaje] => 220
                    [corriente] => 0
                    [potencia] => 0
                    [kwh] => 0
                    [limite_superado] => 0
                    [fecha] => 2025-08-21 16:13:14
                    [mac_address] => 08:D1:F9:A5:2A:14
                )

            [30] => Array
                (
                    [id] => 8783
                    [id_dispositivo] => 2
                    [id_usuario] => 1
                    [voltaje] => 220
                    [corriente] => 0
                    [potencia] => 0
                    [kwh] => 0
                    [limite_superado] => 0
                    [fecha] => 2025-08-21 16:13:03
                    [mac_address] => 08:D1:F9:A5:2A:14
                )

        )

)

DEBUG - 2025-09-25 08:30:33 --> Ruta actual: /Tesina/public/energia
INFO - 2025-09-25 08:30:33 --> Session: Class initialized using 'CodeIgniter\Session\Handlers\FileHandler' driver.
DEBUG - 2025-09-25 08:30:33 --> Datos en sesión: Array
(
    [__ci_last_regenerate] => 1758799780
    [_ci_previous_url] => http://192.168.2.182/Tesina/public/energia/verDatos/2
    [id_usuario] => 1
    [nombre] => brunito
    [apellido] => barber
    [email] => brunocameille@alumnos.itr3.edu.ar
    [rol] => usuario
    [logged_in] => 1
)

INFO - 2025-09-25 08:30:33 --> Dispositivo ID: 29
INFO - 2025-09-25 08:30:33 --> Número de lecturas encontradas: 0
ERROR - 2025-09-25 08:30:33 --> Error en Energia::index: Invalid file: "energia/index.php"
DEBUG - 2025-09-25 08:30:33 --> Ruta actual: /Tesina/public/dashboard
INFO - 2025-09-25 08:30:33 --> Session: Class initialized using 'CodeIgniter\Session\Handlers\FileHandler' driver.
DEBUG - 2025-09-25 08:30:33 --> Datos en sesión: Array
(
    [__ci_last_regenerate] => 1758799780
    [_ci_previous_url] => http://192.168.2.182/Tesina/public/energia/verDatos/2
    [id_usuario] => 1
    [nombre] => brunito
    [apellido] => barber
    [email] => brunocameille@alumnos.itr3.edu.ar
    [rol] => usuario
    [logged_in] => 1
)

DEBUG - 2025-09-25 08:31:13 --> Ruta actual: /Tesina/public/energia
INFO - 2025-09-25 08:31:13 --> Session: Class initialized using 'CodeIgniter\Session\Handlers\FileHandler' driver.
DEBUG - 2025-09-25 08:31:13 --> Datos en sesión: Array
(
    [__ci_last_regenerate] => 1758799780
    [_ci_previous_url] => http://192.168.2.182/Tesina/public/energia/verDatos/2
    [id_usuario] => 1
    [nombre] => brunito
    [apellido] => barber
    [email] => brunocameille@alumnos.itr3.edu.ar
    [rol] => usuario
    [logged_in] => 1
)

INFO - 2025-09-25 08:31:13 --> Dispositivo ID: 29
INFO - 2025-09-25 08:31:13 --> Número de lecturas encontradas: 0
ERROR - 2025-09-25 08:31:13 --> Error en Energia::index: Invalid file: "energia/index.php"
DEBUG - 2025-09-25 08:31:13 --> Ruta actual: /Tesina/public/dashboard
INFO - 2025-09-25 08:31:13 --> Session: Class initialized using 'CodeIgniter\Session\Handlers\FileHandler' driver.
DEBUG - 2025-09-25 08:31:13 --> Datos en sesión: Array
(
    [__ci_last_regenerate] => 1758799780
    [_ci_previous_url] => http://192.168.2.182/Tesina/public/energia/verDatos/2
    [id_usuario] => 1
    [nombre] => brunito
    [apellido] => barber
    [email] => brunocameille@alumnos.itr3.edu.ar
    [rol] => usuario
    [logged_in] => 1
)

DEBUG - 2025-09-25 08:31:14 --> Ruta actual: /Tesina/public/energia/verDatos/2
INFO - 2025-09-25 08:31:14 --> Session: Class initialized using 'CodeIgniter\Session\Handlers\FileHandler' driver.
DEBUG - 2025-09-25 08:31:14 --> Datos en sesión: Array
(
    [__ci_last_regenerate] => 1758799780
    [_ci_previous_url] => http://192.168.2.182/Tesina/public/energia/verDatos/2
    [id_usuario] => 1
    [nombre] => brunito
    [apellido] => barber
    [email] => brunocameille@alumnos.itr3.edu.ar
    [rol] => usuario
    [logged_in] => 1
)

DEBUG - 2025-09-25 08:31:14 --> Accediendo a verDatos con ID: 2
DEBUG - 2025-09-25 08:31:14 --> Datos del dispositivo: Array
(
    [id_dispositivo] => 2
    [nombre] => ECOVOLT HOYY 11/4
    [id_usuario] => 1
    [mac_address] => 08:D1:F9:A5:2A:14
    [ip_address] => 
    [ultima_conexion] => 
    [estado] => activo
    [created_at] => 2025-04-11 10:03:27
    [stock] => 0
    [precio] => 0
    [descripcion] => adasdada
    [fecha_actualizacion] => 2025-09-25 08:24:27
    [updated_at] => 2025-09-23 11:54:53
    [codigo_activacion] => 
    [fecha_activacion] => 
)

DEBUG - 2025-09-25 08:31:14 --> Número de lecturas encontradas: 31
DEBUG - 2025-09-25 08:31:14 --> Primera lectura: Array
(
    [id] => 8813
    [id_dispositivo] => 2
    [id_usuario] => 1
    [voltaje] => 118.75
    [corriente] => 3.0956
    [potencia] => 367.6
    [kwh] => 0.01
    [limite_superado] => 0
    [fecha] => 2025-08-22 13:11:02
    [mac_address] => 08:D1:F9:A5:2A:14
)

DEBUG - 2025-09-25 08:31:14 --> Datos enviados a la vista: Array
(
    [dispositivo] => Array
        (
            [id_dispositivo] => 2
            [nombre] => ECOVOLT HOYY 11/4
            [id_usuario] => 1
            [mac_address] => 08:D1:F9:A5:2A:14
            [ip_address] => 
            [ultima_conexion] => 
            [estado] => activo
            [created_at] => 2025-04-11 10:03:27
            [stock] => 0
            [precio] => 0
            [descripcion] => adasdada
            [fecha_actualizacion] => 2025-09-25 08:24:27
            [updated_at] => 2025-09-23 11:54:53
            [codigo_activacion] => 
            [fecha_activacion] => 
        )

    [lecturas] => Array
        (
            [0] => Array
                (
                    [id] => 8813
                    [id_dispositivo] => 2
                    [id_usuario] => 1
                    [voltaje] => 118.75
                    [corriente] => 3.0956
                    [potencia] => 367.6
                    [kwh] => 0.01
                    [limite_superado] => 0
                    [fecha] => 2025-08-22 13:11:02
                    [mac_address] => 08:D1:F9:A5:2A:14
                )

            [1] => Array
                (
                    [id] => 8812
                    [id_dispositivo] => 2
                    [id_usuario] => 1
                    [voltaje] => 118.94
                    [corriente] => 3.0923
                    [potencia] => 367.82
                    [kwh] => 0.0099
                    [limite_superado] => 0
                    [fecha] => 2025-08-22 13:11:00
                    [mac_address] => 08:D1:F9:A5:2A:14
                )

            [2] => Array
                (
                    [id] => 8811
                    [id_dispositivo] => 2
                    [id_usuario] => 1
                    [voltaje] => 108.46
                    [corriente] => 2.432
                    [potencia] => 263.77
                    [kwh] => 0.0098
                    [limite_superado] => 0
                    [fecha] => 2025-08-22 13:10:58
                    [mac_address] => 08:D1:F9:A5:2A:14
                )

            [3] => Array
                (
                    [id] => 8810
                    [id_dispositivo] => 2
                    [id_usuario] => 1
                    [voltaje] => 105.7
                    [corriente] => 16.5
                    [potencia] => 1744.06
                    [kwh] => 0.0097
                    [limite_superado] => 0
                    [fecha] => 2025-08-22 13:10:54
                    [mac_address] => 08:D1:F9:A5:2A:14
                )

            [4] => Array
                (
                    [id] => 8809
                    [id_dispositivo] => 2
                    [id_usuario] => 1
                    [voltaje] => 105.32
                    [corriente] => 16.5
                    [potencia] => 1737.82
                    [kwh] => 0.0093
                    [limite_superado] => 0
                    [fecha] => 2025-08-22 13:10:52
                    [mac_address] => 08:D1:F9:A5:2A:14
                )

            [5] => Array
                (
                    [id] => 8808
                    [id_dispositivo] => 2
                    [id_usuario] => 1
                    [voltaje] => 97.92
                    [corriente] => 16.5
                    [potencia] => 1615.68
                    [kwh] => 0.0088
                    [limite_superado] => 0
                    [fecha] => 2025-08-22 13:10:51
                    [mac_address] => 08:D1:F9:A5:2A:14
                )

            [6] => Array
                (
                    [id] => 8807
                    [id_dispositivo] => 2
                    [id_usuario] => 1
                    [voltaje] => 86.57
                    [corriente] => 16.5
                    [potencia] => 1428.4
                    [kwh] => 0.0083
                    [limite_superado] => 0
                    [fecha] => 2025-08-22 13:10:47
                    [mac_address] => 08:D1:F9:A5:2A:14
                )

            [7] => Array
                (
                    [id] => 8806
                    [id_dispositivo] => 2
                    [id_usuario] => 1
                    [voltaje] => 115.21
                    [corriente] => 16.5
                    [potencia] => 1900.97
                    [kwh] => 0.0079
                    [limite_superado] => 0
                    [fecha] => 2025-08-22 13:10:43
                    [mac_address] => 08:D1:F9:A5:2A:14
                )

            [8] => Array
                (
                    [id] => 8805
                    [id_dispositivo] => 2
                    [id_usuario] => 1
                    [voltaje] => 110.65
                    [corriente] => 16.5
                    [potencia] => 1825.67
                    [kwh] => 0.0074
                    [limite_superado] => 0
                    [fecha] => 2025-08-22 13:10:36
                    [mac_address] => 08:D1:F9:A5:2A:14
                )

            [9] => Array
                (
                    [id] => 8804
                    [id_dispositivo] => 2
                    [id_usuario] => 1
                    [voltaje] => 113.03
                    [corriente] => 16.5
                    [potencia] => 1865.02
                    [kwh] => 0.0069
                    [limite_superado] => 0
                    [fecha] => 2025-08-22 13:10:34
                    [mac_address] => 08:D1:F9:A5:2A:14
                )

            [10] => Array
                (
                    [id] => 8803
                    [id_dispositivo] => 2
                    [id_usuario] => 1
                    [voltaje] => 85.81
                    [corriente] => 16.5
                    [potencia] => 1415.82
                    [kwh] => 0.0064
                    [limite_superado] => 0
                    [fecha] => 2025-08-22 13:10:33
                    [mac_address] => 08:D1:F9:A5:2A:14
                )

            [11] => Array
                (
                    [id] => 8802
                    [id_dispositivo] => 2
                    [id_usuario] => 1
                    [voltaje] => 99.91
                    [corriente] => 16.5
                    [potencia] => 1648.56
                    [kwh] => 0.006
                    [limite_superado] => 0
                    [fecha] => 2025-08-22 13:10:31
                    [mac_address] => 08:D1:F9:A5:2A:14
                )

            [12] => Array
                (
                    [id] => 8801
                    [id_dispositivo] => 2
                    [id_usuario] => 1
                    [voltaje] => 81.01
                    [corriente] => 16.5
                    [potencia] => 1336.63
                    [kwh] => 0.0055
                    [limite_superado] => 0
                    [fecha] => 2025-08-22 13:10:30
                    [mac_address] => 08:D1:F9:A5:2A:14
                )

            [13] => Array
                (
                    [id] => 8800
                    [id_dispositivo] => 2
                    [id_usuario] => 1
                    [voltaje] => 79.58
                    [corriente] => 16.5
                    [potencia] => 1313.09
                    [kwh] => 0.0052
                    [limite_superado] => 0
                    [fecha] => 2025-08-22 13:10:28
                    [mac_address] => 08:D1:F9:A5:2A:14
                )

            [14] => Array
                (
                    [id] => 8799
                    [id_dispositivo] => 2
                    [id_usuario] => 1
                    [voltaje] => 80.12
                    [corriente] => 16.5
                    [potencia] => 1321.94
                    [kwh] => 0.0048
                    [limite_superado] => 0
                    [fecha] => 2025-08-22 13:10:27
                    [mac_address] => 08:D1:F9:A5:2A:14
                )

            [15] => Array
                (
                    [id] => 8798
                    [id_dispositivo] => 2
                    [id_usuario] => 1
                    [voltaje] => 78.4
                    [corriente] => 16.5
                    [potencia] => 1293.59
                    [kwh] => 0.0044
                    [limite_superado] => 0
                    [fecha] => 2025-08-22 13:10:25
                    [mac_address] => 08:D1:F9:A5:2A:14
                )

            [16] => Array
                (
                    [id] => 8797
                    [id_dispositivo] => 2
                    [id_usuario] => 1
                    [voltaje] => 81.92
                    [corriente] => 16.5
                    [potencia] => 1351.67
                    [kwh] => 0.0041
                    [limite_superado] => 0
                    [fecha] => 2025-08-22 13:10:24
                    [mac_address] => 08:D1:F9:A5:2A:14
                )

            [17] => Array
                (
                    [id] => 8796
                    [id_dispositivo] => 2
                    [id_usuario] => 1
                    [voltaje] => 66.81
                    [corriente] => 16.5
                    [potencia] => 1102.29
                    [kwh] => 0.0037
                    [limite_superado] => 0
                    [fecha] => 2025-08-22 13:10:22
                    [mac_address] => 08:D1:F9:A5:2A:14
                )

            [18] => Array
                (
                    [id] => 8795
                    [id_dispositivo] => 2
                    [id_usuario] => 1
                    [voltaje] => 83.33
                    [corriente] => 16.5
                    [potencia] => 1374.97
                    [kwh] => 0.0034
                    [limite_superado] => 0
                    [fecha] => 2025-08-22 13:10:21
                    [mac_address] => 08:D1:F9:A5:2A:14
                )

            [19] => Array
                (
                    [id] => 8794
                    [id_dispositivo] => 2
                    [id_usuario] => 1
                    [voltaje] => 84.69
                    [corriente] => 16.5
                    [potencia] => 1397.41
                    [kwh] => 0.003
                    [limite_superado] => 0
                    [fecha] => 2025-08-22 13:10:19
                    [mac_address] => 08:D1:F9:A5:2A:14
                )

            [20] => Array
                (
                    [id] => 8793
                    [id_dispositivo] => 2
                    [id_usuario] => 1
                    [voltaje] => 82.51
                    [corriente] => 16.5
                    [potencia] => 1361.42
                    [kwh] => 0.0026
                    [limite_superado] => 0
                    [fecha] => 2025-08-22 13:10:17
                    [mac_address] => 08:D1:F9:A5:2A:14
                )

            [21] => Array
                (
                    [id] => 8792
                    [id_dispositivo] => 2
                    [id_usuario] => 1
                    [voltaje] => 78.49
                    [corriente] => 16.5
                    [potencia] => 1295.03
                    [kwh] => 0.0022
                    [limite_superado] => 0
                    [fecha] => 2025-08-22 13:10:13
                    [mac_address] => 08:D1:F9:A5:2A:14
                )

            [22] => Array
                (
                    [id] => 8791
                    [id_dispositivo] => 2
                    [id_usuario] => 1
                    [voltaje] => 78.55
                    [corriente] => 16.5
                    [potencia] => 1296.02
                    [kwh] => 0.0019
                    [limite_superado] => 0
                    [fecha] => 2025-08-22 13:10:07
                    [mac_address] => 08:D1:F9:A5:2A:14
                )

            [23] => Array
                (
                    [id] => 8790
                    [id_dispositivo] => 2
                    [id_usuario] => 1
                    [voltaje] => 78.26
                    [corriente] => 16.5
                    [potencia] => 1291.3
                    [kwh] => 0.0015
                    [limite_superado] => 0
                    [fecha] => 2025-08-22 13:10:05
                    [mac_address] => 08:D1:F9:A5:2A:14
                )

            [24] => Array
                (
                    [id] => 8789
                    [id_dispositivo] => 2
                    [id_usuario] => 1
                    [voltaje] => 84.13
                    [corriente] => 16.5
                    [potencia] => 1388.15
                    [kwh] => 0.0012
                    [limite_superado] => 0
                    [fecha] => 2025-08-22 13:10:04
                    [mac_address] => 08:D1:F9:A5:2A:14
                )

            [25] => Array
                (
                    [id] => 8788
                    [id_dispositivo] => 2
                    [id_usuario] => 1
                    [voltaje] => 81.49
                    [corriente] => 16.5
                    [potencia] => 1344.66
                    [kwh] => 0.0008
                    [limite_superado] => 0
                    [fecha] => 2025-08-22 13:10:00
                    [mac_address] => 08:D1:F9:A5:2A:14
                )

            [26] => Array
                (
                    [id] => 8787
                    [id_dispositivo] => 2
                    [id_usuario] => 1
                    [voltaje] => 86.02
                    [corriente] => 16.5
                    [potencia] => 1419.3
                    [kwh] => 0.0004
                    [limite_superado] => 0
                    [fecha] => 2025-08-22 13:09:58
                    [mac_address] => 08:D1:F9:A5:2A:14
                )

            [27] => Array
                (
                    [id] => 8786
                    [id_dispositivo] => 2
                    [id_usuario] => 1
                    [voltaje] => 220
                    [corriente] => 0
                    [potencia] => 0
                    [kwh] => 0
                    [limite_superado] => 0
                    [fecha] => 2025-08-21 16:13:34
                    [mac_address] => 08:D1:F9:A5:2A:14
                )

            [28] => Array
                (
                    [id] => 8785
                    [id_dispositivo] => 2
                    [id_usuario] => 1
                    [voltaje] => 220
                    [corriente] => 0
                    [potencia] => 0
                    [kwh] => 0
                    [limite_superado] => 0
                    [fecha] => 2025-08-21 16:13:24
                    [mac_address] => 08:D1:F9:A5:2A:14
                )

            [29] => Array
                (
                    [id] => 8784
                    [id_dispositivo] => 2
                    [id_usuario] => 1
                    [voltaje] => 220
                    [corriente] => 0
                    [potencia] => 0
                    [kwh] => 0
                    [limite_superado] => 0
                    [fecha] => 2025-08-21 16:13:14
                    [mac_address] => 08:D1:F9:A5:2A:14
                )

            [30] => Array
                (
                    [id] => 8783
                    [id_dispositivo] => 2
                    [id_usuario] => 1
                    [voltaje] => 220
                    [corriente] => 0
                    [potencia] => 0
                    [kwh] => 0
                    [limite_superado] => 0
                    [fecha] => 2025-08-21 16:13:03
                    [mac_address] => 08:D1:F9:A5:2A:14
                )

        )

)

DEBUG - 2025-09-25 08:31:15 --> Ruta actual: /Tesina/public/dispositivo
INFO - 2025-09-25 08:31:15 --> Session: Class initialized using 'CodeIgniter\Session\Handlers\FileHandler' driver.
DEBUG - 2025-09-25 08:31:15 --> Datos en sesión: Array
(
    [__ci_last_regenerate] => 1758799780
    [_ci_previous_url] => http://192.168.2.182/Tesina/public/energia/verDatos/2
    [id_usuario] => 1
    [nombre] => brunito
    [apellido] => barber
    [email] => brunocameille@alumnos.itr3.edu.ar
    [rol] => usuario
    [logged_in] => 1
)

DEBUG - 2025-09-25 08:31:15 --> ID Usuario: 1
DEBUG - 2025-09-25 08:31:15 --> Dispositivos encontrados: Array
(
    [0] => Array
        (
            [id_dispositivo] => 1
            [nombre] => medidor de ecovolt
            [id_usuario] => 1
            [mac_address] => 00:1A:2B:3C:4D:5E
            [ip_address] => 
            [ultima_conexion] => 
            [estado] => activo
            [created_at] => 2025-04-10 22:26:34
            [stock] => 43
            [precio] => 85
            [descripcion] => 
            [fecha_actualizacion] => 2025-06-27 08:44:59
            [updated_at] => 2025-06-12 15:06:14
            [codigo_activacion] => 
            [fecha_activacion] => 
            [nombre_usuario] => brunito
            [email_usuario] => brunocameille@alumnos.itr3.edu.ar
            [ultima_lectura] => 
        )

    [1] => Array
        (
            [id_dispositivo] => 2
            [nombre] => ECOVOLT HOYY 11/4
            [id_usuario] => 1
            [mac_address] => 08:D1:F9:A5:2A:14
            [ip_address] => 
            [ultima_conexion] => 
            [estado] => activo
            [created_at] => 2025-04-11 10:03:27
            [stock] => 0
            [precio] => 0
            [descripcion] => adasdada
            [fecha_actualizacion] => 2025-09-25 08:24:27
            [updated_at] => 2025-09-23 11:54:53
            [codigo_activacion] => 
            [fecha_activacion] => 
            [nombre_usuario] => brunito
            [email_usuario] => brunocameille@alumnos.itr3.edu.ar
            [ultima_lectura] => Array
                (
                    [id] => 8813
                    [id_dispositivo] => 2
                    [id_usuario] => 1
                    [voltaje] => 118.75
                    [corriente] => 3.0956
                    [potencia] => 367.6
                    [kwh] => 0.01
                    [limite_superado] => 0
                    [fecha] => 2025-08-22 13:11:02
                    [mac_address] => 08:D1:F9:A5:2A:14
                )

        )

    [2] => Array
        (
            [id_dispositivo] => 29
            [nombre] => sadasd
            [id_usuario] => 1
            [mac_address] => AA:C3:CC:D1:EE:2F
            [ip_address] => 
            [ultima_conexion] => 
            [estado] => activo
            [created_at] => 2025-06-27 10:12:51
            [stock] => 0
            [precio] => 0
            [descripcion] => 
            [fecha_actualizacion] => 2025-09-02 12:11:21
            [updated_at] => 
            [codigo_activacion] => 
            [fecha_activacion] => 
            [nombre_usuario] => brunito
            [email_usuario] => brunocameille@alumnos.itr3.edu.ar
            [ultima_lectura] => 
        )

)

DEBUG - 2025-09-25 08:31:16 --> Ruta actual: /Tesina/public/energia
INFO - 2025-09-25 08:31:16 --> Session: Class initialized using 'CodeIgniter\Session\Handlers\FileHandler' driver.
DEBUG - 2025-09-25 08:31:16 --> Datos en sesión: Array
(
    [__ci_last_regenerate] => 1758799780
    [_ci_previous_url] => http://192.168.2.182/Tesina/public/dispositivo
    [id_usuario] => 1
    [nombre] => brunito
    [apellido] => barber
    [email] => brunocameille@alumnos.itr3.edu.ar
    [rol] => usuario
    [logged_in] => 1
)

INFO - 2025-09-25 08:31:16 --> Dispositivo ID: 29
INFO - 2025-09-25 08:31:16 --> Número de lecturas encontradas: 0
ERROR - 2025-09-25 08:31:16 --> Error en Energia::index: Invalid file: "energia/index.php"
DEBUG - 2025-09-25 08:31:16 --> Ruta actual: /Tesina/public/dashboard
INFO - 2025-09-25 08:31:16 --> Session: Class initialized using 'CodeIgniter\Session\Handlers\FileHandler' driver.
DEBUG - 2025-09-25 08:31:16 --> Datos en sesión: Array
(
    [__ci_last_regenerate] => 1758799780
    [_ci_previous_url] => http://192.168.2.182/Tesina/public/dispositivo
    [id_usuario] => 1
    [nombre] => brunito
    [apellido] => barber
    [email] => brunocameille@alumnos.itr3.edu.ar
    [rol] => usuario
    [logged_in] => 1
)

INFO - 2025-09-25 08:31:19 --> Session: Class initialized using 'CodeIgniter\Session\Handlers\FileHandler' driver.
DEBUG - 2025-09-25 08:31:29 --> Ruta actual: /Tesina/public/perfil/perfil
INFO - 2025-09-25 08:31:29 --> Session: Class initialized using 'CodeIgniter\Session\Handlers\FileHandler' driver.
DEBUG - 2025-09-25 08:31:29 --> Datos en sesión: Array
(
    [__ci_last_regenerate] => 1758799780
    [_ci_previous_url] => http://192.168.2.182/Tesina/public/dispositivo
    [id_usuario] => 1
    [nombre] => brunito
    [apellido] => barber
    [email] => brunocameille@alumnos.itr3.edu.ar
    [rol] => usuario
    [logged_in] => 1
)

DEBUG - 2025-09-25 08:31:29 --> === INICIO ACTUALIZACIÓN PERFIL ===
DEBUG - 2025-09-25 08:31:29 --> ID Usuario: 1
DEBUG - 2025-09-25 08:31:29 --> Buscando usuario ID: 1
DEBUG - 2025-09-25 08:31:29 --> Resultado de la búsqueda: Array
(
    [id_usuario] => 1
    [nombre] => brunito
    [apellido] => barber
    [email] => brunocameille@alumnos.itr3.edu.ar
    [contrasena] => $2y$10$F4xQfULyrVhG1JD8Y21QR.vgn9Fzd257acxjmQqHQ3OYfEqBaAPb6
    [direccion_id] => 0
    [id_rol] => 2
    [created_at] => 2025-04-07 13:37:30
    [updated_at] => 2025-09-25 08:29:52
    [invitado_por] => 
    [estado] => activo
    [token_activacion] => 
)

DEBUG - 2025-09-25 08:31:29 --> Datos actuales del usuario: Array
(
    [id_usuario] => 1
    [nombre] => brunito
    [apellido] => barber
    [email] => brunocameille@alumnos.itr3.edu.ar
    [contrasena] => $2y$10$F4xQfULyrVhG1JD8Y21QR.vgn9Fzd257acxjmQqHQ3OYfEqBaAPb6
    [direccion_id] => 0
    [id_rol] => 2
    [created_at] => 2025-04-07 13:37:30
    [updated_at] => 2025-09-25 08:29:52
    [invitado_por] => 
    [estado] => activo
    [token_activacion] => 
)

DEBUG - 2025-09-25 08:31:34 --> Ruta actual: /Tesina/public/dispositivo/agregar
INFO - 2025-09-25 08:31:34 --> Session: Class initialized using 'CodeIgniter\Session\Handlers\FileHandler' driver.
DEBUG - 2025-09-25 08:31:34 --> Datos en sesión: Array
(
    [__ci_last_regenerate] => 1758799780
    [_ci_previous_url] => http://192.168.2.182/Tesina/public/perfil/perfil
    [id_usuario] => 1
    [nombre] => brunito
    [apellido] => barber
    [email] => brunocameille@alumnos.itr3.edu.ar
    [rol] => usuario
    [logged_in] => 1
)

DEBUG - 2025-09-25 08:31:37 --> Ruta actual: /Tesina/public/usuario
INFO - 2025-09-25 08:31:37 --> Session: Class initialized using 'CodeIgniter\Session\Handlers\FileHandler' driver.
DEBUG - 2025-09-25 08:31:37 --> Datos en sesión: Array
(
    [__ci_last_regenerate] => 1758799780
    [_ci_previous_url] => http://192.168.2.182/Tesina/public/dispositivo/agregar
    [id_usuario] => 1
    [nombre] => brunito
    [apellido] => barber
    [email] => brunocameille@alumnos.itr3.edu.ar
    [rol] => usuario
    [logged_in] => 1
)

DEBUG - 2025-09-25 08:31:37 --> Usuario ID: 1
DEBUG - 2025-09-25 08:31:37 --> Buscando usuario ID: 1
DEBUG - 2025-09-25 08:31:37 --> Resultado de la búsqueda: Array
(
    [id_usuario] => 1
    [nombre] => brunito
    [apellido] => barber
    [email] => brunocameille@alumnos.itr3.edu.ar
    [contrasena] => $2y$10$F4xQfULyrVhG1JD8Y21QR.vgn9Fzd257acxjmQqHQ3OYfEqBaAPb6
    [direccion_id] => 0
    [id_rol] => 2
    [created_at] => 2025-04-07 13:37:30
    [updated_at] => 2025-09-25 08:29:52
    [invitado_por] => 
    [estado] => activo
    [token_activacion] => 
)

DEBUG - 2025-09-25 08:31:37 --> Datos del usuario: Array
(
    [id_usuario] => 1
    [nombre] => brunito
    [apellido] => barber
    [email] => brunocameille@alumnos.itr3.edu.ar
    [contrasena] => $2y$10$F4xQfULyrVhG1JD8Y21QR.vgn9Fzd257acxjmQqHQ3OYfEqBaAPb6
    [direccion_id] => 0
    [id_rol] => 2
    [created_at] => 2025-04-07 13:37:30
    [updated_at] => 2025-09-25 08:29:52
    [invitado_por] => 
    [estado] => activo
    [token_activacion] => 
)

DEBUG - 2025-09-25 08:31:37 --> Dispositivos encontrados: Array
(
    [0] => Array
        (
            [id_dispositivo] => 1
            [nombre] => medidor de ecovolt
            [id_usuario] => 1
            [mac_address] => 00:1A:2B:3C:4D:5E
            [ip_address] => 
            [ultima_conexion] => 
            [estado] => activo
            [created_at] => 2025-04-10 22:26:34
            [stock] => 43
            [precio] => 85
            [descripcion] => 
            [fecha_actualizacion] => 2025-06-27 08:44:59
            [updated_at] => 2025-06-12 15:06:14
            [codigo_activacion] => 
            [fecha_activacion] => 
            [nombre_usuario] => brunito
            [email_usuario] => brunocameille@alumnos.itr3.edu.ar
            [ultima_lectura] => 
        )

    [1] => Array
        (
            [id_dispositivo] => 2
            [nombre] => ECOVOLT HOYY 11/4
            [id_usuario] => 1
            [mac_address] => 08:D1:F9:A5:2A:14
            [ip_address] => 
            [ultima_conexion] => 
            [estado] => activo
            [created_at] => 2025-04-11 10:03:27
            [stock] => 0
            [precio] => 0
            [descripcion] => adasdada
            [fecha_actualizacion] => 2025-09-25 08:24:27
            [updated_at] => 2025-09-23 11:54:53
            [codigo_activacion] => 
            [fecha_activacion] => 
            [nombre_usuario] => brunito
            [email_usuario] => brunocameille@alumnos.itr3.edu.ar
            [ultima_lectura] => Array
                (
                    [id] => 8813
                    [id_dispositivo] => 2
                    [id_usuario] => 1
                    [voltaje] => 118.75
                    [corriente] => 3.0956
                    [potencia] => 367.6
                    [kwh] => 0.01
                    [limite_superado] => 0
                    [fecha] => 2025-08-22 13:11:02
                    [mac_address] => 08:D1:F9:A5:2A:14
                )

        )

    [2] => Array
        (
            [id_dispositivo] => 29
            [nombre] => sadasd
            [id_usuario] => 1
            [mac_address] => AA:C3:CC:D1:EE:2F
            [ip_address] => 
            [ultima_conexion] => 
            [estado] => activo
            [created_at] => 2025-06-27 10:12:51
            [stock] => 0
            [precio] => 0
            [descripcion] => 
            [fecha_actualizacion] => 2025-09-02 12:11:21
            [updated_at] => 
            [codigo_activacion] => 
            [fecha_activacion] => 
            [nombre_usuario] => brunito
            [email_usuario] => brunocameille@alumnos.itr3.edu.ar
            [ultima_lectura] => 
        )

)

DEBUG - 2025-09-25 08:31:37 --> Consumo 24h: 
DEBUG - 2025-09-25 08:31:37 --> Consumo promedio: 
DEBUG - 2025-09-25 08:31:37 --> Datos enviados a la vista: Array
(
    [usuario] => Array
        (
            [id_usuario] => 1
            [nombre] => brunito
            [apellido] => barber
            [email] => brunocameille@alumnos.itr3.edu.ar
            [contrasena] => $2y$10$F4xQfULyrVhG1JD8Y21QR.vgn9Fzd257acxjmQqHQ3OYfEqBaAPb6
            [direccion_id] => 0
            [id_rol] => 2
            [created_at] => 2025-04-07 13:37:30
            [updated_at] => 2025-09-25 08:29:52
            [invitado_por] => 
            [estado] => activo
            [token_activacion] => 
        )

    [dispositivos] => Array
        (
            [0] => Array
                (
                    [id_dispositivo] => 1
                    [nombre] => medidor de ecovolt
                    [id_usuario] => 1
                    [mac_address] => 00:1A:2B:3C:4D:5E
                    [ip_address] => 
                    [ultima_conexion] => 
                    [estado] => activo
                    [created_at] => 2025-04-10 22:26:34
                    [stock] => 43
                    [precio] => 85
                    [descripcion] => 
                    [fecha_actualizacion] => 2025-06-27 08:44:59
                    [updated_at] => 2025-06-12 15:06:14
                    [codigo_activacion] => 
                    [fecha_activacion] => 
                    [nombre_usuario] => brunito
                    [email_usuario] => brunocameille@alumnos.itr3.edu.ar
                    [ultima_lectura] => 
                )

            [1] => Array
                (
                    [id_dispositivo] => 2
                    [nombre] => ECOVOLT HOYY 11/4
                    [id_usuario] => 1
                    [mac_address] => 08:D1:F9:A5:2A:14
                    [ip_address] => 
                    [ultima_conexion] => 
                    [estado] => activo
                    [created_at] => 2025-04-11 10:03:27
                    [stock] => 0
                    [precio] => 0
                    [descripcion] => adasdada
                    [fecha_actualizacion] => 2025-09-25 08:24:27
                    [updated_at] => 2025-09-23 11:54:53
                    [codigo_activacion] => 
                    [fecha_activacion] => 
                    [nombre_usuario] => brunito
                    [email_usuario] => brunocameille@alumnos.itr3.edu.ar
                    [ultima_lectura] => Array
                        (
                            [id] => 8813
                            [id_dispositivo] => 2
                            [id_usuario] => 1
                            [voltaje] => 118.75
                            [corriente] => 3.0956
                            [potencia] => 367.6
                            [kwh] => 0.01
                            [limite_superado] => 0
                            [fecha] => 2025-08-22 13:11:02
                            [mac_address] => 08:D1:F9:A5:2A:14
                        )

                )

            [2] => Array
                (
                    [id_dispositivo] => 29
                    [nombre] => sadasd
                    [id_usuario] => 1
                    [mac_address] => AA:C3:CC:D1:EE:2F
                    [ip_address] => 
                    [ultima_conexion] => 
                    [estado] => activo
                    [created_at] => 2025-06-27 10:12:51
                    [stock] => 0
                    [precio] => 0
                    [descripcion] => 
                    [fecha_actualizacion] => 2025-09-02 12:11:21
                    [updated_at] => 
                    [codigo_activacion] => 
                    [fecha_activacion] => 
                    [nombre_usuario] => brunito
                    [email_usuario] => brunocameille@alumnos.itr3.edu.ar
                    [ultima_lectura] => 
                )

        )

    [consumo24h] => 
    [consumoPromedio] => 
)

DEBUG - 2025-09-25 08:33:25 --> Ruta actual: /Tesina/public/usuario
INFO - 2025-09-25 08:33:25 --> Session: Class initialized using 'CodeIgniter\Session\Handlers\FileHandler' driver.
DEBUG - 2025-09-25 08:33:25 --> Datos en sesión: Array
(
    [__ci_last_regenerate] => 1758799780
    [_ci_previous_url] => http://192.168.2.182/Tesina/public/usuario
    [id_usuario] => 1
    [nombre] => brunito
    [apellido] => barber
    [email] => brunocameille@alumnos.itr3.edu.ar
    [rol] => usuario
    [logged_in] => 1
)

DEBUG - 2025-09-25 08:33:25 --> Usuario ID: 1
DEBUG - 2025-09-25 08:33:25 --> Buscando usuario ID: 1
DEBUG - 2025-09-25 08:33:25 --> Resultado de la búsqueda: Array
(
    [id_usuario] => 1
    [nombre] => brunito
    [apellido] => barber
    [email] => brunocameille@alumnos.itr3.edu.ar
    [contrasena] => $2y$10$F4xQfULyrVhG1JD8Y21QR.vgn9Fzd257acxjmQqHQ3OYfEqBaAPb6
    [direccion_id] => 0
    [id_rol] => 2
    [created_at] => 2025-04-07 13:37:30
    [updated_at] => 2025-09-25 08:29:52
    [invitado_por] => 
    [estado] => activo
    [token_activacion] => 
)

DEBUG - 2025-09-25 08:33:25 --> Datos del usuario: Array
(
    [id_usuario] => 1
    [nombre] => brunito
    [apellido] => barber
    [email] => brunocameille@alumnos.itr3.edu.ar
    [contrasena] => $2y$10$F4xQfULyrVhG1JD8Y21QR.vgn9Fzd257acxjmQqHQ3OYfEqBaAPb6
    [direccion_id] => 0
    [id_rol] => 2
    [created_at] => 2025-04-07 13:37:30
    [updated_at] => 2025-09-25 08:29:52
    [invitado_por] => 
    [estado] => activo
    [token_activacion] => 
)

DEBUG - 2025-09-25 08:33:25 --> Dispositivos encontrados: Array
(
    [0] => Array
        (
            [id_dispositivo] => 1
            [nombre] => medidor de ecovolt
            [id_usuario] => 1
            [mac_address] => 00:1A:2B:3C:4D:5E
            [ip_address] => 
            [ultima_conexion] => 
            [estado] => activo
            [created_at] => 2025-04-10 22:26:34
            [stock] => 43
            [precio] => 85
            [descripcion] => 
            [fecha_actualizacion] => 2025-06-27 08:44:59
            [updated_at] => 2025-06-12 15:06:14
            [codigo_activacion] => 
            [fecha_activacion] => 
            [nombre_usuario] => brunito
            [email_usuario] => brunocameille@alumnos.itr3.edu.ar
            [ultima_lectura] => 
        )

    [1] => Array
        (
            [id_dispositivo] => 2
            [nombre] => ECOVOLT HOYY 11/4
            [id_usuario] => 1
            [mac_address] => 08:D1:F9:A5:2A:14
            [ip_address] => 
            [ultima_conexion] => 
            [estado] => activo
            [created_at] => 2025-04-11 10:03:27
            [stock] => 0
            [precio] => 0
            [descripcion] => adasdada
            [fecha_actualizacion] => 2025-09-25 08:24:27
            [updated_at] => 2025-09-23 11:54:53
            [codigo_activacion] => 
            [fecha_activacion] => 
            [nombre_usuario] => brunito
            [email_usuario] => brunocameille@alumnos.itr3.edu.ar
            [ultima_lectura] => Array
                (
                    [id] => 8813
                    [id_dispositivo] => 2
                    [id_usuario] => 1
                    [voltaje] => 118.75
                    [corriente] => 3.0956
                    [potencia] => 367.6
                    [kwh] => 0.01
                    [limite_superado] => 0
                    [fecha] => 2025-08-22 13:11:02
                    [mac_address] => 08:D1:F9:A5:2A:14
                )

        )

    [2] => Array
        (
            [id_dispositivo] => 29
            [nombre] => sadasd
            [id_usuario] => 1
            [mac_address] => AA:C3:CC:D1:EE:2F
            [ip_address] => 
            [ultima_conexion] => 
            [estado] => activo
            [created_at] => 2025-06-27 10:12:51
            [stock] => 0
            [precio] => 0
            [descripcion] => 
            [fecha_actualizacion] => 2025-09-02 12:11:21
            [updated_at] => 
            [codigo_activacion] => 
            [fecha_activacion] => 
            [nombre_usuario] => brunito
            [email_usuario] => brunocameille@alumnos.itr3.edu.ar
            [ultima_lectura] => 
        )

)

DEBUG - 2025-09-25 08:33:25 --> Consumo 24h: 
DEBUG - 2025-09-25 08:33:25 --> Consumo promedio: 
DEBUG - 2025-09-25 08:33:25 --> Datos enviados a la vista: Array
(
    [usuario] => Array
        (
            [id_usuario] => 1
            [nombre] => brunito
            [apellido] => barber
            [email] => brunocameille@alumnos.itr3.edu.ar
            [contrasena] => $2y$10$F4xQfULyrVhG1JD8Y21QR.vgn9Fzd257acxjmQqHQ3OYfEqBaAPb6
            [direccion_id] => 0
            [id_rol] => 2
            [created_at] => 2025-04-07 13:37:30
            [updated_at] => 2025-09-25 08:29:52
            [invitado_por] => 
            [estado] => activo
            [token_activacion] => 
        )

    [dispositivos] => Array
        (
            [0] => Array
                (
                    [id_dispositivo] => 1
                    [nombre] => medidor de ecovolt
                    [id_usuario] => 1
                    [mac_address] => 00:1A:2B:3C:4D:5E
                    [ip_address] => 
                    [ultima_conexion] => 
                    [estado] => activo
                    [created_at] => 2025-04-10 22:26:34
                    [stock] => 43
                    [precio] => 85
                    [descripcion] => 
                    [fecha_actualizacion] => 2025-06-27 08:44:59
                    [updated_at] => 2025-06-12 15:06:14
                    [codigo_activacion] => 
                    [fecha_activacion] => 
                    [nombre_usuario] => brunito
                    [email_usuario] => brunocameille@alumnos.itr3.edu.ar
                    [ultima_lectura] => 
                )

            [1] => Array
                (
                    [id_dispositivo] => 2
                    [nombre] => ECOVOLT HOYY 11/4
                    [id_usuario] => 1
                    [mac_address] => 08:D1:F9:A5:2A:14
                    [ip_address] => 
                    [ultima_conexion] => 
                    [estado] => activo
                    [created_at] => 2025-04-11 10:03:27
                    [stock] => 0
                    [precio] => 0
                    [descripcion] => adasdada
                    [fecha_actualizacion] => 2025-09-25 08:24:27
                    [updated_at] => 2025-09-23 11:54:53
                    [codigo_activacion] => 
                    [fecha_activacion] => 
                    [nombre_usuario] => brunito
                    [email_usuario] => brunocameille@alumnos.itr3.edu.ar
                    [ultima_lectura] => Array
                        (
                            [id] => 8813
                            [id_dispositivo] => 2
                            [id_usuario] => 1
                            [voltaje] => 118.75
                            [corriente] => 3.0956
                            [potencia] => 367.6
                            [kwh] => 0.01
                            [limite_superado] => 0
                            [fecha] => 2025-08-22 13:11:02
                            [mac_address] => 08:D1:F9:A5:2A:14
                        )

                )

            [2] => Array
                (
                    [id_dispositivo] => 29
                    [nombre] => sadasd
                    [id_usuario] => 1
                    [mac_address] => AA:C3:CC:D1:EE:2F
                    [ip_address] => 
                    [ultima_conexion] => 
                    [estado] => activo
                    [created_at] => 2025-06-27 10:12:51
                    [stock] => 0
                    [precio] => 0
                    [descripcion] => 
                    [fecha_actualizacion] => 2025-09-02 12:11:21
                    [updated_at] => 
                    [codigo_activacion] => 
                    [fecha_activacion] => 
                    [nombre_usuario] => brunito
                    [email_usuario] => brunocameille@alumnos.itr3.edu.ar
                    [ultima_lectura] => 
                )

        )

    [consumo24h] => 
    [consumoPromedio] => 
)

DEBUG - 2025-09-25 08:33:28 --> Ruta actual: /Tesina/public/energia/dispositivo/2
INFO - 2025-09-25 08:33:28 --> Session: Class initialized using 'CodeIgniter\Session\Handlers\FileHandler' driver.
DEBUG - 2025-09-25 08:33:28 --> Datos en sesión: Array
(
    [__ci_last_regenerate] => 1758799780
    [_ci_previous_url] => http://192.168.2.182/Tesina/public/usuario
    [id_usuario] => 1
    [nombre] => brunito
    [apellido] => barber
    [email] => brunocameille@alumnos.itr3.edu.ar
    [rol] => usuario
    [logged_in] => 1
)

INFO - 2025-09-25 08:33:31 --> Session: Class initialized using 'CodeIgniter\Session\Handlers\FileHandler' driver.
INFO - 2025-09-25 08:33:35 --> Session: Class initialized using 'CodeIgniter\Session\Handlers\FileHandler' driver.
INFO - 2025-09-25 08:33:40 --> Session: Class initialized using 'CodeIgniter\Session\Handlers\FileHandler' driver.
INFO - 2025-09-25 08:33:45 --> Session: Class initialized using 'CodeIgniter\Session\Handlers\FileHandler' driver.
INFO - 2025-09-25 08:33:50 --> Session: Class initialized using 'CodeIgniter\Session\Handlers\FileHandler' driver.
INFO - 2025-09-25 08:33:55 --> Session: Class initialized using 'CodeIgniter\Session\Handlers\FileHandler' driver.
INFO - 2025-09-25 08:34:00 --> Session: Class initialized using 'CodeIgniter\Session\Handlers\FileHandler' driver.
INFO - 2025-09-25 08:34:05 --> Session: Class initialized using 'CodeIgniter\Session\Handlers\FileHandler' driver.
INFO - 2025-09-25 08:34:09 --> Session: Class initialized using 'CodeIgniter\Session\Handlers\FileHandler' driver.
INFO - 2025-09-25 08:34:15 --> Session: Class initialized using 'CodeIgniter\Session\Handlers\FileHandler' driver.
INFO - 2025-09-25 08:34:20 --> Session: Class initialized using 'CodeIgniter\Session\Handlers\FileHandler' driver.
INFO - 2025-09-25 08:34:24 --> Session: Class initialized using 'CodeIgniter\Session\Handlers\FileHandler' driver.
INFO - 2025-09-25 08:34:29 --> Session: Class initialized using 'CodeIgniter\Session\Handlers\FileHandler' driver.
INFO - 2025-09-25 08:34:34 --> Session: Class initialized using 'CodeIgniter\Session\Handlers\FileHandler' driver.
INFO - 2025-09-25 08:34:39 --> Session: Class initialized using 'CodeIgniter\Session\Handlers\FileHandler' driver.
INFO - 2025-09-25 08:34:46 --> Session: Class initialized using 'CodeIgniter\Session\Handlers\FileHandler' driver.
INFO - 2025-09-25 08:34:50 --> Session: Class initialized using 'CodeIgniter\Session\Handlers\FileHandler' driver.
INFO - 2025-09-25 08:34:56 --> Session: Class initialized using 'CodeIgniter\Session\Handlers\FileHandler' driver.
INFO - 2025-09-25 08:35:00 --> Session: Class initialized using 'CodeIgniter\Session\Handlers\FileHandler' driver.
INFO - 2025-09-25 08:35:05 --> Session: Class initialized using 'CodeIgniter\Session\Handlers\FileHandler' driver.
INFO - 2025-09-25 08:35:10 --> Session: Class initialized using 'CodeIgniter\Session\Handlers\FileHandler' driver.
INFO - 2025-09-25 08:35:15 --> Session: Class initialized using 'CodeIgniter\Session\Handlers\FileHandler' driver.
INFO - 2025-09-25 08:35:20 --> Session: Class initialized using 'CodeIgniter\Session\Handlers\FileHandler' driver.
INFO - 2025-09-25 08:35:25 --> Session: Class initialized using 'CodeIgniter\Session\Handlers\FileHandler' driver.
INFO - 2025-09-25 08:35:30 --> Session: Class initialized using 'CodeIgniter\Session\Handlers\FileHandler' driver.
INFO - 2025-09-25 08:35:35 --> Session: Class initialized using 'CodeIgniter\Session\Handlers\FileHandler' driver.
INFO - 2025-09-25 08:35:40 --> Session: Class initialized using 'CodeIgniter\Session\Handlers\FileHandler' driver.
INFO - 2025-09-25 08:35:47 --> Session: Class initialized using 'CodeIgniter\Session\Handlers\FileHandler' driver.
INFO - 2025-09-25 08:35:50 --> Session: Class initialized using 'CodeIgniter\Session\Handlers\FileHandler' driver.
INFO - 2025-09-25 08:35:56 --> Session: Class initialized using 'CodeIgniter\Session\Handlers\FileHandler' driver.
INFO - 2025-09-25 08:36:00 --> Session: Class initialized using 'CodeIgniter\Session\Handlers\FileHandler' driver.
INFO - 2025-09-25 08:36:06 --> Session: Class initialized using 'CodeIgniter\Session\Handlers\FileHandler' driver.
INFO - 2025-09-25 08:36:11 --> Session: Class initialized using 'CodeIgniter\Session\Handlers\FileHandler' driver.
INFO - 2025-09-25 08:36:15 --> Session: Class initialized using 'CodeIgniter\Session\Handlers\FileHandler' driver.
INFO - 2025-09-25 08:36:20 --> Session: Class initialized using 'CodeIgniter\Session\Handlers\FileHandler' driver.
INFO - 2025-09-25 08:36:25 --> Session: Class initialized using 'CodeIgniter\Session\Handlers\FileHandler' driver.
INFO - 2025-09-25 08:36:29 --> Session: Class initialized using 'CodeIgniter\Session\Handlers\FileHandler' driver.
INFO - 2025-09-25 08:36:36 --> Session: Class initialized using 'CodeIgniter\Session\Handlers\FileHandler' driver.
DEBUG - 2025-09-25 08:36:37 --> Ruta actual: /Tesina/public/energia
INFO - 2025-09-25 08:36:37 --> Session: Class initialized using 'CodeIgniter\Session\Handlers\FileHandler' driver.
DEBUG - 2025-09-25 08:36:37 --> Datos en sesión: Array
(
    [__ci_last_regenerate] => 1758800086
    [_ci_previous_url] => http://192.168.2.182/Tesina/public/energia/dispositivo/2
    [id_usuario] => 1
    [nombre] => brunito
    [apellido] => barber
    [email] => brunocameille@alumnos.itr3.edu.ar
    [rol] => usuario
    [logged_in] => 1
)

INFO - 2025-09-25 08:36:37 --> Dispositivo ID: 29
INFO - 2025-09-25 08:36:37 --> Número de lecturas encontradas: 0
ERROR - 2025-09-25 08:36:37 --> Error en Energia::index: Invalid file: "energia/index.php"
DEBUG - 2025-09-25 08:36:38 --> Ruta actual: /Tesina/public/dashboard
INFO - 2025-09-25 08:36:38 --> Session: Class initialized using 'CodeIgniter\Session\Handlers\FileHandler' driver.
DEBUG - 2025-09-25 08:36:38 --> Datos en sesión: Array
(
    [__ci_last_regenerate] => 1758800086
    [_ci_previous_url] => http://192.168.2.182/Tesina/public/energia/dispositivo/2
    [id_usuario] => 1
    [nombre] => brunito
    [apellido] => barber
    [email] => brunocameille@alumnos.itr3.edu.ar
    [rol] => usuario
    [logged_in] => 1
)

DEBUG - 2025-09-25 08:36:39 --> Ruta actual: /Tesina/public/energia/dispositivo/2
INFO - 2025-09-25 08:36:39 --> Session: Class initialized using 'CodeIgniter\Session\Handlers\FileHandler' driver.
DEBUG - 2025-09-25 08:36:39 --> Datos en sesión: Array
(
    [__ci_last_regenerate] => 1758800086
    [_ci_previous_url] => http://192.168.2.182/Tesina/public/energia/dispositivo/2
    [id_usuario] => 1
    [nombre] => brunito
    [apellido] => barber
    [email] => brunocameille@alumnos.itr3.edu.ar
    [rol] => usuario
    [logged_in] => 1
)

DEBUG - 2025-09-25 08:36:40 --> Ruta actual: /Tesina/public/usuario
INFO - 2025-09-25 08:36:40 --> Session: Class initialized using 'CodeIgniter\Session\Handlers\FileHandler' driver.
DEBUG - 2025-09-25 08:36:40 --> Datos en sesión: Array
(
    [__ci_last_regenerate] => 1758800086
    [_ci_previous_url] => http://192.168.2.182/Tesina/public/energia/dispositivo/2
    [id_usuario] => 1
    [nombre] => brunito
    [apellido] => barber
    [email] => brunocameille@alumnos.itr3.edu.ar
    [rol] => usuario
    [logged_in] => 1
)

DEBUG - 2025-09-25 08:36:40 --> Usuario ID: 1
DEBUG - 2025-09-25 08:36:40 --> Buscando usuario ID: 1
DEBUG - 2025-09-25 08:36:40 --> Resultado de la búsqueda: Array
(
    [id_usuario] => 1
    [nombre] => brunito
    [apellido] => barber
    [email] => brunocameille@alumnos.itr3.edu.ar
    [contrasena] => $2y$10$F4xQfULyrVhG1JD8Y21QR.vgn9Fzd257acxjmQqHQ3OYfEqBaAPb6
    [direccion_id] => 0
    [id_rol] => 2
    [created_at] => 2025-04-07 13:37:30
    [updated_at] => 2025-09-25 08:29:52
    [invitado_por] => 
    [estado] => activo
    [token_activacion] => 
)

DEBUG - 2025-09-25 08:36:40 --> Datos del usuario: Array
(
    [id_usuario] => 1
    [nombre] => brunito
    [apellido] => barber
    [email] => brunocameille@alumnos.itr3.edu.ar
    [contrasena] => $2y$10$F4xQfULyrVhG1JD8Y21QR.vgn9Fzd257acxjmQqHQ3OYfEqBaAPb6
    [direccion_id] => 0
    [id_rol] => 2
    [created_at] => 2025-04-07 13:37:30
    [updated_at] => 2025-09-25 08:29:52
    [invitado_por] => 
    [estado] => activo
    [token_activacion] => 
)

DEBUG - 2025-09-25 08:36:40 --> Dispositivos encontrados: Array
(
    [0] => Array
        (
            [id_dispositivo] => 1
            [nombre] => medidor de ecovolt
            [id_usuario] => 1
            [mac_address] => 00:1A:2B:3C:4D:5E
            [ip_address] => 
            [ultima_conexion] => 
            [estado] => activo
            [created_at] => 2025-04-10 22:26:34
            [stock] => 43
            [precio] => 85
            [descripcion] => 
            [fecha_actualizacion] => 2025-06-27 08:44:59
            [updated_at] => 2025-06-12 15:06:14
            [codigo_activacion] => 
            [fecha_activacion] => 
            [nombre_usuario] => brunito
            [email_usuario] => brunocameille@alumnos.itr3.edu.ar
            [ultima_lectura] => 
        )

    [1] => Array
        (
            [id_dispositivo] => 2
            [nombre] => ECOVOLT HOYY 11/4
            [id_usuario] => 1
            [mac_address] => 08:D1:F9:A5:2A:14
            [ip_address] => 
            [ultima_conexion] => 
            [estado] => activo
            [created_at] => 2025-04-11 10:03:27
            [stock] => 0
            [precio] => 0
            [descripcion] => adasdada
            [fecha_actualizacion] => 2025-09-25 08:24:27
            [updated_at] => 2025-09-23 11:54:53
            [codigo_activacion] => 
            [fecha_activacion] => 
            [nombre_usuario] => brunito
            [email_usuario] => brunocameille@alumnos.itr3.edu.ar
            [ultima_lectura] => Array
                (
                    [id] => 8813
                    [id_dispositivo] => 2
                    [id_usuario] => 1
                    [voltaje] => 118.75
                    [corriente] => 3.0956
                    [potencia] => 367.6
                    [kwh] => 0.01
                    [limite_superado] => 0
                    [fecha] => 2025-08-22 13:11:02
                    [mac_address] => 08:D1:F9:A5:2A:14
                )

        )

    [2] => Array
        (
            [id_dispositivo] => 29
            [nombre] => sadasd
            [id_usuario] => 1
            [mac_address] => AA:C3:CC:D1:EE:2F
            [ip_address] => 
            [ultima_conexion] => 
            [estado] => activo
            [created_at] => 2025-06-27 10:12:51
            [stock] => 0
            [precio] => 0
            [descripcion] => 
            [fecha_actualizacion] => 2025-09-02 12:11:21
            [updated_at] => 
            [codigo_activacion] => 
            [fecha_activacion] => 
            [nombre_usuario] => brunito
            [email_usuario] => brunocameille@alumnos.itr3.edu.ar
            [ultima_lectura] => 
        )

)

DEBUG - 2025-09-25 08:36:40 --> Consumo 24h: 
DEBUG - 2025-09-25 08:36:40 --> Consumo promedio: 
DEBUG - 2025-09-25 08:36:40 --> Datos enviados a la vista: Array
(
    [usuario] => Array
        (
            [id_usuario] => 1
            [nombre] => brunito
            [apellido] => barber
            [email] => brunocameille@alumnos.itr3.edu.ar
            [contrasena] => $2y$10$F4xQfULyrVhG1JD8Y21QR.vgn9Fzd257acxjmQqHQ3OYfEqBaAPb6
            [direccion_id] => 0
            [id_rol] => 2
            [created_at] => 2025-04-07 13:37:30
            [updated_at] => 2025-09-25 08:29:52
            [invitado_por] => 
            [estado] => activo
            [token_activacion] => 
        )

    [dispositivos] => Array
        (
            [0] => Array
                (
                    [id_dispositivo] => 1
                    [nombre] => medidor de ecovolt
                    [id_usuario] => 1
                    [mac_address] => 00:1A:2B:3C:4D:5E
                    [ip_address] => 
                    [ultima_conexion] => 
                    [estado] => activo
                    [created_at] => 2025-04-10 22:26:34
                    [stock] => 43
                    [precio] => 85
                    [descripcion] => 
                    [fecha_actualizacion] => 2025-06-27 08:44:59
                    [updated_at] => 2025-06-12 15:06:14
                    [codigo_activacion] => 
                    [fecha_activacion] => 
                    [nombre_usuario] => brunito
                    [email_usuario] => brunocameille@alumnos.itr3.edu.ar
                    [ultima_lectura] => 
                )

            [1] => Array
                (
                    [id_dispositivo] => 2
                    [nombre] => ECOVOLT HOYY 11/4
                    [id_usuario] => 1
                    [mac_address] => 08:D1:F9:A5:2A:14
                    [ip_address] => 
                    [ultima_conexion] => 
                    [estado] => activo
                    [created_at] => 2025-04-11 10:03:27
                    [stock] => 0
                    [precio] => 0
                    [descripcion] => adasdada
                    [fecha_actualizacion] => 2025-09-25 08:24:27
                    [updated_at] => 2025-09-23 11:54:53
                    [codigo_activacion] => 
                    [fecha_activacion] => 
                    [nombre_usuario] => brunito
                    [email_usuario] => brunocameille@alumnos.itr3.edu.ar
                    [ultima_lectura] => Array
                        (
                            [id] => 8813
                            [id_dispositivo] => 2
                            [id_usuario] => 1
                            [voltaje] => 118.75
                            [corriente] => 3.0956
                            [potencia] => 367.6
                            [kwh] => 0.01
                            [limite_superado] => 0
                            [fecha] => 2025-08-22 13:11:02
                            [mac_address] => 08:D1:F9:A5:2A:14
                        )

                )

            [2] => Array
                (
                    [id_dispositivo] => 29
                    [nombre] => sadasd
                    [id_usuario] => 1
                    [mac_address] => AA:C3:CC:D1:EE:2F
                    [ip_address] => 
                    [ultima_conexion] => 
                    [estado] => activo
                    [created_at] => 2025-06-27 10:12:51
                    [stock] => 0
                    [precio] => 0
                    [descripcion] => 
                    [fecha_actualizacion] => 2025-09-02 12:11:21
                    [updated_at] => 
                    [codigo_activacion] => 
                    [fecha_activacion] => 
                    [nombre_usuario] => brunito
                    [email_usuario] => brunocameille@alumnos.itr3.edu.ar
                    [ultima_lectura] => 
                )

        )

    [consumo24h] => 
    [consumoPromedio] => 
)

DEBUG - 2025-09-25 08:36:41 --> Ruta actual: /Tesina/public/usuario
INFO - 2025-09-25 08:36:41 --> Session: Class initialized using 'CodeIgniter\Session\Handlers\FileHandler' driver.
DEBUG - 2025-09-25 08:36:41 --> Datos en sesión: Array
(
    [__ci_last_regenerate] => 1758800086
    [_ci_previous_url] => http://192.168.2.182/Tesina/public/usuario
    [id_usuario] => 1
    [nombre] => brunito
    [apellido] => barber
    [email] => brunocameille@alumnos.itr3.edu.ar
    [rol] => usuario
    [logged_in] => 1
)

DEBUG - 2025-09-25 08:36:41 --> Usuario ID: 1
DEBUG - 2025-09-25 08:36:41 --> Buscando usuario ID: 1
DEBUG - 2025-09-25 08:36:41 --> Resultado de la búsqueda: Array
(
    [id_usuario] => 1
    [nombre] => brunito
    [apellido] => barber
    [email] => brunocameille@alumnos.itr3.edu.ar
    [contrasena] => $2y$10$F4xQfULyrVhG1JD8Y21QR.vgn9Fzd257acxjmQqHQ3OYfEqBaAPb6
    [direccion_id] => 0
    [id_rol] => 2
    [created_at] => 2025-04-07 13:37:30
    [updated_at] => 2025-09-25 08:29:52
    [invitado_por] => 
    [estado] => activo
    [token_activacion] => 
)

DEBUG - 2025-09-25 08:36:41 --> Datos del usuario: Array
(
    [id_usuario] => 1
    [nombre] => brunito
    [apellido] => barber
    [email] => brunocameille@alumnos.itr3.edu.ar
    [contrasena] => $2y$10$F4xQfULyrVhG1JD8Y21QR.vgn9Fzd257acxjmQqHQ3OYfEqBaAPb6
    [direccion_id] => 0
    [id_rol] => 2
    [created_at] => 2025-04-07 13:37:30
    [updated_at] => 2025-09-25 08:29:52
    [invitado_por] => 
    [estado] => activo
    [token_activacion] => 
)

DEBUG - 2025-09-25 08:36:41 --> Dispositivos encontrados: Array
(
    [0] => Array
        (
            [id_dispositivo] => 1
            [nombre] => medidor de ecovolt
            [id_usuario] => 1
            [mac_address] => 00:1A:2B:3C:4D:5E
            [ip_address] => 
            [ultima_conexion] => 
            [estado] => activo
            [created_at] => 2025-04-10 22:26:34
            [stock] => 43
            [precio] => 85
            [descripcion] => 
            [fecha_actualizacion] => 2025-06-27 08:44:59
            [updated_at] => 2025-06-12 15:06:14
            [codigo_activacion] => 
            [fecha_activacion] => 
            [nombre_usuario] => brunito
            [email_usuario] => brunocameille@alumnos.itr3.edu.ar
            [ultima_lectura] => 
        )

    [1] => Array
        (
            [id_dispositivo] => 2
            [nombre] => ECOVOLT HOYY 11/4
            [id_usuario] => 1
            [mac_address] => 08:D1:F9:A5:2A:14
            [ip_address] => 
            [ultima_conexion] => 
            [estado] => activo
            [created_at] => 2025-04-11 10:03:27
            [stock] => 0
            [precio] => 0
            [descripcion] => adasdada
            [fecha_actualizacion] => 2025-09-25 08:24:27
            [updated_at] => 2025-09-23 11:54:53
            [codigo_activacion] => 
            [fecha_activacion] => 
            [nombre_usuario] => brunito
            [email_usuario] => brunocameille@alumnos.itr3.edu.ar
            [ultima_lectura] => Array
                (
                    [id] => 8813
                    [id_dispositivo] => 2
                    [id_usuario] => 1
                    [voltaje] => 118.75
                    [corriente] => 3.0956
                    [potencia] => 367.6
                    [kwh] => 0.01
                    [limite_superado] => 0
                    [fecha] => 2025-08-22 13:11:02
                    [mac_address] => 08:D1:F9:A5:2A:14
                )

        )

    [2] => Array
        (
            [id_dispositivo] => 29
            [nombre] => sadasd
            [id_usuario] => 1
            [mac_address] => AA:C3:CC:D1:EE:2F
            [ip_address] => 
            [ultima_conexion] => 
            [estado] => activo
            [created_at] => 2025-06-27 10:12:51
            [stock] => 0
            [precio] => 0
            [descripcion] => 
            [fecha_actualizacion] => 2025-09-02 12:11:21
            [updated_at] => 
            [codigo_activacion] => 
            [fecha_activacion] => 
            [nombre_usuario] => brunito
            [email_usuario] => brunocameille@alumnos.itr3.edu.ar
            [ultima_lectura] => 
        )

)

DEBUG - 2025-09-25 08:36:41 --> Consumo 24h: 
DEBUG - 2025-09-25 08:36:41 --> Consumo promedio: 
DEBUG - 2025-09-25 08:36:41 --> Datos enviados a la vista: Array
(
    [usuario] => Array
        (
            [id_usuario] => 1
            [nombre] => brunito
            [apellido] => barber
            [email] => brunocameille@alumnos.itr3.edu.ar
            [contrasena] => $2y$10$F4xQfULyrVhG1JD8Y21QR.vgn9Fzd257acxjmQqHQ3OYfEqBaAPb6
            [direccion_id] => 0
            [id_rol] => 2
            [created_at] => 2025-04-07 13:37:30
            [updated_at] => 2025-09-25 08:29:52
            [invitado_por] => 
            [estado] => activo
            [token_activacion] => 
        )

    [dispositivos] => Array
        (
            [0] => Array
                (
                    [id_dispositivo] => 1
                    [nombre] => medidor de ecovolt
                    [id_usuario] => 1
                    [mac_address] => 00:1A:2B:3C:4D:5E
                    [ip_address] => 
                    [ultima_conexion] => 
                    [estado] => activo
                    [created_at] => 2025-04-10 22:26:34
                    [stock] => 43
                    [precio] => 85
                    [descripcion] => 
                    [fecha_actualizacion] => 2025-06-27 08:44:59
                    [updated_at] => 2025-06-12 15:06:14
                    [codigo_activacion] => 
                    [fecha_activacion] => 
                    [nombre_usuario] => brunito
                    [email_usuario] => brunocameille@alumnos.itr3.edu.ar
                    [ultima_lectura] => 
                )

            [1] => Array
                (
                    [id_dispositivo] => 2
                    [nombre] => ECOVOLT HOYY 11/4
                    [id_usuario] => 1
                    [mac_address] => 08:D1:F9:A5:2A:14
                    [ip_address] => 
                    [ultima_conexion] => 
                    [estado] => activo
                    [created_at] => 2025-04-11 10:03:27
                    [stock] => 0
                    [precio] => 0
                    [descripcion] => adasdada
                    [fecha_actualizacion] => 2025-09-25 08:24:27
                    [updated_at] => 2025-09-23 11:54:53
                    [codigo_activacion] => 
                    [fecha_activacion] => 
                    [nombre_usuario] => brunito
                    [email_usuario] => brunocameille@alumnos.itr3.edu.ar
                    [ultima_lectura] => Array
                        (
                            [id] => 8813
                            [id_dispositivo] => 2
                            [id_usuario] => 1
                            [voltaje] => 118.75
                            [corriente] => 3.0956
                            [potencia] => 367.6
                            [kwh] => 0.01
                            [limite_superado] => 0
                            [fecha] => 2025-08-22 13:11:02
                            [mac_address] => 08:D1:F9:A5:2A:14
                        )

                )

            [2] => Array
                (
                    [id_dispositivo] => 29
                    [nombre] => sadasd
                    [id_usuario] => 1
                    [mac_address] => AA:C3:CC:D1:EE:2F
                    [ip_address] => 
                    [ultima_conexion] => 
                    [estado] => activo
                    [created_at] => 2025-06-27 10:12:51
                    [stock] => 0
                    [precio] => 0
                    [descripcion] => 
                    [fecha_actualizacion] => 2025-09-02 12:11:21
                    [updated_at] => 
                    [codigo_activacion] => 
                    [fecha_activacion] => 
                    [nombre_usuario] => brunito
                    [email_usuario] => brunocameille@alumnos.itr3.edu.ar
                    [ultima_lectura] => 
                )

        )

    [consumo24h] => 
    [consumoPromedio] => 
)

DEBUG - 2025-09-25 08:36:46 --> Ruta actual: /Tesina/public/energia/dispositivo/2
INFO - 2025-09-25 08:36:46 --> Session: Class initialized using 'CodeIgniter\Session\Handlers\FileHandler' driver.
DEBUG - 2025-09-25 08:36:46 --> Datos en sesión: Array
(
    [__ci_last_regenerate] => 1758800086
    [_ci_previous_url] => http://192.168.2.182/Tesina/public/usuario
    [id_usuario] => 1
    [nombre] => brunito
    [apellido] => barber
    [email] => brunocameille@alumnos.itr3.edu.ar
    [rol] => usuario
    [logged_in] => 1
)

INFO - 2025-09-25 08:36:48 --> Session: Class initialized using 'CodeIgniter\Session\Handlers\FileHandler' driver.
INFO - 2025-09-25 08:36:52 --> Session: Class initialized using 'CodeIgniter\Session\Handlers\FileHandler' driver.
INFO - 2025-09-25 08:36:57 --> Session: Class initialized using 'CodeIgniter\Session\Handlers\FileHandler' driver.
INFO - 2025-09-25 08:37:03 --> Session: Class initialized using 'CodeIgniter\Session\Handlers\FileHandler' driver.
INFO - 2025-09-25 08:37:07 --> Session: Class initialized using 'CodeIgniter\Session\Handlers\FileHandler' driver.
INFO - 2025-09-25 08:37:12 --> Session: Class initialized using 'CodeIgniter\Session\Handlers\FileHandler' driver.
DEBUG - 2025-09-25 08:37:14 --> Ruta actual: /Tesina/public/energia
INFO - 2025-09-25 08:37:14 --> Session: Class initialized using 'CodeIgniter\Session\Handlers\FileHandler' driver.
DEBUG - 2025-09-25 08:37:14 --> Datos en sesión: Array
(
    [__ci_last_regenerate] => 1758800086
    [_ci_previous_url] => http://192.168.2.182/Tesina/public/energia/dispositivo/2
    [id_usuario] => 1
    [nombre] => brunito
    [apellido] => barber
    [email] => brunocameille@alumnos.itr3.edu.ar
    [rol] => usuario
    [logged_in] => 1
)

INFO - 2025-09-25 08:37:14 --> Dispositivo ID: 29
INFO - 2025-09-25 08:37:14 --> Número de lecturas encontradas: 0
ERROR - 2025-09-25 08:37:14 --> Error en Energia::index: Invalid file: "energia/index.php"
DEBUG - 2025-09-25 08:37:14 --> Ruta actual: /Tesina/public/dashboard
INFO - 2025-09-25 08:37:14 --> Session: Class initialized using 'CodeIgniter\Session\Handlers\FileHandler' driver.
DEBUG - 2025-09-25 08:37:14 --> Datos en sesión: Array
(
    [__ci_last_regenerate] => 1758800086
    [_ci_previous_url] => http://192.168.2.182/Tesina/public/energia/dispositivo/2
    [id_usuario] => 1
    [nombre] => brunito
    [apellido] => barber
    [email] => brunocameille@alumnos.itr3.edu.ar
    [rol] => usuario
    [logged_in] => 1
)

DEBUG - 2025-09-25 08:37:16 --> Ruta actual: /Tesina/public/energia/dispositivo/2
INFO - 2025-09-25 08:37:16 --> Session: Class initialized using 'CodeIgniter\Session\Handlers\FileHandler' driver.
DEBUG - 2025-09-25 08:37:16 --> Datos en sesión: Array
(
    [__ci_last_regenerate] => 1758800086
    [_ci_previous_url] => http://192.168.2.182/Tesina/public/energia/dispositivo/2
    [id_usuario] => 1
    [nombre] => brunito
    [apellido] => barber
    [email] => brunocameille@alumnos.itr3.edu.ar
    [rol] => usuario
    [logged_in] => 1
)

DEBUG - 2025-09-25 08:40:12 --> Ruta actual: /Tesina/public/usuario
INFO - 2025-09-25 08:40:12 --> Session: Class initialized using 'CodeIgniter\Session\Handlers\FileHandler' driver.
DEBUG - 2025-09-25 08:40:12 --> Datos en sesión: Array
(
    [__ci_last_regenerate] => 1758800412
    [_ci_previous_url] => http://192.168.2.182/Tesina/public/energia/dispositivo/2
    [id_usuario] => 1
    [nombre] => brunito
    [apellido] => barber
    [email] => brunocameille@alumnos.itr3.edu.ar
    [rol] => usuario
    [logged_in] => 1
)

DEBUG - 2025-09-25 08:40:12 --> Usuario ID: 1
DEBUG - 2025-09-25 08:40:12 --> Buscando usuario ID: 1
DEBUG - 2025-09-25 08:40:12 --> Resultado de la búsqueda: Array
(
    [id_usuario] => 1
    [nombre] => brunito
    [apellido] => barber
    [email] => brunocameille@alumnos.itr3.edu.ar
    [contrasena] => $2y$10$F4xQfULyrVhG1JD8Y21QR.vgn9Fzd257acxjmQqHQ3OYfEqBaAPb6
    [direccion_id] => 0
    [id_rol] => 2
    [created_at] => 2025-04-07 13:37:30
    [updated_at] => 2025-09-25 08:29:52
    [invitado_por] => 
    [estado] => activo
    [token_activacion] => 
)

DEBUG - 2025-09-25 08:40:12 --> Datos del usuario: Array
(
    [id_usuario] => 1
    [nombre] => brunito
    [apellido] => barber
    [email] => brunocameille@alumnos.itr3.edu.ar
    [contrasena] => $2y$10$F4xQfULyrVhG1JD8Y21QR.vgn9Fzd257acxjmQqHQ3OYfEqBaAPb6
    [direccion_id] => 0
    [id_rol] => 2
    [created_at] => 2025-04-07 13:37:30
    [updated_at] => 2025-09-25 08:29:52
    [invitado_por] => 
    [estado] => activo
    [token_activacion] => 
)

DEBUG - 2025-09-25 08:40:12 --> Dispositivos encontrados: Array
(
    [0] => Array
        (
            [id_dispositivo] => 1
            [nombre] => medidor de ecovolt
            [id_usuario] => 1
            [mac_address] => 00:1A:2B:3C:4D:5E
            [ip_address] => 
            [ultima_conexion] => 
            [estado] => activo
            [created_at] => 2025-04-10 22:26:34
            [stock] => 43
            [precio] => 85
            [descripcion] => 
            [fecha_actualizacion] => 2025-06-27 08:44:59
            [updated_at] => 2025-06-12 15:06:14
            [codigo_activacion] => 
            [fecha_activacion] => 
            [nombre_usuario] => brunito
            [email_usuario] => brunocameille@alumnos.itr3.edu.ar
            [ultima_lectura] => 
        )

    [1] => Array
        (
            [id_dispositivo] => 2
            [nombre] => ECOVOLT HOYY 11/4
            [id_usuario] => 1
            [mac_address] => 08:D1:F9:A5:2A:14
            [ip_address] => 
            [ultima_conexion] => 
            [estado] => activo
            [created_at] => 2025-04-11 10:03:27
            [stock] => 0
            [precio] => 0
            [descripcion] => adasdada
            [fecha_actualizacion] => 2025-09-25 08:24:27
            [updated_at] => 2025-09-23 11:54:53
            [codigo_activacion] => 
            [fecha_activacion] => 
            [nombre_usuario] => brunito
            [email_usuario] => brunocameille@alumnos.itr3.edu.ar
            [ultima_lectura] => Array
                (
                    [id] => 8813
                    [id_dispositivo] => 2
                    [id_usuario] => 1
                    [voltaje] => 118.75
                    [corriente] => 3.0956
                    [potencia] => 367.6
                    [kwh] => 0.01
                    [limite_superado] => 0
                    [fecha] => 2025-08-22 13:11:02
                    [mac_address] => 08:D1:F9:A5:2A:14
                )

        )

    [2] => Array
        (
            [id_dispositivo] => 29
            [nombre] => sadasd
            [id_usuario] => 1
            [mac_address] => AA:C3:CC:D1:EE:2F
            [ip_address] => 
            [ultima_conexion] => 
            [estado] => activo
            [created_at] => 2025-06-27 10:12:51
            [stock] => 0
            [precio] => 0
            [descripcion] => 
            [fecha_actualizacion] => 2025-09-02 12:11:21
            [updated_at] => 
            [codigo_activacion] => 
            [fecha_activacion] => 
            [nombre_usuario] => brunito
            [email_usuario] => brunocameille@alumnos.itr3.edu.ar
            [ultima_lectura] => 
        )

)

DEBUG - 2025-09-25 08:40:13 --> Ruta actual: /Tesina/public/energia/dispositivo/29
INFO - 2025-09-25 08:40:13 --> Session: Class initialized using 'CodeIgniter\Session\Handlers\FileHandler' driver.
DEBUG - 2025-09-25 08:40:13 --> Datos en sesión: Array
(
    [__ci_last_regenerate] => 1758800412
    [_ci_previous_url] => http://192.168.2.182/Tesina/public/energia/dispositivo/2
    [id_usuario] => 1
    [nombre] => brunito
    [apellido] => barber
    [email] => brunocameille@alumnos.itr3.edu.ar
    [rol] => usuario
    [logged_in] => 1
)

DEBUG - 2025-09-25 08:40:20 --> Ruta actual: /Tesina/public/dispositivo
INFO - 2025-09-25 08:40:20 --> Session: Class initialized using 'CodeIgniter\Session\Handlers\FileHandler' driver.
DEBUG - 2025-09-25 08:40:20 --> Datos en sesión: Array
(
    [__ci_last_regenerate] => 1758800412
    [_ci_previous_url] => http://192.168.2.182/Tesina/public/energia/dispositivo/29
    [id_usuario] => 1
    [nombre] => brunito
    [apellido] => barber
    [email] => brunocameille@alumnos.itr3.edu.ar
    [rol] => usuario
    [logged_in] => 1
)

DEBUG - 2025-09-25 08:40:20 --> ID Usuario: 1
DEBUG - 2025-09-25 08:40:20 --> Dispositivos encontrados: Array
(
    [0] => Array
        (
            [id_dispositivo] => 1
            [nombre] => medidor de ecovolt
            [id_usuario] => 1
            [mac_address] => 00:1A:2B:3C:4D:5E
            [ip_address] => 
            [ultima_conexion] => 
            [estado] => activo
            [created_at] => 2025-04-10 22:26:34
            [stock] => 43
            [precio] => 85
            [descripcion] => 
            [fecha_actualizacion] => 2025-06-27 08:44:59
            [updated_at] => 2025-06-12 15:06:14
            [codigo_activacion] => 
            [fecha_activacion] => 
            [nombre_usuario] => brunito
            [email_usuario] => brunocameille@alumnos.itr3.edu.ar
            [ultima_lectura] => 
        )

    [1] => Array
        (
            [id_dispositivo] => 2
            [nombre] => ECOVOLT HOYY 11/4
            [id_usuario] => 1
            [mac_address] => 08:D1:F9:A5:2A:14
            [ip_address] => 
            [ultima_conexion] => 
            [estado] => activo
            [created_at] => 2025-04-11 10:03:27
            [stock] => 0
            [precio] => 0
            [descripcion] => adasdada
            [fecha_actualizacion] => 2025-09-25 08:24:27
            [updated_at] => 2025-09-23 11:54:53
            [codigo_activacion] => 
            [fecha_activacion] => 
            [nombre_usuario] => brunito
            [email_usuario] => brunocameille@alumnos.itr3.edu.ar
            [ultima_lectura] => Array
                (
                    [id] => 8813
                    [id_dispositivo] => 2
                    [id_usuario] => 1
                    [voltaje] => 118.75
                    [corriente] => 3.0956
                    [potencia] => 367.6
                    [kwh] => 0.01
                    [limite_superado] => 0
                    [fecha] => 2025-08-22 13:11:02
                    [mac_address] => 08:D1:F9:A5:2A:14
                )

        )

    [2] => Array
        (
            [id_dispositivo] => 29
            [nombre] => sadasd
            [id_usuario] => 1
            [mac_address] => AA:C3:CC:D1:EE:2F
            [ip_address] => 
            [ultima_conexion] => 
            [estado] => activo
            [created_at] => 2025-06-27 10:12:51
            [stock] => 0
            [precio] => 0
            [descripcion] => 
            [fecha_actualizacion] => 2025-09-02 12:11:21
            [updated_at] => 
            [codigo_activacion] => 
            [fecha_activacion] => 
            [nombre_usuario] => brunito
            [email_usuario] => brunocameille@alumnos.itr3.edu.ar
            [ultima_lectura] => 
        )

)

INFO - 2025-09-25 08:40:21 --> Session: Class initialized using 'CodeIgniter\Session\Handlers\FileHandler' driver.
INFO - 2025-09-25 08:40:38 --> Session: Class initialized using 'CodeIgniter\Session\Handlers\FileHandler' driver.
INFO - 2025-09-25 08:40:38 --> Session: Class initialized using 'CodeIgniter\Session\Handlers\FileHandler' driver.
INFO - 2025-09-25 08:40:38 --> Session: Class initialized using 'CodeIgniter\Session\Handlers\FileHandler' driver.
INFO - 2025-09-25 08:40:39 --> Session: Class initialized using 'CodeIgniter\Session\Handlers\FileHandler' driver.
INFO - 2025-09-25 08:40:39 --> Session: Class initialized using 'CodeIgniter\Session\Handlers\FileHandler' driver.
DEBUG - 2025-09-25 08:40:40 --> Ruta actual: /Tesina/public/energia/generarPDF/29
INFO - 2025-09-25 08:40:40 --> Session: Class initialized using 'CodeIgniter\Session\Handlers\FileHandler' driver.
DEBUG - 2025-09-25 08:40:40 --> Datos en sesión: Array
(
    [__ci_last_regenerate] => 1758800412
    [_ci_previous_url] => http://192.168.2.182/Tesina/public/dispositivo
    [id_usuario] => 1
    [nombre] => brunito
    [apellido] => barber
    [email] => brunocameille@alumnos.itr3.edu.ar
    [rol] => usuario
    [logged_in] => 1
    [tarifa_kwh] => 4774
)

INFO - 2025-09-25 08:40:41 --> PDF: dispositivo=29 mes= rango=2025-09-01 00:00:00 -> 2025-09-30 23:59:59
INFO - 2025-09-25 08:40:41 --> PDF: totalLecturas=0
INFO - 2025-09-25 08:40:41 --> PDF: total_kwh=0 v_prom=0 i_prom=0 p_prom=0
INFO - 2025-09-25 08:40:41 --> PDF: tarifaParam='4774' tarifaSession=4774.0
INFO - 2025-09-25 08:40:41 --> PDF: precioKwh=4774 precioTotal=0
DEBUG - 2025-09-25 08:41:04 --> Ruta actual: /Tesina/public/energia
INFO - 2025-09-25 08:41:04 --> Session: Class initialized using 'CodeIgniter\Session\Handlers\FileHandler' driver.
DEBUG - 2025-09-25 08:41:04 --> Datos en sesión: Array
(
    [__ci_last_regenerate] => 1758800412
    [_ci_previous_url] => http://192.168.2.182/Tesina/public/energia/generarPDF/29?tarifa=4774
    [id_usuario] => 1
    [nombre] => brunito
    [apellido] => barber
    [email] => brunocameille@alumnos.itr3.edu.ar
    [rol] => usuario
    [logged_in] => 1
    [tarifa_kwh] => 4774
)

INFO - 2025-09-25 08:41:04 --> Dispositivo ID: 29
INFO - 2025-09-25 08:41:04 --> Número de lecturas encontradas: 0
ERROR - 2025-09-25 08:41:04 --> Error en Energia::index: Invalid file: "energia/index.php"
DEBUG - 2025-09-25 08:41:04 --> Ruta actual: /Tesina/public/dashboard
INFO - 2025-09-25 08:41:04 --> Session: Class initialized using 'CodeIgniter\Session\Handlers\FileHandler' driver.
DEBUG - 2025-09-25 08:41:04 --> Datos en sesión: Array
(
    [__ci_last_regenerate] => 1758800412
    [_ci_previous_url] => http://192.168.2.182/Tesina/public/energia/generarPDF/29?tarifa=4774
    [id_usuario] => 1
    [nombre] => brunito
    [apellido] => barber
    [email] => brunocameille@alumnos.itr3.edu.ar
    [rol] => usuario
    [logged_in] => 1
    [tarifa_kwh] => 4774
)

DEBUG - 2025-09-25 08:41:06 --> Ruta actual: /Tesina/public/energia/dispositivo/29
INFO - 2025-09-25 08:41:06 --> Session: Class initialized using 'CodeIgniter\Session\Handlers\FileHandler' driver.
DEBUG - 2025-09-25 08:41:06 --> Datos en sesión: Array
(
    [__ci_last_regenerate] => 1758800412
    [_ci_previous_url] => http://192.168.2.182/Tesina/public/energia/generarPDF/29?tarifa=4774
    [id_usuario] => 1
    [nombre] => brunito
    [apellido] => barber
    [email] => brunocameille@alumnos.itr3.edu.ar
    [rol] => usuario
    [logged_in] => 1
    [tarifa_kwh] => 4774
)

DEBUG - 2025-09-25 08:46:04 --> Ruta actual: /Tesina/public/energia/dispositivo/29
INFO - 2025-09-25 08:46:04 --> Session: Class initialized using 'CodeIgniter\Session\Handlers\FileHandler' driver.
DEBUG - 2025-09-25 08:46:04 --> Datos en sesión: Array
(
    [__ci_last_regenerate] => 1758800764
    [_ci_previous_url] => http://192.168.2.182/Tesina/public/energia/dispositivo/29
    [id_usuario] => 1
    [nombre] => brunito
    [apellido] => barber
    [email] => brunocameille@alumnos.itr3.edu.ar
    [rol] => usuario
    [logged_in] => 1
    [tarifa_kwh] => 4774
)

DEBUG - 2025-09-25 08:46:06 --> Ruta actual: /Tesina/public/usuario/perfil
INFO - 2025-09-25 08:46:06 --> Session: Class initialized using 'CodeIgniter\Session\Handlers\FileHandler' driver.
DEBUG - 2025-09-25 08:46:06 --> Datos en sesión: Array
(
    [__ci_last_regenerate] => 1758800764
    [_ci_previous_url] => http://192.168.2.182/Tesina/public/energia/dispositivo/29
    [id_usuario] => 1
    [nombre] => brunito
    [apellido] => barber
    [email] => brunocameille@alumnos.itr3.edu.ar
    [rol] => usuario
    [logged_in] => 1
    [tarifa_kwh] => 4774
)

DEBUG - 2025-09-25 08:46:06 --> Buscando usuario ID: 1
DEBUG - 2025-09-25 08:46:06 --> Resultado de la búsqueda: Array
(
    [id_usuario] => 1
    [nombre] => brunito
    [apellido] => barber
    [email] => brunocameille@alumnos.itr3.edu.ar
    [contrasena] => $2y$10$F4xQfULyrVhG1JD8Y21QR.vgn9Fzd257acxjmQqHQ3OYfEqBaAPb6
    [direccion_id] => 0
    [id_rol] => 2
    [created_at] => 2025-04-07 13:37:30
    [updated_at] => 2025-09-25 08:29:52
    [invitado_por] => 
    [estado] => activo
    [token_activacion] => 
)

DEBUG - 2025-09-25 08:46:09 --> Ruta actual: /Tesina/public/usuario
INFO - 2025-09-25 08:46:09 --> Session: Class initialized using 'CodeIgniter\Session\Handlers\FileHandler' driver.
DEBUG - 2025-09-25 08:46:09 --> Datos en sesión: Array
(
    [__ci_last_regenerate] => 1758800764
    [_ci_previous_url] => http://192.168.2.182/Tesina/public/usuario/perfil
    [id_usuario] => 1
    [nombre] => brunito
    [apellido] => barber
    [email] => brunocameille@alumnos.itr3.edu.ar
    [rol] => usuario
    [logged_in] => 1
    [tarifa_kwh] => 4774
)

DEBUG - 2025-09-25 08:46:09 --> Usuario ID: 1
DEBUG - 2025-09-25 08:46:09 --> Buscando usuario ID: 1
DEBUG - 2025-09-25 08:46:09 --> Resultado de la búsqueda: Array
(
    [id_usuario] => 1
    [nombre] => brunito
    [apellido] => barber
    [email] => brunocameille@alumnos.itr3.edu.ar
    [contrasena] => $2y$10$F4xQfULyrVhG1JD8Y21QR.vgn9Fzd257acxjmQqHQ3OYfEqBaAPb6
    [direccion_id] => 0
    [id_rol] => 2
    [created_at] => 2025-04-07 13:37:30
    [updated_at] => 2025-09-25 08:29:52
    [invitado_por] => 
    [estado] => activo
    [token_activacion] => 
)

DEBUG - 2025-09-25 08:46:09 --> Datos del usuario: Array
(
    [id_usuario] => 1
    [nombre] => brunito
    [apellido] => barber
    [email] => brunocameille@alumnos.itr3.edu.ar
    [contrasena] => $2y$10$F4xQfULyrVhG1JD8Y21QR.vgn9Fzd257acxjmQqHQ3OYfEqBaAPb6
    [direccion_id] => 0
    [id_rol] => 2
    [created_at] => 2025-04-07 13:37:30
    [updated_at] => 2025-09-25 08:29:52
    [invitado_por] => 
    [estado] => activo
    [token_activacion] => 
)

DEBUG - 2025-09-25 08:46:09 --> Dispositivos encontrados: Array
(
    [0] => Array
        (
            [id_dispositivo] => 1
            [nombre] => medidor de ecovolt
            [id_usuario] => 1
            [mac_address] => 00:1A:2B:3C:4D:5E
            [ip_address] => 
            [ultima_conexion] => 
            [estado] => activo
            [created_at] => 2025-04-10 22:26:34
            [stock] => 43
            [precio] => 85
            [descripcion] => 
            [fecha_actualizacion] => 2025-06-27 08:44:59
            [updated_at] => 2025-06-12 15:06:14
            [codigo_activacion] => 
            [fecha_activacion] => 
            [nombre_usuario] => brunito
            [email_usuario] => brunocameille@alumnos.itr3.edu.ar
            [ultima_lectura] => 
        )

    [1] => Array
        (
            [id_dispositivo] => 2
            [nombre] => ECOVOLT HOYY 11/4
            [id_usuario] => 1
            [mac_address] => 08:D1:F9:A5:2A:14
            [ip_address] => 
            [ultima_conexion] => 
            [estado] => activo
            [created_at] => 2025-04-11 10:03:27
            [stock] => 0
            [precio] => 0
            [descripcion] => adasdada
            [fecha_actualizacion] => 2025-09-25 08:24:27
            [updated_at] => 2025-09-23 11:54:53
            [codigo_activacion] => 
            [fecha_activacion] => 
            [nombre_usuario] => brunito
            [email_usuario] => brunocameille@alumnos.itr3.edu.ar
            [ultima_lectura] => Array
                (
                    [id] => 8813
                    [id_dispositivo] => 2
                    [id_usuario] => 1
                    [voltaje] => 118.75
                    [corriente] => 3.0956
                    [potencia] => 367.6
                    [kwh] => 0.01
                    [limite_superado] => 0
                    [fecha] => 2025-08-22 13:11:02
                    [mac_address] => 08:D1:F9:A5:2A:14
                )

        )

    [2] => Array
        (
            [id_dispositivo] => 29
            [nombre] => sadasd
            [id_usuario] => 1
            [mac_address] => AA:C3:CC:D1:EE:2F
            [ip_address] => 
            [ultima_conexion] => 
            [estado] => activo
            [created_at] => 2025-06-27 10:12:51
            [stock] => 0
            [precio] => 0
            [descripcion] => 
            [fecha_actualizacion] => 2025-09-02 12:11:21
            [updated_at] => 
            [codigo_activacion] => 
            [fecha_activacion] => 
            [nombre_usuario] => brunito
            [email_usuario] => brunocameille@alumnos.itr3.edu.ar
            [ultima_lectura] => 
        )

)

DEBUG - 2025-09-25 08:46:09 --> Consumo 24h: 
DEBUG - 2025-09-25 08:46:09 --> Consumo promedio: 
DEBUG - 2025-09-25 08:46:09 --> Datos enviados a la vista: Array
(
    [usuario] => Array
        (
            [id_usuario] => 1
            [nombre] => brunito
            [apellido] => barber
            [email] => brunocameille@alumnos.itr3.edu.ar
            [contrasena] => $2y$10$F4xQfULyrVhG1JD8Y21QR.vgn9Fzd257acxjmQqHQ3OYfEqBaAPb6
            [direccion_id] => 0
            [id_rol] => 2
            [created_at] => 2025-04-07 13:37:30
            [updated_at] => 2025-09-25 08:29:52
            [invitado_por] => 
            [estado] => activo
            [token_activacion] => 
        )

    [dispositivos] => Array
        (
            [0] => Array
                (
                    [id_dispositivo] => 1
                    [nombre] => medidor de ecovolt
                    [id_usuario] => 1
                    [mac_address] => 00:1A:2B:3C:4D:5E
                    [ip_address] => 
                    [ultima_conexion] => 
                    [estado] => activo
                    [created_at] => 2025-04-10 22:26:34
                    [stock] => 43
                    [precio] => 85
                    [descripcion] => 
                    [fecha_actualizacion] => 2025-06-27 08:44:59
                    [updated_at] => 2025-06-12 15:06:14
                    [codigo_activacion] => 
                    [fecha_activacion] => 
                    [nombre_usuario] => brunito
                    [email_usuario] => brunocameille@alumnos.itr3.edu.ar
                    [ultima_lectura] => 
                )

            [1] => Array
                (
                    [id_dispositivo] => 2
                    [nombre] => ECOVOLT HOYY 11/4
                    [id_usuario] => 1
                    [mac_address] => 08:D1:F9:A5:2A:14
                    [ip_address] => 
                    [ultima_conexion] => 
                    [estado] => activo
                    [created_at] => 2025-04-11 10:03:27
                    [stock] => 0
                    [precio] => 0
                    [descripcion] => adasdada
                    [fecha_actualizacion] => 2025-09-25 08:24:27
                    [updated_at] => 2025-09-23 11:54:53
                    [codigo_activacion] => 
                    [fecha_activacion] => 
                    [nombre_usuario] => brunito
                    [email_usuario] => brunocameille@alumnos.itr3.edu.ar
                    [ultima_lectura] => Array
                        (
                            [id] => 8813
                            [id_dispositivo] => 2
                            [id_usuario] => 1
                            [voltaje] => 118.75
                            [corriente] => 3.0956
                            [potencia] => 367.6
                            [kwh] => 0.01
                            [limite_superado] => 0
                            [fecha] => 2025-08-22 13:11:02
                            [mac_address] => 08:D1:F9:A5:2A:14
                        )

                )

            [2] => Array
                (
                    [id_dispositivo] => 29
                    [nombre] => sadasd
                    [id_usuario] => 1
                    [mac_address] => AA:C3:CC:D1:EE:2F
                    [ip_address] => 
                    [ultima_conexion] => 
                    [estado] => activo
                    [created_at] => 2025-06-27 10:12:51
                    [stock] => 0
                    [precio] => 0
                    [descripcion] => 
                    [fecha_actualizacion] => 2025-09-02 12:11:21
                    [updated_at] => 
                    [codigo_activacion] => 
                    [fecha_activacion] => 
                    [nombre_usuario] => brunito
                    [email_usuario] => brunocameille@alumnos.itr3.edu.ar
                    [ultima_lectura] => 
                )

        )

    [dispositivos_propios] => Array
        (
            [0] => Array
                (
                    [id_dispositivo] => 1
                    [nombre] => medidor de ecovolt
                    [id_usuario] => 1
                    [mac_address] => 00:1A:2B:3C:4D:5E
                    [ip_address] => 
                    [ultima_conexion] => 
                    [estado] => activo
                    [created_at] => 2025-04-10 22:26:34
                    [stock] => 43
                    [precio] => 85
                    [descripcion] => 
                    [fecha_actualizacion] => 2025-06-27 08:44:59
                    [updated_at] => 2025-06-12 15:06:14
                    [codigo_activacion] => 
                    [fecha_activacion] => 
                    [nombre_usuario] => brunito
                    [email_usuario] => brunocameille@alumnos.itr3.edu.ar
                    [ultima_lectura] => 
                )

            [1] => Array
                (
                    [id_dispositivo] => 2
                    [nombre] => ECOVOLT HOYY 11/4
                    [id_usuario] => 1
                    [mac_address] => 08:D1:F9:A5:2A:14
                    [ip_address] => 
                    [ultima_conexion] => 
                    [estado] => activo
                    [created_at] => 2025-04-11 10:03:27
                    [stock] => 0
                    [precio] => 0
                    [descripcion] => adasdada
                    [fecha_actualizacion] => 2025-09-25 08:24:27
                    [updated_at] => 2025-09-23 11:54:53
                    [codigo_activacion] => 
                    [fecha_activacion] => 
                    [nombre_usuario] => brunito
                    [email_usuario] => brunocameille@alumnos.itr3.edu.ar
                    [ultima_lectura] => Array
                        (
                            [id] => 8813
                            [id_dispositivo] => 2
                            [id_usuario] => 1
                            [voltaje] => 118.75
                            [corriente] => 3.0956
                            [potencia] => 367.6
                            [kwh] => 0.01
                            [limite_superado] => 0
                            [fecha] => 2025-08-22 13:11:02
                            [mac_address] => 08:D1:F9:A5:2A:14
                        )

                )

            [2] => Array
                (
                    [id_dispositivo] => 29
                    [nombre] => sadasd
                    [id_usuario] => 1
                    [mac_address] => AA:C3:CC:D1:EE:2F
                    [ip_address] => 
                    [ultima_conexion] => 
                    [estado] => activo
                    [created_at] => 2025-06-27 10:12:51
                    [stock] => 0
                    [precio] => 0
                    [descripcion] => 
                    [fecha_actualizacion] => 2025-09-02 12:11:21
                    [updated_at] => 
                    [codigo_activacion] => 
                    [fecha_activacion] => 
                    [nombre_usuario] => brunito
                    [email_usuario] => brunocameille@alumnos.itr3.edu.ar
                    [ultima_lectura] => 
                )

        )

    [dispositivos_compartidos] => Array
        (
        )

    [consumo24h] => 
    [consumoPromedio] => 
)

DEBUG - 2025-09-25 08:46:12 --> Ruta actual: /Tesina/public/energia/dispositivo/2
INFO - 2025-09-25 08:46:12 --> Session: Class initialized using 'CodeIgniter\Session\Handlers\FileHandler' driver.
DEBUG - 2025-09-25 08:46:12 --> Datos en sesión: Array
(
    [__ci_last_regenerate] => 1758800764
    [_ci_previous_url] => http://192.168.2.182/Tesina/public/usuario
    [id_usuario] => 1
    [nombre] => brunito
    [apellido] => barber
    [email] => brunocameille@alumnos.itr3.edu.ar
    [rol] => usuario
    [logged_in] => 1
    [tarifa_kwh] => 4774
)

INFO - 2025-09-25 08:46:13 --> Session: Class initialized using 'CodeIgniter\Session\Handlers\FileHandler' driver.
INFO - 2025-09-25 08:46:17 --> Session: Class initialized using 'CodeIgniter\Session\Handlers\FileHandler' driver.
INFO - 2025-09-25 08:46:22 --> Session: Class initialized using 'CodeIgniter\Session\Handlers\FileHandler' driver.
INFO - 2025-09-25 08:46:25 --> Session: Class initialized using 'CodeIgniter\Session\Handlers\FileHandler' driver.
INFO - 2025-09-25 08:46:25 --> Session: Class initialized using 'CodeIgniter\Session\Handlers\FileHandler' driver.
INFO - 2025-09-25 08:46:25 --> Session: Class initialized using 'CodeIgniter\Session\Handlers\FileHandler' driver.
INFO - 2025-09-25 08:46:25 --> Session: Class initialized using 'CodeIgniter\Session\Handlers\FileHandler' driver.
INFO - 2025-09-25 08:46:26 --> Session: Class initialized using 'CodeIgniter\Session\Handlers\FileHandler' driver.
INFO - 2025-09-25 08:46:27 --> Session: Class initialized using 'CodeIgniter\Session\Handlers\FileHandler' driver.
INFO - 2025-09-25 08:46:27 --> Session: Class initialized using 'CodeIgniter\Session\Handlers\FileHandler' driver.
DEBUG - 2025-09-25 08:46:29 --> Ruta actual: /Tesina/public/usuario
INFO - 2025-09-25 08:46:29 --> Session: Class initialized using 'CodeIgniter\Session\Handlers\FileHandler' driver.
DEBUG - 2025-09-25 08:46:29 --> Datos en sesión: Array
(
    [__ci_last_regenerate] => 1758800764
    [_ci_previous_url] => http://192.168.2.182/Tesina/public/energia/dispositivo/2
    [id_usuario] => 1
    [nombre] => brunito
    [apellido] => barber
    [email] => brunocameille@alumnos.itr3.edu.ar
    [rol] => usuario
    [logged_in] => 1
    [tarifa_kwh] => 44442
)

DEBUG - 2025-09-25 08:46:29 --> Usuario ID: 1
DEBUG - 2025-09-25 08:46:29 --> Buscando usuario ID: 1
DEBUG - 2025-09-25 08:46:29 --> Resultado de la búsqueda: Array
(
    [id_usuario] => 1
    [nombre] => brunito
    [apellido] => barber
    [email] => brunocameille@alumnos.itr3.edu.ar
    [contrasena] => $2y$10$F4xQfULyrVhG1JD8Y21QR.vgn9Fzd257acxjmQqHQ3OYfEqBaAPb6
    [direccion_id] => 0
    [id_rol] => 2
    [created_at] => 2025-04-07 13:37:30
    [updated_at] => 2025-09-25 08:29:52
    [invitado_por] => 
    [estado] => activo
    [token_activacion] => 
)

DEBUG - 2025-09-25 08:46:29 --> Datos del usuario: Array
(
    [id_usuario] => 1
    [nombre] => brunito
    [apellido] => barber
    [email] => brunocameille@alumnos.itr3.edu.ar
    [contrasena] => $2y$10$F4xQfULyrVhG1JD8Y21QR.vgn9Fzd257acxjmQqHQ3OYfEqBaAPb6
    [direccion_id] => 0
    [id_rol] => 2
    [created_at] => 2025-04-07 13:37:30
    [updated_at] => 2025-09-25 08:29:52
    [invitado_por] => 
    [estado] => activo
    [token_activacion] => 
)

DEBUG - 2025-09-25 08:46:29 --> Dispositivos encontrados: Array
(
    [0] => Array
        (
            [id_dispositivo] => 1
            [nombre] => medidor de ecovolt
            [id_usuario] => 1
            [mac_address] => 00:1A:2B:3C:4D:5E
            [ip_address] => 
            [ultima_conexion] => 
            [estado] => activo
            [created_at] => 2025-04-10 22:26:34
            [stock] => 43
            [precio] => 85
            [descripcion] => 
            [fecha_actualizacion] => 2025-06-27 08:44:59
            [updated_at] => 2025-06-12 15:06:14
            [codigo_activacion] => 
            [fecha_activacion] => 
            [nombre_usuario] => brunito
            [email_usuario] => brunocameille@alumnos.itr3.edu.ar
            [ultima_lectura] => 
        )

    [1] => Array
        (
            [id_dispositivo] => 2
            [nombre] => ECOVOLT HOYY 11/4
            [id_usuario] => 1
            [mac_address] => 08:D1:F9:A5:2A:14
            [ip_address] => 
            [ultima_conexion] => 
            [estado] => activo
            [created_at] => 2025-04-11 10:03:27
            [stock] => 0
            [precio] => 0
            [descripcion] => adasdada
            [fecha_actualizacion] => 2025-09-25 08:24:27
            [updated_at] => 2025-09-23 11:54:53
            [codigo_activacion] => 
            [fecha_activacion] => 
            [nombre_usuario] => brunito
            [email_usuario] => brunocameille@alumnos.itr3.edu.ar
            [ultima_lectura] => Array
                (
                    [id] => 8813
                    [id_dispositivo] => 2
                    [id_usuario] => 1
                    [voltaje] => 118.75
                    [corriente] => 3.0956
                    [potencia] => 367.6
                    [kwh] => 0.01
                    [limite_superado] => 0
                    [fecha] => 2025-08-22 13:11:02
                    [mac_address] => 08:D1:F9:A5:2A:14
                )

        )

    [2] => Array
        (
            [id_dispositivo] => 29
            [nombre] => sadasd
            [id_usuario] => 1
            [mac_address] => AA:C3:CC:D1:EE:2F
            [ip_address] => 
            [ultima_conexion] => 
            [estado] => activo
            [created_at] => 2025-06-27 10:12:51
            [stock] => 0
            [precio] => 0
            [descripcion] => 
            [fecha_actualizacion] => 2025-09-02 12:11:21
            [updated_at] => 
            [codigo_activacion] => 
            [fecha_activacion] => 
            [nombre_usuario] => brunito
            [email_usuario] => brunocameille@alumnos.itr3.edu.ar
            [ultima_lectura] => 
        )

)

DEBUG - 2025-09-25 08:46:29 --> Consumo 24h: 
DEBUG - 2025-09-25 08:46:29 --> Consumo promedio: 
DEBUG - 2025-09-25 08:46:29 --> Datos enviados a la vista: Array
(
    [usuario] => Array
        (
            [id_usuario] => 1
            [nombre] => brunito
            [apellido] => barber
            [email] => brunocameille@alumnos.itr3.edu.ar
            [contrasena] => $2y$10$F4xQfULyrVhG1JD8Y21QR.vgn9Fzd257acxjmQqHQ3OYfEqBaAPb6
            [direccion_id] => 0
            [id_rol] => 2
            [created_at] => 2025-04-07 13:37:30
            [updated_at] => 2025-09-25 08:29:52
            [invitado_por] => 
            [estado] => activo
            [token_activacion] => 
        )

    [dispositivos] => Array
        (
            [0] => Array
                (
                    [id_dispositivo] => 1
                    [nombre] => medidor de ecovolt
                    [id_usuario] => 1
                    [mac_address] => 00:1A:2B:3C:4D:5E
                    [ip_address] => 
                    [ultima_conexion] => 
                    [estado] => activo
                    [created_at] => 2025-04-10 22:26:34
                    [stock] => 43
                    [precio] => 85
                    [descripcion] => 
                    [fecha_actualizacion] => 2025-06-27 08:44:59
                    [updated_at] => 2025-06-12 15:06:14
                    [codigo_activacion] => 
                    [fecha_activacion] => 
                    [nombre_usuario] => brunito
                    [email_usuario] => brunocameille@alumnos.itr3.edu.ar
                    [ultima_lectura] => 
                )

            [1] => Array
                (
                    [id_dispositivo] => 2
                    [nombre] => ECOVOLT HOYY 11/4
                    [id_usuario] => 1
                    [mac_address] => 08:D1:F9:A5:2A:14
                    [ip_address] => 
                    [ultima_conexion] => 
                    [estado] => activo
                    [created_at] => 2025-04-11 10:03:27
                    [stock] => 0
                    [precio] => 0
                    [descripcion] => adasdada
                    [fecha_actualizacion] => 2025-09-25 08:24:27
                    [updated_at] => 2025-09-23 11:54:53
                    [codigo_activacion] => 
                    [fecha_activacion] => 
                    [nombre_usuario] => brunito
                    [email_usuario] => brunocameille@alumnos.itr3.edu.ar
                    [ultima_lectura] => Array
                        (
                            [id] => 8813
                            [id_dispositivo] => 2
                            [id_usuario] => 1
                            [voltaje] => 118.75
                            [corriente] => 3.0956
                            [potencia] => 367.6
                            [kwh] => 0.01
                            [limite_superado] => 0
                            [fecha] => 2025-08-22 13:11:02
                            [mac_address] => 08:D1:F9:A5:2A:14
                        )

                )

            [2] => Array
                (
                    [id_dispositivo] => 29
                    [nombre] => sadasd
                    [id_usuario] => 1
                    [mac_address] => AA:C3:CC:D1:EE:2F
                    [ip_address] => 
                    [ultima_conexion] => 
                    [estado] => activo
                    [created_at] => 2025-06-27 10:12:51
                    [stock] => 0
                    [precio] => 0
                    [descripcion] => 
                    [fecha_actualizacion] => 2025-09-02 12:11:21
                    [updated_at] => 
                    [codigo_activacion] => 
                    [fecha_activacion] => 
                    [nombre_usuario] => brunito
                    [email_usuario] => brunocameille@alumnos.itr3.edu.ar
                    [ultima_lectura] => 
                )

        )

    [dispositivos_propios] => Array
        (
            [0] => Array
                (
                    [id_dispositivo] => 1
                    [nombre] => medidor de ecovolt
                    [id_usuario] => 1
                    [mac_address] => 00:1A:2B:3C:4D:5E
                    [ip_address] => 
                    [ultima_conexion] => 
                    [estado] => activo
                    [created_at] => 2025-04-10 22:26:34
                    [stock] => 43
                    [precio] => 85
                    [descripcion] => 
                    [fecha_actualizacion] => 2025-06-27 08:44:59
                    [updated_at] => 2025-06-12 15:06:14
                    [codigo_activacion] => 
                    [fecha_activacion] => 
                    [nombre_usuario] => brunito
                    [email_usuario] => brunocameille@alumnos.itr3.edu.ar
                    [ultima_lectura] => 
                )

            [1] => Array
                (
                    [id_dispositivo] => 2
                    [nombre] => ECOVOLT HOYY 11/4
                    [id_usuario] => 1
                    [mac_address] => 08:D1:F9:A5:2A:14
                    [ip_address] => 
                    [ultima_conexion] => 
                    [estado] => activo
                    [created_at] => 2025-04-11 10:03:27
                    [stock] => 0
                    [precio] => 0
                    [descripcion] => adasdada
                    [fecha_actualizacion] => 2025-09-25 08:24:27
                    [updated_at] => 2025-09-23 11:54:53
                    [codigo_activacion] => 
                    [fecha_activacion] => 
                    [nombre_usuario] => brunito
                    [email_usuario] => brunocameille@alumnos.itr3.edu.ar
                    [ultima_lectura] => Array
                        (
                            [id] => 8813
                            [id_dispositivo] => 2
                            [id_usuario] => 1
                            [voltaje] => 118.75
                            [corriente] => 3.0956
                            [potencia] => 367.6
                            [kwh] => 0.01
                            [limite_superado] => 0
                            [fecha] => 2025-08-22 13:11:02
                            [mac_address] => 08:D1:F9:A5:2A:14
                        )

                )

            [2] => Array
                (
                    [id_dispositivo] => 29
                    [nombre] => sadasd
                    [id_usuario] => 1
                    [mac_address] => AA:C3:CC:D1:EE:2F
                    [ip_address] => 
                    [ultima_conexion] => 
                    [estado] => activo
                    [created_at] => 2025-06-27 10:12:51
                    [stock] => 0
                    [precio] => 0
                    [descripcion] => 
                    [fecha_actualizacion] => 2025-09-02 12:11:21
                    [updated_at] => 
                    [codigo_activacion] => 
                    [fecha_activacion] => 
                    [nombre_usuario] => brunito
                    [email_usuario] => brunocameille@alumnos.itr3.edu.ar
                    [ultima_lectura] => 
                )

        )

    [dispositivos_compartidos] => Array
        (
        )

    [consumo24h] => 
    [consumoPromedio] => 
)

DEBUG - 2025-09-25 08:48:36 --> Ruta actual: /Tesina/public/usuario
INFO - 2025-09-25 08:48:36 --> Session: Class initialized using 'CodeIgniter\Session\Handlers\FileHandler' driver.
DEBUG - 2025-09-25 08:48:36 --> Datos en sesión: Array
(
    [__ci_last_regenerate] => 1758800764
    [_ci_previous_url] => http://192.168.2.182/Tesina/public/usuario
    [id_usuario] => 1
    [nombre] => brunito
    [apellido] => barber
    [email] => brunocameille@alumnos.itr3.edu.ar
    [rol] => usuario
    [logged_in] => 1
    [tarifa_kwh] => 44442
)

DEBUG - 2025-09-25 08:48:36 --> Usuario ID: 1
DEBUG - 2025-09-25 08:48:36 --> Buscando usuario ID: 1
DEBUG - 2025-09-25 08:48:36 --> Resultado de la búsqueda: Array
(
    [id_usuario] => 1
    [nombre] => brunito
    [apellido] => barber
    [email] => brunocameille@alumnos.itr3.edu.ar
    [contrasena] => $2y$10$F4xQfULyrVhG1JD8Y21QR.vgn9Fzd257acxjmQqHQ3OYfEqBaAPb6
    [direccion_id] => 0
    [id_rol] => 2
    [created_at] => 2025-04-07 13:37:30
    [updated_at] => 2025-09-25 08:29:52
    [invitado_por] => 
    [estado] => activo
    [token_activacion] => 
)

DEBUG - 2025-09-25 08:48:36 --> Datos del usuario: Array
(
    [id_usuario] => 1
    [nombre] => brunito
    [apellido] => barber
    [email] => brunocameille@alumnos.itr3.edu.ar
    [contrasena] => $2y$10$F4xQfULyrVhG1JD8Y21QR.vgn9Fzd257acxjmQqHQ3OYfEqBaAPb6
    [direccion_id] => 0
    [id_rol] => 2
    [created_at] => 2025-04-07 13:37:30
    [updated_at] => 2025-09-25 08:29:52
    [invitado_por] => 
    [estado] => activo
    [token_activacion] => 
)

DEBUG - 2025-09-25 08:48:36 --> Dispositivos encontrados: Array
(
    [0] => Array
        (
            [id_dispositivo] => 1
            [nombre] => medidor de ecovolt
            [id_usuario] => 1
            [mac_address] => 00:1A:2B:3C:4D:5E
            [ip_address] => 
            [ultima_conexion] => 
            [estado] => activo
            [created_at] => 2025-04-10 22:26:34
            [stock] => 43
            [precio] => 85
            [descripcion] => 
            [fecha_actualizacion] => 2025-06-27 08:44:59
            [updated_at] => 2025-06-12 15:06:14
            [codigo_activacion] => 
            [fecha_activacion] => 
            [nombre_usuario] => brunito
            [email_usuario] => brunocameille@alumnos.itr3.edu.ar
            [ultima_lectura] => 
        )

    [1] => Array
        (
            [id_dispositivo] => 2
            [nombre] => ECOVOLT HOYY 11/4
            [id_usuario] => 1
            [mac_address] => 08:D1:F9:A5:2A:14
            [ip_address] => 
            [ultima_conexion] => 
            [estado] => activo
            [created_at] => 2025-04-11 10:03:27
            [stock] => 0
            [precio] => 0
            [descripcion] => adasdada
            [fecha_actualizacion] => 2025-09-25 08:24:27
            [updated_at] => 2025-09-23 11:54:53
            [codigo_activacion] => 
            [fecha_activacion] => 
            [nombre_usuario] => brunito
            [email_usuario] => brunocameille@alumnos.itr3.edu.ar
            [ultima_lectura] => Array
                (
                    [id] => 8813
                    [id_dispositivo] => 2
                    [id_usuario] => 1
                    [voltaje] => 118.75
                    [corriente] => 3.0956
                    [potencia] => 367.6
                    [kwh] => 0.01
                    [limite_superado] => 0
                    [fecha] => 2025-08-22 13:11:02
                    [mac_address] => 08:D1:F9:A5:2A:14
                )

        )

    [2] => Array
        (
            [id_dispositivo] => 29
            [nombre] => sadasd
            [id_usuario] => 1
            [mac_address] => AA:C3:CC:D1:EE:2F
            [ip_address] => 
            [ultima_conexion] => 
            [estado] => activo
            [created_at] => 2025-06-27 10:12:51
            [stock] => 0
            [precio] => 0
            [descripcion] => 
            [fecha_actualizacion] => 2025-09-02 12:11:21
            [updated_at] => 
            [codigo_activacion] => 
            [fecha_activacion] => 
            [nombre_usuario] => brunito
            [email_usuario] => brunocameille@alumnos.itr3.edu.ar
            [ultima_lectura] => 
        )

)

DEBUG - 2025-09-25 08:48:36 --> Consumo 24h: 
DEBUG - 2025-09-25 08:48:36 --> Consumo promedio: 
DEBUG - 2025-09-25 08:48:36 --> Datos enviados a la vista: Array
(
    [usuario] => Array
        (
            [id_usuario] => 1
            [nombre] => brunito
            [apellido] => barber
            [email] => brunocameille@alumnos.itr3.edu.ar
            [contrasena] => $2y$10$F4xQfULyrVhG1JD8Y21QR.vgn9Fzd257acxjmQqHQ3OYfEqBaAPb6
            [direccion_id] => 0
            [id_rol] => 2
            [created_at] => 2025-04-07 13:37:30
            [updated_at] => 2025-09-25 08:29:52
            [invitado_por] => 
            [estado] => activo
            [token_activacion] => 
        )

    [dispositivos] => Array
        (
            [0] => Array
                (
                    [id_dispositivo] => 1
                    [nombre] => medidor de ecovolt
                    [id_usuario] => 1
                    [mac_address] => 00:1A:2B:3C:4D:5E
                    [ip_address] => 
                    [ultima_conexion] => 
                    [estado] => activo
                    [created_at] => 2025-04-10 22:26:34
                    [stock] => 43
                    [precio] => 85
                    [descripcion] => 
                    [fecha_actualizacion] => 2025-06-27 08:44:59
                    [updated_at] => 2025-06-12 15:06:14
                    [codigo_activacion] => 
                    [fecha_activacion] => 
                    [nombre_usuario] => brunito
                    [email_usuario] => brunocameille@alumnos.itr3.edu.ar
                    [ultima_lectura] => 
                )

            [1] => Array
                (
                    [id_dispositivo] => 2
                    [nombre] => ECOVOLT HOYY 11/4
                    [id_usuario] => 1
                    [mac_address] => 08:D1:F9:A5:2A:14
                    [ip_address] => 
                    [ultima_conexion] => 
                    [estado] => activo
                    [created_at] => 2025-04-11 10:03:27
                    [stock] => 0
                    [precio] => 0
                    [descripcion] => adasdada
                    [fecha_actualizacion] => 2025-09-25 08:24:27
                    [updated_at] => 2025-09-23 11:54:53
                    [codigo_activacion] => 
                    [fecha_activacion] => 
                    [nombre_usuario] => brunito
                    [email_usuario] => brunocameille@alumnos.itr3.edu.ar
                    [ultima_lectura] => Array
                        (
                            [id] => 8813
                            [id_dispositivo] => 2
                            [id_usuario] => 1
                            [voltaje] => 118.75
                            [corriente] => 3.0956
                            [potencia] => 367.6
                            [kwh] => 0.01
                            [limite_superado] => 0
                            [fecha] => 2025-08-22 13:11:02
                            [mac_address] => 08:D1:F9:A5:2A:14
                        )

                )

            [2] => Array
                (
                    [id_dispositivo] => 29
                    [nombre] => sadasd
                    [id_usuario] => 1
                    [mac_address] => AA:C3:CC:D1:EE:2F
                    [ip_address] => 
                    [ultima_conexion] => 
                    [estado] => activo
                    [created_at] => 2025-06-27 10:12:51
                    [stock] => 0
                    [precio] => 0
                    [descripcion] => 
                    [fecha_actualizacion] => 2025-09-02 12:11:21
                    [updated_at] => 
                    [codigo_activacion] => 
                    [fecha_activacion] => 
                    [nombre_usuario] => brunito
                    [email_usuario] => brunocameille@alumnos.itr3.edu.ar
                    [ultima_lectura] => 
                )

        )

    [dispositivos_propios] => Array
        (
            [0] => Array
                (
                    [id_dispositivo] => 1
                    [nombre] => medidor de ecovolt
                    [id_usuario] => 1
                    [mac_address] => 00:1A:2B:3C:4D:5E
                    [ip_address] => 
                    [ultima_conexion] => 
                    [estado] => activo
                    [created_at] => 2025-04-10 22:26:34
                    [stock] => 43
                    [precio] => 85
                    [descripcion] => 
                    [fecha_actualizacion] => 2025-06-27 08:44:59
                    [updated_at] => 2025-06-12 15:06:14
                    [codigo_activacion] => 
                    [fecha_activacion] => 
                    [nombre_usuario] => brunito
                    [email_usuario] => brunocameille@alumnos.itr3.edu.ar
                    [ultima_lectura] => 
                )

            [1] => Array
                (
                    [id_dispositivo] => 2
                    [nombre] => ECOVOLT HOYY 11/4
                    [id_usuario] => 1
                    [mac_address] => 08:D1:F9:A5:2A:14
                    [ip_address] => 
                    [ultima_conexion] => 
                    [estado] => activo
                    [created_at] => 2025-04-11 10:03:27
                    [stock] => 0
                    [precio] => 0
                    [descripcion] => adasdada
                    [fecha_actualizacion] => 2025-09-25 08:24:27
                    [updated_at] => 2025-09-23 11:54:53
                    [codigo_activacion] => 
                    [fecha_activacion] => 
                    [nombre_usuario] => brunito
                    [email_usuario] => brunocameille@alumnos.itr3.edu.ar
                    [ultima_lectura] => Array
                        (
                            [id] => 8813
                            [id_dispositivo] => 2
                            [id_usuario] => 1
                            [voltaje] => 118.75
                            [corriente] => 3.0956
                            [potencia] => 367.6
                            [kwh] => 0.01
                            [limite_superado] => 0
                            [fecha] => 2025-08-22 13:11:02
                            [mac_address] => 08:D1:F9:A5:2A:14
                        )

                )

            [2] => Array
                (
                    [id_dispositivo] => 29
                    [nombre] => sadasd
                    [id_usuario] => 1
                    [mac_address] => AA:C3:CC:D1:EE:2F
                    [ip_address] => 
                    [ultima_conexion] => 
                    [estado] => activo
                    [created_at] => 2025-06-27 10:12:51
                    [stock] => 0
                    [precio] => 0
                    [descripcion] => 
                    [fecha_actualizacion] => 2025-09-02 12:11:21
                    [updated_at] => 
                    [codigo_activacion] => 
                    [fecha_activacion] => 
                    [nombre_usuario] => brunito
                    [email_usuario] => brunocameille@alumnos.itr3.edu.ar
                    [ultima_lectura] => 
                )

        )

    [dispositivos_compartidos] => Array
        (
        )

    [consumo24h] => 
    [consumoPromedio] => 
)

DEBUG - 2025-09-25 08:48:38 --> Ruta actual: /Tesina/public/energia
INFO - 2025-09-25 08:48:38 --> Session: Class initialized using 'CodeIgniter\Session\Handlers\FileHandler' driver.
DEBUG - 2025-09-25 08:48:38 --> Datos en sesión: Array
(
    [__ci_last_regenerate] => 1758800764
    [_ci_previous_url] => http://192.168.2.182/Tesina/public/usuario
    [id_usuario] => 1
    [nombre] => brunito
    [apellido] => barber
    [email] => brunocameille@alumnos.itr3.edu.ar
    [rol] => usuario
    [logged_in] => 1
    [tarifa_kwh] => 44442
)

INFO - 2025-09-25 08:48:38 --> Dispositivo ID: 29
INFO - 2025-09-25 08:48:38 --> Número de lecturas encontradas: 0
ERROR - 2025-09-25 08:48:38 --> Error en Energia::index: Invalid file: "energia/index.php"
DEBUG - 2025-09-25 08:48:38 --> Ruta actual: /Tesina/public/dashboard
INFO - 2025-09-25 08:48:38 --> Session: Class initialized using 'CodeIgniter\Session\Handlers\FileHandler' driver.
DEBUG - 2025-09-25 08:48:38 --> Datos en sesión: Array
(
    [__ci_last_regenerate] => 1758800764
    [_ci_previous_url] => http://192.168.2.182/Tesina/public/usuario
    [id_usuario] => 1
    [nombre] => brunito
    [apellido] => barber
    [email] => brunocameille@alumnos.itr3.edu.ar
    [rol] => usuario
    [logged_in] => 1
    [tarifa_kwh] => 44442
)

DEBUG - 2025-09-25 08:50:04 --> Ruta actual: /Tesina/public/usuario
INFO - 2025-09-25 08:50:04 --> Session: Class initialized using 'CodeIgniter\Session\Handlers\FileHandler' driver.
DEBUG - 2025-09-25 08:50:04 --> Datos en sesión: Array
(
    [__ci_last_regenerate] => 1758800764
    [_ci_previous_url] => http://192.168.2.182/Tesina/public/usuario
    [id_usuario] => 1
    [nombre] => brunito
    [apellido] => barber
    [email] => brunocameille@alumnos.itr3.edu.ar
    [rol] => usuario
    [logged_in] => 1
    [tarifa_kwh] => 44442
)

DEBUG - 2025-09-25 08:50:04 --> Usuario ID: 1
DEBUG - 2025-09-25 08:50:04 --> Buscando usuario ID: 1
DEBUG - 2025-09-25 08:50:04 --> Resultado de la búsqueda: Array
(
    [id_usuario] => 1
    [nombre] => brunito
    [apellido] => barber
    [email] => brunocameille@alumnos.itr3.edu.ar
    [contrasena] => $2y$10$F4xQfULyrVhG1JD8Y21QR.vgn9Fzd257acxjmQqHQ3OYfEqBaAPb6
    [direccion_id] => 0
    [id_rol] => 2
    [created_at] => 2025-04-07 13:37:30
    [updated_at] => 2025-09-25 08:29:52
    [invitado_por] => 
    [estado] => activo
    [token_activacion] => 
)

DEBUG - 2025-09-25 08:50:04 --> Datos del usuario: Array
(
    [id_usuario] => 1
    [nombre] => brunito
    [apellido] => barber
    [email] => brunocameille@alumnos.itr3.edu.ar
    [contrasena] => $2y$10$F4xQfULyrVhG1JD8Y21QR.vgn9Fzd257acxjmQqHQ3OYfEqBaAPb6
    [direccion_id] => 0
    [id_rol] => 2
    [created_at] => 2025-04-07 13:37:30
    [updated_at] => 2025-09-25 08:29:52
    [invitado_por] => 
    [estado] => activo
    [token_activacion] => 
)

DEBUG - 2025-09-25 08:50:04 --> Dispositivos encontrados: Array
(
    [0] => Array
        (
            [id_dispositivo] => 1
            [nombre] => medidor de ecovolt
            [id_usuario] => 1
            [mac_address] => 00:1A:2B:3C:4D:5E
            [ip_address] => 
            [ultima_conexion] => 
            [estado] => activo
            [created_at] => 2025-04-10 22:26:34
            [stock] => 43
            [precio] => 85
            [descripcion] => 
            [fecha_actualizacion] => 2025-06-27 08:44:59
            [updated_at] => 2025-06-12 15:06:14
            [codigo_activacion] => 
            [fecha_activacion] => 
            [nombre_usuario] => brunito
            [email_usuario] => brunocameille@alumnos.itr3.edu.ar
            [ultima_lectura] => 
        )

    [1] => Array
        (
            [id_dispositivo] => 2
            [nombre] => ECOVOLT HOYY 11/4
            [id_usuario] => 1
            [mac_address] => 08:D1:F9:A5:2A:14
            [ip_address] => 
            [ultima_conexion] => 
            [estado] => activo
            [created_at] => 2025-04-11 10:03:27
            [stock] => 0
            [precio] => 0
            [descripcion] => adasdada
            [fecha_actualizacion] => 2025-09-25 08:24:27
            [updated_at] => 2025-09-23 11:54:53
            [codigo_activacion] => 
            [fecha_activacion] => 
            [nombre_usuario] => brunito
            [email_usuario] => brunocameille@alumnos.itr3.edu.ar
            [ultima_lectura] => Array
                (
                    [id] => 8813
                    [id_dispositivo] => 2
                    [id_usuario] => 1
                    [voltaje] => 118.75
                    [corriente] => 3.0956
                    [potencia] => 367.6
                    [kwh] => 0.01
                    [limite_superado] => 0
                    [fecha] => 2025-08-22 13:11:02
                    [mac_address] => 08:D1:F9:A5:2A:14
                )

        )

    [2] => Array
        (
            [id_dispositivo] => 29
            [nombre] => sadasd
            [id_usuario] => 1
            [mac_address] => AA:C3:CC:D1:EE:2F
            [ip_address] => 
            [ultima_conexion] => 
            [estado] => activo
            [created_at] => 2025-06-27 10:12:51
            [stock] => 0
            [precio] => 0
            [descripcion] => 
            [fecha_actualizacion] => 2025-09-02 12:11:21
            [updated_at] => 
            [codigo_activacion] => 
            [fecha_activacion] => 
            [nombre_usuario] => brunito
            [email_usuario] => brunocameille@alumnos.itr3.edu.ar
            [ultima_lectura] => 
        )

)

DEBUG - 2025-09-25 08:50:04 --> Consumo 24h: 
DEBUG - 2025-09-25 08:50:04 --> Consumo promedio: 
DEBUG - 2025-09-25 08:50:04 --> Datos enviados a la vista: Array
(
    [usuario] => Array
        (
            [id_usuario] => 1
            [nombre] => brunito
            [apellido] => barber
            [email] => brunocameille@alumnos.itr3.edu.ar
            [contrasena] => $2y$10$F4xQfULyrVhG1JD8Y21QR.vgn9Fzd257acxjmQqHQ3OYfEqBaAPb6
            [direccion_id] => 0
            [id_rol] => 2
            [created_at] => 2025-04-07 13:37:30
            [updated_at] => 2025-09-25 08:29:52
            [invitado_por] => 
            [estado] => activo
            [token_activacion] => 
        )

    [dispositivos] => Array
        (
            [0] => Array
                (
                    [id_dispositivo] => 1
                    [nombre] => medidor de ecovolt
                    [id_usuario] => 1
                    [mac_address] => 00:1A:2B:3C:4D:5E
                    [ip_address] => 
                    [ultima_conexion] => 
                    [estado] => activo
                    [created_at] => 2025-04-10 22:26:34
                    [stock] => 43
                    [precio] => 85
                    [descripcion] => 
                    [fecha_actualizacion] => 2025-06-27 08:44:59
                    [updated_at] => 2025-06-12 15:06:14
                    [codigo_activacion] => 
                    [fecha_activacion] => 
                    [nombre_usuario] => brunito
                    [email_usuario] => brunocameille@alumnos.itr3.edu.ar
                    [ultima_lectura] => 
                )

            [1] => Array
                (
                    [id_dispositivo] => 2
                    [nombre] => ECOVOLT HOYY 11/4
                    [id_usuario] => 1
                    [mac_address] => 08:D1:F9:A5:2A:14
                    [ip_address] => 
                    [ultima_conexion] => 
                    [estado] => activo
                    [created_at] => 2025-04-11 10:03:27
                    [stock] => 0
                    [precio] => 0
                    [descripcion] => adasdada
                    [fecha_actualizacion] => 2025-09-25 08:24:27
                    [updated_at] => 2025-09-23 11:54:53
                    [codigo_activacion] => 
                    [fecha_activacion] => 
                    [nombre_usuario] => brunito
                    [email_usuario] => brunocameille@alumnos.itr3.edu.ar
                    [ultima_lectura] => Array
                        (
                            [id] => 8813
                            [id_dispositivo] => 2
                            [id_usuario] => 1
                            [voltaje] => 118.75
                            [corriente] => 3.0956
                            [potencia] => 367.6
                            [kwh] => 0.01
                            [limite_superado] => 0
                            [fecha] => 2025-08-22 13:11:02
                            [mac_address] => 08:D1:F9:A5:2A:14
                        )

                )

            [2] => Array
                (
                    [id_dispositivo] => 29
                    [nombre] => sadasd
                    [id_usuario] => 1
                    [mac_address] => AA:C3:CC:D1:EE:2F
                    [ip_address] => 
                    [ultima_conexion] => 
                    [estado] => activo
                    [created_at] => 2025-06-27 10:12:51
                    [stock] => 0
                    [precio] => 0
                    [descripcion] => 
                    [fecha_actualizacion] => 2025-09-02 12:11:21
                    [updated_at] => 
                    [codigo_activacion] => 
                    [fecha_activacion] => 
                    [nombre_usuario] => brunito
                    [email_usuario] => brunocameille@alumnos.itr3.edu.ar
                    [ultima_lectura] => 
                )

        )

    [dispositivos_propios] => Array
        (
            [0] => Array
                (
                    [id_dispositivo] => 1
                    [nombre] => medidor de ecovolt
                    [id_usuario] => 1
                    [mac_address] => 00:1A:2B:3C:4D:5E
                    [ip_address] => 
                    [ultima_conexion] => 
                    [estado] => activo
                    [created_at] => 2025-04-10 22:26:34
                    [stock] => 43
                    [precio] => 85
                    [descripcion] => 
                    [fecha_actualizacion] => 2025-06-27 08:44:59
                    [updated_at] => 2025-06-12 15:06:14
                    [codigo_activacion] => 
                    [fecha_activacion] => 
                    [nombre_usuario] => brunito
                    [email_usuario] => brunocameille@alumnos.itr3.edu.ar
                    [ultima_lectura] => 
                )

            [1] => Array
                (
                    [id_dispositivo] => 2
                    [nombre] => ECOVOLT HOYY 11/4
                    [id_usuario] => 1
                    [mac_address] => 08:D1:F9:A5:2A:14
                    [ip_address] => 
                    [ultima_conexion] => 
                    [estado] => activo
                    [created_at] => 2025-04-11 10:03:27
                    [stock] => 0
                    [precio] => 0
                    [descripcion] => adasdada
                    [fecha_actualizacion] => 2025-09-25 08:24:27
                    [updated_at] => 2025-09-23 11:54:53
                    [codigo_activacion] => 
                    [fecha_activacion] => 
                    [nombre_usuario] => brunito
                    [email_usuario] => brunocameille@alumnos.itr3.edu.ar
                    [ultima_lectura] => Array
                        (
                            [id] => 8813
                            [id_dispositivo] => 2
                            [id_usuario] => 1
                            [voltaje] => 118.75
                            [corriente] => 3.0956
                            [potencia] => 367.6
                            [kwh] => 0.01
                            [limite_superado] => 0
                            [fecha] => 2025-08-22 13:11:02
                            [mac_address] => 08:D1:F9:A5:2A:14
                        )

                )

            [2] => Array
                (
                    [id_dispositivo] => 29
                    [nombre] => sadasd
                    [id_usuario] => 1
                    [mac_address] => AA:C3:CC:D1:EE:2F
                    [ip_address] => 
                    [ultima_conexion] => 
                    [estado] => activo
                    [created_at] => 2025-06-27 10:12:51
                    [stock] => 0
                    [precio] => 0
                    [descripcion] => 
                    [fecha_actualizacion] => 2025-09-02 12:11:21
                    [updated_at] => 
                    [codigo_activacion] => 
                    [fecha_activacion] => 
                    [nombre_usuario] => brunito
                    [email_usuario] => brunocameille@alumnos.itr3.edu.ar
                    [ultima_lectura] => 
                )

        )

    [dispositivos_compartidos] => Array
        (
        )

    [consumo24h] => 
    [consumoPromedio] => 
)

DEBUG - 2025-09-25 08:50:05 --> Ruta actual: /Tesina/public/energia
INFO - 2025-09-25 08:50:05 --> Session: Class initialized using 'CodeIgniter\Session\Handlers\FileHandler' driver.
DEBUG - 2025-09-25 08:50:05 --> Datos en sesión: Array
(
    [__ci_last_regenerate] => 1758800764
    [_ci_previous_url] => http://192.168.2.182/Tesina/public/usuario
    [id_usuario] => 1
    [nombre] => brunito
    [apellido] => barber
    [email] => brunocameille@alumnos.itr3.edu.ar
    [rol] => usuario
    [logged_in] => 1
    [tarifa_kwh] => 44442
)

INFO - 2025-09-25 08:50:05 --> Dispositivo ID: 29
INFO - 2025-09-25 08:50:05 --> Número de lecturas encontradas: 0
ERROR - 2025-09-25 08:50:05 --> Error en Energia::index: Invalid file: "energia/index.php"
DEBUG - 2025-09-25 08:50:06 --> Ruta actual: /Tesina/public/dashboard
INFO - 2025-09-25 08:50:06 --> Session: Class initialized using 'CodeIgniter\Session\Handlers\FileHandler' driver.
DEBUG - 2025-09-25 08:50:06 --> Datos en sesión: Array
(
    [__ci_last_regenerate] => 1758800764
    [_ci_previous_url] => http://192.168.2.182/Tesina/public/usuario
    [id_usuario] => 1
    [nombre] => brunito
    [apellido] => barber
    [email] => brunocameille@alumnos.itr3.edu.ar
    [rol] => usuario
    [logged_in] => 1
    [tarifa_kwh] => 44442
)

DEBUG - 2025-09-25 08:50:17 --> Ruta actual: /Tesina/public/energia
INFO - 2025-09-25 08:50:17 --> Session: Class initialized using 'CodeIgniter\Session\Handlers\FileHandler' driver.
DEBUG - 2025-09-25 08:50:17 --> Datos en sesión: Array
(
    [__ci_last_regenerate] => 1758800764
    [_ci_previous_url] => http://192.168.2.182/Tesina/public/usuario
    [id_usuario] => 1
    [nombre] => brunito
    [apellido] => barber
    [email] => brunocameille@alumnos.itr3.edu.ar
    [rol] => usuario
    [logged_in] => 1
    [tarifa_kwh] => 44442
)

INFO - 2025-09-25 08:50:17 --> Dispositivo ID: 29
INFO - 2025-09-25 08:50:17 --> Número de lecturas encontradas: 0
ERROR - 2025-09-25 08:50:17 --> Error en Energia::index: Invalid file: "energia/index.php"
DEBUG - 2025-09-25 08:50:17 --> Ruta actual: /Tesina/public/dashboard
INFO - 2025-09-25 08:50:17 --> Session: Class initialized using 'CodeIgniter\Session\Handlers\FileHandler' driver.
DEBUG - 2025-09-25 08:50:17 --> Datos en sesión: Array
(
    [__ci_last_regenerate] => 1758800764
    [_ci_previous_url] => http://192.168.2.182/Tesina/public/usuario
    [id_usuario] => 1
    [nombre] => brunito
    [apellido] => barber
    [email] => brunocameille@alumnos.itr3.edu.ar
    [rol] => usuario
    [logged_in] => 1
    [tarifa_kwh] => 44442
)

DEBUG - 2025-09-25 08:51:11 --> Ruta actual: /Tesina/public/energia/dispositivo/2
INFO - 2025-09-25 08:51:11 --> Session: Class initialized using 'CodeIgniter\Session\Handlers\FileHandler' driver.
DEBUG - 2025-09-25 08:51:11 --> Datos en sesión: Array
(
    [__ci_last_regenerate] => 1758801071
    [_ci_previous_url] => http://192.168.2.182/Tesina/public/usuario
    [id_usuario] => 1
    [nombre] => brunito
    [apellido] => barber
    [email] => brunocameille@alumnos.itr3.edu.ar
    [rol] => usuario
    [logged_in] => 1
    [tarifa_kwh] => 44442
)

INFO - 2025-09-25 08:51:13 --> Session: Class initialized using 'CodeIgniter\Session\Handlers\FileHandler' driver.
INFO - 2025-09-25 08:51:17 --> Session: Class initialized using 'CodeIgniter\Session\Handlers\FileHandler' driver.
DEBUG - 2025-09-25 08:51:19 --> Ruta actual: /Tesina/public/usuario
INFO - 2025-09-25 08:51:19 --> Session: Class initialized using 'CodeIgniter\Session\Handlers\FileHandler' driver.
DEBUG - 2025-09-25 08:51:19 --> Datos en sesión: Array
(
    [__ci_last_regenerate] => 1758801071
    [_ci_previous_url] => http://192.168.2.182/Tesina/public/energia/dispositivo/2
    [id_usuario] => 1
    [nombre] => brunito
    [apellido] => barber
    [email] => brunocameille@alumnos.itr3.edu.ar
    [rol] => usuario
    [logged_in] => 1
    [tarifa_kwh] => 44442
)

DEBUG - 2025-09-25 08:51:19 --> Usuario ID: 1
DEBUG - 2025-09-25 08:51:19 --> Buscando usuario ID: 1
DEBUG - 2025-09-25 08:51:19 --> Resultado de la búsqueda: Array
(
    [id_usuario] => 1
    [nombre] => brunito
    [apellido] => barber
    [email] => brunocameille@alumnos.itr3.edu.ar
    [contrasena] => $2y$10$F4xQfULyrVhG1JD8Y21QR.vgn9Fzd257acxjmQqHQ3OYfEqBaAPb6
    [direccion_id] => 0
    [id_rol] => 2
    [created_at] => 2025-04-07 13:37:30
    [updated_at] => 2025-09-25 08:29:52
    [invitado_por] => 
    [estado] => activo
    [token_activacion] => 
)

DEBUG - 2025-09-25 08:51:19 --> Datos del usuario: Array
(
    [id_usuario] => 1
    [nombre] => brunito
    [apellido] => barber
    [email] => brunocameille@alumnos.itr3.edu.ar
    [contrasena] => $2y$10$F4xQfULyrVhG1JD8Y21QR.vgn9Fzd257acxjmQqHQ3OYfEqBaAPb6
    [direccion_id] => 0
    [id_rol] => 2
    [created_at] => 2025-04-07 13:37:30
    [updated_at] => 2025-09-25 08:29:52
    [invitado_por] => 
    [estado] => activo
    [token_activacion] => 
)

DEBUG - 2025-09-25 08:51:19 --> Dispositivos encontrados: Array
(
    [0] => Array
        (
            [id_dispositivo] => 1
            [nombre] => medidor de ecovolt
            [id_usuario] => 1
            [mac_address] => 00:1A:2B:3C:4D:5E
            [ip_address] => 
            [ultima_conexion] => 
            [estado] => activo
            [created_at] => 2025-04-10 22:26:34
            [stock] => 43
            [precio] => 85
            [descripcion] => 
            [fecha_actualizacion] => 2025-06-27 08:44:59
            [updated_at] => 2025-06-12 15:06:14
            [codigo_activacion] => 
            [fecha_activacion] => 
            [nombre_usuario] => brunito
            [email_usuario] => brunocameille@alumnos.itr3.edu.ar
            [ultima_lectura] => 
        )

    [1] => Array
        (
            [id_dispositivo] => 2
            [nombre] => ECOVOLT HOYY 11/4
            [id_usuario] => 1
            [mac_address] => 08:D1:F9:A5:2A:14
            [ip_address] => 
            [ultima_conexion] => 
            [estado] => activo
            [created_at] => 2025-04-11 10:03:27
            [stock] => 0
            [precio] => 0
            [descripcion] => adasdada
            [fecha_actualizacion] => 2025-09-25 08:24:27
            [updated_at] => 2025-09-23 11:54:53
            [codigo_activacion] => 
            [fecha_activacion] => 
            [nombre_usuario] => brunito
            [email_usuario] => brunocameille@alumnos.itr3.edu.ar
            [ultima_lectura] => Array
                (
                    [id] => 8813
                    [id_dispositivo] => 2
                    [id_usuario] => 1
                    [voltaje] => 118.75
                    [corriente] => 3.0956
                    [potencia] => 367.6
                    [kwh] => 0.01
                    [limite_superado] => 0
                    [fecha] => 2025-08-22 13:11:02
                    [mac_address] => 08:D1:F9:A5:2A:14
                )

        )

    [2] => Array
        (
            [id_dispositivo] => 29
            [nombre] => sadasd
            [id_usuario] => 1
            [mac_address] => AA:C3:CC:D1:EE:2F
            [ip_address] => 
            [ultima_conexion] => 
            [estado] => activo
            [created_at] => 2025-06-27 10:12:51
            [stock] => 0
            [precio] => 0
            [descripcion] => 
            [fecha_actualizacion] => 2025-09-02 12:11:21
            [updated_at] => 
            [codigo_activacion] => 
            [fecha_activacion] => 
            [nombre_usuario] => brunito
            [email_usuario] => brunocameille@alumnos.itr3.edu.ar
            [ultima_lectura] => 
        )

)

DEBUG - 2025-09-25 08:51:19 --> Consumo 24h: 
DEBUG - 2025-09-25 08:51:19 --> Consumo promedio: 
DEBUG - 2025-09-25 08:51:19 --> Datos enviados a la vista: Array
(
    [usuario] => Array
        (
            [id_usuario] => 1
            [nombre] => brunito
            [apellido] => barber
            [email] => brunocameille@alumnos.itr3.edu.ar
            [contrasena] => $2y$10$F4xQfULyrVhG1JD8Y21QR.vgn9Fzd257acxjmQqHQ3OYfEqBaAPb6
            [direccion_id] => 0
            [id_rol] => 2
            [created_at] => 2025-04-07 13:37:30
            [updated_at] => 2025-09-25 08:29:52
            [invitado_por] => 
            [estado] => activo
            [token_activacion] => 
        )

    [dispositivos] => Array
        (
            [0] => Array
                (
                    [id_dispositivo] => 1
                    [nombre] => medidor de ecovolt
                    [id_usuario] => 1
                    [mac_address] => 00:1A:2B:3C:4D:5E
                    [ip_address] => 
                    [ultima_conexion] => 
                    [estado] => activo
                    [created_at] => 2025-04-10 22:26:34
                    [stock] => 43
                    [precio] => 85
                    [descripcion] => 
                    [fecha_actualizacion] => 2025-06-27 08:44:59
                    [updated_at] => 2025-06-12 15:06:14
                    [codigo_activacion] => 
                    [fecha_activacion] => 
                    [nombre_usuario] => brunito
                    [email_usuario] => brunocameille@alumnos.itr3.edu.ar
                    [ultima_lectura] => 
                )

            [1] => Array
                (
                    [id_dispositivo] => 2
                    [nombre] => ECOVOLT HOYY 11/4
                    [id_usuario] => 1
                    [mac_address] => 08:D1:F9:A5:2A:14
                    [ip_address] => 
                    [ultima_conexion] => 
                    [estado] => activo
                    [created_at] => 2025-04-11 10:03:27
                    [stock] => 0
                    [precio] => 0
                    [descripcion] => adasdada
                    [fecha_actualizacion] => 2025-09-25 08:24:27
                    [updated_at] => 2025-09-23 11:54:53
                    [codigo_activacion] => 
                    [fecha_activacion] => 
                    [nombre_usuario] => brunito
                    [email_usuario] => brunocameille@alumnos.itr3.edu.ar
                    [ultima_lectura] => Array
                        (
                            [id] => 8813
                            [id_dispositivo] => 2
                            [id_usuario] => 1
                            [voltaje] => 118.75
                            [corriente] => 3.0956
                            [potencia] => 367.6
                            [kwh] => 0.01
                            [limite_superado] => 0
                            [fecha] => 2025-08-22 13:11:02
                            [mac_address] => 08:D1:F9:A5:2A:14
                        )

                )

            [2] => Array
                (
                    [id_dispositivo] => 29
                    [nombre] => sadasd
                    [id_usuario] => 1
                    [mac_address] => AA:C3:CC:D1:EE:2F
                    [ip_address] => 
                    [ultima_conexion] => 
                    [estado] => activo
                    [created_at] => 2025-06-27 10:12:51
                    [stock] => 0
                    [precio] => 0
                    [descripcion] => 
                    [fecha_actualizacion] => 2025-09-02 12:11:21
                    [updated_at] => 
                    [codigo_activacion] => 
                    [fecha_activacion] => 
                    [nombre_usuario] => brunito
                    [email_usuario] => brunocameille@alumnos.itr3.edu.ar
                    [ultima_lectura] => 
                )

        )

    [dispositivos_propios] => Array
        (
            [0] => Array
                (
                    [id_dispositivo] => 1
                    [nombre] => medidor de ecovolt
                    [id_usuario] => 1
                    [mac_address] => 00:1A:2B:3C:4D:5E
                    [ip_address] => 
                    [ultima_conexion] => 
                    [estado] => activo
                    [created_at] => 2025-04-10 22:26:34
                    [stock] => 43
                    [precio] => 85
                    [descripcion] => 
                    [fecha_actualizacion] => 2025-06-27 08:44:59
                    [updated_at] => 2025-06-12 15:06:14
                    [codigo_activacion] => 
                    [fecha_activacion] => 
                    [nombre_usuario] => brunito
                    [email_usuario] => brunocameille@alumnos.itr3.edu.ar
                    [ultima_lectura] => 
                )

            [1] => Array
                (
                    [id_dispositivo] => 2
                    [nombre] => ECOVOLT HOYY 11/4
                    [id_usuario] => 1
                    [mac_address] => 08:D1:F9:A5:2A:14
                    [ip_address] => 
                    [ultima_conexion] => 
                    [estado] => activo
                    [created_at] => 2025-04-11 10:03:27
                    [stock] => 0
                    [precio] => 0
                    [descripcion] => adasdada
                    [fecha_actualizacion] => 2025-09-25 08:24:27
                    [updated_at] => 2025-09-23 11:54:53
                    [codigo_activacion] => 
                    [fecha_activacion] => 
                    [nombre_usuario] => brunito
                    [email_usuario] => brunocameille@alumnos.itr3.edu.ar
                    [ultima_lectura] => Array
                        (
                            [id] => 8813
                            [id_dispositivo] => 2
                            [id_usuario] => 1
                            [voltaje] => 118.75
                            [corriente] => 3.0956
                            [potencia] => 367.6
                            [kwh] => 0.01
                            [limite_superado] => 0
                            [fecha] => 2025-08-22 13:11:02
                            [mac_address] => 08:D1:F9:A5:2A:14
                        )

                )

            [2] => Array
                (
                    [id_dispositivo] => 29
                    [nombre] => sadasd
                    [id_usuario] => 1
                    [mac_address] => AA:C3:CC:D1:EE:2F
                    [ip_address] => 
                    [ultima_conexion] => 
                    [estado] => activo
                    [created_at] => 2025-06-27 10:12:51
                    [stock] => 0
                    [precio] => 0
                    [descripcion] => 
                    [fecha_actualizacion] => 2025-09-02 12:11:21
                    [updated_at] => 
                    [codigo_activacion] => 
                    [fecha_activacion] => 
                    [nombre_usuario] => brunito
                    [email_usuario] => brunocameille@alumnos.itr3.edu.ar
                    [ultima_lectura] => 
                )

        )

    [dispositivos_compartidos] => Array
        (
        )

    [consumo24h] => 
    [consumoPromedio] => 
)

INFO - 2025-09-25 08:51:21 --> Session: Class initialized using 'CodeIgniter\Session\Handlers\FileHandler' driver.
DEBUG - 2025-09-25 08:56:50 --> Ruta actual: /Tesina/public/usuario
INFO - 2025-09-25 08:56:50 --> Session: Class initialized using 'CodeIgniter\Session\Handlers\FileHandler' driver.
DEBUG - 2025-09-25 08:56:50 --> Datos en sesión: Array
(
    [__ci_last_regenerate] => 1758801410
    [_ci_previous_url] => http://192.168.2.182/Tesina/public/home/manual
    [id_usuario] => 1
    [nombre] => brunito
    [apellido] => barber
    [email] => brunocameille@alumnos.itr3.edu.ar
    [rol] => usuario
    [logged_in] => 1
    [tarifa_kwh] => 44442
)

DEBUG - 2025-09-25 08:56:50 --> Usuario ID: 1
DEBUG - 2025-09-25 08:56:50 --> Buscando usuario ID: 1
DEBUG - 2025-09-25 08:56:50 --> Resultado de la búsqueda: Array
(
    [id_usuario] => 1
    [nombre] => brunito
    [apellido] => barber
    [email] => brunocameille@alumnos.itr3.edu.ar
    [contrasena] => $2y$10$F4xQfULyrVhG1JD8Y21QR.vgn9Fzd257acxjmQqHQ3OYfEqBaAPb6
    [direccion_id] => 0
    [id_rol] => 2
    [created_at] => 2025-04-07 13:37:30
    [updated_at] => 2025-09-25 08:29:52
    [invitado_por] => 
    [estado] => activo
    [token_activacion] => 
)

DEBUG - 2025-09-25 08:56:50 --> Datos del usuario: Array
(
    [id_usuario] => 1
    [nombre] => brunito
    [apellido] => barber
    [email] => brunocameille@alumnos.itr3.edu.ar
    [contrasena] => $2y$10$F4xQfULyrVhG1JD8Y21QR.vgn9Fzd257acxjmQqHQ3OYfEqBaAPb6
    [direccion_id] => 0
    [id_rol] => 2
    [created_at] => 2025-04-07 13:37:30
    [updated_at] => 2025-09-25 08:29:52
    [invitado_por] => 
    [estado] => activo
    [token_activacion] => 
)

DEBUG - 2025-09-25 08:56:50 --> Dispositivos encontrados: Array
(
    [0] => Array
        (
            [id_dispositivo] => 1
            [nombre] => medidor de ecovolt
            [id_usuario] => 1
            [mac_address] => 00:1A:2B:3C:4D:5E
            [ip_address] => 
            [ultima_conexion] => 
            [estado] => activo
            [created_at] => 2025-04-10 22:26:34
            [stock] => 43
            [precio] => 85
            [descripcion] => 
            [fecha_actualizacion] => 2025-06-27 08:44:59
            [updated_at] => 2025-06-12 15:06:14
            [codigo_activacion] => 
            [fecha_activacion] => 
            [nombre_usuario] => brunito
            [email_usuario] => brunocameille@alumnos.itr3.edu.ar
            [ultima_lectura] => 
        )

    [1] => Array
        (
            [id_dispositivo] => 2
            [nombre] => ECOVOLT HOYY 11/4
            [id_usuario] => 1
            [mac_address] => 08:D1:F9:A5:2A:14
            [ip_address] => 
            [ultima_conexion] => 
            [estado] => activo
            [created_at] => 2025-04-11 10:03:27
            [stock] => 0
            [precio] => 0
            [descripcion] => adasdada
            [fecha_actualizacion] => 2025-09-25 08:24:27
            [updated_at] => 2025-09-23 11:54:53
            [codigo_activacion] => 
            [fecha_activacion] => 
            [nombre_usuario] => brunito
            [email_usuario] => brunocameille@alumnos.itr3.edu.ar
            [ultima_lectura] => Array
                (
                    [id] => 8813
                    [id_dispositivo] => 2
                    [id_usuario] => 1
                    [voltaje] => 118.75
                    [corriente] => 3.0956
                    [potencia] => 367.6
                    [kwh] => 0.01
                    [limite_superado] => 0
                    [fecha] => 2025-08-22 13:11:02
                    [mac_address] => 08:D1:F9:A5:2A:14
                )

        )

    [2] => Array
        (
            [id_dispositivo] => 29
            [nombre] => sadasd
            [id_usuario] => 1
            [mac_address] => AA:C3:CC:D1:EE:2F
            [ip_address] => 
            [ultima_conexion] => 
            [estado] => activo
            [created_at] => 2025-06-27 10:12:51
            [stock] => 0
            [precio] => 0
            [descripcion] => 
            [fecha_actualizacion] => 2025-09-02 12:11:21
            [updated_at] => 
            [codigo_activacion] => 
            [fecha_activacion] => 
            [nombre_usuario] => brunito
            [email_usuario] => brunocameille@alumnos.itr3.edu.ar
            [ultima_lectura] => 
        )

)

DEBUG - 2025-09-25 08:56:50 --> Consumo 24h: 
DEBUG - 2025-09-25 08:56:50 --> Consumo promedio: 0
DEBUG - 2025-09-25 08:56:50 --> Datos enviados a la vista: Array
(
    [usuario] => Array
        (
            [id_usuario] => 1
            [nombre] => brunito
            [apellido] => barber
            [email] => brunocameille@alumnos.itr3.edu.ar
            [contrasena] => $2y$10$F4xQfULyrVhG1JD8Y21QR.vgn9Fzd257acxjmQqHQ3OYfEqBaAPb6
            [direccion_id] => 0
            [id_rol] => 2
            [created_at] => 2025-04-07 13:37:30
            [updated_at] => 2025-09-25 08:29:52
            [invitado_por] => 
            [estado] => activo
            [token_activacion] => 
        )

    [dispositivos] => Array
        (
            [0] => Array
                (
                    [id_dispositivo] => 1
                    [nombre] => medidor de ecovolt
                    [id_usuario] => 1
                    [mac_address] => 00:1A:2B:3C:4D:5E
                    [ip_address] => 
                    [ultima_conexion] => 
                    [estado] => activo
                    [created_at] => 2025-04-10 22:26:34
                    [stock] => 43
                    [precio] => 85
                    [descripcion] => 
                    [fecha_actualizacion] => 2025-06-27 08:44:59
                    [updated_at] => 2025-06-12 15:06:14
                    [codigo_activacion] => 
                    [fecha_activacion] => 
                    [nombre_usuario] => brunito
                    [email_usuario] => brunocameille@alumnos.itr3.edu.ar
                    [ultima_lectura] => 
                )

            [1] => Array
                (
                    [id_dispositivo] => 2
                    [nombre] => ECOVOLT HOYY 11/4
                    [id_usuario] => 1
                    [mac_address] => 08:D1:F9:A5:2A:14
                    [ip_address] => 
                    [ultima_conexion] => 
                    [estado] => activo
                    [created_at] => 2025-04-11 10:03:27
                    [stock] => 0
                    [precio] => 0
                    [descripcion] => adasdada
                    [fecha_actualizacion] => 2025-09-25 08:24:27
                    [updated_at] => 2025-09-23 11:54:53
                    [codigo_activacion] => 
                    [fecha_activacion] => 
                    [nombre_usuario] => brunito
                    [email_usuario] => brunocameille@alumnos.itr3.edu.ar
                    [ultima_lectura] => Array
                        (
                            [id] => 8813
                            [id_dispositivo] => 2
                            [id_usuario] => 1
                            [voltaje] => 118.75
                            [corriente] => 3.0956
                            [potencia] => 367.6
                            [kwh] => 0.01
                            [limite_superado] => 0
                            [fecha] => 2025-08-22 13:11:02
                            [mac_address] => 08:D1:F9:A5:2A:14
                        )

                )

            [2] => Array
                (
                    [id_dispositivo] => 29
                    [nombre] => sadasd
                    [id_usuario] => 1
                    [mac_address] => AA:C3:CC:D1:EE:2F
                    [ip_address] => 
                    [ultima_conexion] => 
                    [estado] => activo
                    [created_at] => 2025-06-27 10:12:51
                    [stock] => 0
                    [precio] => 0
                    [descripcion] => 
                    [fecha_actualizacion] => 2025-09-02 12:11:21
                    [updated_at] => 
                    [codigo_activacion] => 
                    [fecha_activacion] => 
                    [nombre_usuario] => brunito
                    [email_usuario] => brunocameille@alumnos.itr3.edu.ar
                    [ultima_lectura] => 
                )

        )

    [dispositivos_propios] => Array
        (
            [0] => Array
                (
                    [id_dispositivo] => 1
                    [nombre] => medidor de ecovolt
                    [id_usuario] => 1
                    [mac_address] => 00:1A:2B:3C:4D:5E
                    [ip_address] => 
                    [ultima_conexion] => 
                    [estado] => activo
                    [created_at] => 2025-04-10 22:26:34
                    [stock] => 43
                    [precio] => 85
                    [descripcion] => 
                    [fecha_actualizacion] => 2025-06-27 08:44:59
                    [updated_at] => 2025-06-12 15:06:14
                    [codigo_activacion] => 
                    [fecha_activacion] => 
                    [nombre_usuario] => brunito
                    [email_usuario] => brunocameille@alumnos.itr3.edu.ar
                    [ultima_lectura] => 
                )

            [1] => Array
                (
                    [id_dispositivo] => 2
                    [nombre] => ECOVOLT HOYY 11/4
                    [id_usuario] => 1
                    [mac_address] => 08:D1:F9:A5:2A:14
                    [ip_address] => 
                    [ultima_conexion] => 
                    [estado] => activo
                    [created_at] => 2025-04-11 10:03:27
                    [stock] => 0
                    [precio] => 0
                    [descripcion] => adasdada
                    [fecha_actualizacion] => 2025-09-25 08:24:27
                    [updated_at] => 2025-09-23 11:54:53
                    [codigo_activacion] => 
                    [fecha_activacion] => 
                    [nombre_usuario] => brunito
                    [email_usuario] => brunocameille@alumnos.itr3.edu.ar
                    [ultima_lectura] => Array
                        (
                            [id] => 8813
                            [id_dispositivo] => 2
                            [id_usuario] => 1
                            [voltaje] => 118.75
                            [corriente] => 3.0956
                            [potencia] => 367.6
                            [kwh] => 0.01
                            [limite_superado] => 0
                            [fecha] => 2025-08-22 13:11:02
                            [mac_address] => 08:D1:F9:A5:2A:14
                        )

                )

            [2] => Array
                (
                    [id_dispositivo] => 29
                    [nombre] => sadasd
                    [id_usuario] => 1
                    [mac_address] => AA:C3:CC:D1:EE:2F
                    [ip_address] => 
                    [ultima_conexion] => 
                    [estado] => activo
                    [created_at] => 2025-06-27 10:12:51
                    [stock] => 0
                    [precio] => 0
                    [descripcion] => 
                    [fecha_actualizacion] => 2025-09-02 12:11:21
                    [updated_at] => 
                    [codigo_activacion] => 
                    [fecha_activacion] => 
                    [nombre_usuario] => brunito
                    [email_usuario] => brunocameille@alumnos.itr3.edu.ar
                    [ultima_lectura] => 
                )

        )

    [dispositivos_compartidos] => Array
        (
        )

    [consumo24h] => 
    [consumoPromedio] => 0
    [activosPropios] => 3
)

DEBUG - 2025-09-25 08:56:52 --> Ruta actual: /Tesina/public/usuario
INFO - 2025-09-25 08:56:52 --> Session: Class initialized using 'CodeIgniter\Session\Handlers\FileHandler' driver.
DEBUG - 2025-09-25 08:56:52 --> Datos en sesión: Array
(
    [__ci_last_regenerate] => 1758801410
    [_ci_previous_url] => http://192.168.2.182/Tesina/public/usuario
    [id_usuario] => 1
    [nombre] => brunito
    [apellido] => barber
    [email] => brunocameille@alumnos.itr3.edu.ar
    [rol] => usuario
    [logged_in] => 1
    [tarifa_kwh] => 44442
)

DEBUG - 2025-09-25 08:56:52 --> Usuario ID: 1
DEBUG - 2025-09-25 08:56:52 --> Buscando usuario ID: 1
DEBUG - 2025-09-25 08:56:52 --> Resultado de la búsqueda: Array
(
    [id_usuario] => 1
    [nombre] => brunito
    [apellido] => barber
    [email] => brunocameille@alumnos.itr3.edu.ar
    [contrasena] => $2y$10$F4xQfULyrVhG1JD8Y21QR.vgn9Fzd257acxjmQqHQ3OYfEqBaAPb6
    [direccion_id] => 0
    [id_rol] => 2
    [created_at] => 2025-04-07 13:37:30
    [updated_at] => 2025-09-25 08:29:52
    [invitado_por] => 
    [estado] => activo
    [token_activacion] => 
)

DEBUG - 2025-09-25 08:56:52 --> Datos del usuario: Array
(
    [id_usuario] => 1
    [nombre] => brunito
    [apellido] => barber
    [email] => brunocameille@alumnos.itr3.edu.ar
    [contrasena] => $2y$10$F4xQfULyrVhG1JD8Y21QR.vgn9Fzd257acxjmQqHQ3OYfEqBaAPb6
    [direccion_id] => 0
    [id_rol] => 2
    [created_at] => 2025-04-07 13:37:30
    [updated_at] => 2025-09-25 08:29:52
    [invitado_por] => 
    [estado] => activo
    [token_activacion] => 
)

DEBUG - 2025-09-25 08:56:52 --> Dispositivos encontrados: Array
(
    [0] => Array
        (
            [id_dispositivo] => 1
            [nombre] => medidor de ecovolt
            [id_usuario] => 1
            [mac_address] => 00:1A:2B:3C:4D:5E
            [ip_address] => 
            [ultima_conexion] => 
            [estado] => activo
            [created_at] => 2025-04-10 22:26:34
            [stock] => 43
            [precio] => 85
            [descripcion] => 
            [fecha_actualizacion] => 2025-06-27 08:44:59
            [updated_at] => 2025-06-12 15:06:14
            [codigo_activacion] => 
            [fecha_activacion] => 
            [nombre_usuario] => brunito
            [email_usuario] => brunocameille@alumnos.itr3.edu.ar
            [ultima_lectura] => 
        )

    [1] => Array
        (
            [id_dispositivo] => 2
            [nombre] => ECOVOLT HOYY 11/4
            [id_usuario] => 1
            [mac_address] => 08:D1:F9:A5:2A:14
            [ip_address] => 
            [ultima_conexion] => 
            [estado] => activo
            [created_at] => 2025-04-11 10:03:27
            [stock] => 0
            [precio] => 0
            [descripcion] => adasdada
            [fecha_actualizacion] => 2025-09-25 08:24:27
            [updated_at] => 2025-09-23 11:54:53
            [codigo_activacion] => 
            [fecha_activacion] => 
            [nombre_usuario] => brunito
            [email_usuario] => brunocameille@alumnos.itr3.edu.ar
            [ultima_lectura] => Array
                (
                    [id] => 8813
                    [id_dispositivo] => 2
                    [id_usuario] => 1
                    [voltaje] => 118.75
                    [corriente] => 3.0956
                    [potencia] => 367.6
                    [kwh] => 0.01
                    [limite_superado] => 0
                    [fecha] => 2025-08-22 13:11:02
                    [mac_address] => 08:D1:F9:A5:2A:14
                )

        )

    [2] => Array
        (
            [id_dispositivo] => 29
            [nombre] => sadasd
            [id_usuario] => 1
            [mac_address] => AA:C3:CC:D1:EE:2F
            [ip_address] => 
            [ultima_conexion] => 
            [estado] => activo
            [created_at] => 2025-06-27 10:12:51
            [stock] => 0
            [precio] => 0
            [descripcion] => 
            [fecha_actualizacion] => 2025-09-02 12:11:21
            [updated_at] => 
            [codigo_activacion] => 
            [fecha_activacion] => 
            [nombre_usuario] => brunito
            [email_usuario] => brunocameille@alumnos.itr3.edu.ar
            [ultima_lectura] => 
        )

)

DEBUG - 2025-09-25 08:56:52 --> Consumo 24h: 
DEBUG - 2025-09-25 08:56:52 --> Consumo promedio: 0
DEBUG - 2025-09-25 08:56:52 --> Datos enviados a la vista: Array
(
    [usuario] => Array
        (
            [id_usuario] => 1
            [nombre] => brunito
            [apellido] => barber
            [email] => brunocameille@alumnos.itr3.edu.ar
            [contrasena] => $2y$10$F4xQfULyrVhG1JD8Y21QR.vgn9Fzd257acxjmQqHQ3OYfEqBaAPb6
            [direccion_id] => 0
            [id_rol] => 2
            [created_at] => 2025-04-07 13:37:30
            [updated_at] => 2025-09-25 08:29:52
            [invitado_por] => 
            [estado] => activo
            [token_activacion] => 
        )

    [dispositivos] => Array
        (
            [0] => Array
                (
                    [id_dispositivo] => 1
                    [nombre] => medidor de ecovolt
                    [id_usuario] => 1
                    [mac_address] => 00:1A:2B:3C:4D:5E
                    [ip_address] => 
                    [ultima_conexion] => 
                    [estado] => activo
                    [created_at] => 2025-04-10 22:26:34
                    [stock] => 43
                    [precio] => 85
                    [descripcion] => 
                    [fecha_actualizacion] => 2025-06-27 08:44:59
                    [updated_at] => 2025-06-12 15:06:14
                    [codigo_activacion] => 
                    [fecha_activacion] => 
                    [nombre_usuario] => brunito
                    [email_usuario] => brunocameille@alumnos.itr3.edu.ar
                    [ultima_lectura] => 
                )

            [1] => Array
                (
                    [id_dispositivo] => 2
                    [nombre] => ECOVOLT HOYY 11/4
                    [id_usuario] => 1
                    [mac_address] => 08:D1:F9:A5:2A:14
                    [ip_address] => 
                    [ultima_conexion] => 
                    [estado] => activo
                    [created_at] => 2025-04-11 10:03:27
                    [stock] => 0
                    [precio] => 0
                    [descripcion] => adasdada
                    [fecha_actualizacion] => 2025-09-25 08:24:27
                    [updated_at] => 2025-09-23 11:54:53
                    [codigo_activacion] => 
                    [fecha_activacion] => 
                    [nombre_usuario] => brunito
                    [email_usuario] => brunocameille@alumnos.itr3.edu.ar
                    [ultima_lectura] => Array
                        (
                            [id] => 8813
                            [id_dispositivo] => 2
                            [id_usuario] => 1
                            [voltaje] => 118.75
                            [corriente] => 3.0956
                            [potencia] => 367.6
                            [kwh] => 0.01
                            [limite_superado] => 0
                            [fecha] => 2025-08-22 13:11:02
                            [mac_address] => 08:D1:F9:A5:2A:14
                        )

                )

            [2] => Array
                (
                    [id_dispositivo] => 29
                    [nombre] => sadasd
                    [id_usuario] => 1
                    [mac_address] => AA:C3:CC:D1:EE:2F
                    [ip_address] => 
                    [ultima_conexion] => 
                    [estado] => activo
                    [created_at] => 2025-06-27 10:12:51
                    [stock] => 0
                    [precio] => 0
                    [descripcion] => 
                    [fecha_actualizacion] => 2025-09-02 12:11:21
                    [updated_at] => 
                    [codigo_activacion] => 
                    [fecha_activacion] => 
                    [nombre_usuario] => brunito
                    [email_usuario] => brunocameille@alumnos.itr3.edu.ar
                    [ultima_lectura] => 
                )

        )

    [dispositivos_propios] => Array
        (
            [0] => Array
                (
                    [id_dispositivo] => 1
                    [nombre] => medidor de ecovolt
                    [id_usuario] => 1
                    [mac_address] => 00:1A:2B:3C:4D:5E
                    [ip_address] => 
                    [ultima_conexion] => 
                    [estado] => activo
                    [created_at] => 2025-04-10 22:26:34
                    [stock] => 43
                    [precio] => 85
                    [descripcion] => 
                    [fecha_actualizacion] => 2025-06-27 08:44:59
                    [updated_at] => 2025-06-12 15:06:14
                    [codigo_activacion] => 
                    [fecha_activacion] => 
                    [nombre_usuario] => brunito
                    [email_usuario] => brunocameille@alumnos.itr3.edu.ar
                    [ultima_lectura] => 
                )

            [1] => Array
                (
                    [id_dispositivo] => 2
                    [nombre] => ECOVOLT HOYY 11/4
                    [id_usuario] => 1
                    [mac_address] => 08:D1:F9:A5:2A:14
                    [ip_address] => 
                    [ultima_conexion] => 
                    [estado] => activo
                    [created_at] => 2025-04-11 10:03:27
                    [stock] => 0
                    [precio] => 0
                    [descripcion] => adasdada
                    [fecha_actualizacion] => 2025-09-25 08:24:27
                    [updated_at] => 2025-09-23 11:54:53
                    [codigo_activacion] => 
                    [fecha_activacion] => 
                    [nombre_usuario] => brunito
                    [email_usuario] => brunocameille@alumnos.itr3.edu.ar
                    [ultima_lectura] => Array
                        (
                            [id] => 8813
                            [id_dispositivo] => 2
                            [id_usuario] => 1
                            [voltaje] => 118.75
                            [corriente] => 3.0956
                            [potencia] => 367.6
                            [kwh] => 0.01
                            [limite_superado] => 0
                            [fecha] => 2025-08-22 13:11:02
                            [mac_address] => 08:D1:F9:A5:2A:14
                        )

                )

            [2] => Array
                (
                    [id_dispositivo] => 29
                    [nombre] => sadasd
                    [id_usuario] => 1
                    [mac_address] => AA:C3:CC:D1:EE:2F
                    [ip_address] => 
                    [ultima_conexion] => 
                    [estado] => activo
                    [created_at] => 2025-06-27 10:12:51
                    [stock] => 0
                    [precio] => 0
                    [descripcion] => 
                    [fecha_actualizacion] => 2025-09-02 12:11:21
                    [updated_at] => 
                    [codigo_activacion] => 
                    [fecha_activacion] => 
                    [nombre_usuario] => brunito
                    [email_usuario] => brunocameille@alumnos.itr3.edu.ar
                    [ultima_lectura] => 
                )

        )

    [dispositivos_compartidos] => Array
        (
        )

    [consumo24h] => 
    [consumoPromedio] => 0
    [activosPropios] => 3
)

DEBUG - 2025-09-25 08:56:52 --> Ruta actual: /Tesina/public/usuario
INFO - 2025-09-25 08:56:52 --> Session: Class initialized using 'CodeIgniter\Session\Handlers\FileHandler' driver.
DEBUG - 2025-09-25 08:56:52 --> Datos en sesión: Array
(
    [__ci_last_regenerate] => 1758801410
    [_ci_previous_url] => http://192.168.2.182/Tesina/public/usuario
    [id_usuario] => 1
    [nombre] => brunito
    [apellido] => barber
    [email] => brunocameille@alumnos.itr3.edu.ar
    [rol] => usuario
    [logged_in] => 1
    [tarifa_kwh] => 44442
)

DEBUG - 2025-09-25 08:56:52 --> Usuario ID: 1
DEBUG - 2025-09-25 08:56:52 --> Buscando usuario ID: 1
DEBUG - 2025-09-25 08:56:52 --> Resultado de la búsqueda: Array
(
    [id_usuario] => 1
    [nombre] => brunito
    [apellido] => barber
    [email] => brunocameille@alumnos.itr3.edu.ar
    [contrasena] => $2y$10$F4xQfULyrVhG1JD8Y21QR.vgn9Fzd257acxjmQqHQ3OYfEqBaAPb6
    [direccion_id] => 0
    [id_rol] => 2
    [created_at] => 2025-04-07 13:37:30
    [updated_at] => 2025-09-25 08:29:52
    [invitado_por] => 
    [estado] => activo
    [token_activacion] => 
)

DEBUG - 2025-09-25 08:56:52 --> Datos del usuario: Array
(
    [id_usuario] => 1
    [nombre] => brunito
    [apellido] => barber
    [email] => brunocameille@alumnos.itr3.edu.ar
    [contrasena] => $2y$10$F4xQfULyrVhG1JD8Y21QR.vgn9Fzd257acxjmQqHQ3OYfEqBaAPb6
    [direccion_id] => 0
    [id_rol] => 2
    [created_at] => 2025-04-07 13:37:30
    [updated_at] => 2025-09-25 08:29:52
    [invitado_por] => 
    [estado] => activo
    [token_activacion] => 
)

DEBUG - 2025-09-25 08:56:52 --> Dispositivos encontrados: Array
(
    [0] => Array
        (
            [id_dispositivo] => 1
            [nombre] => medidor de ecovolt
            [id_usuario] => 1
            [mac_address] => 00:1A:2B:3C:4D:5E
            [ip_address] => 
            [ultima_conexion] => 
            [estado] => activo
            [created_at] => 2025-04-10 22:26:34
            [stock] => 43
            [precio] => 85
            [descripcion] => 
            [fecha_actualizacion] => 2025-06-27 08:44:59
            [updated_at] => 2025-06-12 15:06:14
            [codigo_activacion] => 
            [fecha_activacion] => 
            [nombre_usuario] => brunito
            [email_usuario] => brunocameille@alumnos.itr3.edu.ar
            [ultima_lectura] => 
        )

    [1] => Array
        (
            [id_dispositivo] => 2
            [nombre] => ECOVOLT HOYY 11/4
            [id_usuario] => 1
            [mac_address] => 08:D1:F9:A5:2A:14
            [ip_address] => 
            [ultima_conexion] => 
            [estado] => activo
            [created_at] => 2025-04-11 10:03:27
            [stock] => 0
            [precio] => 0
            [descripcion] => adasdada
            [fecha_actualizacion] => 2025-09-25 08:24:27
            [updated_at] => 2025-09-23 11:54:53
            [codigo_activacion] => 
            [fecha_activacion] => 
            [nombre_usuario] => brunito
            [email_usuario] => brunocameille@alumnos.itr3.edu.ar
            [ultima_lectura] => Array
                (
                    [id] => 8813
                    [id_dispositivo] => 2
                    [id_usuario] => 1
                    [voltaje] => 118.75
                    [corriente] => 3.0956
                    [potencia] => 367.6
                    [kwh] => 0.01
                    [limite_superado] => 0
                    [fecha] => 2025-08-22 13:11:02
                    [mac_address] => 08:D1:F9:A5:2A:14
                )

        )

    [2] => Array
        (
            [id_dispositivo] => 29
            [nombre] => sadasd
            [id_usuario] => 1
            [mac_address] => AA:C3:CC:D1:EE:2F
            [ip_address] => 
            [ultima_conexion] => 
            [estado] => activo
            [created_at] => 2025-06-27 10:12:51
            [stock] => 0
            [precio] => 0
            [descripcion] => 
            [fecha_actualizacion] => 2025-09-02 12:11:21
            [updated_at] => 
            [codigo_activacion] => 
            [fecha_activacion] => 
            [nombre_usuario] => brunito
            [email_usuario] => brunocameille@alumnos.itr3.edu.ar
            [ultima_lectura] => 
        )

)

DEBUG - 2025-09-25 08:56:52 --> Consumo 24h: 
DEBUG - 2025-09-25 08:56:52 --> Consumo promedio: 0
DEBUG - 2025-09-25 08:56:52 --> Datos enviados a la vista: Array
(
    [usuario] => Array
        (
            [id_usuario] => 1
            [nombre] => brunito
            [apellido] => barber
            [email] => brunocameille@alumnos.itr3.edu.ar
            [contrasena] => $2y$10$F4xQfULyrVhG1JD8Y21QR.vgn9Fzd257acxjmQqHQ3OYfEqBaAPb6
            [direccion_id] => 0
            [id_rol] => 2
            [created_at] => 2025-04-07 13:37:30
            [updated_at] => 2025-09-25 08:29:52
            [invitado_por] => 
            [estado] => activo
            [token_activacion] => 
        )

    [dispositivos] => Array
        (
            [0] => Array
                (
                    [id_dispositivo] => 1
                    [nombre] => medidor de ecovolt
                    [id_usuario] => 1
                    [mac_address] => 00:1A:2B:3C:4D:5E
                    [ip_address] => 
                    [ultima_conexion] => 
                    [estado] => activo
                    [created_at] => 2025-04-10 22:26:34
                    [stock] => 43
                    [precio] => 85
                    [descripcion] => 
                    [fecha_actualizacion] => 2025-06-27 08:44:59
                    [updated_at] => 2025-06-12 15:06:14
                    [codigo_activacion] => 
                    [fecha_activacion] => 
                    [nombre_usuario] => brunito
                    [email_usuario] => brunocameille@alumnos.itr3.edu.ar
                    [ultima_lectura] => 
                )

            [1] => Array
                (
                    [id_dispositivo] => 2
                    [nombre] => ECOVOLT HOYY 11/4
                    [id_usuario] => 1
                    [mac_address] => 08:D1:F9:A5:2A:14
                    [ip_address] => 
                    [ultima_conexion] => 
                    [estado] => activo
                    [created_at] => 2025-04-11 10:03:27
                    [stock] => 0
                    [precio] => 0
                    [descripcion] => adasdada
                    [fecha_actualizacion] => 2025-09-25 08:24:27
                    [updated_at] => 2025-09-23 11:54:53
                    [codigo_activacion] => 
                    [fecha_activacion] => 
                    [nombre_usuario] => brunito
                    [email_usuario] => brunocameille@alumnos.itr3.edu.ar
                    [ultima_lectura] => Array
                        (
                            [id] => 8813
                            [id_dispositivo] => 2
                            [id_usuario] => 1
                            [voltaje] => 118.75
                            [corriente] => 3.0956
                            [potencia] => 367.6
                            [kwh] => 0.01
                            [limite_superado] => 0
                            [fecha] => 2025-08-22 13:11:02
                            [mac_address] => 08:D1:F9:A5:2A:14
                        )

                )

            [2] => Array
                (
                    [id_dispositivo] => 29
                    [nombre] => sadasd
                    [id_usuario] => 1
                    [mac_address] => AA:C3:CC:D1:EE:2F
                    [ip_address] => 
                    [ultima_conexion] => 
                    [estado] => activo
                    [created_at] => 2025-06-27 10:12:51
                    [stock] => 0
                    [precio] => 0
                    [descripcion] => 
                    [fecha_actualizacion] => 2025-09-02 12:11:21
                    [updated_at] => 
                    [codigo_activacion] => 
                    [fecha_activacion] => 
                    [nombre_usuario] => brunito
                    [email_usuario] => brunocameille@alumnos.itr3.edu.ar
                    [ultima_lectura] => 
                )

        )

    [dispositivos_propios] => Array
        (
            [0] => Array
                (
                    [id_dispositivo] => 1
                    [nombre] => medidor de ecovolt
                    [id_usuario] => 1
                    [mac_address] => 00:1A:2B:3C:4D:5E
                    [ip_address] => 
                    [ultima_conexion] => 
                    [estado] => activo
                    [created_at] => 2025-04-10 22:26:34
                    [stock] => 43
                    [precio] => 85
                    [descripcion] => 
                    [fecha_actualizacion] => 2025-06-27 08:44:59
                    [updated_at] => 2025-06-12 15:06:14
                    [codigo_activacion] => 
                    [fecha_activacion] => 
                    [nombre_usuario] => brunito
                    [email_usuario] => brunocameille@alumnos.itr3.edu.ar
                    [ultima_lectura] => 
                )

            [1] => Array
                (
                    [id_dispositivo] => 2
                    [nombre] => ECOVOLT HOYY 11/4
                    [id_usuario] => 1
                    [mac_address] => 08:D1:F9:A5:2A:14
                    [ip_address] => 
                    [ultima_conexion] => 
                    [estado] => activo
                    [created_at] => 2025-04-11 10:03:27
                    [stock] => 0
                    [precio] => 0
                    [descripcion] => adasdada
                    [fecha_actualizacion] => 2025-09-25 08:24:27
                    [updated_at] => 2025-09-23 11:54:53
                    [codigo_activacion] => 
                    [fecha_activacion] => 
                    [nombre_usuario] => brunito
                    [email_usuario] => brunocameille@alumnos.itr3.edu.ar
                    [ultima_lectura] => Array
                        (
                            [id] => 8813
                            [id_dispositivo] => 2
                            [id_usuario] => 1
                            [voltaje] => 118.75
                            [corriente] => 3.0956
                            [potencia] => 367.6
                            [kwh] => 0.01
                            [limite_superado] => 0
                            [fecha] => 2025-08-22 13:11:02
                            [mac_address] => 08:D1:F9:A5:2A:14
                        )

                )

            [2] => Array
                (
                    [id_dispositivo] => 29
                    [nombre] => sadasd
                    [id_usuario] => 1
                    [mac_address] => AA:C3:CC:D1:EE:2F
                    [ip_address] => 
                    [ultima_conexion] => 
                    [estado] => activo
                    [created_at] => 2025-06-27 10:12:51
                    [stock] => 0
                    [precio] => 0
                    [descripcion] => 
                    [fecha_actualizacion] => 2025-09-02 12:11:21
                    [updated_at] => 
                    [codigo_activacion] => 
                    [fecha_activacion] => 
                    [nombre_usuario] => brunito
                    [email_usuario] => brunocameille@alumnos.itr3.edu.ar
                    [ultima_lectura] => 
                )

        )

    [dispositivos_compartidos] => Array
        (
        )

    [consumo24h] => 
    [consumoPromedio] => 0
    [activosPropios] => 3
)

DEBUG - 2025-09-25 08:56:55 --> Ruta actual: /Tesina/public/energia/dispositivo/2
INFO - 2025-09-25 08:56:55 --> Session: Class initialized using 'CodeIgniter\Session\Handlers\FileHandler' driver.
DEBUG - 2025-09-25 08:56:55 --> Datos en sesión: Array
(
    [__ci_last_regenerate] => 1758801410
    [_ci_previous_url] => http://192.168.2.182/Tesina/public/usuario
    [id_usuario] => 1
    [nombre] => brunito
    [apellido] => barber
    [email] => brunocameille@alumnos.itr3.edu.ar
    [rol] => usuario
    [logged_in] => 1
    [tarifa_kwh] => 44442
)

INFO - 2025-09-25 08:56:56 --> Session: Class initialized using 'CodeIgniter\Session\Handlers\FileHandler' driver.
INFO - 2025-09-25 08:57:00 --> Session: Class initialized using 'CodeIgniter\Session\Handlers\FileHandler' driver.
INFO - 2025-09-25 08:57:05 --> Session: Class initialized using 'CodeIgniter\Session\Handlers\FileHandler' driver.
INFO - 2025-09-25 08:57:10 --> Session: Class initialized using 'CodeIgniter\Session\Handlers\FileHandler' driver.
INFO - 2025-09-25 08:57:15 --> Session: Class initialized using 'CodeIgniter\Session\Handlers\FileHandler' driver.
DEBUG - 2025-09-25 08:57:19 --> Ruta actual: /Tesina/public/usuario
INFO - 2025-09-25 08:57:19 --> Session: Class initialized using 'CodeIgniter\Session\Handlers\FileHandler' driver.
DEBUG - 2025-09-25 08:57:19 --> Datos en sesión: Array
(
    [__ci_last_regenerate] => 1758801410
    [_ci_previous_url] => http://192.168.2.182/Tesina/public/energia/dispositivo/2
    [id_usuario] => 1
    [nombre] => brunito
    [apellido] => barber
    [email] => brunocameille@alumnos.itr3.edu.ar
    [rol] => usuario
    [logged_in] => 1
    [tarifa_kwh] => 44442
)

DEBUG - 2025-09-25 08:57:19 --> Usuario ID: 1
DEBUG - 2025-09-25 08:57:19 --> Buscando usuario ID: 1
DEBUG - 2025-09-25 08:57:19 --> Resultado de la búsqueda: Array
(
    [id_usuario] => 1
    [nombre] => brunito
    [apellido] => barber
    [email] => brunocameille@alumnos.itr3.edu.ar
    [contrasena] => $2y$10$F4xQfULyrVhG1JD8Y21QR.vgn9Fzd257acxjmQqHQ3OYfEqBaAPb6
    [direccion_id] => 0
    [id_rol] => 2
    [created_at] => 2025-04-07 13:37:30
    [updated_at] => 2025-09-25 08:29:52
    [invitado_por] => 
    [estado] => activo
    [token_activacion] => 
)

DEBUG - 2025-09-25 08:57:19 --> Datos del usuario: Array
(
    [id_usuario] => 1
    [nombre] => brunito
    [apellido] => barber
    [email] => brunocameille@alumnos.itr3.edu.ar
    [contrasena] => $2y$10$F4xQfULyrVhG1JD8Y21QR.vgn9Fzd257acxjmQqHQ3OYfEqBaAPb6
    [direccion_id] => 0
    [id_rol] => 2
    [created_at] => 2025-04-07 13:37:30
    [updated_at] => 2025-09-25 08:29:52
    [invitado_por] => 
    [estado] => activo
    [token_activacion] => 
)

DEBUG - 2025-09-25 08:57:19 --> Dispositivos encontrados: Array
(
    [0] => Array
        (
            [id_dispositivo] => 1
            [nombre] => medidor de ecovolt
            [id_usuario] => 1
            [mac_address] => 00:1A:2B:3C:4D:5E
            [ip_address] => 
            [ultima_conexion] => 
            [estado] => activo
            [created_at] => 2025-04-10 22:26:34
            [stock] => 43
            [precio] => 85
            [descripcion] => 
            [fecha_actualizacion] => 2025-06-27 08:44:59
            [updated_at] => 2025-06-12 15:06:14
            [codigo_activacion] => 
            [fecha_activacion] => 
            [nombre_usuario] => brunito
            [email_usuario] => brunocameille@alumnos.itr3.edu.ar
            [ultima_lectura] => 
        )

    [1] => Array
        (
            [id_dispositivo] => 2
            [nombre] => ECOVOLT HOYY 11/4
            [id_usuario] => 1
            [mac_address] => 08:D1:F9:A5:2A:14
            [ip_address] => 
            [ultima_conexion] => 
            [estado] => activo
            [created_at] => 2025-04-11 10:03:27
            [stock] => 0
            [precio] => 0
            [descripcion] => adasdada
            [fecha_actualizacion] => 2025-09-25 08:24:27
            [updated_at] => 2025-09-23 11:54:53
            [codigo_activacion] => 
            [fecha_activacion] => 
            [nombre_usuario] => brunito
            [email_usuario] => brunocameille@alumnos.itr3.edu.ar
            [ultima_lectura] => Array
                (
                    [id] => 8813
                    [id_dispositivo] => 2
                    [id_usuario] => 1
                    [voltaje] => 118.75
                    [corriente] => 3.0956
                    [potencia] => 367.6
                    [kwh] => 0.01
                    [limite_superado] => 0
                    [fecha] => 2025-08-22 13:11:02
                    [mac_address] => 08:D1:F9:A5:2A:14
                )

        )

    [2] => Array
        (
            [id_dispositivo] => 29
            [nombre] => sadasd
            [id_usuario] => 1
            [mac_address] => AA:C3:CC:D1:EE:2F
            [ip_address] => 
            [ultima_conexion] => 
            [estado] => activo
            [created_at] => 2025-06-27 10:12:51
            [stock] => 0
            [precio] => 0
            [descripcion] => 
            [fecha_actualizacion] => 2025-09-02 12:11:21
            [updated_at] => 
            [codigo_activacion] => 
            [fecha_activacion] => 
            [nombre_usuario] => brunito
            [email_usuario] => brunocameille@alumnos.itr3.edu.ar
            [ultima_lectura] => 
        )

)

DEBUG - 2025-09-25 08:57:19 --> Consumo 24h: 
DEBUG - 2025-09-25 08:57:19 --> Consumo promedio: 0
DEBUG - 2025-09-25 08:57:19 --> Datos enviados a la vista: Array
(
    [usuario] => Array
        (
            [id_usuario] => 1
            [nombre] => brunito
            [apellido] => barber
            [email] => brunocameille@alumnos.itr3.edu.ar
            [contrasena] => $2y$10$F4xQfULyrVhG1JD8Y21QR.vgn9Fzd257acxjmQqHQ3OYfEqBaAPb6
            [direccion_id] => 0
            [id_rol] => 2
            [created_at] => 2025-04-07 13:37:30
            [updated_at] => 2025-09-25 08:29:52
            [invitado_por] => 
            [estado] => activo
            [token_activacion] => 
        )

    [dispositivos] => Array
        (
            [0] => Array
                (
                    [id_dispositivo] => 1
                    [nombre] => medidor de ecovolt
                    [id_usuario] => 1
                    [mac_address] => 00:1A:2B:3C:4D:5E
                    [ip_address] => 
                    [ultima_conexion] => 
                    [estado] => activo
                    [created_at] => 2025-04-10 22:26:34
                    [stock] => 43
                    [precio] => 85
                    [descripcion] => 
                    [fecha_actualizacion] => 2025-06-27 08:44:59
                    [updated_at] => 2025-06-12 15:06:14
                    [codigo_activacion] => 
                    [fecha_activacion] => 
                    [nombre_usuario] => brunito
                    [email_usuario] => brunocameille@alumnos.itr3.edu.ar
                    [ultima_lectura] => 
                )

            [1] => Array
                (
                    [id_dispositivo] => 2
                    [nombre] => ECOVOLT HOYY 11/4
                    [id_usuario] => 1
                    [mac_address] => 08:D1:F9:A5:2A:14
                    [ip_address] => 
                    [ultima_conexion] => 
                    [estado] => activo
                    [created_at] => 2025-04-11 10:03:27
                    [stock] => 0
                    [precio] => 0
                    [descripcion] => adasdada
                    [fecha_actualizacion] => 2025-09-25 08:24:27
                    [updated_at] => 2025-09-23 11:54:53
                    [codigo_activacion] => 
                    [fecha_activacion] => 
                    [nombre_usuario] => brunito
                    [email_usuario] => brunocameille@alumnos.itr3.edu.ar
                    [ultima_lectura] => Array
                        (
                            [id] => 8813
                            [id_dispositivo] => 2
                            [id_usuario] => 1
                            [voltaje] => 118.75
                            [corriente] => 3.0956
                            [potencia] => 367.6
                            [kwh] => 0.01
                            [limite_superado] => 0
                            [fecha] => 2025-08-22 13:11:02
                            [mac_address] => 08:D1:F9:A5:2A:14
                        )

                )

            [2] => Array
                (
                    [id_dispositivo] => 29
                    [nombre] => sadasd
                    [id_usuario] => 1
                    [mac_address] => AA:C3:CC:D1:EE:2F
                    [ip_address] => 
                    [ultima_conexion] => 
                    [estado] => activo
                    [created_at] => 2025-06-27 10:12:51
                    [stock] => 0
                    [precio] => 0
                    [descripcion] => 
                    [fecha_actualizacion] => 2025-09-02 12:11:21
                    [updated_at] => 
                    [codigo_activacion] => 
                    [fecha_activacion] => 
                    [nombre_usuario] => brunito
                    [email_usuario] => brunocameille@alumnos.itr3.edu.ar
                    [ultima_lectura] => 
                )

        )

    [dispositivos_propios] => Array
        (
            [0] => Array
                (
                    [id_dispositivo] => 1
                    [nombre] => medidor de ecovolt
                    [id_usuario] => 1
                    [mac_address] => 00:1A:2B:3C:4D:5E
                    [ip_address] => 
                    [ultima_conexion] => 
                    [estado] => activo
                    [created_at] => 2025-04-10 22:26:34
                    [stock] => 43
                    [precio] => 85
                    [descripcion] => 
                    [fecha_actualizacion] => 2025-06-27 08:44:59
                    [updated_at] => 2025-06-12 15:06:14
                    [codigo_activacion] => 
                    [fecha_activacion] => 
                    [nombre_usuario] => brunito
                    [email_usuario] => brunocameille@alumnos.itr3.edu.ar
                    [ultima_lectura] => 
                )

            [1] => Array
                (
                    [id_dispositivo] => 2
                    [nombre] => ECOVOLT HOYY 11/4
                    [id_usuario] => 1
                    [mac_address] => 08:D1:F9:A5:2A:14
                    [ip_address] => 
                    [ultima_conexion] => 
                    [estado] => activo
                    [created_at] => 2025-04-11 10:03:27
                    [stock] => 0
                    [precio] => 0
                    [descripcion] => adasdada
                    [fecha_actualizacion] => 2025-09-25 08:24:27
                    [updated_at] => 2025-09-23 11:54:53
                    [codigo_activacion] => 
                    [fecha_activacion] => 
                    [nombre_usuario] => brunito
                    [email_usuario] => brunocameille@alumnos.itr3.edu.ar
                    [ultima_lectura] => Array
                        (
                            [id] => 8813
                            [id_dispositivo] => 2
                            [id_usuario] => 1
                            [voltaje] => 118.75
                            [corriente] => 3.0956
                            [potencia] => 367.6
                            [kwh] => 0.01
                            [limite_superado] => 0
                            [fecha] => 2025-08-22 13:11:02
                            [mac_address] => 08:D1:F9:A5:2A:14
                        )

                )

            [2] => Array
                (
                    [id_dispositivo] => 29
                    [nombre] => sadasd
                    [id_usuario] => 1
                    [mac_address] => AA:C3:CC:D1:EE:2F
                    [ip_address] => 
                    [ultima_conexion] => 
                    [estado] => activo
                    [created_at] => 2025-06-27 10:12:51
                    [stock] => 0
                    [precio] => 0
                    [descripcion] => 
                    [fecha_actualizacion] => 2025-09-02 12:11:21
                    [updated_at] => 
                    [codigo_activacion] => 
                    [fecha_activacion] => 
                    [nombre_usuario] => brunito
                    [email_usuario] => brunocameille@alumnos.itr3.edu.ar
                    [ultima_lectura] => 
                )

        )

    [dispositivos_compartidos] => Array
        (
        )

    [consumo24h] => 
    [consumoPromedio] => 0
    [activosPropios] => 3
)

DEBUG - 2025-09-25 08:57:20 --> Ruta actual: /Tesina/public/energia/dispositivo/1
INFO - 2025-09-25 08:57:20 --> Session: Class initialized using 'CodeIgniter\Session\Handlers\FileHandler' driver.
DEBUG - 2025-09-25 08:57:20 --> Datos en sesión: Array
(
    [__ci_last_regenerate] => 1758801410
    [_ci_previous_url] => http://192.168.2.182/Tesina/public/usuario
    [id_usuario] => 1
    [nombre] => brunito
    [apellido] => barber
    [email] => brunocameille@alumnos.itr3.edu.ar
    [rol] => usuario
    [logged_in] => 1
    [tarifa_kwh] => 44442
)

DEBUG - 2025-09-25 08:57:23 --> Ruta actual: /Tesina/public/energia/dispositivo/2
INFO - 2025-09-25 08:57:23 --> Session: Class initialized using 'CodeIgniter\Session\Handlers\FileHandler' driver.
DEBUG - 2025-09-25 08:57:23 --> Datos en sesión: Array
(
    [__ci_last_regenerate] => 1758801410
    [_ci_previous_url] => http://192.168.2.182/Tesina/public/energia/dispositivo/1
    [id_usuario] => 1
    [nombre] => brunito
    [apellido] => barber
    [email] => brunocameille@alumnos.itr3.edu.ar
    [rol] => usuario
    [logged_in] => 1
    [tarifa_kwh] => 44442
)

INFO - 2025-09-25 08:57:24 --> Session: Class initialized using 'CodeIgniter\Session\Handlers\FileHandler' driver.
INFO - 2025-09-25 08:57:29 --> Session: Class initialized using 'CodeIgniter\Session\Handlers\FileHandler' driver.
INFO - 2025-09-25 08:57:30 --> Session: Class initialized using 'CodeIgniter\Session\Handlers\FileHandler' driver.
INFO - 2025-09-25 08:57:30 --> Session: Class initialized using 'CodeIgniter\Session\Handlers\FileHandler' driver.
INFO - 2025-09-25 08:58:24 --> Session: Class initialized using 'CodeIgniter\Session\Handlers\FileHandler' driver.
DEBUG - 2025-09-25 08:58:24 --> Intento de inicio de sesión para email: brunocameille@alumnos.itr3.edu.ar
DEBUG - 2025-09-25 08:58:24 --> Longitud de la contraseña ingresada: 11
DEBUG - 2025-09-25 08:58:24 --> Usuario encontrado: {"id":"1","email":"brunocameille@alumnos.itr3.edu.ar","estado":"activo","rol":"1"}
DEBUG - 2025-09-25 08:58:25 --> Resultado de verificación de contraseña: false
DEBUG - 2025-09-25 08:58:25 --> Hash almacenado en la base de datos: $2y$10$F4xQfULyrVhG1JD8Y21QR.vgn9Fzd257acxjmQqHQ3OYfEqBaAPb6
DEBUG - 2025-09-25 08:58:25 --> Contraseña incorrecta para usuario: brunocameille@alumnos.itr3.edu.ar
INFO - 2025-09-25 08:58:27 --> Session: Class initialized using 'CodeIgniter\Session\Handlers\FileHandler' driver.
INFO - 2025-09-25 08:58:38 --> Session: Class initialized using 'CodeIgniter\Session\Handlers\FileHandler' driver.
DEBUG - 2025-09-25 08:58:38 --> Intento de inicio de sesión para email: brunocameille@alumnos.itr3.edu.ar
DEBUG - 2025-09-25 08:58:38 --> Longitud de la contraseña ingresada: 17
DEBUG - 2025-09-25 08:58:38 --> Usuario encontrado: {"id":"1","email":"brunocameille@alumnos.itr3.edu.ar","estado":"activo","rol":"1"}
DEBUG - 2025-09-25 08:58:38 --> Resultado de verificación de contraseña: true
DEBUG - 2025-09-25 08:58:38 --> Hash almacenado en la base de datos: $2y$10$F4xQfULyrVhG1JD8Y21QR.vgn9Fzd257acxjmQqHQ3OYfEqBaAPb6
DEBUG - 2025-09-25 08:58:38 --> Inicio de sesión exitoso para usuario: brunocameille@alumnos.itr3.edu.ar
DEBUG - 2025-09-25 08:58:38 --> Datos de sesión guardados: {"id_usuario":"1","nombre":"brunito","apellido":"barber","email":"brunocameille@alumnos.itr3.edu.ar","rol":"admin","logged_in":true}
DEBUG - 2025-09-25 08:58:39 --> Ruta actual: /Tesina/public/admin
INFO - 2025-09-25 08:58:39 --> Session: Class initialized using 'CodeIgniter\Session\Handlers\FileHandler' driver.
DEBUG - 2025-09-25 08:58:39 --> Datos en sesión: Array
(
    [__ci_last_regenerate] => 1758801450
    [_ci_previous_url] => http://192.168.2.182/Tesina/public/autenticacion/login
    [id_usuario] => 1
    [nombre] => brunito
    [apellido] => barber
    [email] => brunocameille@alumnos.itr3.edu.ar
    [rol] => admin
    [logged_in] => 1
)

DEBUG - 2025-09-25 08:58:42 --> Ruta actual: /Tesina/public/admin/dispositivos
INFO - 2025-09-25 08:58:42 --> Session: Class initialized using 'CodeIgniter\Session\Handlers\FileHandler' driver.
DEBUG - 2025-09-25 08:58:42 --> Datos en sesión: Array
(
    [__ci_last_regenerate] => 1758801450
    [_ci_previous_url] => http://192.168.2.182/Tesina/public/admin
    [id_usuario] => 1
    [nombre] => brunito
    [apellido] => barber
    [email] => brunocameille@alumnos.itr3.edu.ar
    [rol] => admin
    [logged_in] => 1
)

DEBUG - 2025-09-25 08:58:42 --> Buscando usuario ID: 1
DEBUG - 2025-09-25 08:58:42 --> Resultado de la búsqueda: Array
(
    [id_usuario] => 1
    [nombre] => brunito
    [apellido] => barber
    [email] => brunocameille@alumnos.itr3.edu.ar
    [contrasena] => $2y$10$F4xQfULyrVhG1JD8Y21QR.vgn9Fzd257acxjmQqHQ3OYfEqBaAPb6
    [direccion_id] => 0
    [id_rol] => 1
    [created_at] => 2025-04-07 13:37:30
    [updated_at] => 2025-09-25 08:58:02
    [invitado_por] => 
    [estado] => activo
    [token_activacion] => 
)

DEBUG - 2025-09-25 08:58:52 --> Ruta actual: /Tesina/public/admin
INFO - 2025-09-25 08:58:52 --> Session: Class initialized using 'CodeIgniter\Session\Handlers\FileHandler' driver.
DEBUG - 2025-09-25 08:58:52 --> Datos en sesión: Array
(
    [__ci_last_regenerate] => 1758801450
    [_ci_previous_url] => http://192.168.2.182/Tesina/public/admin/dispositivos
    [id_usuario] => 1
    [nombre] => brunito
    [apellido] => barber
    [email] => brunocameille@alumnos.itr3.edu.ar
    [rol] => admin
    [logged_in] => 1
)

DEBUG - 2025-09-25 08:58:54 --> Ruta actual: /Tesina/public/admin/dispositivos
INFO - 2025-09-25 08:58:54 --> Session: Class initialized using 'CodeIgniter\Session\Handlers\FileHandler' driver.
DEBUG - 2025-09-25 08:58:54 --> Datos en sesión: Array
(
    [__ci_last_regenerate] => 1758801450
    [_ci_previous_url] => http://192.168.2.182/Tesina/public/admin
    [id_usuario] => 1
    [nombre] => brunito
    [apellido] => barber
    [email] => brunocameille@alumnos.itr3.edu.ar
    [rol] => admin
    [logged_in] => 1
)

DEBUG - 2025-09-25 08:58:54 --> Buscando usuario ID: 1
DEBUG - 2025-09-25 08:58:54 --> Resultado de la búsqueda: Array
(
    [id_usuario] => 1
    [nombre] => brunito
    [apellido] => barber
    [email] => brunocameille@alumnos.itr3.edu.ar
    [contrasena] => $2y$10$F4xQfULyrVhG1JD8Y21QR.vgn9Fzd257acxjmQqHQ3OYfEqBaAPb6
    [direccion_id] => 0
    [id_rol] => 1
    [created_at] => 2025-04-07 13:37:30
    [updated_at] => 2025-09-25 08:58:02
    [invitado_por] => 
    [estado] => activo
    [token_activacion] => 
)

DEBUG - 2025-09-25 08:59:18 --> Ruta actual: /Tesina/public/energia/dispositivo/2
INFO - 2025-09-25 08:59:18 --> Session: Class initialized using 'CodeIgniter\Session\Handlers\FileHandler' driver.
DEBUG - 2025-09-25 08:59:18 --> Datos en sesión: Array
(
    [__ci_last_regenerate] => 1758801450
    [_ci_previous_url] => http://192.168.2.182/Tesina/public/admin/dispositivos
    [id_usuario] => 1
    [nombre] => brunito
    [apellido] => barber
    [email] => brunocameille@alumnos.itr3.edu.ar
    [rol] => admin
    [logged_in] => 1
)

INFO - 2025-09-25 08:59:21 --> Session: Class initialized using 'CodeIgniter\Session\Handlers\FileHandler' driver.
INFO - 2025-09-25 08:59:25 --> Session: Class initialized using 'CodeIgniter\Session\Handlers\FileHandler' driver.
INFO - 2025-09-25 08:59:30 --> Session: Class initialized using 'CodeIgniter\Session\Handlers\FileHandler' driver.
INFO - 2025-09-25 08:59:35 --> Session: Class initialized using 'CodeIgniter\Session\Handlers\FileHandler' driver.
INFO - 2025-09-25 08:59:40 --> Session: Class initialized using 'CodeIgniter\Session\Handlers\FileHandler' driver.
INFO - 2025-09-25 08:59:45 --> Session: Class initialized using 'CodeIgniter\Session\Handlers\FileHandler' driver.
INFO - 2025-09-25 08:59:50 --> Session: Class initialized using 'CodeIgniter\Session\Handlers\FileHandler' driver.
DEBUG - 2025-09-25 08:59:51 --> Ruta actual: /Tesina/public/energia/generarPDF/2
INFO - 2025-09-25 08:59:51 --> Session: Class initialized using 'CodeIgniter\Session\Handlers\FileHandler' driver.
DEBUG - 2025-09-25 08:59:51 --> Datos en sesión: Array
(
    [__ci_last_regenerate] => 1758801450
    [_ci_previous_url] => http://192.168.2.182/Tesina/public/energia/dispositivo/2
    [id_usuario] => 1
    [nombre] => brunito
    [apellido] => barber
    [email] => brunocameille@alumnos.itr3.edu.ar
    [rol] => admin
    [logged_in] => 1
)

INFO - 2025-09-25 08:59:51 --> PDF: dispositivo=2 mes= rango=2025-09-01 00:00:00 -> 2025-09-30 23:59:59
INFO - 2025-09-25 08:59:51 --> PDF: totalLecturas=0
INFO - 2025-09-25 08:59:51 --> PDF: sin datos en mes actual, fallback a mes=2025-08 rango=2025-08-01 00:00:00 -> 2025-08-31 23:59:59
INFO - 2025-09-25 08:59:51 --> PDF: totalLecturas (fallback)=31
INFO - 2025-09-25 08:59:51 --> PDF: total_kwh=0.1451 v_prom=108.11548387097 i_prom=13.05225483871 p_prom=1163.5051612903
INFO - 2025-09-25 08:59:51 --> PDF: tarifaParam='525263' tarifaSession=NULL
INFO - 2025-09-25 08:59:51 --> PDF: precioKwh=525263 precioTotal=76215.6613
INFO - 2025-09-25 08:59:56 --> Session: Class initialized using 'CodeIgniter\Session\Handlers\FileHandler' driver.
INFO - 2025-09-25 09:00:02 --> Session: Class initialized using 'CodeIgniter\Session\Handlers\FileHandler' driver.
INFO - 2025-09-25 09:00:06 --> Session: Class initialized using 'CodeIgniter\Session\Handlers\FileHandler' driver.
INFO - 2025-09-25 09:00:10 --> Session: Class initialized using 'CodeIgniter\Session\Handlers\FileHandler' driver.
DEBUG - 2025-09-25 09:00:14 --> Ruta actual: /Tesina/public/energia/generarPDF/2
INFO - 2025-09-25 09:00:14 --> Session: Class initialized using 'CodeIgniter\Session\Handlers\FileHandler' driver.
DEBUG - 2025-09-25 09:00:14 --> Datos en sesión: Array
(
    [__ci_last_regenerate] => 1758801450
    [_ci_previous_url] => http://192.168.2.182/Tesina/public/energia/generarPDF/2?tarifa=525263
    [id_usuario] => 1
    [nombre] => brunito
    [apellido] => barber
    [email] => brunocameille@alumnos.itr3.edu.ar
    [rol] => admin
    [logged_in] => 1
)

INFO - 2025-09-25 09:00:14 --> PDF: dispositivo=2 mes= rango=2025-09-01 00:00:00 -> 2025-09-30 23:59:59
INFO - 2025-09-25 09:00:14 --> PDF: totalLecturas=0
INFO - 2025-09-25 09:00:14 --> PDF: sin datos en mes actual, fallback a mes=2025-08 rango=2025-08-01 00:00:00 -> 2025-08-31 23:59:59
INFO - 2025-09-25 09:00:14 --> PDF: totalLecturas (fallback)=31
INFO - 2025-09-25 09:00:14 --> PDF: total_kwh=0.1451 v_prom=108.11548387097 i_prom=13.05225483871 p_prom=1163.5051612903
INFO - 2025-09-25 09:00:14 --> PDF: tarifaParam='525263' tarifaSession=NULL
INFO - 2025-09-25 09:00:14 --> PDF: precioKwh=525263 precioTotal=76215.6613
INFO - 2025-09-25 09:00:17 --> Session: Class initialized using 'CodeIgniter\Session\Handlers\FileHandler' driver.
INFO - 2025-09-25 09:00:20 --> Session: Class initialized using 'CodeIgniter\Session\Handlers\FileHandler' driver.
INFO - 2025-09-25 09:00:25 --> Session: Class initialized using 'CodeIgniter\Session\Handlers\FileHandler' driver.
INFO - 2025-09-25 09:00:30 --> Session: Class initialized using 'CodeIgniter\Session\Handlers\FileHandler' driver.
INFO - 2025-09-25 09:00:36 --> Session: Class initialized using 'CodeIgniter\Session\Handlers\FileHandler' driver.
INFO - 2025-09-25 09:00:41 --> Session: Class initialized using 'CodeIgniter\Session\Handlers\FileHandler' driver.
INFO - 2025-09-25 09:00:45 --> Session: Class initialized using 'CodeIgniter\Session\Handlers\FileHandler' driver.
INFO - 2025-09-25 09:00:51 --> Session: Class initialized using 'CodeIgniter\Session\Handlers\FileHandler' driver.
INFO - 2025-09-25 09:00:55 --> Session: Class initialized using 'CodeIgniter\Session\Handlers\FileHandler' driver.
DEBUG - 2025-09-25 09:00:58 --> Ruta actual: /Tesina/public/energia/actualizarDispositivo
INFO - 2025-09-25 09:00:58 --> Session: Class initialized using 'CodeIgniter\Session\Handlers\FileHandler' driver.
DEBUG - 2025-09-25 09:00:58 --> Datos en sesión: Array
(
    [__ci_last_regenerate] => 1758801450
    [_ci_previous_url] => http://192.168.2.182/Tesina/public/energia/generarPDF/2?tarifa=525263
    [id_usuario] => 1
    [nombre] => brunito
    [apellido] => barber
    [email] => brunocameille@alumnos.itr3.edu.ar
    [rol] => admin
    [logged_in] => 1
)

INFO - 2025-09-25 09:01:00 --> Session: Class initialized using 'CodeIgniter\Session\Handlers\FileHandler' driver.
DEBUG - 2025-09-25 09:01:03 --> Ruta actual: /Tesina/public/energia/dispositivo/2
INFO - 2025-09-25 09:01:03 --> Session: Class initialized using 'CodeIgniter\Session\Handlers\FileHandler' driver.
DEBUG - 2025-09-25 09:01:03 --> Datos en sesión: Array
(
    [__ci_last_regenerate] => 1758801450
    [_ci_previous_url] => http://192.168.2.182/Tesina/public/energia/generarPDF/2?tarifa=525263
    [id_usuario] => 1
    [nombre] => brunito
    [apellido] => barber
    [email] => brunocameille@alumnos.itr3.edu.ar
    [rol] => admin
    [logged_in] => 1
)

INFO - 2025-09-25 09:01:06 --> Session: Class initialized using 'CodeIgniter\Session\Handlers\FileHandler' driver.
INFO - 2025-09-25 09:01:10 --> Session: Class initialized using 'CodeIgniter\Session\Handlers\FileHandler' driver.
DEBUG - 2025-09-25 09:01:14 --> Ruta actual: /Tesina/public/energia/actualizarLimite
INFO - 2025-09-25 09:01:14 --> Session: Class initialized using 'CodeIgniter\Session\Handlers\FileHandler' driver.
DEBUG - 2025-09-25 09:01:14 --> Datos en sesión: Array
(
    [__ci_last_regenerate] => 1758801450
    [_ci_previous_url] => http://192.168.2.182/Tesina/public/energia/dispositivo/2
    [id_usuario] => 1
    [nombre] => brunito
    [apellido] => barber
    [email] => brunocameille@alumnos.itr3.edu.ar
    [rol] => admin
    [logged_in] => 1
)

INFO - 2025-09-25 09:01:15 --> Session: Class initialized using 'CodeIgniter\Session\Handlers\FileHandler' driver.
INFO - 2025-09-25 09:01:20 --> Session: Class initialized using 'CodeIgniter\Session\Handlers\FileHandler' driver.
DEBUG - 2025-09-25 09:01:22 --> Ruta actual: /Tesina/public/energia/actualizarLimite
INFO - 2025-09-25 09:01:22 --> Session: Class initialized using 'CodeIgniter\Session\Handlers\FileHandler' driver.
DEBUG - 2025-09-25 09:01:22 --> Datos en sesión: Array
(
    [__ci_last_regenerate] => 1758801450
    [_ci_previous_url] => http://192.168.2.182/Tesina/public/energia/dispositivo/2
    [id_usuario] => 1
    [nombre] => brunito
    [apellido] => barber
    [email] => brunocameille@alumnos.itr3.edu.ar
    [rol] => admin
    [logged_in] => 1
)

INFO - 2025-09-25 09:01:25 --> Session: Class initialized using 'CodeIgniter\Session\Handlers\FileHandler' driver.
INFO - 2025-09-25 09:01:30 --> Session: Class initialized using 'CodeIgniter\Session\Handlers\FileHandler' driver.
INFO - 2025-09-25 09:01:35 --> Session: Class initialized using 'CodeIgniter\Session\Handlers\FileHandler' driver.
INFO - 2025-09-25 09:01:43 --> Session: Class initialized using 'CodeIgniter\Session\Handlers\FileHandler' driver.
INFO - 2025-09-25 09:01:45 --> Session: Class initialized using 'CodeIgniter\Session\Handlers\FileHandler' driver.
INFO - 2025-09-25 09:01:50 --> Session: Class initialized using 'CodeIgniter\Session\Handlers\FileHandler' driver.
INFO - 2025-09-25 09:01:55 --> Session: Class initialized using 'CodeIgniter\Session\Handlers\FileHandler' driver.
INFO - 2025-09-25 09:02:00 --> Session: Class initialized using 'CodeIgniter\Session\Handlers\FileHandler' driver.
INFO - 2025-09-25 09:02:05 --> Session: Class initialized using 'CodeIgniter\Session\Handlers\FileHandler' driver.
INFO - 2025-09-25 09:02:10 --> Session: Class initialized using 'CodeIgniter\Session\Handlers\FileHandler' driver.
INFO - 2025-09-25 09:02:16 --> Session: Class initialized using 'CodeIgniter\Session\Handlers\FileHandler' driver.
INFO - 2025-09-25 09:02:21 --> Session: Class initialized using 'CodeIgniter\Session\Handlers\FileHandler' driver.
INFO - 2025-09-25 09:02:26 --> Session: Class initialized using 'CodeIgniter\Session\Handlers\FileHandler' driver.
DEBUG - 2025-09-25 09:02:27 --> Ruta actual: /Tesina/public/energia/dispositivo/2
INFO - 2025-09-25 09:02:27 --> Session: Class initialized using 'CodeIgniter\Session\Handlers\FileHandler' driver.
DEBUG - 2025-09-25 09:02:27 --> Datos en sesión: Array
(
    [__ci_last_regenerate] => 1758801450
    [_ci_previous_url] => http://192.168.2.182/Tesina/public/energia/dispositivo/2
    [id_usuario] => 1
    [nombre] => brunito
    [apellido] => barber
    [email] => brunocameille@alumnos.itr3.edu.ar
    [rol] => admin
    [logged_in] => 1
)

INFO - 2025-09-25 09:02:28 --> Session: Class initialized using 'CodeIgniter\Session\Handlers\FileHandler' driver.
INFO - 2025-09-25 09:02:32 --> Session: Class initialized using 'CodeIgniter\Session\Handlers\FileHandler' driver.
INFO - 2025-09-25 09:02:36 --> Session: Class initialized using 'CodeIgniter\Session\Handlers\FileHandler' driver.
INFO - 2025-09-25 09:02:36 --> Session: Class initialized using 'CodeIgniter\Session\Handlers\FileHandler' driver.
INFO - 2025-09-25 09:02:36 --> Session: Class initialized using 'CodeIgniter\Session\Handlers\FileHandler' driver.
INFO - 2025-09-25 09:02:36 --> Session: Class initialized using 'CodeIgniter\Session\Handlers\FileHandler' driver.
INFO - 2025-09-25 09:02:37 --> Session: Class initialized using 'CodeIgniter\Session\Handlers\FileHandler' driver.
DEBUG - 2025-09-25 09:02:41 --> Ruta actual: /Tesina/public/energia/actualizarLimite
INFO - 2025-09-25 09:02:41 --> Session: Class initialized using 'CodeIgniter\Session\Handlers\FileHandler' driver.
DEBUG - 2025-09-25 09:02:41 --> Datos en sesión: Array
(
    [__ci_last_regenerate] => 1758801752
    [_ci_previous_url] => http://192.168.2.182/Tesina/public/energia/dispositivo/2
    [id_usuario] => 1
    [nombre] => brunito
    [apellido] => barber
    [email] => brunocameille@alumnos.itr3.edu.ar
    [rol] => admin
    [logged_in] => 1
    [tarifa_kwh] => 1542
)

INFO - 2025-09-25 09:02:48 --> Session: Class initialized using 'CodeIgniter\Session\Handlers\FileHandler' driver.
INFO - 2025-09-25 09:02:49 --> Session: Class initialized using 'CodeIgniter\Session\Handlers\FileHandler' driver.
INFO - 2025-09-25 09:02:52 --> Session: Class initialized using 'CodeIgniter\Session\Handlers\FileHandler' driver.
INFO - 2025-09-25 09:02:57 --> Session: Class initialized using 'CodeIgniter\Session\Handlers\FileHandler' driver.
DEBUG - 2025-09-25 09:03:02 --> Ruta actual: /Tesina/public/energia/dispositivo/2
INFO - 2025-09-25 09:03:02 --> Session: Class initialized using 'CodeIgniter\Session\Handlers\FileHandler' driver.
DEBUG - 2025-09-25 09:03:02 --> Datos en sesión: Array
(
    [__ci_last_regenerate] => 1758801752
    [_ci_previous_url] => http://192.168.2.182/Tesina/public/energia/dispositivo/2
    [id_usuario] => 1
    [nombre] => brunito
    [apellido] => barber
    [email] => brunocameille@alumnos.itr3.edu.ar
    [rol] => admin
    [logged_in] => 1
    [tarifa_kwh] => 1542
)

INFO - 2025-09-25 09:03:04 --> Session: Class initialized using 'CodeIgniter\Session\Handlers\FileHandler' driver.
INFO - 2025-09-25 09:03:08 --> Session: Class initialized using 'CodeIgniter\Session\Handlers\FileHandler' driver.
DEBUG - 2025-09-25 09:03:10 --> Ruta actual: /Tesina/public/energia/actualizarLimite
INFO - 2025-09-25 09:03:10 --> Session: Class initialized using 'CodeIgniter\Session\Handlers\FileHandler' driver.
DEBUG - 2025-09-25 09:03:10 --> Datos en sesión: Array
(
    [__ci_last_regenerate] => 1758801752
    [_ci_previous_url] => http://192.168.2.182/Tesina/public/energia/dispositivo/2
    [id_usuario] => 1
    [nombre] => brunito
    [apellido] => barber
    [email] => brunocameille@alumnos.itr3.edu.ar
    [rol] => admin
    [logged_in] => 1
    [tarifa_kwh] => 1542
)

INFO - 2025-09-25 09:03:13 --> Session: Class initialized using 'CodeIgniter\Session\Handlers\FileHandler' driver.
INFO - 2025-09-25 09:03:21 --> Session: Class initialized using 'CodeIgniter\Session\Handlers\FileHandler' driver.
DEBUG - 2025-09-25 09:03:23 --> Ruta actual: /Tesina/public/energia/dispositivo/2
INFO - 2025-09-25 09:03:23 --> Session: Class initialized using 'CodeIgniter\Session\Handlers\FileHandler' driver.
DEBUG - 2025-09-25 09:03:23 --> Datos en sesión: Array
(
    [__ci_last_regenerate] => 1758801752
    [_ci_previous_url] => http://192.168.2.182/Tesina/public/energia/dispositivo/2
    [id_usuario] => 1
    [nombre] => brunito
    [apellido] => barber
    [email] => brunocameille@alumnos.itr3.edu.ar
    [rol] => admin
    [logged_in] => 1
    [tarifa_kwh] => 1542
)

INFO - 2025-09-25 09:03:26 --> Session: Class initialized using 'CodeIgniter\Session\Handlers\FileHandler' driver.
INFO - 2025-09-25 09:03:30 --> Session: Class initialized using 'CodeIgniter\Session\Handlers\FileHandler' driver.
INFO - 2025-09-25 09:03:35 --> Session: Class initialized using 'CodeIgniter\Session\Handlers\FileHandler' driver.
INFO - 2025-09-25 09:03:40 --> Session: Class initialized using 'CodeIgniter\Session\Handlers\FileHandler' driver.
INFO - 2025-09-25 09:03:45 --> Session: Class initialized using 'CodeIgniter\Session\Handlers\FileHandler' driver.
INFO - 2025-09-25 09:03:50 --> Session: Class initialized using 'CodeIgniter\Session\Handlers\FileHandler' driver.
INFO - 2025-09-25 09:03:50 --> Session: Class initialized using 'CodeIgniter\Session\Handlers\FileHandler' driver.
INFO - 2025-09-25 09:04:45 --> Session: Class initialized using 'CodeIgniter\Session\Handlers\FileHandler' driver.
DEBUG - 2025-09-25 09:04:45 --> Intento de inicio de sesión para email: brunocameille@alumnos.itr3.edu.ar
DEBUG - 2025-09-25 09:04:45 --> Longitud de la contraseña ingresada: 17
DEBUG - 2025-09-25 09:04:45 --> Usuario encontrado: {"id":"1","email":"brunocameille@alumnos.itr3.edu.ar","estado":"activo","rol":"2"}
DEBUG - 2025-09-25 09:04:45 --> Resultado de verificación de contraseña: true
DEBUG - 2025-09-25 09:04:45 --> Hash almacenado en la base de datos: $2y$10$F4xQfULyrVhG1JD8Y21QR.vgn9Fzd257acxjmQqHQ3OYfEqBaAPb6
DEBUG - 2025-09-25 09:04:45 --> Inicio de sesión exitoso para usuario: brunocameille@alumnos.itr3.edu.ar
DEBUG - 2025-09-25 09:04:45 --> Datos de sesión guardados: {"id_usuario":"1","nombre":"brunito","apellido":"barber","email":"brunocameille@alumnos.itr3.edu.ar","rol":"usuario","logged_in":true}
DEBUG - 2025-09-25 09:04:46 --> Ruta actual: /Tesina/public/usuario
INFO - 2025-09-25 09:04:46 --> Session: Class initialized using 'CodeIgniter\Session\Handlers\FileHandler' driver.
DEBUG - 2025-09-25 09:04:46 --> Datos en sesión: Array
(
    [__ci_last_regenerate] => 1758801830
    [_ci_previous_url] => http://192.168.2.182/Tesina/public/autenticacion/login
    [id_usuario] => 1
    [nombre] => brunito
    [apellido] => barber
    [email] => brunocameille@alumnos.itr3.edu.ar
    [rol] => usuario
    [logged_in] => 1
)

DEBUG - 2025-09-25 09:04:46 --> Usuario ID: 1
DEBUG - 2025-09-25 09:04:46 --> Buscando usuario ID: 1
DEBUG - 2025-09-25 09:04:46 --> Resultado de la búsqueda: Array
(
    [id_usuario] => 1
    [nombre] => brunito
    [apellido] => barber
    [email] => brunocameille@alumnos.itr3.edu.ar
    [contrasena] => $2y$10$F4xQfULyrVhG1JD8Y21QR.vgn9Fzd257acxjmQqHQ3OYfEqBaAPb6
    [direccion_id] => 0
    [id_rol] => 2
    [created_at] => 2025-04-07 13:37:30
    [updated_at] => 2025-09-25 09:04:36
    [invitado_por] => 
    [estado] => activo
    [token_activacion] => 
)

DEBUG - 2025-09-25 09:04:46 --> Datos del usuario: Array
(
    [id_usuario] => 1
    [nombre] => brunito
    [apellido] => barber
    [email] => brunocameille@alumnos.itr3.edu.ar
    [contrasena] => $2y$10$F4xQfULyrVhG1JD8Y21QR.vgn9Fzd257acxjmQqHQ3OYfEqBaAPb6
    [direccion_id] => 0
    [id_rol] => 2
    [created_at] => 2025-04-07 13:37:30
    [updated_at] => 2025-09-25 09:04:36
    [invitado_por] => 
    [estado] => activo
    [token_activacion] => 
)

DEBUG - 2025-09-25 09:04:46 --> Dispositivos encontrados: Array
(
    [0] => Array
        (
            [id_dispositivo] => 1
            [nombre] => medidor de ecovolt
            [id_usuario] => 1
            [mac_address] => 00:1A:2B:3C:4D:5E
            [ip_address] => 
            [ultima_conexion] => 
            [estado] => activo
            [created_at] => 2025-04-10 22:26:34
            [stock] => 43
            [precio] => 85
            [descripcion] => 
            [fecha_actualizacion] => 2025-06-27 08:44:59
            [updated_at] => 2025-06-12 15:06:14
            [codigo_activacion] => 
            [fecha_activacion] => 
            [nombre_usuario] => brunito
            [email_usuario] => brunocameille@alumnos.itr3.edu.ar
            [ultima_lectura] => 
        )

    [1] => Array
        (
            [id_dispositivo] => 2
            [nombre] => ECOVOLT HOYY 25/9
            [id_usuario] => 1
            [mac_address] => 08:D1:F9:A5:2A:14
            [ip_address] => 
            [ultima_conexion] => 
            [estado] => activo
            [created_at] => 2025-04-11 10:03:27
            [stock] => 0
            [precio] => 0
            [descripcion] => adasdada
            [fecha_actualizacion] => 2025-09-25 09:00:58
            [updated_at] => 2025-09-25 09:00:58
            [codigo_activacion] => 
            [fecha_activacion] => 
            [nombre_usuario] => brunito
            [email_usuario] => brunocameille@alumnos.itr3.edu.ar
            [ultima_lectura] => Array
                (
                    [id] => 8813
                    [id_dispositivo] => 2
                    [id_usuario] => 1
                    [voltaje] => 118.75
                    [corriente] => 3.0956
                    [potencia] => 367.6
                    [kwh] => 0.01
                    [limite_superado] => 0
                    [fecha] => 2025-08-22 13:11:02
                    [mac_address] => 08:D1:F9:A5:2A:14
                )

        )

    [2] => Array
        (
            [id_dispositivo] => 29
            [nombre] => sadasd
            [id_usuario] => 1
            [mac_address] => AA:C3:CC:D1:EE:2F
            [ip_address] => 
            [ultima_conexion] => 
            [estado] => activo
            [created_at] => 2025-06-27 10:12:51
            [stock] => 0
            [precio] => 0
            [descripcion] => 
            [fecha_actualizacion] => 2025-09-02 12:11:21
            [updated_at] => 
            [codigo_activacion] => 
            [fecha_activacion] => 
            [nombre_usuario] => brunito
            [email_usuario] => brunocameille@alumnos.itr3.edu.ar
            [ultima_lectura] => 
        )

)

DEBUG - 2025-09-25 09:04:46 --> Consumo 24h: 
DEBUG - 2025-09-25 09:04:46 --> Consumo promedio: 0
DEBUG - 2025-09-25 09:04:46 --> Datos enviados a la vista: Array
(
    [usuario] => Array
        (
            [id_usuario] => 1
            [nombre] => brunito
            [apellido] => barber
            [email] => brunocameille@alumnos.itr3.edu.ar
            [contrasena] => $2y$10$F4xQfULyrVhG1JD8Y21QR.vgn9Fzd257acxjmQqHQ3OYfEqBaAPb6
            [direccion_id] => 0
            [id_rol] => 2
            [created_at] => 2025-04-07 13:37:30
            [updated_at] => 2025-09-25 09:04:36
            [invitado_por] => 
            [estado] => activo
            [token_activacion] => 
        )

    [dispositivos] => Array
        (
            [0] => Array
                (
                    [id_dispositivo] => 1
                    [nombre] => medidor de ecovolt
                    [id_usuario] => 1
                    [mac_address] => 00:1A:2B:3C:4D:5E
                    [ip_address] => 
                    [ultima_conexion] => 
                    [estado] => activo
                    [created_at] => 2025-04-10 22:26:34
                    [stock] => 43
                    [precio] => 85
                    [descripcion] => 
                    [fecha_actualizacion] => 2025-06-27 08:44:59
                    [updated_at] => 2025-06-12 15:06:14
                    [codigo_activacion] => 
                    [fecha_activacion] => 
                    [nombre_usuario] => brunito
                    [email_usuario] => brunocameille@alumnos.itr3.edu.ar
                    [ultima_lectura] => 
                )

            [1] => Array
                (
                    [id_dispositivo] => 2
                    [nombre] => ECOVOLT HOYY 25/9
                    [id_usuario] => 1
                    [mac_address] => 08:D1:F9:A5:2A:14
                    [ip_address] => 
                    [ultima_conexion] => 
                    [estado] => activo
                    [created_at] => 2025-04-11 10:03:27
                    [stock] => 0
                    [precio] => 0
                    [descripcion] => adasdada
                    [fecha_actualizacion] => 2025-09-25 09:00:58
                    [updated_at] => 2025-09-25 09:00:58
                    [codigo_activacion] => 
                    [fecha_activacion] => 
                    [nombre_usuario] => brunito
                    [email_usuario] => brunocameille@alumnos.itr3.edu.ar
                    [ultima_lectura] => Array
                        (
                            [id] => 8813
                            [id_dispositivo] => 2
                            [id_usuario] => 1
                            [voltaje] => 118.75
                            [corriente] => 3.0956
                            [potencia] => 367.6
                            [kwh] => 0.01
                            [limite_superado] => 0
                            [fecha] => 2025-08-22 13:11:02
                            [mac_address] => 08:D1:F9:A5:2A:14
                        )

                )

            [2] => Array
                (
                    [id_dispositivo] => 29
                    [nombre] => sadasd
                    [id_usuario] => 1
                    [mac_address] => AA:C3:CC:D1:EE:2F
                    [ip_address] => 
                    [ultima_conexion] => 
                    [estado] => activo
                    [created_at] => 2025-06-27 10:12:51
                    [stock] => 0
                    [precio] => 0
                    [descripcion] => 
                    [fecha_actualizacion] => 2025-09-02 12:11:21
                    [updated_at] => 
                    [codigo_activacion] => 
                    [fecha_activacion] => 
                    [nombre_usuario] => brunito
                    [email_usuario] => brunocameille@alumnos.itr3.edu.ar
                    [ultima_lectura] => 
                )

        )

    [dispositivos_propios] => Array
        (
            [0] => Array
                (
                    [id_dispositivo] => 1
                    [nombre] => medidor de ecovolt
                    [id_usuario] => 1
                    [mac_address] => 00:1A:2B:3C:4D:5E
                    [ip_address] => 
                    [ultima_conexion] => 
                    [estado] => activo
                    [created_at] => 2025-04-10 22:26:34
                    [stock] => 43
                    [precio] => 85
                    [descripcion] => 
                    [fecha_actualizacion] => 2025-06-27 08:44:59
                    [updated_at] => 2025-06-12 15:06:14
                    [codigo_activacion] => 
                    [fecha_activacion] => 
                    [nombre_usuario] => brunito
                    [email_usuario] => brunocameille@alumnos.itr3.edu.ar
                    [ultima_lectura] => 
                )

            [1] => Array
                (
                    [id_dispositivo] => 2
                    [nombre] => ECOVOLT HOYY 25/9
                    [id_usuario] => 1
                    [mac_address] => 08:D1:F9:A5:2A:14
                    [ip_address] => 
                    [ultima_conexion] => 
                    [estado] => activo
                    [created_at] => 2025-04-11 10:03:27
                    [stock] => 0
                    [precio] => 0
                    [descripcion] => adasdada
                    [fecha_actualizacion] => 2025-09-25 09:00:58
                    [updated_at] => 2025-09-25 09:00:58
                    [codigo_activacion] => 
                    [fecha_activacion] => 
                    [nombre_usuario] => brunito
                    [email_usuario] => brunocameille@alumnos.itr3.edu.ar
                    [ultima_lectura] => Array
                        (
                            [id] => 8813
                            [id_dispositivo] => 2
                            [id_usuario] => 1
                            [voltaje] => 118.75
                            [corriente] => 3.0956
                            [potencia] => 367.6
                            [kwh] => 0.01
                            [limite_superado] => 0
                            [fecha] => 2025-08-22 13:11:02
                            [mac_address] => 08:D1:F9:A5:2A:14
                        )

                )

            [2] => Array
                (
                    [id_dispositivo] => 29
                    [nombre] => sadasd
                    [id_usuario] => 1
                    [mac_address] => AA:C3:CC:D1:EE:2F
                    [ip_address] => 
                    [ultima_conexion] => 
                    [estado] => activo
                    [created_at] => 2025-06-27 10:12:51
                    [stock] => 0
                    [precio] => 0
                    [descripcion] => 
                    [fecha_actualizacion] => 2025-09-02 12:11:21
                    [updated_at] => 
                    [codigo_activacion] => 
                    [fecha_activacion] => 
                    [nombre_usuario] => brunito
                    [email_usuario] => brunocameille@alumnos.itr3.edu.ar
                    [ultima_lectura] => 
                )

        )

    [dispositivos_compartidos] => Array
        (
        )

    [consumo24h] => 
    [consumoPromedio] => 0
    [activosPropios] => 3
)

DEBUG - 2025-09-25 09:04:50 --> Ruta actual: /Tesina/public/energia/dispositivo/2
INFO - 2025-09-25 09:04:50 --> Session: Class initialized using 'CodeIgniter\Session\Handlers\FileHandler' driver.
DEBUG - 2025-09-25 09:04:50 --> Datos en sesión: Array
(
    [__ci_last_regenerate] => 1758801830
    [_ci_previous_url] => http://192.168.2.182/Tesina/public/usuario
    [id_usuario] => 1
    [nombre] => brunito
    [apellido] => barber
    [email] => brunocameille@alumnos.itr3.edu.ar
    [rol] => usuario
    [logged_in] => 1
)

INFO - 2025-09-25 09:04:51 --> Session: Class initialized using 'CodeIgniter\Session\Handlers\FileHandler' driver.
DEBUG - 2025-09-25 09:04:53 --> Ruta actual: /Tesina/public/usuario
INFO - 2025-09-25 09:04:53 --> Session: Class initialized using 'CodeIgniter\Session\Handlers\FileHandler' driver.
DEBUG - 2025-09-25 09:04:53 --> Datos en sesión: Array
(
    [__ci_last_regenerate] => 1758801830
    [_ci_previous_url] => http://192.168.2.182/Tesina/public/energia/dispositivo/2
    [id_usuario] => 1
    [nombre] => brunito
    [apellido] => barber
    [email] => brunocameille@alumnos.itr3.edu.ar
    [rol] => usuario
    [logged_in] => 1
)

DEBUG - 2025-09-25 09:04:53 --> Usuario ID: 1
DEBUG - 2025-09-25 09:04:53 --> Buscando usuario ID: 1
DEBUG - 2025-09-25 09:04:53 --> Resultado de la búsqueda: Array
(
    [id_usuario] => 1
    [nombre] => brunito
    [apellido] => barber
    [email] => brunocameille@alumnos.itr3.edu.ar
    [contrasena] => $2y$10$F4xQfULyrVhG1JD8Y21QR.vgn9Fzd257acxjmQqHQ3OYfEqBaAPb6
    [direccion_id] => 0
    [id_rol] => 2
    [created_at] => 2025-04-07 13:37:30
    [updated_at] => 2025-09-25 09:04:36
    [invitado_por] => 
    [estado] => activo
    [token_activacion] => 
)

DEBUG - 2025-09-25 09:04:53 --> Datos del usuario: Array
(
    [id_usuario] => 1
    [nombre] => brunito
    [apellido] => barber
    [email] => brunocameille@alumnos.itr3.edu.ar
    [contrasena] => $2y$10$F4xQfULyrVhG1JD8Y21QR.vgn9Fzd257acxjmQqHQ3OYfEqBaAPb6
    [direccion_id] => 0
    [id_rol] => 2
    [created_at] => 2025-04-07 13:37:30
    [updated_at] => 2025-09-25 09:04:36
    [invitado_por] => 
    [estado] => activo
    [token_activacion] => 
)

DEBUG - 2025-09-25 09:04:53 --> Dispositivos encontrados: Array
(
    [0] => Array
        (
            [id_dispositivo] => 1
            [nombre] => medidor de ecovolt
            [id_usuario] => 1
            [mac_address] => 00:1A:2B:3C:4D:5E
            [ip_address] => 
            [ultima_conexion] => 
            [estado] => activo
            [created_at] => 2025-04-10 22:26:34
            [stock] => 43
            [precio] => 85
            [descripcion] => 
            [fecha_actualizacion] => 2025-06-27 08:44:59
            [updated_at] => 2025-06-12 15:06:14
            [codigo_activacion] => 
            [fecha_activacion] => 
            [nombre_usuario] => brunito
            [email_usuario] => brunocameille@alumnos.itr3.edu.ar
            [ultima_lectura] => 
        )

    [1] => Array
        (
            [id_dispositivo] => 2
            [nombre] => ECOVOLT HOYY 25/9
            [id_usuario] => 1
            [mac_address] => 08:D1:F9:A5:2A:14
            [ip_address] => 
            [ultima_conexion] => 
            [estado] => activo
            [created_at] => 2025-04-11 10:03:27
            [stock] => 0
            [precio] => 0
            [descripcion] => adasdada
            [fecha_actualizacion] => 2025-09-25 09:00:58
            [updated_at] => 2025-09-25 09:00:58
            [codigo_activacion] => 
            [fecha_activacion] => 
            [nombre_usuario] => brunito
            [email_usuario] => brunocameille@alumnos.itr3.edu.ar
            [ultima_lectura] => Array
                (
                    [id] => 8813
                    [id_dispositivo] => 2
                    [id_usuario] => 1
                    [voltaje] => 118.75
                    [corriente] => 3.0956
                    [potencia] => 367.6
                    [kwh] => 0.01
                    [limite_superado] => 0
                    [fecha] => 2025-08-22 13:11:02
                    [mac_address] => 08:D1:F9:A5:2A:14
                )

        )

    [2] => Array
        (
            [id_dispositivo] => 29
            [nombre] => sadasd
            [id_usuario] => 1
            [mac_address] => AA:C3:CC:D1:EE:2F
            [ip_address] => 
            [ultima_conexion] => 
            [estado] => activo
            [created_at] => 2025-06-27 10:12:51
            [stock] => 0
            [precio] => 0
            [descripcion] => 
            [fecha_actualizacion] => 2025-09-02 12:11:21
            [updated_at] => 
            [codigo_activacion] => 
            [fecha_activacion] => 
            [nombre_usuario] => brunito
            [email_usuario] => brunocameille@alumnos.itr3.edu.ar
            [ultima_lectura] => 
        )

)

DEBUG - 2025-09-25 09:04:53 --> Consumo 24h: 
DEBUG - 2025-09-25 09:04:53 --> Consumo promedio: 0
DEBUG - 2025-09-25 09:04:53 --> Datos enviados a la vista: Array
(
    [usuario] => Array
        (
            [id_usuario] => 1
            [nombre] => brunito
            [apellido] => barber
            [email] => brunocameille@alumnos.itr3.edu.ar
            [contrasena] => $2y$10$F4xQfULyrVhG1JD8Y21QR.vgn9Fzd257acxjmQqHQ3OYfEqBaAPb6
            [direccion_id] => 0
            [id_rol] => 2
            [created_at] => 2025-04-07 13:37:30
            [updated_at] => 2025-09-25 09:04:36
            [invitado_por] => 
            [estado] => activo
            [token_activacion] => 
        )

    [dispositivos] => Array
        (
            [0] => Array
                (
                    [id_dispositivo] => 1
                    [nombre] => medidor de ecovolt
                    [id_usuario] => 1
                    [mac_address] => 00:1A:2B:3C:4D:5E
                    [ip_address] => 
                    [ultima_conexion] => 
                    [estado] => activo
                    [created_at] => 2025-04-10 22:26:34
                    [stock] => 43
                    [precio] => 85
                    [descripcion] => 
                    [fecha_actualizacion] => 2025-06-27 08:44:59
                    [updated_at] => 2025-06-12 15:06:14
                    [codigo_activacion] => 
                    [fecha_activacion] => 
                    [nombre_usuario] => brunito
                    [email_usuario] => brunocameille@alumnos.itr3.edu.ar
                    [ultima_lectura] => 
                )

            [1] => Array
                (
                    [id_dispositivo] => 2
                    [nombre] => ECOVOLT HOYY 25/9
                    [id_usuario] => 1
                    [mac_address] => 08:D1:F9:A5:2A:14
                    [ip_address] => 
                    [ultima_conexion] => 
                    [estado] => activo
                    [created_at] => 2025-04-11 10:03:27
                    [stock] => 0
                    [precio] => 0
                    [descripcion] => adasdada
                    [fecha_actualizacion] => 2025-09-25 09:00:58
                    [updated_at] => 2025-09-25 09:00:58
                    [codigo_activacion] => 
                    [fecha_activacion] => 
                    [nombre_usuario] => brunito
                    [email_usuario] => brunocameille@alumnos.itr3.edu.ar
                    [ultima_lectura] => Array
                        (
                            [id] => 8813
                            [id_dispositivo] => 2
                            [id_usuario] => 1
                            [voltaje] => 118.75
                            [corriente] => 3.0956
                            [potencia] => 367.6
                            [kwh] => 0.01
                            [limite_superado] => 0
                            [fecha] => 2025-08-22 13:11:02
                            [mac_address] => 08:D1:F9:A5:2A:14
                        )

                )

            [2] => Array
                (
                    [id_dispositivo] => 29
                    [nombre] => sadasd
                    [id_usuario] => 1
                    [mac_address] => AA:C3:CC:D1:EE:2F
                    [ip_address] => 
                    [ultima_conexion] => 
                    [estado] => activo
                    [created_at] => 2025-06-27 10:12:51
                    [stock] => 0
                    [precio] => 0
                    [descripcion] => 
                    [fecha_actualizacion] => 2025-09-02 12:11:21
                    [updated_at] => 
                    [codigo_activacion] => 
                    [fecha_activacion] => 
                    [nombre_usuario] => brunito
                    [email_usuario] => brunocameille@alumnos.itr3.edu.ar
                    [ultima_lectura] => 
                )

        )

    [dispositivos_propios] => Array
        (
            [0] => Array
                (
                    [id_dispositivo] => 1
                    [nombre] => medidor de ecovolt
                    [id_usuario] => 1
                    [mac_address] => 00:1A:2B:3C:4D:5E
                    [ip_address] => 
                    [ultima_conexion] => 
                    [estado] => activo
                    [created_at] => 2025-04-10 22:26:34
                    [stock] => 43
                    [precio] => 85
                    [descripcion] => 
                    [fecha_actualizacion] => 2025-06-27 08:44:59
                    [updated_at] => 2025-06-12 15:06:14
                    [codigo_activacion] => 
                    [fecha_activacion] => 
                    [nombre_usuario] => brunito
                    [email_usuario] => brunocameille@alumnos.itr3.edu.ar
                    [ultima_lectura] => 
                )

            [1] => Array
                (
                    [id_dispositivo] => 2
                    [nombre] => ECOVOLT HOYY 25/9
                    [id_usuario] => 1
                    [mac_address] => 08:D1:F9:A5:2A:14
                    [ip_address] => 
                    [ultima_conexion] => 
                    [estado] => activo
                    [created_at] => 2025-04-11 10:03:27
                    [stock] => 0
                    [precio] => 0
                    [descripcion] => adasdada
                    [fecha_actualizacion] => 2025-09-25 09:00:58
                    [updated_at] => 2025-09-25 09:00:58
                    [codigo_activacion] => 
                    [fecha_activacion] => 
                    [nombre_usuario] => brunito
                    [email_usuario] => brunocameille@alumnos.itr3.edu.ar
                    [ultima_lectura] => Array
                        (
                            [id] => 8813
                            [id_dispositivo] => 2
                            [id_usuario] => 1
                            [voltaje] => 118.75
                            [corriente] => 3.0956
                            [potencia] => 367.6
                            [kwh] => 0.01
                            [limite_superado] => 0
                            [fecha] => 2025-08-22 13:11:02
                            [mac_address] => 08:D1:F9:A5:2A:14
                        )

                )

            [2] => Array
                (
                    [id_dispositivo] => 29
                    [nombre] => sadasd
                    [id_usuario] => 1
                    [mac_address] => AA:C3:CC:D1:EE:2F
                    [ip_address] => 
                    [ultima_conexion] => 
                    [estado] => activo
                    [created_at] => 2025-06-27 10:12:51
                    [stock] => 0
                    [precio] => 0
                    [descripcion] => 
                    [fecha_actualizacion] => 2025-09-02 12:11:21
                    [updated_at] => 
                    [codigo_activacion] => 
                    [fecha_activacion] => 
                    [nombre_usuario] => brunito
                    [email_usuario] => brunocameille@alumnos.itr3.edu.ar
                    [ultima_lectura] => 
                )

        )

    [dispositivos_compartidos] => Array
        (
        )

    [consumo24h] => 
    [consumoPromedio] => 0
    [activosPropios] => 3
)

DEBUG - 2025-09-25 09:06:14 --> Ruta actual: /Tesina/public/usuario
INFO - 2025-09-25 09:06:14 --> Session: Class initialized using 'CodeIgniter\Session\Handlers\FileHandler' driver.
DEBUG - 2025-09-25 09:06:14 --> Datos en sesión: Array
(
    [__ci_last_regenerate] => 1758801830
    [_ci_previous_url] => http://192.168.2.182/Tesina/public/usuario
    [id_usuario] => 1
    [nombre] => brunito
    [apellido] => barber
    [email] => brunocameille@alumnos.itr3.edu.ar
    [rol] => usuario
    [logged_in] => 1
)

DEBUG - 2025-09-25 09:06:14 --> Usuario ID: 1
DEBUG - 2025-09-25 09:06:14 --> Buscando usuario ID: 1
DEBUG - 2025-09-25 09:06:14 --> Resultado de la búsqueda: Array
(
    [id_usuario] => 1
    [nombre] => brunito
    [apellido] => barber
    [email] => brunocameille@alumnos.itr3.edu.ar
    [contrasena] => $2y$10$F4xQfULyrVhG1JD8Y21QR.vgn9Fzd257acxjmQqHQ3OYfEqBaAPb6
    [direccion_id] => 0
    [id_rol] => 2
    [created_at] => 2025-04-07 13:37:30
    [updated_at] => 2025-09-25 09:04:36
    [invitado_por] => 
    [estado] => activo
    [token_activacion] => 
)

DEBUG - 2025-09-25 09:06:14 --> Datos del usuario: Array
(
    [id_usuario] => 1
    [nombre] => brunito
    [apellido] => barber
    [email] => brunocameille@alumnos.itr3.edu.ar
    [contrasena] => $2y$10$F4xQfULyrVhG1JD8Y21QR.vgn9Fzd257acxjmQqHQ3OYfEqBaAPb6
    [direccion_id] => 0
    [id_rol] => 2
    [created_at] => 2025-04-07 13:37:30
    [updated_at] => 2025-09-25 09:04:36
    [invitado_por] => 
    [estado] => activo
    [token_activacion] => 
)

DEBUG - 2025-09-25 09:06:14 --> Dispositivos encontrados: Array
(
    [0] => Array
        (
            [id_dispositivo] => 1
            [nombre] => medidor de ecovolt
            [id_usuario] => 1
            [mac_address] => 00:1A:2B:3C:4D:5E
            [ip_address] => 
            [ultima_conexion] => 
            [estado] => activo
            [created_at] => 2025-04-10 22:26:34
            [stock] => 43
            [precio] => 85
            [descripcion] => 
            [fecha_actualizacion] => 2025-06-27 08:44:59
            [updated_at] => 2025-06-12 15:06:14
            [codigo_activacion] => 
            [fecha_activacion] => 
            [nombre_usuario] => brunito
            [email_usuario] => brunocameille@alumnos.itr3.edu.ar
            [ultima_lectura] => 
        )

    [1] => Array
        (
            [id_dispositivo] => 2
            [nombre] => ECOVOLT HOYY 25/9
            [id_usuario] => 1
            [mac_address] => 08:D1:F9:A5:2A:14
            [ip_address] => 
            [ultima_conexion] => 
            [estado] => activo
            [created_at] => 2025-04-11 10:03:27
            [stock] => 0
            [precio] => 0
            [descripcion] => adasdada
            [fecha_actualizacion] => 2025-09-25 09:00:58
            [updated_at] => 2025-09-25 09:00:58
            [codigo_activacion] => 
            [fecha_activacion] => 
            [nombre_usuario] => brunito
            [email_usuario] => brunocameille@alumnos.itr3.edu.ar
            [ultima_lectura] => Array
                (
                    [id] => 8813
                    [id_dispositivo] => 2
                    [id_usuario] => 1
                    [voltaje] => 118.75
                    [corriente] => 3.0956
                    [potencia] => 367.6
                    [kwh] => 0.01
                    [limite_superado] => 0
                    [fecha] => 2025-08-22 13:11:02
                    [mac_address] => 08:D1:F9:A5:2A:14
                )

        )

    [2] => Array
        (
            [id_dispositivo] => 29
            [nombre] => sadasd
            [id_usuario] => 1
            [mac_address] => AA:C3:CC:D1:EE:2F
            [ip_address] => 
            [ultima_conexion] => 
            [estado] => activo
            [created_at] => 2025-06-27 10:12:51
            [stock] => 0
            [precio] => 0
            [descripcion] => 
            [fecha_actualizacion] => 2025-09-02 12:11:21
            [updated_at] => 
            [codigo_activacion] => 
            [fecha_activacion] => 
            [nombre_usuario] => brunito
            [email_usuario] => brunocameille@alumnos.itr3.edu.ar
            [ultima_lectura] => 
        )

)

DEBUG - 2025-09-25 09:06:14 --> Consumo 24h: 
DEBUG - 2025-09-25 09:06:14 --> Consumo promedio: 0
DEBUG - 2025-09-25 09:06:14 --> Datos enviados a la vista: Array
(
    [usuario] => Array
        (
            [id_usuario] => 1
            [nombre] => brunito
            [apellido] => barber
            [email] => brunocameille@alumnos.itr3.edu.ar
            [contrasena] => $2y$10$F4xQfULyrVhG1JD8Y21QR.vgn9Fzd257acxjmQqHQ3OYfEqBaAPb6
            [direccion_id] => 0
            [id_rol] => 2
            [created_at] => 2025-04-07 13:37:30
            [updated_at] => 2025-09-25 09:04:36
            [invitado_por] => 
            [estado] => activo
            [token_activacion] => 
        )

    [dispositivos] => Array
        (
            [0] => Array
                (
                    [id_dispositivo] => 1
                    [nombre] => medidor de ecovolt
                    [id_usuario] => 1
                    [mac_address] => 00:1A:2B:3C:4D:5E
                    [ip_address] => 
                    [ultima_conexion] => 
                    [estado] => activo
                    [created_at] => 2025-04-10 22:26:34
                    [stock] => 43
                    [precio] => 85
                    [descripcion] => 
                    [fecha_actualizacion] => 2025-06-27 08:44:59
                    [updated_at] => 2025-06-12 15:06:14
                    [codigo_activacion] => 
                    [fecha_activacion] => 
                    [nombre_usuario] => brunito
                    [email_usuario] => brunocameille@alumnos.itr3.edu.ar
                    [ultima_lectura] => 
                )

            [1] => Array
                (
                    [id_dispositivo] => 2
                    [nombre] => ECOVOLT HOYY 25/9
                    [id_usuario] => 1
                    [mac_address] => 08:D1:F9:A5:2A:14
                    [ip_address] => 
                    [ultima_conexion] => 
                    [estado] => activo
                    [created_at] => 2025-04-11 10:03:27
                    [stock] => 0
                    [precio] => 0
                    [descripcion] => adasdada
                    [fecha_actualizacion] => 2025-09-25 09:00:58
                    [updated_at] => 2025-09-25 09:00:58
                    [codigo_activacion] => 
                    [fecha_activacion] => 
                    [nombre_usuario] => brunito
                    [email_usuario] => brunocameille@alumnos.itr3.edu.ar
                    [ultima_lectura] => Array
                        (
                            [id] => 8813
                            [id_dispositivo] => 2
                            [id_usuario] => 1
                            [voltaje] => 118.75
                            [corriente] => 3.0956
                            [potencia] => 367.6
                            [kwh] => 0.01
                            [limite_superado] => 0
                            [fecha] => 2025-08-22 13:11:02
                            [mac_address] => 08:D1:F9:A5:2A:14
                        )

                )

            [2] => Array
                (
                    [id_dispositivo] => 29
                    [nombre] => sadasd
                    [id_usuario] => 1
                    [mac_address] => AA:C3:CC:D1:EE:2F
                    [ip_address] => 
                    [ultima_conexion] => 
                    [estado] => activo
                    [created_at] => 2025-06-27 10:12:51
                    [stock] => 0
                    [precio] => 0
                    [descripcion] => 
                    [fecha_actualizacion] => 2025-09-02 12:11:21
                    [updated_at] => 
                    [codigo_activacion] => 
                    [fecha_activacion] => 
                    [nombre_usuario] => brunito
                    [email_usuario] => brunocameille@alumnos.itr3.edu.ar
                    [ultima_lectura] => 
                )

        )

    [dispositivos_propios] => Array
        (
            [0] => Array
                (
                    [id_dispositivo] => 1
                    [nombre] => medidor de ecovolt
                    [id_usuario] => 1
                    [mac_address] => 00:1A:2B:3C:4D:5E
                    [ip_address] => 
                    [ultima_conexion] => 
                    [estado] => activo
                    [created_at] => 2025-04-10 22:26:34
                    [stock] => 43
                    [precio] => 85
                    [descripcion] => 
                    [fecha_actualizacion] => 2025-06-27 08:44:59
                    [updated_at] => 2025-06-12 15:06:14
                    [codigo_activacion] => 
                    [fecha_activacion] => 
                    [nombre_usuario] => brunito
                    [email_usuario] => brunocameille@alumnos.itr3.edu.ar
                    [ultima_lectura] => 
                )

            [1] => Array
                (
                    [id_dispositivo] => 2
                    [nombre] => ECOVOLT HOYY 25/9
                    [id_usuario] => 1
                    [mac_address] => 08:D1:F9:A5:2A:14
                    [ip_address] => 
                    [ultima_conexion] => 
                    [estado] => activo
                    [created_at] => 2025-04-11 10:03:27
                    [stock] => 0
                    [precio] => 0
                    [descripcion] => adasdada
                    [fecha_actualizacion] => 2025-09-25 09:00:58
                    [updated_at] => 2025-09-25 09:00:58
                    [codigo_activacion] => 
                    [fecha_activacion] => 
                    [nombre_usuario] => brunito
                    [email_usuario] => brunocameille@alumnos.itr3.edu.ar
                    [ultima_lectura] => Array
                        (
                            [id] => 8813
                            [id_dispositivo] => 2
                            [id_usuario] => 1
                            [voltaje] => 118.75
                            [corriente] => 3.0956
                            [potencia] => 367.6
                            [kwh] => 0.01
                            [limite_superado] => 0
                            [fecha] => 2025-08-22 13:11:02
                            [mac_address] => 08:D1:F9:A5:2A:14
                        )

                )

            [2] => Array
                (
                    [id_dispositivo] => 29
                    [nombre] => sadasd
                    [id_usuario] => 1
                    [mac_address] => AA:C3:CC:D1:EE:2F
                    [ip_address] => 
                    [ultima_conexion] => 
                    [estado] => activo
                    [created_at] => 2025-06-27 10:12:51
                    [stock] => 0
                    [precio] => 0
                    [descripcion] => 
                    [fecha_actualizacion] => 2025-09-02 12:11:21
                    [updated_at] => 
                    [codigo_activacion] => 
                    [fecha_activacion] => 
                    [nombre_usuario] => brunito
                    [email_usuario] => brunocameille@alumnos.itr3.edu.ar
                    [ultima_lectura] => 
                )

        )

    [dispositivos_compartidos] => Array
        (
        )

    [consumo24h] => 
    [consumoPromedio] => 0
    [activosPropios] => 3
)

DEBUG - 2025-09-25 09:31:05 --> Ruta actual: /Tesina/public/usuario
INFO - 2025-09-25 09:31:05 --> Session: Class initialized using 'CodeIgniter\Session\Handlers\FileHandler' driver.
DEBUG - 2025-09-25 09:31:05 --> Datos en sesión: Array
(
    [__ci_last_regenerate] => 1758803465
    [_ci_previous_url] => http://192.168.2.182/Tesina/public/usuario
    [id_usuario] => 1
    [nombre] => brunito
    [apellido] => barber
    [email] => brunocameille@alumnos.itr3.edu.ar
    [rol] => usuario
    [logged_in] => 1
)

DEBUG - 2025-09-25 09:31:06 --> Usuario ID: 1
DEBUG - 2025-09-25 09:31:06 --> Buscando usuario ID: 1
DEBUG - 2025-09-25 09:31:09 --> Resultado de la búsqueda: Array
(
    [id_usuario] => 1
    [nombre] => brunito
    [apellido] => barber
    [email] => brunocameille@alumnos.itr3.edu.ar
    [contrasena] => $2y$10$F4xQfULyrVhG1JD8Y21QR.vgn9Fzd257acxjmQqHQ3OYfEqBaAPb6
    [direccion_id] => 0
    [id_rol] => 2
    [created_at] => 2025-04-07 13:37:30
    [updated_at] => 2025-09-25 09:04:36
    [invitado_por] => 
    [estado] => activo
    [token_activacion] => 
)

DEBUG - 2025-09-25 09:31:09 --> Datos del usuario: Array
(
    [id_usuario] => 1
    [nombre] => brunito
    [apellido] => barber
    [email] => brunocameille@alumnos.itr3.edu.ar
    [contrasena] => $2y$10$F4xQfULyrVhG1JD8Y21QR.vgn9Fzd257acxjmQqHQ3OYfEqBaAPb6
    [direccion_id] => 0
    [id_rol] => 2
    [created_at] => 2025-04-07 13:37:30
    [updated_at] => 2025-09-25 09:04:36
    [invitado_por] => 
    [estado] => activo
    [token_activacion] => 
)

DEBUG - 2025-09-25 09:31:09 --> Ruta actual: /Tesina/public/usuario
INFO - 2025-09-25 09:31:09 --> Session: Class initialized using 'CodeIgniter\Session\Handlers\FileHandler' driver.
DEBUG - 2025-09-25 09:31:09 --> Datos en sesión: Array
(
    [__ci_last_regenerate] => 1758803465
    [_ci_previous_url] => http://192.168.2.182/Tesina/public/usuario
    [id_usuario] => 1
    [nombre] => brunito
    [apellido] => barber
    [email] => brunocameille@alumnos.itr3.edu.ar
    [rol] => usuario
    [logged_in] => 1
)

DEBUG - 2025-09-25 09:31:09 --> Dispositivos encontrados: Array
(
    [0] => Array
        (
            [id_dispositivo] => 1
            [nombre] => medidor de ecovolt
            [id_usuario] => 1
            [mac_address] => 00:1A:2B:3C:4D:5E
            [ip_address] => 
            [ultima_conexion] => 
            [estado] => activo
            [created_at] => 2025-04-10 22:26:34
            [stock] => 43
            [precio] => 85
            [descripcion] => 
            [fecha_actualizacion] => 2025-06-27 08:44:59
            [updated_at] => 2025-06-12 15:06:14
            [codigo_activacion] => 
            [fecha_activacion] => 
            [nombre_usuario] => brunito
            [email_usuario] => brunocameille@alumnos.itr3.edu.ar
            [ultima_lectura] => 
        )

    [1] => Array
        (
            [id_dispositivo] => 2
            [nombre] => ECOVOLT HOYY 25/9
            [id_usuario] => 1
            [mac_address] => 08:D1:F9:A5:2A:14
            [ip_address] => 
            [ultima_conexion] => 
            [estado] => activo
            [created_at] => 2025-04-11 10:03:27
            [stock] => 0
            [precio] => 0
            [descripcion] => adasdada
            [fecha_actualizacion] => 2025-09-25 09:00:58
            [updated_at] => 2025-09-25 09:00:58
            [codigo_activacion] => 
            [fecha_activacion] => 
            [nombre_usuario] => brunito
            [email_usuario] => brunocameille@alumnos.itr3.edu.ar
            [ultima_lectura] => Array
                (
                    [id] => 8813
                    [id_dispositivo] => 2
                    [id_usuario] => 1
                    [voltaje] => 118.75
                    [corriente] => 3.0956
                    [potencia] => 367.6
                    [kwh] => 0.01
                    [limite_superado] => 0
                    [fecha] => 2025-08-22 13:11:02
                    [mac_address] => 08:D1:F9:A5:2A:14
                )

        )

    [2] => Array
        (
            [id_dispositivo] => 29
            [nombre] => sadasd
            [id_usuario] => 1
            [mac_address] => AA:C3:CC:D1:EE:2F
            [ip_address] => 
            [ultima_conexion] => 
            [estado] => activo
            [created_at] => 2025-06-27 10:12:51
            [stock] => 0
            [precio] => 0
            [descripcion] => 
            [fecha_actualizacion] => 2025-09-02 12:11:21
            [updated_at] => 
            [codigo_activacion] => 
            [fecha_activacion] => 
            [nombre_usuario] => brunito
            [email_usuario] => brunocameille@alumnos.itr3.edu.ar
            [ultima_lectura] => 
        )

)

DEBUG - 2025-09-25 09:31:09 --> Consumo 24h: 
DEBUG - 2025-09-25 09:31:09 --> Consumo promedio: 0
DEBUG - 2025-09-25 09:31:09 --> Datos enviados a la vista: Array
(
    [usuario] => Array
        (
            [id_usuario] => 1
            [nombre] => brunito
            [apellido] => barber
            [email] => brunocameille@alumnos.itr3.edu.ar
            [contrasena] => $2y$10$F4xQfULyrVhG1JD8Y21QR.vgn9Fzd257acxjmQqHQ3OYfEqBaAPb6
            [direccion_id] => 0
            [id_rol] => 2
            [created_at] => 2025-04-07 13:37:30
            [updated_at] => 2025-09-25 09:04:36
            [invitado_por] => 
            [estado] => activo
            [token_activacion] => 
        )

    [dispositivos] => Array
        (
            [0] => Array
                (
                    [id_dispositivo] => 1
                    [nombre] => medidor de ecovolt
                    [id_usuario] => 1
                    [mac_address] => 00:1A:2B:3C:4D:5E
                    [ip_address] => 
                    [ultima_conexion] => 
                    [estado] => activo
                    [created_at] => 2025-04-10 22:26:34
                    [stock] => 43
                    [precio] => 85
                    [descripcion] => 
                    [fecha_actualizacion] => 2025-06-27 08:44:59
                    [updated_at] => 2025-06-12 15:06:14
                    [codigo_activacion] => 
                    [fecha_activacion] => 
                    [nombre_usuario] => brunito
                    [email_usuario] => brunocameille@alumnos.itr3.edu.ar
                    [ultima_lectura] => 
                )

            [1] => Array
                (
                    [id_dispositivo] => 2
                    [nombre] => ECOVOLT HOYY 25/9
                    [id_usuario] => 1
                    [mac_address] => 08:D1:F9:A5:2A:14
                    [ip_address] => 
                    [ultima_conexion] => 
                    [estado] => activo
                    [created_at] => 2025-04-11 10:03:27
                    [stock] => 0
                    [precio] => 0
                    [descripcion] => adasdada
                    [fecha_actualizacion] => 2025-09-25 09:00:58
                    [updated_at] => 2025-09-25 09:00:58
                    [codigo_activacion] => 
                    [fecha_activacion] => 
                    [nombre_usuario] => brunito
                    [email_usuario] => brunocameille@alumnos.itr3.edu.ar
                    [ultima_lectura] => Array
                        (
                            [id] => 8813
                            [id_dispositivo] => 2
                            [id_usuario] => 1
                            [voltaje] => 118.75
                            [corriente] => 3.0956
                            [potencia] => 367.6
                            [kwh] => 0.01
                            [limite_superado] => 0
                            [fecha] => 2025-08-22 13:11:02
                            [mac_address] => 08:D1:F9:A5:2A:14
                        )

                )

            [2] => Array
                (
                    [id_dispositivo] => 29
                    [nombre] => sadasd
                    [id_usuario] => 1
                    [mac_address] => AA:C3:CC:D1:EE:2F
                    [ip_address] => 
                    [ultima_conexion] => 
                    [estado] => activo
                    [created_at] => 2025-06-27 10:12:51
                    [stock] => 0
                    [precio] => 0
                    [descripcion] => 
                    [fecha_actualizacion] => 2025-09-02 12:11:21
                    [updated_at] => 
                    [codigo_activacion] => 
                    [fecha_activacion] => 
                    [nombre_usuario] => brunito
                    [email_usuario] => brunocameille@alumnos.itr3.edu.ar
                    [ultima_lectura] => 
                )

        )

    [dispositivos_propios] => Array
        (
            [0] => Array
                (
                    [id_dispositivo] => 1
                    [nombre] => medidor de ecovolt
                    [id_usuario] => 1
                    [mac_address] => 00:1A:2B:3C:4D:5E
                    [ip_address] => 
                    [ultima_conexion] => 
                    [estado] => activo
                    [created_at] => 2025-04-10 22:26:34
                    [stock] => 43
                    [precio] => 85
                    [descripcion] => 
                    [fecha_actualizacion] => 2025-06-27 08:44:59
                    [updated_at] => 2025-06-12 15:06:14
                    [codigo_activacion] => 
                    [fecha_activacion] => 
                    [nombre_usuario] => brunito
                    [email_usuario] => brunocameille@alumnos.itr3.edu.ar
                    [ultima_lectura] => 
                )

            [1] => Array
                (
                    [id_dispositivo] => 2
                    [nombre] => ECOVOLT HOYY 25/9
                    [id_usuario] => 1
                    [mac_address] => 08:D1:F9:A5:2A:14
                    [ip_address] => 
                    [ultima_conexion] => 
                    [estado] => activo
                    [created_at] => 2025-04-11 10:03:27
                    [stock] => 0
                    [precio] => 0
                    [descripcion] => adasdada
                    [fecha_actualizacion] => 2025-09-25 09:00:58
                    [updated_at] => 2025-09-25 09:00:58
                    [codigo_activacion] => 
                    [fecha_activacion] => 
                    [nombre_usuario] => brunito
                    [email_usuario] => brunocameille@alumnos.itr3.edu.ar
                    [ultima_lectura] => Array
                        (
                            [id] => 8813
                            [id_dispositivo] => 2
                            [id_usuario] => 1
                            [voltaje] => 118.75
                            [corriente] => 3.0956
                            [potencia] => 367.6
                            [kwh] => 0.01
                            [limite_superado] => 0
                            [fecha] => 2025-08-22 13:11:02
                            [mac_address] => 08:D1:F9:A5:2A:14
                        )

                )

            [2] => Array
                (
                    [id_dispositivo] => 29
                    [nombre] => sadasd
                    [id_usuario] => 1
                    [mac_address] => AA:C3:CC:D1:EE:2F
                    [ip_address] => 
                    [ultima_conexion] => 
                    [estado] => activo
                    [created_at] => 2025-06-27 10:12:51
                    [stock] => 0
                    [precio] => 0
                    [descripcion] => 
                    [fecha_actualizacion] => 2025-09-02 12:11:21
                    [updated_at] => 
                    [codigo_activacion] => 
                    [fecha_activacion] => 
                    [nombre_usuario] => brunito
                    [email_usuario] => brunocameille@alumnos.itr3.edu.ar
                    [ultima_lectura] => 
                )

        )

    [dispositivos_compartidos] => Array
        (
        )

    [consumo24h] => 
    [consumoPromedio] => 0
    [activosPropios] => 3
)

DEBUG - 2025-09-25 09:31:10 --> Usuario ID: 1
DEBUG - 2025-09-25 09:31:10 --> Buscando usuario ID: 1
DEBUG - 2025-09-25 09:31:10 --> Resultado de la búsqueda: Array
(
    [id_usuario] => 1
    [nombre] => brunito
    [apellido] => barber
    [email] => brunocameille@alumnos.itr3.edu.ar
    [contrasena] => $2y$10$F4xQfULyrVhG1JD8Y21QR.vgn9Fzd257acxjmQqHQ3OYfEqBaAPb6
    [direccion_id] => 0
    [id_rol] => 2
    [created_at] => 2025-04-07 13:37:30
    [updated_at] => 2025-09-25 09:04:36
    [invitado_por] => 
    [estado] => activo
    [token_activacion] => 
)

DEBUG - 2025-09-25 09:31:10 --> Datos del usuario: Array
(
    [id_usuario] => 1
    [nombre] => brunito
    [apellido] => barber
    [email] => brunocameille@alumnos.itr3.edu.ar
    [contrasena] => $2y$10$F4xQfULyrVhG1JD8Y21QR.vgn9Fzd257acxjmQqHQ3OYfEqBaAPb6
    [direccion_id] => 0
    [id_rol] => 2
    [created_at] => 2025-04-07 13:37:30
    [updated_at] => 2025-09-25 09:04:36
    [invitado_por] => 
    [estado] => activo
    [token_activacion] => 
)

DEBUG - 2025-09-25 09:31:10 --> Dispositivos encontrados: Array
(
    [0] => Array
        (
            [id_dispositivo] => 1
            [nombre] => medidor de ecovolt
            [id_usuario] => 1
            [mac_address] => 00:1A:2B:3C:4D:5E
            [ip_address] => 
            [ultima_conexion] => 
            [estado] => activo
            [created_at] => 2025-04-10 22:26:34
            [stock] => 43
            [precio] => 85
            [descripcion] => 
            [fecha_actualizacion] => 2025-06-27 08:44:59
            [updated_at] => 2025-06-12 15:06:14
            [codigo_activacion] => 
            [fecha_activacion] => 
            [nombre_usuario] => brunito
            [email_usuario] => brunocameille@alumnos.itr3.edu.ar
            [ultima_lectura] => 
        )

    [1] => Array
        (
            [id_dispositivo] => 2
            [nombre] => ECOVOLT HOYY 25/9
            [id_usuario] => 1
            [mac_address] => 08:D1:F9:A5:2A:14
            [ip_address] => 
            [ultima_conexion] => 
            [estado] => activo
            [created_at] => 2025-04-11 10:03:27
            [stock] => 0
            [precio] => 0
            [descripcion] => adasdada
            [fecha_actualizacion] => 2025-09-25 09:00:58
            [updated_at] => 2025-09-25 09:00:58
            [codigo_activacion] => 
            [fecha_activacion] => 
            [nombre_usuario] => brunito
            [email_usuario] => brunocameille@alumnos.itr3.edu.ar
            [ultima_lectura] => Array
                (
                    [id] => 8813
                    [id_dispositivo] => 2
                    [id_usuario] => 1
                    [voltaje] => 118.75
                    [corriente] => 3.0956
                    [potencia] => 367.6
                    [kwh] => 0.01
                    [limite_superado] => 0
                    [fecha] => 2025-08-22 13:11:02
                    [mac_address] => 08:D1:F9:A5:2A:14
                )

        )

    [2] => Array
        (
            [id_dispositivo] => 29
            [nombre] => sadasd
            [id_usuario] => 1
            [mac_address] => AA:C3:CC:D1:EE:2F
            [ip_address] => 
            [ultima_conexion] => 
            [estado] => activo
            [created_at] => 2025-06-27 10:12:51
            [stock] => 0
            [precio] => 0
            [descripcion] => 
            [fecha_actualizacion] => 2025-09-02 12:11:21
            [updated_at] => 
            [codigo_activacion] => 
            [fecha_activacion] => 
            [nombre_usuario] => brunito
            [email_usuario] => brunocameille@alumnos.itr3.edu.ar
            [ultima_lectura] => 
        )

)

DEBUG - 2025-09-25 09:31:10 --> Consumo 24h: 
DEBUG - 2025-09-25 09:31:10 --> Consumo promedio: 0
DEBUG - 2025-09-25 09:31:10 --> Datos enviados a la vista: Array
(
    [usuario] => Array
        (
            [id_usuario] => 1
            [nombre] => brunito
            [apellido] => barber
            [email] => brunocameille@alumnos.itr3.edu.ar
            [contrasena] => $2y$10$F4xQfULyrVhG1JD8Y21QR.vgn9Fzd257acxjmQqHQ3OYfEqBaAPb6
            [direccion_id] => 0
            [id_rol] => 2
            [created_at] => 2025-04-07 13:37:30
            [updated_at] => 2025-09-25 09:04:36
            [invitado_por] => 
            [estado] => activo
            [token_activacion] => 
        )

    [dispositivos] => Array
        (
            [0] => Array
                (
                    [id_dispositivo] => 1
                    [nombre] => medidor de ecovolt
                    [id_usuario] => 1
                    [mac_address] => 00:1A:2B:3C:4D:5E
                    [ip_address] => 
                    [ultima_conexion] => 
                    [estado] => activo
                    [created_at] => 2025-04-10 22:26:34
                    [stock] => 43
                    [precio] => 85
                    [descripcion] => 
                    [fecha_actualizacion] => 2025-06-27 08:44:59
                    [updated_at] => 2025-06-12 15:06:14
                    [codigo_activacion] => 
                    [fecha_activacion] => 
                    [nombre_usuario] => brunito
                    [email_usuario] => brunocameille@alumnos.itr3.edu.ar
                    [ultima_lectura] => 
                )

            [1] => Array
                (
                    [id_dispositivo] => 2
                    [nombre] => ECOVOLT HOYY 25/9
                    [id_usuario] => 1
                    [mac_address] => 08:D1:F9:A5:2A:14
                    [ip_address] => 
                    [ultima_conexion] => 
                    [estado] => activo
                    [created_at] => 2025-04-11 10:03:27
                    [stock] => 0
                    [precio] => 0
                    [descripcion] => adasdada
                    [fecha_actualizacion] => 2025-09-25 09:00:58
                    [updated_at] => 2025-09-25 09:00:58
                    [codigo_activacion] => 
                    [fecha_activacion] => 
                    [nombre_usuario] => brunito
                    [email_usuario] => brunocameille@alumnos.itr3.edu.ar
                    [ultima_lectura] => Array
                        (
                            [id] => 8813
                            [id_dispositivo] => 2
                            [id_usuario] => 1
                            [voltaje] => 118.75
                            [corriente] => 3.0956
                            [potencia] => 367.6
                            [kwh] => 0.01
                            [limite_superado] => 0
                            [fecha] => 2025-08-22 13:11:02
                            [mac_address] => 08:D1:F9:A5:2A:14
                        )

                )

            [2] => Array
                (
                    [id_dispositivo] => 29
                    [nombre] => sadasd
                    [id_usuario] => 1
                    [mac_address] => AA:C3:CC:D1:EE:2F
                    [ip_address] => 
                    [ultima_conexion] => 
                    [estado] => activo
                    [created_at] => 2025-06-27 10:12:51
                    [stock] => 0
                    [precio] => 0
                    [descripcion] => 
                    [fecha_actualizacion] => 2025-09-02 12:11:21
                    [updated_at] => 
                    [codigo_activacion] => 
                    [fecha_activacion] => 
                    [nombre_usuario] => brunito
                    [email_usuario] => brunocameille@alumnos.itr3.edu.ar
                    [ultima_lectura] => 
                )

        )

    [dispositivos_propios] => Array
        (
            [0] => Array
                (
                    [id_dispositivo] => 1
                    [nombre] => medidor de ecovolt
                    [id_usuario] => 1
                    [mac_address] => 00:1A:2B:3C:4D:5E
                    [ip_address] => 
                    [ultima_conexion] => 
                    [estado] => activo
                    [created_at] => 2025-04-10 22:26:34
                    [stock] => 43
                    [precio] => 85
                    [descripcion] => 
                    [fecha_actualizacion] => 2025-06-27 08:44:59
                    [updated_at] => 2025-06-12 15:06:14
                    [codigo_activacion] => 
                    [fecha_activacion] => 
                    [nombre_usuario] => brunito
                    [email_usuario] => brunocameille@alumnos.itr3.edu.ar
                    [ultima_lectura] => 
                )

            [1] => Array
                (
                    [id_dispositivo] => 2
                    [nombre] => ECOVOLT HOYY 25/9
                    [id_usuario] => 1
                    [mac_address] => 08:D1:F9:A5:2A:14
                    [ip_address] => 
                    [ultima_conexion] => 
                    [estado] => activo
                    [created_at] => 2025-04-11 10:03:27
                    [stock] => 0
                    [precio] => 0
                    [descripcion] => adasdada
                    [fecha_actualizacion] => 2025-09-25 09:00:58
                    [updated_at] => 2025-09-25 09:00:58
                    [codigo_activacion] => 
                    [fecha_activacion] => 
                    [nombre_usuario] => brunito
                    [email_usuario] => brunocameille@alumnos.itr3.edu.ar
                    [ultima_lectura] => Array
                        (
                            [id] => 8813
                            [id_dispositivo] => 2
                            [id_usuario] => 1
                            [voltaje] => 118.75
                            [corriente] => 3.0956
                            [potencia] => 367.6
                            [kwh] => 0.01
                            [limite_superado] => 0
                            [fecha] => 2025-08-22 13:11:02
                            [mac_address] => 08:D1:F9:A5:2A:14
                        )

                )

            [2] => Array
                (
                    [id_dispositivo] => 29
                    [nombre] => sadasd
                    [id_usuario] => 1
                    [mac_address] => AA:C3:CC:D1:EE:2F
                    [ip_address] => 
                    [ultima_conexion] => 
                    [estado] => activo
                    [created_at] => 2025-06-27 10:12:51
                    [stock] => 0
                    [precio] => 0
                    [descripcion] => 
                    [fecha_actualizacion] => 2025-09-02 12:11:21
                    [updated_at] => 
                    [codigo_activacion] => 
                    [fecha_activacion] => 
                    [nombre_usuario] => brunito
                    [email_usuario] => brunocameille@alumnos.itr3.edu.ar
                    [ultima_lectura] => 
                )

        )

    [dispositivos_compartidos] => Array
        (
        )

    [consumo24h] => 
    [consumoPromedio] => 0
    [activosPropios] => 3
)

CRITICAL - 2025-09-25 09:31:18 --> ErrorException: Undefined variable $totalTime
[Method: GET, Route: /]
in SYSTEMPATH\Debug\Toolbar\Views\toolbar.tpl.php on line 46.
 1 SYSTEMPATH\Debug\Toolbar\Views\toolbar.tpl.php(46): CodeIgniter\Debug\Exceptions->errorHandler(2, 'Undefined variable $totalTime', 'C:\\xampp\\htdocs\\Tesina\\system\\Debug\\Toolbar\\Views\\toolbar.tpl.php', 46)
 2 SYSTEMPATH\Debug\Toolbar.php(534): include('C:\\xampp\\htdocs\\Tesina\\system\\Debug\\Toolbar\\Views\\toolbar.tpl.php')
 3 SYSTEMPATH\Debug\Toolbar.php(497): CodeIgniter\Debug\Toolbar->format([...], 'html')
 4 APPPATH\Config\Events.php(47): CodeIgniter\Debug\Toolbar->respond()
 5 SYSTEMPATH\Events\Events.php(155): CodeIgniter\Events\Events::Config\{closure}()
 6 SYSTEMPATH\CodeIgniter.php(340): CodeIgniter\Events\Events::trigger('pre_system')
 7 SYSTEMPATH\Boot.php(325): CodeIgniter\CodeIgniter->run()
 8 SYSTEMPATH\Boot.php(67): CodeIgniter\Boot::runCodeIgniter(Object(CodeIgniter\CodeIgniter))
 9 FCPATH\index.php(56): CodeIgniter\Boot::bootWeb(Object(Config\Paths))
DEBUG - 2025-09-25 09:32:51 --> Ruta actual: /Tesina/public/usuario
INFO - 2025-09-25 09:32:51 --> Session: Class initialized using 'CodeIgniter\Session\Handlers\FileHandler' driver.
DEBUG - 2025-09-25 09:32:51 --> Datos en sesión: Array
(
    [__ci_last_regenerate] => 1758803465
    [_ci_previous_url] => http://192.168.2.182/Tesina/public/usuario
    [id_usuario] => 1
    [nombre] => brunito
    [apellido] => barber
    [email] => brunocameille@alumnos.itr3.edu.ar
    [rol] => usuario
    [logged_in] => 1
)

DEBUG - 2025-09-25 09:32:51 --> Usuario ID: 1
DEBUG - 2025-09-25 09:32:51 --> Buscando usuario ID: 1
DEBUG - 2025-09-25 09:32:51 --> Resultado de la búsqueda: Array
(
    [id_usuario] => 1
    [nombre] => brunito
    [apellido] => barber
    [email] => brunocameille@alumnos.itr3.edu.ar
    [contrasena] => $2y$10$F4xQfULyrVhG1JD8Y21QR.vgn9Fzd257acxjmQqHQ3OYfEqBaAPb6
    [direccion_id] => 0
    [id_rol] => 2
    [created_at] => 2025-04-07 13:37:30
    [updated_at] => 2025-09-25 09:04:36
    [invitado_por] => 
    [estado] => activo
    [token_activacion] => 
)

DEBUG - 2025-09-25 09:32:51 --> Datos del usuario: Array
(
    [id_usuario] => 1
    [nombre] => brunito
    [apellido] => barber
    [email] => brunocameille@alumnos.itr3.edu.ar
    [contrasena] => $2y$10$F4xQfULyrVhG1JD8Y21QR.vgn9Fzd257acxjmQqHQ3OYfEqBaAPb6
    [direccion_id] => 0
    [id_rol] => 2
    [created_at] => 2025-04-07 13:37:30
    [updated_at] => 2025-09-25 09:04:36
    [invitado_por] => 
    [estado] => activo
    [token_activacion] => 
)

DEBUG - 2025-09-25 09:32:51 --> Dispositivos encontrados: Array
(
    [0] => Array
        (
            [id_dispositivo] => 1
            [nombre] => medidor de ecovolt
            [id_usuario] => 1
            [mac_address] => 00:1A:2B:3C:4D:5E
            [ip_address] => 
            [ultima_conexion] => 
            [estado] => activo
            [created_at] => 2025-04-10 22:26:34
            [stock] => 43
            [precio] => 85
            [descripcion] => 
            [fecha_actualizacion] => 2025-06-27 08:44:59
            [updated_at] => 2025-06-12 15:06:14
            [codigo_activacion] => 
            [fecha_activacion] => 
            [nombre_usuario] => brunito
            [email_usuario] => brunocameille@alumnos.itr3.edu.ar
            [ultima_lectura] => 
        )

    [1] => Array
        (
            [id_dispositivo] => 2
            [nombre] => ECOVOLT HOYY 25/9
            [id_usuario] => 1
            [mac_address] => 08:D1:F9:A5:2A:14
            [ip_address] => 
            [ultima_conexion] => 
            [estado] => activo
            [created_at] => 2025-04-11 10:03:27
            [stock] => 0
            [precio] => 0
            [descripcion] => adasdada
            [fecha_actualizacion] => 2025-09-25 09:00:58
            [updated_at] => 2025-09-25 09:00:58
            [codigo_activacion] => 
            [fecha_activacion] => 
            [nombre_usuario] => brunito
            [email_usuario] => brunocameille@alumnos.itr3.edu.ar
            [ultima_lectura] => Array
                (
                    [id] => 8813
                    [id_dispositivo] => 2
                    [id_usuario] => 1
                    [voltaje] => 118.75
                    [corriente] => 3.0956
                    [potencia] => 367.6
                    [kwh] => 0.01
                    [limite_superado] => 0
                    [fecha] => 2025-08-22 13:11:02
                    [mac_address] => 08:D1:F9:A5:2A:14
                )

        )

    [2] => Array
        (
            [id_dispositivo] => 29
            [nombre] => sadasd
            [id_usuario] => 1
            [mac_address] => AA:C3:CC:D1:EE:2F
            [ip_address] => 
            [ultima_conexion] => 
            [estado] => activo
            [created_at] => 2025-06-27 10:12:51
            [stock] => 0
            [precio] => 0
            [descripcion] => 
            [fecha_actualizacion] => 2025-09-02 12:11:21
            [updated_at] => 
            [codigo_activacion] => 
            [fecha_activacion] => 
            [nombre_usuario] => brunito
            [email_usuario] => brunocameille@alumnos.itr3.edu.ar
            [ultima_lectura] => 
        )

)

DEBUG - 2025-09-25 09:32:51 --> Consumo 24h: 
DEBUG - 2025-09-25 09:32:51 --> Consumo promedio: 0
DEBUG - 2025-09-25 09:32:51 --> Datos enviados a la vista: Array
(
    [usuario] => Array
        (
            [id_usuario] => 1
            [nombre] => brunito
            [apellido] => barber
            [email] => brunocameille@alumnos.itr3.edu.ar
            [contrasena] => $2y$10$F4xQfULyrVhG1JD8Y21QR.vgn9Fzd257acxjmQqHQ3OYfEqBaAPb6
            [direccion_id] => 0
            [id_rol] => 2
            [created_at] => 2025-04-07 13:37:30
            [updated_at] => 2025-09-25 09:04:36
            [invitado_por] => 
            [estado] => activo
            [token_activacion] => 
        )

    [dispositivos] => Array
        (
            [0] => Array
                (
                    [id_dispositivo] => 1
                    [nombre] => medidor de ecovolt
                    [id_usuario] => 1
                    [mac_address] => 00:1A:2B:3C:4D:5E
                    [ip_address] => 
                    [ultima_conexion] => 
                    [estado] => activo
                    [created_at] => 2025-04-10 22:26:34
                    [stock] => 43
                    [precio] => 85
                    [descripcion] => 
                    [fecha_actualizacion] => 2025-06-27 08:44:59
                    [updated_at] => 2025-06-12 15:06:14
                    [codigo_activacion] => 
                    [fecha_activacion] => 
                    [nombre_usuario] => brunito
                    [email_usuario] => brunocameille@alumnos.itr3.edu.ar
                    [ultima_lectura] => 
                )

            [1] => Array
                (
                    [id_dispositivo] => 2
                    [nombre] => ECOVOLT HOYY 25/9
                    [id_usuario] => 1
                    [mac_address] => 08:D1:F9:A5:2A:14
                    [ip_address] => 
                    [ultima_conexion] => 
                    [estado] => activo
                    [created_at] => 2025-04-11 10:03:27
                    [stock] => 0
                    [precio] => 0
                    [descripcion] => adasdada
                    [fecha_actualizacion] => 2025-09-25 09:00:58
                    [updated_at] => 2025-09-25 09:00:58
                    [codigo_activacion] => 
                    [fecha_activacion] => 
                    [nombre_usuario] => brunito
                    [email_usuario] => brunocameille@alumnos.itr3.edu.ar
                    [ultima_lectura] => Array
                        (
                            [id] => 8813
                            [id_dispositivo] => 2
                            [id_usuario] => 1
                            [voltaje] => 118.75
                            [corriente] => 3.0956
                            [potencia] => 367.6
                            [kwh] => 0.01
                            [limite_superado] => 0
                            [fecha] => 2025-08-22 13:11:02
                            [mac_address] => 08:D1:F9:A5:2A:14
                        )

                )

            [2] => Array
                (
                    [id_dispositivo] => 29
                    [nombre] => sadasd
                    [id_usuario] => 1
                    [mac_address] => AA:C3:CC:D1:EE:2F
                    [ip_address] => 
                    [ultima_conexion] => 
                    [estado] => activo
                    [created_at] => 2025-06-27 10:12:51
                    [stock] => 0
                    [precio] => 0
                    [descripcion] => 
                    [fecha_actualizacion] => 2025-09-02 12:11:21
                    [updated_at] => 
                    [codigo_activacion] => 
                    [fecha_activacion] => 
                    [nombre_usuario] => brunito
                    [email_usuario] => brunocameille@alumnos.itr3.edu.ar
                    [ultima_lectura] => 
                )

        )

    [dispositivos_propios] => Array
        (
            [0] => Array
                (
                    [id_dispositivo] => 1
                    [nombre] => medidor de ecovolt
                    [id_usuario] => 1
                    [mac_address] => 00:1A:2B:3C:4D:5E
                    [ip_address] => 
                    [ultima_conexion] => 
                    [estado] => activo
                    [created_at] => 2025-04-10 22:26:34
                    [stock] => 43
                    [precio] => 85
                    [descripcion] => 
                    [fecha_actualizacion] => 2025-06-27 08:44:59
                    [updated_at] => 2025-06-12 15:06:14
                    [codigo_activacion] => 
                    [fecha_activacion] => 
                    [nombre_usuario] => brunito
                    [email_usuario] => brunocameille@alumnos.itr3.edu.ar
                    [ultima_lectura] => 
                )

            [1] => Array
                (
                    [id_dispositivo] => 2
                    [nombre] => ECOVOLT HOYY 25/9
                    [id_usuario] => 1
                    [mac_address] => 08:D1:F9:A5:2A:14
                    [ip_address] => 
                    [ultima_conexion] => 
                    [estado] => activo
                    [created_at] => 2025-04-11 10:03:27
                    [stock] => 0
                    [precio] => 0
                    [descripcion] => adasdada
                    [fecha_actualizacion] => 2025-09-25 09:00:58
                    [updated_at] => 2025-09-25 09:00:58
                    [codigo_activacion] => 
                    [fecha_activacion] => 
                    [nombre_usuario] => brunito
                    [email_usuario] => brunocameille@alumnos.itr3.edu.ar
                    [ultima_lectura] => Array
                        (
                            [id] => 8813
                            [id_dispositivo] => 2
                            [id_usuario] => 1
                            [voltaje] => 118.75
                            [corriente] => 3.0956
                            [potencia] => 367.6
                            [kwh] => 0.01
                            [limite_superado] => 0
                            [fecha] => 2025-08-22 13:11:02
                            [mac_address] => 08:D1:F9:A5:2A:14
                        )

                )

            [2] => Array
                (
                    [id_dispositivo] => 29
                    [nombre] => sadasd
                    [id_usuario] => 1
                    [mac_address] => AA:C3:CC:D1:EE:2F
                    [ip_address] => 
                    [ultima_conexion] => 
                    [estado] => activo
                    [created_at] => 2025-06-27 10:12:51
                    [stock] => 0
                    [precio] => 0
                    [descripcion] => 
                    [fecha_actualizacion] => 2025-09-02 12:11:21
                    [updated_at] => 
                    [codigo_activacion] => 
                    [fecha_activacion] => 
                    [nombre_usuario] => brunito
                    [email_usuario] => brunocameille@alumnos.itr3.edu.ar
                    [ultima_lectura] => 
                )

        )

    [dispositivos_compartidos] => Array
        (
        )

    [consumo24h] => 
    [consumoPromedio] => 0
    [activosPropios] => 3
)

DEBUG - 2025-09-25 09:33:01 --> Ruta actual: /Tesina/public/usuario
INFO - 2025-09-25 09:33:01 --> Session: Class initialized using 'CodeIgniter\Session\Handlers\FileHandler' driver.
DEBUG - 2025-09-25 09:33:01 --> Datos en sesión: Array
(
    [__ci_last_regenerate] => 1758803465
    [_ci_previous_url] => http://192.168.2.182/Tesina/public/usuario
    [id_usuario] => 1
    [nombre] => brunito
    [apellido] => barber
    [email] => brunocameille@alumnos.itr3.edu.ar
    [rol] => usuario
    [logged_in] => 1
)

DEBUG - 2025-09-25 09:33:01 --> Usuario ID: 1
DEBUG - 2025-09-25 09:33:01 --> Buscando usuario ID: 1
DEBUG - 2025-09-25 09:33:01 --> Resultado de la búsqueda: Array
(
    [id_usuario] => 1
    [nombre] => brunito
    [apellido] => barber
    [email] => brunocameille@alumnos.itr3.edu.ar
    [contrasena] => $2y$10$F4xQfULyrVhG1JD8Y21QR.vgn9Fzd257acxjmQqHQ3OYfEqBaAPb6
    [direccion_id] => 0
    [id_rol] => 2
    [created_at] => 2025-04-07 13:37:30
    [updated_at] => 2025-09-25 09:04:36
    [invitado_por] => 
    [estado] => activo
    [token_activacion] => 
)

DEBUG - 2025-09-25 09:33:01 --> Datos del usuario: Array
(
    [id_usuario] => 1
    [nombre] => brunito
    [apellido] => barber
    [email] => brunocameille@alumnos.itr3.edu.ar
    [contrasena] => $2y$10$F4xQfULyrVhG1JD8Y21QR.vgn9Fzd257acxjmQqHQ3OYfEqBaAPb6
    [direccion_id] => 0
    [id_rol] => 2
    [created_at] => 2025-04-07 13:37:30
    [updated_at] => 2025-09-25 09:04:36
    [invitado_por] => 
    [estado] => activo
    [token_activacion] => 
)

DEBUG - 2025-09-25 09:33:01 --> Dispositivos encontrados: Array
(
    [0] => Array
        (
            [id_dispositivo] => 1
            [nombre] => medidor de ecovolt
            [id_usuario] => 1
            [mac_address] => 00:1A:2B:3C:4D:5E
            [ip_address] => 
            [ultima_conexion] => 
            [estado] => activo
            [created_at] => 2025-04-10 22:26:34
            [stock] => 43
            [precio] => 85
            [descripcion] => 
            [fecha_actualizacion] => 2025-06-27 08:44:59
            [updated_at] => 2025-06-12 15:06:14
            [codigo_activacion] => 
            [fecha_activacion] => 
            [nombre_usuario] => brunito
            [email_usuario] => brunocameille@alumnos.itr3.edu.ar
            [ultima_lectura] => 
        )

    [1] => Array
        (
            [id_dispositivo] => 2
            [nombre] => ECOVOLT HOYY 25/9
            [id_usuario] => 1
            [mac_address] => 08:D1:F9:A5:2A:14
            [ip_address] => 
            [ultima_conexion] => 
            [estado] => activo
            [created_at] => 2025-04-11 10:03:27
            [stock] => 0
            [precio] => 0
            [descripcion] => adasdada
            [fecha_actualizacion] => 2025-09-25 09:00:58
            [updated_at] => 2025-09-25 09:00:58
            [codigo_activacion] => 
            [fecha_activacion] => 
            [nombre_usuario] => brunito
            [email_usuario] => brunocameille@alumnos.itr3.edu.ar
            [ultima_lectura] => Array
                (
                    [id] => 8813
                    [id_dispositivo] => 2
                    [id_usuario] => 1
                    [voltaje] => 118.75
                    [corriente] => 3.0956
                    [potencia] => 367.6
                    [kwh] => 0.01
                    [limite_superado] => 0
                    [fecha] => 2025-08-22 13:11:02
                    [mac_address] => 08:D1:F9:A5:2A:14
                )

        )

    [2] => Array
        (
            [id_dispositivo] => 29
            [nombre] => sadasd
            [id_usuario] => 1
            [mac_address] => AA:C3:CC:D1:EE:2F
            [ip_address] => 
            [ultima_conexion] => 
            [estado] => activo
            [created_at] => 2025-06-27 10:12:51
            [stock] => 0
            [precio] => 0
            [descripcion] => 
            [fecha_actualizacion] => 2025-09-02 12:11:21
            [updated_at] => 
            [codigo_activacion] => 
            [fecha_activacion] => 
            [nombre_usuario] => brunito
            [email_usuario] => brunocameille@alumnos.itr3.edu.ar
            [ultima_lectura] => 
        )

)

DEBUG - 2025-09-25 09:33:01 --> Consumo 24h: 
DEBUG - 2025-09-25 09:33:01 --> Consumo promedio: 0
DEBUG - 2025-09-25 09:33:01 --> Datos enviados a la vista: Array
(
    [usuario] => Array
        (
            [id_usuario] => 1
            [nombre] => brunito
            [apellido] => barber
            [email] => brunocameille@alumnos.itr3.edu.ar
            [contrasena] => $2y$10$F4xQfULyrVhG1JD8Y21QR.vgn9Fzd257acxjmQqHQ3OYfEqBaAPb6
            [direccion_id] => 0
            [id_rol] => 2
            [created_at] => 2025-04-07 13:37:30
            [updated_at] => 2025-09-25 09:04:36
            [invitado_por] => 
            [estado] => activo
            [token_activacion] => 
        )

    [dispositivos] => Array
        (
            [0] => Array
                (
                    [id_dispositivo] => 1
                    [nombre] => medidor de ecovolt
                    [id_usuario] => 1
                    [mac_address] => 00:1A:2B:3C:4D:5E
                    [ip_address] => 
                    [ultima_conexion] => 
                    [estado] => activo
                    [created_at] => 2025-04-10 22:26:34
                    [stock] => 43
                    [precio] => 85
                    [descripcion] => 
                    [fecha_actualizacion] => 2025-06-27 08:44:59
                    [updated_at] => 2025-06-12 15:06:14
                    [codigo_activacion] => 
                    [fecha_activacion] => 
                    [nombre_usuario] => brunito
                    [email_usuario] => brunocameille@alumnos.itr3.edu.ar
                    [ultima_lectura] => 
                )

            [1] => Array
                (
                    [id_dispositivo] => 2
                    [nombre] => ECOVOLT HOYY 25/9
                    [id_usuario] => 1
                    [mac_address] => 08:D1:F9:A5:2A:14
                    [ip_address] => 
                    [ultima_conexion] => 
                    [estado] => activo
                    [created_at] => 2025-04-11 10:03:27
                    [stock] => 0
                    [precio] => 0
                    [descripcion] => adasdada
                    [fecha_actualizacion] => 2025-09-25 09:00:58
                    [updated_at] => 2025-09-25 09:00:58
                    [codigo_activacion] => 
                    [fecha_activacion] => 
                    [nombre_usuario] => brunito
                    [email_usuario] => brunocameille@alumnos.itr3.edu.ar
                    [ultima_lectura] => Array
                        (
                            [id] => 8813
                            [id_dispositivo] => 2
                            [id_usuario] => 1
                            [voltaje] => 118.75
                            [corriente] => 3.0956
                            [potencia] => 367.6
                            [kwh] => 0.01
                            [limite_superado] => 0
                            [fecha] => 2025-08-22 13:11:02
                            [mac_address] => 08:D1:F9:A5:2A:14
                        )

                )

            [2] => Array
                (
                    [id_dispositivo] => 29
                    [nombre] => sadasd
                    [id_usuario] => 1
                    [mac_address] => AA:C3:CC:D1:EE:2F
                    [ip_address] => 
                    [ultima_conexion] => 
                    [estado] => activo
                    [created_at] => 2025-06-27 10:12:51
                    [stock] => 0
                    [precio] => 0
                    [descripcion] => 
                    [fecha_actualizacion] => 2025-09-02 12:11:21
                    [updated_at] => 
                    [codigo_activacion] => 
                    [fecha_activacion] => 
                    [nombre_usuario] => brunito
                    [email_usuario] => brunocameille@alumnos.itr3.edu.ar
                    [ultima_lectura] => 
                )

        )

    [dispositivos_propios] => Array
        (
            [0] => Array
                (
                    [id_dispositivo] => 1
                    [nombre] => medidor de ecovolt
                    [id_usuario] => 1
                    [mac_address] => 00:1A:2B:3C:4D:5E
                    [ip_address] => 
                    [ultima_conexion] => 
                    [estado] => activo
                    [created_at] => 2025-04-10 22:26:34
                    [stock] => 43
                    [precio] => 85
                    [descripcion] => 
                    [fecha_actualizacion] => 2025-06-27 08:44:59
                    [updated_at] => 2025-06-12 15:06:14
                    [codigo_activacion] => 
                    [fecha_activacion] => 
                    [nombre_usuario] => brunito
                    [email_usuario] => brunocameille@alumnos.itr3.edu.ar
                    [ultima_lectura] => 
                )

            [1] => Array
                (
                    [id_dispositivo] => 2
                    [nombre] => ECOVOLT HOYY 25/9
                    [id_usuario] => 1
                    [mac_address] => 08:D1:F9:A5:2A:14
                    [ip_address] => 
                    [ultima_conexion] => 
                    [estado] => activo
                    [created_at] => 2025-04-11 10:03:27
                    [stock] => 0
                    [precio] => 0
                    [descripcion] => adasdada
                    [fecha_actualizacion] => 2025-09-25 09:00:58
                    [updated_at] => 2025-09-25 09:00:58
                    [codigo_activacion] => 
                    [fecha_activacion] => 
                    [nombre_usuario] => brunito
                    [email_usuario] => brunocameille@alumnos.itr3.edu.ar
                    [ultima_lectura] => Array
                        (
                            [id] => 8813
                            [id_dispositivo] => 2
                            [id_usuario] => 1
                            [voltaje] => 118.75
                            [corriente] => 3.0956
                            [potencia] => 367.6
                            [kwh] => 0.01
                            [limite_superado] => 0
                            [fecha] => 2025-08-22 13:11:02
                            [mac_address] => 08:D1:F9:A5:2A:14
                        )

                )

            [2] => Array
                (
                    [id_dispositivo] => 29
                    [nombre] => sadasd
                    [id_usuario] => 1
                    [mac_address] => AA:C3:CC:D1:EE:2F
                    [ip_address] => 
                    [ultima_conexion] => 
                    [estado] => activo
                    [created_at] => 2025-06-27 10:12:51
                    [stock] => 0
                    [precio] => 0
                    [descripcion] => 
                    [fecha_actualizacion] => 2025-09-02 12:11:21
                    [updated_at] => 
                    [codigo_activacion] => 
                    [fecha_activacion] => 
                    [nombre_usuario] => brunito
                    [email_usuario] => brunocameille@alumnos.itr3.edu.ar
                    [ultima_lectura] => 
                )

        )

    [dispositivos_compartidos] => Array
        (
        )

    [consumo24h] => 
    [consumoPromedio] => 0
    [activosPropios] => 3
)

DEBUG - 2025-09-25 09:33:09 --> Ruta actual: /Tesina/public/usuario
INFO - 2025-09-25 09:33:09 --> Session: Class initialized using 'CodeIgniter\Session\Handlers\FileHandler' driver.
DEBUG - 2025-09-25 09:33:09 --> Datos en sesión: Array
(
    [__ci_last_regenerate] => 1758803465
    [_ci_previous_url] => http://192.168.2.182/Tesina/public/usuario
    [id_usuario] => 1
    [nombre] => brunito
    [apellido] => barber
    [email] => brunocameille@alumnos.itr3.edu.ar
    [rol] => usuario
    [logged_in] => 1
)

DEBUG - 2025-09-25 09:33:09 --> Usuario ID: 1
DEBUG - 2025-09-25 09:33:09 --> Buscando usuario ID: 1
DEBUG - 2025-09-25 09:33:09 --> Resultado de la búsqueda: Array
(
    [id_usuario] => 1
    [nombre] => brunito
    [apellido] => barber
    [email] => brunocameille@alumnos.itr3.edu.ar
    [contrasena] => $2y$10$F4xQfULyrVhG1JD8Y21QR.vgn9Fzd257acxjmQqHQ3OYfEqBaAPb6
    [direccion_id] => 0
    [id_rol] => 2
    [created_at] => 2025-04-07 13:37:30
    [updated_at] => 2025-09-25 09:04:36
    [invitado_por] => 
    [estado] => activo
    [token_activacion] => 
)

DEBUG - 2025-09-25 09:33:09 --> Datos del usuario: Array
(
    [id_usuario] => 1
    [nombre] => brunito
    [apellido] => barber
    [email] => brunocameille@alumnos.itr3.edu.ar
    [contrasena] => $2y$10$F4xQfULyrVhG1JD8Y21QR.vgn9Fzd257acxjmQqHQ3OYfEqBaAPb6
    [direccion_id] => 0
    [id_rol] => 2
    [created_at] => 2025-04-07 13:37:30
    [updated_at] => 2025-09-25 09:04:36
    [invitado_por] => 
    [estado] => activo
    [token_activacion] => 
)

DEBUG - 2025-09-25 09:33:09 --> Dispositivos encontrados: Array
(
    [0] => Array
        (
            [id_dispositivo] => 1
            [nombre] => medidor de ecovolt
            [id_usuario] => 1
            [mac_address] => 00:1A:2B:3C:4D:5E
            [ip_address] => 
            [ultima_conexion] => 
            [estado] => activo
            [created_at] => 2025-04-10 22:26:34
            [stock] => 43
            [precio] => 85
            [descripcion] => 
            [fecha_actualizacion] => 2025-06-27 08:44:59
            [updated_at] => 2025-06-12 15:06:14
            [codigo_activacion] => 
            [fecha_activacion] => 
            [nombre_usuario] => brunito
            [email_usuario] => brunocameille@alumnos.itr3.edu.ar
            [ultima_lectura] => 
        )

    [1] => Array
        (
            [id_dispositivo] => 2
            [nombre] => ECOVOLT HOYY 25/9
            [id_usuario] => 1
            [mac_address] => 08:D1:F9:A5:2A:14
            [ip_address] => 
            [ultima_conexion] => 
            [estado] => activo
            [created_at] => 2025-04-11 10:03:27
            [stock] => 0
            [precio] => 0
            [descripcion] => adasdada
            [fecha_actualizacion] => 2025-09-25 09:00:58
            [updated_at] => 2025-09-25 09:00:58
            [codigo_activacion] => 
            [fecha_activacion] => 
            [nombre_usuario] => brunito
            [email_usuario] => brunocameille@alumnos.itr3.edu.ar
            [ultima_lectura] => Array
                (
                    [id] => 8813
                    [id_dispositivo] => 2
                    [id_usuario] => 1
                    [voltaje] => 118.75
                    [corriente] => 3.0956
                    [potencia] => 367.6
                    [kwh] => 0.01
                    [limite_superado] => 0
                    [fecha] => 2025-08-22 13:11:02
                    [mac_address] => 08:D1:F9:A5:2A:14
                )

        )

    [2] => Array
        (
            [id_dispositivo] => 29
            [nombre] => sadasd
            [id_usuario] => 1
            [mac_address] => AA:C3:CC:D1:EE:2F
            [ip_address] => 
            [ultima_conexion] => 
            [estado] => activo
            [created_at] => 2025-06-27 10:12:51
            [stock] => 0
            [precio] => 0
            [descripcion] => 
            [fecha_actualizacion] => 2025-09-02 12:11:21
            [updated_at] => 
            [codigo_activacion] => 
            [fecha_activacion] => 
            [nombre_usuario] => brunito
            [email_usuario] => brunocameille@alumnos.itr3.edu.ar
            [ultima_lectura] => 
        )

)

DEBUG - 2025-09-25 09:33:09 --> Consumo 24h: 
DEBUG - 2025-09-25 09:33:09 --> Consumo promedio: 0
DEBUG - 2025-09-25 09:33:09 --> Datos enviados a la vista: Array
(
    [usuario] => Array
        (
            [id_usuario] => 1
            [nombre] => brunito
            [apellido] => barber
            [email] => brunocameille@alumnos.itr3.edu.ar
            [contrasena] => $2y$10$F4xQfULyrVhG1JD8Y21QR.vgn9Fzd257acxjmQqHQ3OYfEqBaAPb6
            [direccion_id] => 0
            [id_rol] => 2
            [created_at] => 2025-04-07 13:37:30
            [updated_at] => 2025-09-25 09:04:36
            [invitado_por] => 
            [estado] => activo
            [token_activacion] => 
        )

    [dispositivos] => Array
        (
            [0] => Array
                (
                    [id_dispositivo] => 1
                    [nombre] => medidor de ecovolt
                    [id_usuario] => 1
                    [mac_address] => 00:1A:2B:3C:4D:5E
                    [ip_address] => 
                    [ultima_conexion] => 
                    [estado] => activo
                    [created_at] => 2025-04-10 22:26:34
                    [stock] => 43
                    [precio] => 85
                    [descripcion] => 
                    [fecha_actualizacion] => 2025-06-27 08:44:59
                    [updated_at] => 2025-06-12 15:06:14
                    [codigo_activacion] => 
                    [fecha_activacion] => 
                    [nombre_usuario] => brunito
                    [email_usuario] => brunocameille@alumnos.itr3.edu.ar
                    [ultima_lectura] => 
                )

            [1] => Array
                (
                    [id_dispositivo] => 2
                    [nombre] => ECOVOLT HOYY 25/9
                    [id_usuario] => 1
                    [mac_address] => 08:D1:F9:A5:2A:14
                    [ip_address] => 
                    [ultima_conexion] => 
                    [estado] => activo
                    [created_at] => 2025-04-11 10:03:27
                    [stock] => 0
                    [precio] => 0
                    [descripcion] => adasdada
                    [fecha_actualizacion] => 2025-09-25 09:00:58
                    [updated_at] => 2025-09-25 09:00:58
                    [codigo_activacion] => 
                    [fecha_activacion] => 
                    [nombre_usuario] => brunito
                    [email_usuario] => brunocameille@alumnos.itr3.edu.ar
                    [ultima_lectura] => Array
                        (
                            [id] => 8813
                            [id_dispositivo] => 2
                            [id_usuario] => 1
                            [voltaje] => 118.75
                            [corriente] => 3.0956
                            [potencia] => 367.6
                            [kwh] => 0.01
                            [limite_superado] => 0
                            [fecha] => 2025-08-22 13:11:02
                            [mac_address] => 08:D1:F9:A5:2A:14
                        )

                )

            [2] => Array
                (
                    [id_dispositivo] => 29
                    [nombre] => sadasd
                    [id_usuario] => 1
                    [mac_address] => AA:C3:CC:D1:EE:2F
                    [ip_address] => 
                    [ultima_conexion] => 
                    [estado] => activo
                    [created_at] => 2025-06-27 10:12:51
                    [stock] => 0
                    [precio] => 0
                    [descripcion] => 
                    [fecha_actualizacion] => 2025-09-02 12:11:21
                    [updated_at] => 
                    [codigo_activacion] => 
                    [fecha_activacion] => 
                    [nombre_usuario] => brunito
                    [email_usuario] => brunocameille@alumnos.itr3.edu.ar
                    [ultima_lectura] => 
                )

        )

    [dispositivos_propios] => Array
        (
            [0] => Array
                (
                    [id_dispositivo] => 1
                    [nombre] => medidor de ecovolt
                    [id_usuario] => 1
                    [mac_address] => 00:1A:2B:3C:4D:5E
                    [ip_address] => 
                    [ultima_conexion] => 
                    [estado] => activo
                    [created_at] => 2025-04-10 22:26:34
                    [stock] => 43
                    [precio] => 85
                    [descripcion] => 
                    [fecha_actualizacion] => 2025-06-27 08:44:59
                    [updated_at] => 2025-06-12 15:06:14
                    [codigo_activacion] => 
                    [fecha_activacion] => 
                    [nombre_usuario] => brunito
                    [email_usuario] => brunocameille@alumnos.itr3.edu.ar
                    [ultima_lectura] => 
                )

            [1] => Array
                (
                    [id_dispositivo] => 2
                    [nombre] => ECOVOLT HOYY 25/9
                    [id_usuario] => 1
                    [mac_address] => 08:D1:F9:A5:2A:14
                    [ip_address] => 
                    [ultima_conexion] => 
                    [estado] => activo
                    [created_at] => 2025-04-11 10:03:27
                    [stock] => 0
                    [precio] => 0
                    [descripcion] => adasdada
                    [fecha_actualizacion] => 2025-09-25 09:00:58
                    [updated_at] => 2025-09-25 09:00:58
                    [codigo_activacion] => 
                    [fecha_activacion] => 
                    [nombre_usuario] => brunito
                    [email_usuario] => brunocameille@alumnos.itr3.edu.ar
                    [ultima_lectura] => Array
                        (
                            [id] => 8813
                            [id_dispositivo] => 2
                            [id_usuario] => 1
                            [voltaje] => 118.75
                            [corriente] => 3.0956
                            [potencia] => 367.6
                            [kwh] => 0.01
                            [limite_superado] => 0
                            [fecha] => 2025-08-22 13:11:02
                            [mac_address] => 08:D1:F9:A5:2A:14
                        )

                )

            [2] => Array
                (
                    [id_dispositivo] => 29
                    [nombre] => sadasd
                    [id_usuario] => 1
                    [mac_address] => AA:C3:CC:D1:EE:2F
                    [ip_address] => 
                    [ultima_conexion] => 
                    [estado] => activo
                    [created_at] => 2025-06-27 10:12:51
                    [stock] => 0
                    [precio] => 0
                    [descripcion] => 
                    [fecha_actualizacion] => 2025-09-02 12:11:21
                    [updated_at] => 
                    [codigo_activacion] => 
                    [fecha_activacion] => 
                    [nombre_usuario] => brunito
                    [email_usuario] => brunocameille@alumnos.itr3.edu.ar
                    [ultima_lectura] => 
                )

        )

    [dispositivos_compartidos] => Array
        (
        )

    [consumo24h] => 
    [consumoPromedio] => 0
    [activosPropios] => 3
)

DEBUG - 2025-09-25 09:33:12 --> Ruta actual: /Tesina/public/energia/dispositivo/2
INFO - 2025-09-25 09:33:12 --> Session: Class initialized using 'CodeIgniter\Session\Handlers\FileHandler' driver.
DEBUG - 2025-09-25 09:33:12 --> Datos en sesión: Array
(
    [__ci_last_regenerate] => 1758803465
    [_ci_previous_url] => http://192.168.2.182/Tesina/public/usuario
    [id_usuario] => 1
    [nombre] => brunito
    [apellido] => barber
    [email] => brunocameille@alumnos.itr3.edu.ar
    [rol] => usuario
    [logged_in] => 1
)

INFO - 2025-09-25 09:33:14 --> Session: Class initialized using 'CodeIgniter\Session\Handlers\FileHandler' driver.
DEBUG - 2025-09-25 09:33:16 --> Ruta actual: /Tesina/public/usuario
INFO - 2025-09-25 09:33:16 --> Session: Class initialized using 'CodeIgniter\Session\Handlers\FileHandler' driver.
DEBUG - 2025-09-25 09:33:16 --> Datos en sesión: Array
(
    [__ci_last_regenerate] => 1758803465
    [_ci_previous_url] => http://192.168.2.182/Tesina/public/energia/dispositivo/2
    [id_usuario] => 1
    [nombre] => brunito
    [apellido] => barber
    [email] => brunocameille@alumnos.itr3.edu.ar
    [rol] => usuario
    [logged_in] => 1
)

DEBUG - 2025-09-25 09:33:16 --> Usuario ID: 1
DEBUG - 2025-09-25 09:33:16 --> Buscando usuario ID: 1
DEBUG - 2025-09-25 09:33:16 --> Resultado de la búsqueda: Array
(
    [id_usuario] => 1
    [nombre] => brunito
    [apellido] => barber
    [email] => brunocameille@alumnos.itr3.edu.ar
    [contrasena] => $2y$10$F4xQfULyrVhG1JD8Y21QR.vgn9Fzd257acxjmQqHQ3OYfEqBaAPb6
    [direccion_id] => 0
    [id_rol] => 2
    [created_at] => 2025-04-07 13:37:30
    [updated_at] => 2025-09-25 09:04:36
    [invitado_por] => 
    [estado] => activo
    [token_activacion] => 
)

DEBUG - 2025-09-25 09:33:16 --> Datos del usuario: Array
(
    [id_usuario] => 1
    [nombre] => brunito
    [apellido] => barber
    [email] => brunocameille@alumnos.itr3.edu.ar
    [contrasena] => $2y$10$F4xQfULyrVhG1JD8Y21QR.vgn9Fzd257acxjmQqHQ3OYfEqBaAPb6
    [direccion_id] => 0
    [id_rol] => 2
    [created_at] => 2025-04-07 13:37:30
    [updated_at] => 2025-09-25 09:04:36
    [invitado_por] => 
    [estado] => activo
    [token_activacion] => 
)

DEBUG - 2025-09-25 09:33:16 --> Dispositivos encontrados: Array
(
    [0] => Array
        (
            [id_dispositivo] => 1
            [nombre] => medidor de ecovolt
            [id_usuario] => 1
            [mac_address] => 00:1A:2B:3C:4D:5E
            [ip_address] => 
            [ultima_conexion] => 
            [estado] => activo
            [created_at] => 2025-04-10 22:26:34
            [stock] => 43
            [precio] => 85
            [descripcion] => 
            [fecha_actualizacion] => 2025-06-27 08:44:59
            [updated_at] => 2025-06-12 15:06:14
            [codigo_activacion] => 
            [fecha_activacion] => 
            [nombre_usuario] => brunito
            [email_usuario] => brunocameille@alumnos.itr3.edu.ar
            [ultima_lectura] => 
        )

    [1] => Array
        (
            [id_dispositivo] => 2
            [nombre] => ECOVOLT HOYY 25/9
            [id_usuario] => 1
            [mac_address] => 08:D1:F9:A5:2A:14
            [ip_address] => 
            [ultima_conexion] => 
            [estado] => activo
            [created_at] => 2025-04-11 10:03:27
            [stock] => 0
            [precio] => 0
            [descripcion] => adasdada
            [fecha_actualizacion] => 2025-09-25 09:00:58
            [updated_at] => 2025-09-25 09:00:58
            [codigo_activacion] => 
            [fecha_activacion] => 
            [nombre_usuario] => brunito
            [email_usuario] => brunocameille@alumnos.itr3.edu.ar
            [ultima_lectura] => Array
                (
                    [id] => 8813
                    [id_dispositivo] => 2
                    [id_usuario] => 1
                    [voltaje] => 118.75
                    [corriente] => 3.0956
                    [potencia] => 367.6
                    [kwh] => 0.01
                    [limite_superado] => 0
                    [fecha] => 2025-08-22 13:11:02
                    [mac_address] => 08:D1:F9:A5:2A:14
                )

        )

    [2] => Array
        (
            [id_dispositivo] => 29
            [nombre] => sadasd
            [id_usuario] => 1
            [mac_address] => AA:C3:CC:D1:EE:2F
            [ip_address] => 
            [ultima_conexion] => 
            [estado] => activo
            [created_at] => 2025-06-27 10:12:51
            [stock] => 0
            [precio] => 0
            [descripcion] => 
            [fecha_actualizacion] => 2025-09-02 12:11:21
            [updated_at] => 
            [codigo_activacion] => 
            [fecha_activacion] => 
            [nombre_usuario] => brunito
            [email_usuario] => brunocameille@alumnos.itr3.edu.ar
            [ultima_lectura] => 
        )

)

DEBUG - 2025-09-25 09:33:16 --> Consumo 24h: 
DEBUG - 2025-09-25 09:33:16 --> Consumo promedio: 0
DEBUG - 2025-09-25 09:33:16 --> Datos enviados a la vista: Array
(
    [usuario] => Array
        (
            [id_usuario] => 1
            [nombre] => brunito
            [apellido] => barber
            [email] => brunocameille@alumnos.itr3.edu.ar
            [contrasena] => $2y$10$F4xQfULyrVhG1JD8Y21QR.vgn9Fzd257acxjmQqHQ3OYfEqBaAPb6
            [direccion_id] => 0
            [id_rol] => 2
            [created_at] => 2025-04-07 13:37:30
            [updated_at] => 2025-09-25 09:04:36
            [invitado_por] => 
            [estado] => activo
            [token_activacion] => 
        )

    [dispositivos] => Array
        (
            [0] => Array
                (
                    [id_dispositivo] => 1
                    [nombre] => medidor de ecovolt
                    [id_usuario] => 1
                    [mac_address] => 00:1A:2B:3C:4D:5E
                    [ip_address] => 
                    [ultima_conexion] => 
                    [estado] => activo
                    [created_at] => 2025-04-10 22:26:34
                    [stock] => 43
                    [precio] => 85
                    [descripcion] => 
                    [fecha_actualizacion] => 2025-06-27 08:44:59
                    [updated_at] => 2025-06-12 15:06:14
                    [codigo_activacion] => 
                    [fecha_activacion] => 
                    [nombre_usuario] => brunito
                    [email_usuario] => brunocameille@alumnos.itr3.edu.ar
                    [ultima_lectura] => 
                )

            [1] => Array
                (
                    [id_dispositivo] => 2
                    [nombre] => ECOVOLT HOYY 25/9
                    [id_usuario] => 1
                    [mac_address] => 08:D1:F9:A5:2A:14
                    [ip_address] => 
                    [ultima_conexion] => 
                    [estado] => activo
                    [created_at] => 2025-04-11 10:03:27
                    [stock] => 0
                    [precio] => 0
                    [descripcion] => adasdada
                    [fecha_actualizacion] => 2025-09-25 09:00:58
                    [updated_at] => 2025-09-25 09:00:58
                    [codigo_activacion] => 
                    [fecha_activacion] => 
                    [nombre_usuario] => brunito
                    [email_usuario] => brunocameille@alumnos.itr3.edu.ar
                    [ultima_lectura] => Array
                        (
                            [id] => 8813
                            [id_dispositivo] => 2
                            [id_usuario] => 1
                            [voltaje] => 118.75
                            [corriente] => 3.0956
                            [potencia] => 367.6
                            [kwh] => 0.01
                            [limite_superado] => 0
                            [fecha] => 2025-08-22 13:11:02
                            [mac_address] => 08:D1:F9:A5:2A:14
                        )

                )

            [2] => Array
                (
                    [id_dispositivo] => 29
                    [nombre] => sadasd
                    [id_usuario] => 1
                    [mac_address] => AA:C3:CC:D1:EE:2F
                    [ip_address] => 
                    [ultima_conexion] => 
                    [estado] => activo
                    [created_at] => 2025-06-27 10:12:51
                    [stock] => 0
                    [precio] => 0
                    [descripcion] => 
                    [fecha_actualizacion] => 2025-09-02 12:11:21
                    [updated_at] => 
                    [codigo_activacion] => 
                    [fecha_activacion] => 
                    [nombre_usuario] => brunito
                    [email_usuario] => brunocameille@alumnos.itr3.edu.ar
                    [ultima_lectura] => 
                )

        )

    [dispositivos_propios] => Array
        (
            [0] => Array
                (
                    [id_dispositivo] => 1
                    [nombre] => medidor de ecovolt
                    [id_usuario] => 1
                    [mac_address] => 00:1A:2B:3C:4D:5E
                    [ip_address] => 
                    [ultima_conexion] => 
                    [estado] => activo
                    [created_at] => 2025-04-10 22:26:34
                    [stock] => 43
                    [precio] => 85
                    [descripcion] => 
                    [fecha_actualizacion] => 2025-06-27 08:44:59
                    [updated_at] => 2025-06-12 15:06:14
                    [codigo_activacion] => 
                    [fecha_activacion] => 
                    [nombre_usuario] => brunito
                    [email_usuario] => brunocameille@alumnos.itr3.edu.ar
                    [ultima_lectura] => 
                )

            [1] => Array
                (
                    [id_dispositivo] => 2
                    [nombre] => ECOVOLT HOYY 25/9
                    [id_usuario] => 1
                    [mac_address] => 08:D1:F9:A5:2A:14
                    [ip_address] => 
                    [ultima_conexion] => 
                    [estado] => activo
                    [created_at] => 2025-04-11 10:03:27
                    [stock] => 0
                    [precio] => 0
                    [descripcion] => adasdada
                    [fecha_actualizacion] => 2025-09-25 09:00:58
                    [updated_at] => 2025-09-25 09:00:58
                    [codigo_activacion] => 
                    [fecha_activacion] => 
                    [nombre_usuario] => brunito
                    [email_usuario] => brunocameille@alumnos.itr3.edu.ar
                    [ultima_lectura] => Array
                        (
                            [id] => 8813
                            [id_dispositivo] => 2
                            [id_usuario] => 1
                            [voltaje] => 118.75
                            [corriente] => 3.0956
                            [potencia] => 367.6
                            [kwh] => 0.01
                            [limite_superado] => 0
                            [fecha] => 2025-08-22 13:11:02
                            [mac_address] => 08:D1:F9:A5:2A:14
                        )

                )

            [2] => Array
                (
                    [id_dispositivo] => 29
                    [nombre] => sadasd
                    [id_usuario] => 1
                    [mac_address] => AA:C3:CC:D1:EE:2F
                    [ip_address] => 
                    [ultima_conexion] => 
                    [estado] => activo
                    [created_at] => 2025-06-27 10:12:51
                    [stock] => 0
                    [precio] => 0
                    [descripcion] => 
                    [fecha_actualizacion] => 2025-09-02 12:11:21
                    [updated_at] => 
                    [codigo_activacion] => 
                    [fecha_activacion] => 
                    [nombre_usuario] => brunito
                    [email_usuario] => brunocameille@alumnos.itr3.edu.ar
                    [ultima_lectura] => 
                )

        )

    [dispositivos_compartidos] => Array
        (
        )

    [consumo24h] => 
    [consumoPromedio] => 0
    [activosPropios] => 3
)

INFO - 2025-09-25 09:33:18 --> Session: Class initialized using 'CodeIgniter\Session\Handlers\FileHandler' driver.
INFO - 2025-09-25 09:33:18 --> Session: Class initialized using 'CodeIgniter\Session\Handlers\FileHandler' driver.
INFO - 2025-09-25 09:34:00 --> Session: Class initialized using 'CodeIgniter\Session\Handlers\FileHandler' driver.
DEBUG - 2025-09-25 09:34:00 --> Intento de inicio de sesión para email: brunocameille@alumnos.itr3.edu.ar
DEBUG - 2025-09-25 09:34:00 --> Longitud de la contraseña ingresada: 17
DEBUG - 2025-09-25 09:34:01 --> Usuario encontrado: {"id":"1","email":"brunocameille@alumnos.itr3.edu.ar","estado":"activo","rol":"1"}
DEBUG - 2025-09-25 09:34:01 --> Resultado de verificación de contraseña: true
DEBUG - 2025-09-25 09:34:01 --> Hash almacenado en la base de datos: $2y$10$F4xQfULyrVhG1JD8Y21QR.vgn9Fzd257acxjmQqHQ3OYfEqBaAPb6
DEBUG - 2025-09-25 09:34:01 --> Inicio de sesión exitoso para usuario: brunocameille@alumnos.itr3.edu.ar
DEBUG - 2025-09-25 09:34:01 --> Datos de sesión guardados: {"id_usuario":"1","nombre":"brunito","apellido":"barber","email":"brunocameille@alumnos.itr3.edu.ar","rol":"admin","logged_in":true}
DEBUG - 2025-09-25 09:34:02 --> Ruta actual: /Tesina/public/admin
INFO - 2025-09-25 09:34:02 --> Session: Class initialized using 'CodeIgniter\Session\Handlers\FileHandler' driver.
DEBUG - 2025-09-25 09:34:02 --> Datos en sesión: Array
(
    [__ci_last_regenerate] => 1758803598
    [_ci_previous_url] => http://192.168.2.182/Tesina/public/autenticacion/login
    [id_usuario] => 1
    [nombre] => brunito
    [apellido] => barber
    [email] => brunocameille@alumnos.itr3.edu.ar
    [rol] => admin
    [logged_in] => 1
)

DEBUG - 2025-09-25 09:35:19 --> Ruta actual: /Tesina/public/admin/dispositivos
INFO - 2025-09-25 09:35:19 --> Session: Class initialized using 'CodeIgniter\Session\Handlers\FileHandler' driver.
DEBUG - 2025-09-25 09:35:19 --> Datos en sesión: Array
(
    [__ci_last_regenerate] => 1758803598
    [_ci_previous_url] => http://192.168.2.182/Tesina/public/admin
    [id_usuario] => 1
    [nombre] => brunito
    [apellido] => barber
    [email] => brunocameille@alumnos.itr3.edu.ar
    [rol] => admin
    [logged_in] => 1
)

DEBUG - 2025-09-25 09:35:19 --> Buscando usuario ID: 1
DEBUG - 2025-09-25 09:35:19 --> Resultado de la búsqueda: Array
(
    [id_usuario] => 1
    [nombre] => brunito
    [apellido] => barber
    [email] => brunocameille@alumnos.itr3.edu.ar
    [contrasena] => $2y$10$F4xQfULyrVhG1JD8Y21QR.vgn9Fzd257acxjmQqHQ3OYfEqBaAPb6
    [direccion_id] => 0
    [id_rol] => 1
    [created_at] => 2025-04-07 13:37:30
    [updated_at] => 2025-09-25 09:33:45
    [invitado_por] => 
    [estado] => activo
    [token_activacion] => 
)

DEBUG - 2025-09-25 09:35:23 --> Ruta actual: /Tesina/public/energia/dispositivo/2
INFO - 2025-09-25 09:35:23 --> Session: Class initialized using 'CodeIgniter\Session\Handlers\FileHandler' driver.
DEBUG - 2025-09-25 09:35:23 --> Datos en sesión: Array
(
    [__ci_last_regenerate] => 1758803598
    [_ci_previous_url] => http://192.168.2.182/Tesina/public/admin/dispositivos
    [id_usuario] => 1
    [nombre] => brunito
    [apellido] => barber
    [email] => brunocameille@alumnos.itr3.edu.ar
    [rol] => admin
    [logged_in] => 1
)

INFO - 2025-09-25 09:35:25 --> Session: Class initialized using 'CodeIgniter\Session\Handlers\FileHandler' driver.
INFO - 2025-09-25 09:35:29 --> Session: Class initialized using 'CodeIgniter\Session\Handlers\FileHandler' driver.
INFO - 2025-09-25 09:35:34 --> Session: Class initialized using 'CodeIgniter\Session\Handlers\FileHandler' driver.
INFO - 2025-09-25 09:35:39 --> Session: Class initialized using 'CodeIgniter\Session\Handlers\FileHandler' driver.
INFO - 2025-09-25 09:35:44 --> Session: Class initialized using 'CodeIgniter\Session\Handlers\FileHandler' driver.
INFO - 2025-09-25 09:35:49 --> Session: Class initialized using 'CodeIgniter\Session\Handlers\FileHandler' driver.
INFO - 2025-09-25 09:35:54 --> Session: Class initialized using 'CodeIgniter\Session\Handlers\FileHandler' driver.
INFO - 2025-09-25 09:35:59 --> Session: Class initialized using 'CodeIgniter\Session\Handlers\FileHandler' driver.
INFO - 2025-09-25 09:36:04 --> Session: Class initialized using 'CodeIgniter\Session\Handlers\FileHandler' driver.
INFO - 2025-09-25 09:36:09 --> Session: Class initialized using 'CodeIgniter\Session\Handlers\FileHandler' driver.
INFO - 2025-09-25 09:36:14 --> Session: Class initialized using 'CodeIgniter\Session\Handlers\FileHandler' driver.
INFO - 2025-09-25 09:36:19 --> Session: Class initialized using 'CodeIgniter\Session\Handlers\FileHandler' driver.
INFO - 2025-09-25 09:36:24 --> Session: Class initialized using 'CodeIgniter\Session\Handlers\FileHandler' driver.
INFO - 2025-09-25 09:36:29 --> Session: Class initialized using 'CodeIgniter\Session\Handlers\FileHandler' driver.
INFO - 2025-09-25 09:36:34 --> Session: Class initialized using 'CodeIgniter\Session\Handlers\FileHandler' driver.
INFO - 2025-09-25 09:36:39 --> Session: Class initialized using 'CodeIgniter\Session\Handlers\FileHandler' driver.
INFO - 2025-09-25 09:36:44 --> Session: Class initialized using 'CodeIgniter\Session\Handlers\FileHandler' driver.
INFO - 2025-09-25 09:36:49 --> Session: Class initialized using 'CodeIgniter\Session\Handlers\FileHandler' driver.
INFO - 2025-09-25 09:36:54 --> Session: Class initialized using 'CodeIgniter\Session\Handlers\FileHandler' driver.
INFO - 2025-09-25 09:36:59 --> Session: Class initialized using 'CodeIgniter\Session\Handlers\FileHandler' driver.
INFO - 2025-09-25 09:37:04 --> Session: Class initialized using 'CodeIgniter\Session\Handlers\FileHandler' driver.
INFO - 2025-09-25 09:37:09 --> Session: Class initialized using 'CodeIgniter\Session\Handlers\FileHandler' driver.
INFO - 2025-09-25 09:37:14 --> Session: Class initialized using 'CodeIgniter\Session\Handlers\FileHandler' driver.
INFO - 2025-09-25 09:37:19 --> Session: Class initialized using 'CodeIgniter\Session\Handlers\FileHandler' driver.
INFO - 2025-09-25 09:37:24 --> Session: Class initialized using 'CodeIgniter\Session\Handlers\FileHandler' driver.
INFO - 2025-09-25 09:37:29 --> Session: Class initialized using 'CodeIgniter\Session\Handlers\FileHandler' driver.
INFO - 2025-09-25 09:37:34 --> Session: Class initialized using 'CodeIgniter\Session\Handlers\FileHandler' driver.
INFO - 2025-09-25 09:37:39 --> Session: Class initialized using 'CodeIgniter\Session\Handlers\FileHandler' driver.
INFO - 2025-09-25 09:37:44 --> Session: Class initialized using 'CodeIgniter\Session\Handlers\FileHandler' driver.
INFO - 2025-09-25 09:37:49 --> Session: Class initialized using 'CodeIgniter\Session\Handlers\FileHandler' driver.
INFO - 2025-09-25 09:37:54 --> Session: Class initialized using 'CodeIgniter\Session\Handlers\FileHandler' driver.
INFO - 2025-09-25 09:37:59 --> Session: Class initialized using 'CodeIgniter\Session\Handlers\FileHandler' driver.
INFO - 2025-09-25 09:38:04 --> Session: Class initialized using 'CodeIgniter\Session\Handlers\FileHandler' driver.
INFO - 2025-09-25 09:38:09 --> Session: Class initialized using 'CodeIgniter\Session\Handlers\FileHandler' driver.
INFO - 2025-09-25 09:38:14 --> Session: Class initialized using 'CodeIgniter\Session\Handlers\FileHandler' driver.
INFO - 2025-09-25 09:38:19 --> Session: Class initialized using 'CodeIgniter\Session\Handlers\FileHandler' driver.
INFO - 2025-09-25 09:38:24 --> Session: Class initialized using 'CodeIgniter\Session\Handlers\FileHandler' driver.
INFO - 2025-09-25 09:38:29 --> Session: Class initialized using 'CodeIgniter\Session\Handlers\FileHandler' driver.
INFO - 2025-09-25 09:38:34 --> Session: Class initialized using 'CodeIgniter\Session\Handlers\FileHandler' driver.
INFO - 2025-09-25 09:38:39 --> Session: Class initialized using 'CodeIgniter\Session\Handlers\FileHandler' driver.
INFO - 2025-09-25 09:38:44 --> Session: Class initialized using 'CodeIgniter\Session\Handlers\FileHandler' driver.
INFO - 2025-09-25 09:38:49 --> Session: Class initialized using 'CodeIgniter\Session\Handlers\FileHandler' driver.
INFO - 2025-09-25 09:38:54 --> Session: Class initialized using 'CodeIgniter\Session\Handlers\FileHandler' driver.
INFO - 2025-09-25 09:38:59 --> Session: Class initialized using 'CodeIgniter\Session\Handlers\FileHandler' driver.
INFO - 2025-09-25 09:39:04 --> Session: Class initialized using 'CodeIgniter\Session\Handlers\FileHandler' driver.
INFO - 2025-09-25 09:39:09 --> Session: Class initialized using 'CodeIgniter\Session\Handlers\FileHandler' driver.
INFO - 2025-09-25 09:39:15 --> Session: Class initialized using 'CodeIgniter\Session\Handlers\FileHandler' driver.
INFO - 2025-09-25 09:39:19 --> Session: Class initialized using 'CodeIgniter\Session\Handlers\FileHandler' driver.
INFO - 2025-09-25 09:39:24 --> Session: Class initialized using 'CodeIgniter\Session\Handlers\FileHandler' driver.
INFO - 2025-09-25 09:39:29 --> Session: Class initialized using 'CodeIgniter\Session\Handlers\FileHandler' driver.
INFO - 2025-09-25 09:39:34 --> Session: Class initialized using 'CodeIgniter\Session\Handlers\FileHandler' driver.
INFO - 2025-09-25 09:39:39 --> Session: Class initialized using 'CodeIgniter\Session\Handlers\FileHandler' driver.
INFO - 2025-09-25 09:39:44 --> Session: Class initialized using 'CodeIgniter\Session\Handlers\FileHandler' driver.
INFO - 2025-09-25 09:39:51 --> Session: Class initialized using 'CodeIgniter\Session\Handlers\FileHandler' driver.
INFO - 2025-09-25 09:39:55 --> Session: Class initialized using 'CodeIgniter\Session\Handlers\FileHandler' driver.
INFO - 2025-09-25 09:39:59 --> Session: Class initialized using 'CodeIgniter\Session\Handlers\FileHandler' driver.
INFO - 2025-09-25 09:40:05 --> Session: Class initialized using 'CodeIgniter\Session\Handlers\FileHandler' driver.
INFO - 2025-09-25 09:40:11 --> Session: Class initialized using 'CodeIgniter\Session\Handlers\FileHandler' driver.
INFO - 2025-09-25 09:40:15 --> Session: Class initialized using 'CodeIgniter\Session\Handlers\FileHandler' driver.
INFO - 2025-09-25 09:40:20 --> Session: Class initialized using 'CodeIgniter\Session\Handlers\FileHandler' driver.
INFO - 2025-09-25 09:40:24 --> Session: Class initialized using 'CodeIgniter\Session\Handlers\FileHandler' driver.
INFO - 2025-09-25 09:40:30 --> Session: Class initialized using 'CodeIgniter\Session\Handlers\FileHandler' driver.
INFO - 2025-09-25 09:40:35 --> Session: Class initialized using 'CodeIgniter\Session\Handlers\FileHandler' driver.
INFO - 2025-09-25 09:40:39 --> Session: Class initialized using 'CodeIgniter\Session\Handlers\FileHandler' driver.
INFO - 2025-09-25 09:40:44 --> Session: Class initialized using 'CodeIgniter\Session\Handlers\FileHandler' driver.
INFO - 2025-09-25 09:40:49 --> Session: Class initialized using 'CodeIgniter\Session\Handlers\FileHandler' driver.
INFO - 2025-09-25 09:40:55 --> Session: Class initialized using 'CodeIgniter\Session\Handlers\FileHandler' driver.
INFO - 2025-09-25 09:40:59 --> Session: Class initialized using 'CodeIgniter\Session\Handlers\FileHandler' driver.
INFO - 2025-09-25 09:41:04 --> Session: Class initialized using 'CodeIgniter\Session\Handlers\FileHandler' driver.
INFO - 2025-09-25 09:41:09 --> Session: Class initialized using 'CodeIgniter\Session\Handlers\FileHandler' driver.
INFO - 2025-09-25 09:41:14 --> Session: Class initialized using 'CodeIgniter\Session\Handlers\FileHandler' driver.
INFO - 2025-09-25 09:41:21 --> Session: Class initialized using 'CodeIgniter\Session\Handlers\FileHandler' driver.
INFO - 2025-09-25 09:41:25 --> Session: Class initialized using 'CodeIgniter\Session\Handlers\FileHandler' driver.
INFO - 2025-09-25 09:41:29 --> Session: Class initialized using 'CodeIgniter\Session\Handlers\FileHandler' driver.
INFO - 2025-09-25 09:41:34 --> Session: Class initialized using 'CodeIgniter\Session\Handlers\FileHandler' driver.
INFO - 2025-09-25 09:41:41 --> Session: Class initialized using 'CodeIgniter\Session\Handlers\FileHandler' driver.
INFO - 2025-09-25 09:41:47 --> Session: Class initialized using 'CodeIgniter\Session\Handlers\FileHandler' driver.
INFO - 2025-09-25 09:41:49 --> Session: Class initialized using 'CodeIgniter\Session\Handlers\FileHandler' driver.
DEBUG - 2025-09-25 09:41:51 --> Ruta actual: /Tesina/public/energia/dispositivo/2
INFO - 2025-09-25 09:41:51 --> Session: Class initialized using 'CodeIgniter\Session\Handlers\FileHandler' driver.
DEBUG - 2025-09-25 09:41:51 --> Datos en sesión: Array
(
    [__ci_last_regenerate] => 1758803899
    [_ci_previous_url] => http://192.168.2.182/Tesina/public/energia/dispositivo/2
    [id_usuario] => 1
    [nombre] => brunito
    [apellido] => barber
    [email] => brunocameille@alumnos.itr3.edu.ar
    [rol] => admin
    [logged_in] => 1
)

INFO - 2025-09-25 09:41:53 --> Session: Class initialized using 'CodeIgniter\Session\Handlers\FileHandler' driver.
INFO - 2025-09-25 09:41:57 --> Session: Class initialized using 'CodeIgniter\Session\Handlers\FileHandler' driver.
INFO - 2025-09-25 09:42:02 --> Session: Class initialized using 'CodeIgniter\Session\Handlers\FileHandler' driver.
INFO - 2025-09-25 09:42:07 --> Session: Class initialized using 'CodeIgniter\Session\Handlers\FileHandler' driver.
INFO - 2025-09-25 09:42:12 --> Session: Class initialized using 'CodeIgniter\Session\Handlers\FileHandler' driver.
INFO - 2025-09-25 09:42:17 --> Session: Class initialized using 'CodeIgniter\Session\Handlers\FileHandler' driver.
INFO - 2025-09-25 09:42:22 --> Session: Class initialized using 'CodeIgniter\Session\Handlers\FileHandler' driver.
INFO - 2025-09-25 09:42:27 --> Session: Class initialized using 'CodeIgniter\Session\Handlers\FileHandler' driver.
INFO - 2025-09-25 09:42:32 --> Session: Class initialized using 'CodeIgniter\Session\Handlers\FileHandler' driver.
INFO - 2025-09-25 09:42:39 --> Session: Class initialized using 'CodeIgniter\Session\Handlers\FileHandler' driver.
INFO - 2025-09-25 09:42:42 --> Session: Class initialized using 'CodeIgniter\Session\Handlers\FileHandler' driver.
INFO - 2025-09-25 09:42:47 --> Session: Class initialized using 'CodeIgniter\Session\Handlers\FileHandler' driver.
INFO - 2025-09-25 09:42:52 --> Session: Class initialized using 'CodeIgniter\Session\Handlers\FileHandler' driver.
INFO - 2025-09-25 09:42:58 --> Session: Class initialized using 'CodeIgniter\Session\Handlers\FileHandler' driver.
INFO - 2025-09-25 09:43:02 --> Session: Class initialized using 'CodeIgniter\Session\Handlers\FileHandler' driver.
INFO - 2025-09-25 09:43:08 --> Session: Class initialized using 'CodeIgniter\Session\Handlers\FileHandler' driver.
INFO - 2025-09-25 09:43:13 --> Session: Class initialized using 'CodeIgniter\Session\Handlers\FileHandler' driver.
INFO - 2025-09-25 09:43:17 --> Session: Class initialized using 'CodeIgniter\Session\Handlers\FileHandler' driver.
INFO - 2025-09-25 09:43:22 --> Session: Class initialized using 'CodeIgniter\Session\Handlers\FileHandler' driver.
INFO - 2025-09-25 09:43:27 --> Session: Class initialized using 'CodeIgniter\Session\Handlers\FileHandler' driver.
INFO - 2025-09-25 09:43:32 --> Session: Class initialized using 'CodeIgniter\Session\Handlers\FileHandler' driver.
INFO - 2025-09-25 09:43:37 --> Session: Class initialized using 'CodeIgniter\Session\Handlers\FileHandler' driver.
INFO - 2025-09-25 09:43:42 --> Session: Class initialized using 'CodeIgniter\Session\Handlers\FileHandler' driver.
INFO - 2025-09-25 09:43:47 --> Session: Class initialized using 'CodeIgniter\Session\Handlers\FileHandler' driver.
INFO - 2025-09-25 09:43:52 --> Session: Class initialized using 'CodeIgniter\Session\Handlers\FileHandler' driver.
INFO - 2025-09-25 09:43:57 --> Session: Class initialized using 'CodeIgniter\Session\Handlers\FileHandler' driver.
INFO - 2025-09-25 09:44:02 --> Session: Class initialized using 'CodeIgniter\Session\Handlers\FileHandler' driver.
INFO - 2025-09-25 09:44:07 --> Session: Class initialized using 'CodeIgniter\Session\Handlers\FileHandler' driver.
INFO - 2025-09-25 09:44:12 --> Session: Class initialized using 'CodeIgniter\Session\Handlers\FileHandler' driver.
INFO - 2025-09-25 09:44:17 --> Session: Class initialized using 'CodeIgniter\Session\Handlers\FileHandler' driver.
INFO - 2025-09-25 09:44:22 --> Session: Class initialized using 'CodeIgniter\Session\Handlers\FileHandler' driver.
INFO - 2025-09-25 09:44:27 --> Session: Class initialized using 'CodeIgniter\Session\Handlers\FileHandler' driver.
INFO - 2025-09-25 09:44:32 --> Session: Class initialized using 'CodeIgniter\Session\Handlers\FileHandler' driver.
INFO - 2025-09-25 09:44:37 --> Session: Class initialized using 'CodeIgniter\Session\Handlers\FileHandler' driver.
INFO - 2025-09-25 09:44:42 --> Session: Class initialized using 'CodeIgniter\Session\Handlers\FileHandler' driver.
INFO - 2025-09-25 09:44:48 --> Session: Class initialized using 'CodeIgniter\Session\Handlers\FileHandler' driver.
DEBUG - 2025-09-25 09:44:48 --> Ruta actual: /Tesina/public/energia/dispositivo/2
INFO - 2025-09-25 09:44:48 --> Session: Class initialized using 'CodeIgniter\Session\Handlers\FileHandler' driver.
DEBUG - 2025-09-25 09:44:48 --> Datos en sesión: Array
(
    [__ci_last_regenerate] => 1758804202
    [_ci_previous_url] => http://192.168.2.182/Tesina/public/energia/dispositivo/2
    [id_usuario] => 1
    [nombre] => brunito
    [apellido] => barber
    [email] => brunocameille@alumnos.itr3.edu.ar
    [rol] => admin
    [logged_in] => 1
)

INFO - 2025-09-25 09:44:51 --> Session: Class initialized using 'CodeIgniter\Session\Handlers\FileHandler' driver.
INFO - 2025-09-25 09:44:55 --> Session: Class initialized using 'CodeIgniter\Session\Handlers\FileHandler' driver.
INFO - 2025-09-25 09:45:00 --> Session: Class initialized using 'CodeIgniter\Session\Handlers\FileHandler' driver.
INFO - 2025-09-25 09:45:07 --> Session: Class initialized using 'CodeIgniter\Session\Handlers\FileHandler' driver.
INFO - 2025-09-25 09:45:10 --> Session: Class initialized using 'CodeIgniter\Session\Handlers\FileHandler' driver.
INFO - 2025-09-25 09:45:15 --> Session: Class initialized using 'CodeIgniter\Session\Handlers\FileHandler' driver.
INFO - 2025-09-25 09:45:24 --> Session: Class initialized using 'CodeIgniter\Session\Handlers\FileHandler' driver.
INFO - 2025-09-25 09:45:27 --> Session: Class initialized using 'CodeIgniter\Session\Handlers\FileHandler' driver.
DEBUG - 2025-09-25 09:45:27 --> Ruta actual: /Tesina/public/energia/dispositivo/2
INFO - 2025-09-25 09:45:27 --> Session: Class initialized using 'CodeIgniter\Session\Handlers\FileHandler' driver.
DEBUG - 2025-09-25 09:45:27 --> Datos en sesión: Array
(
    [__ci_last_regenerate] => 1758804202
    [_ci_previous_url] => http://192.168.2.182/Tesina/public/energia/dispositivo/2
    [id_usuario] => 1
    [nombre] => brunito
    [apellido] => barber
    [email] => brunocameille@alumnos.itr3.edu.ar
    [rol] => admin
    [logged_in] => 1
)

INFO - 2025-09-25 09:45:32 --> Session: Class initialized using 'CodeIgniter\Session\Handlers\FileHandler' driver.
INFO - 2025-09-25 09:45:35 --> Session: Class initialized using 'CodeIgniter\Session\Handlers\FileHandler' driver.
INFO - 2025-09-25 09:45:40 --> Session: Class initialized using 'CodeIgniter\Session\Handlers\FileHandler' driver.
DEBUG - 2025-09-25 09:45:40 --> Ruta actual: /Tesina/public/energia/dispositivo/2
INFO - 2025-09-25 09:45:40 --> Session: Class initialized using 'CodeIgniter\Session\Handlers\FileHandler' driver.
DEBUG - 2025-09-25 09:45:40 --> Datos en sesión: Array
(
    [__ci_last_regenerate] => 1758804202
    [_ci_previous_url] => http://192.168.2.182/Tesina/public/energia/dispositivo/2
    [id_usuario] => 1
    [nombre] => brunito
    [apellido] => barber
    [email] => brunocameille@alumnos.itr3.edu.ar
    [rol] => admin
    [logged_in] => 1
)

INFO - 2025-09-25 09:45:41 --> Session: Class initialized using 'CodeIgniter\Session\Handlers\FileHandler' driver.
DEBUG - 2025-09-25 09:45:43 --> Ruta actual: /Tesina/public/admin/dispositivos
INFO - 2025-09-25 09:45:43 --> Session: Class initialized using 'CodeIgniter\Session\Handlers\FileHandler' driver.
DEBUG - 2025-09-25 09:45:43 --> Datos en sesión: Array
(
    [__ci_last_regenerate] => 1758804202
    [_ci_previous_url] => http://192.168.2.182/Tesina/public/energia/dispositivo/2
    [id_usuario] => 1
    [nombre] => brunito
    [apellido] => barber
    [email] => brunocameille@alumnos.itr3.edu.ar
    [rol] => admin
    [logged_in] => 1
)

DEBUG - 2025-09-25 09:45:43 --> Buscando usuario ID: 1
DEBUG - 2025-09-25 09:45:43 --> Resultado de la búsqueda: Array
(
    [id_usuario] => 1
    [nombre] => brunito
    [apellido] => barber
    [email] => brunocameille@alumnos.itr3.edu.ar
    [contrasena] => $2y$10$F4xQfULyrVhG1JD8Y21QR.vgn9Fzd257acxjmQqHQ3OYfEqBaAPb6
    [direccion_id] => 0
    [id_rol] => 1
    [created_at] => 2025-04-07 13:37:30
    [updated_at] => 2025-09-25 09:33:45
    [invitado_por] => 
    [estado] => activo
    [token_activacion] => 
)

DEBUG - 2025-09-25 09:45:46 --> Ruta actual: /Tesina/public/energia/dispositivo/2
INFO - 2025-09-25 09:45:46 --> Session: Class initialized using 'CodeIgniter\Session\Handlers\FileHandler' driver.
DEBUG - 2025-09-25 09:45:46 --> Datos en sesión: Array
(
    [__ci_last_regenerate] => 1758804202
    [_ci_previous_url] => http://192.168.2.182/Tesina/public/admin/dispositivos
    [id_usuario] => 1
    [nombre] => brunito
    [apellido] => barber
    [email] => brunocameille@alumnos.itr3.edu.ar
    [rol] => admin
    [logged_in] => 1
)

INFO - 2025-09-25 09:45:47 --> Session: Class initialized using 'CodeIgniter\Session\Handlers\FileHandler' driver.
INFO - 2025-09-25 09:45:52 --> Session: Class initialized using 'CodeIgniter\Session\Handlers\FileHandler' driver.
INFO - 2025-09-25 09:45:57 --> Session: Class initialized using 'CodeIgniter\Session\Handlers\FileHandler' driver.
INFO - 2025-09-25 09:46:02 --> Session: Class initialized using 'CodeIgniter\Session\Handlers\FileHandler' driver.
INFO - 2025-09-25 09:46:07 --> Session: Class initialized using 'CodeIgniter\Session\Handlers\FileHandler' driver.
INFO - 2025-09-25 09:46:12 --> Session: Class initialized using 'CodeIgniter\Session\Handlers\FileHandler' driver.
INFO - 2025-09-25 09:46:17 --> Session: Class initialized using 'CodeIgniter\Session\Handlers\FileHandler' driver.
INFO - 2025-09-25 09:46:22 --> Session: Class initialized using 'CodeIgniter\Session\Handlers\FileHandler' driver.
INFO - 2025-09-25 09:46:27 --> Session: Class initialized using 'CodeIgniter\Session\Handlers\FileHandler' driver.
DEBUG - 2025-09-25 09:46:40 --> Ruta actual: /Tesina/public/energia/dispositivo/2
INFO - 2025-09-25 09:46:40 --> Session: Class initialized using 'CodeIgniter\Session\Handlers\FileHandler' driver.
INFO - 2025-09-25 09:46:41 --> Session: Class initialized using 'CodeIgniter\Session\Handlers\FileHandler' driver.
DEBUG - 2025-09-25 09:46:41 --> Datos en sesión: Array
(
    [__ci_last_regenerate] => 1758804202
    [_ci_previous_url] => http://192.168.2.182/Tesina/public/energia/dispositivo/2
    [id_usuario] => 1
    [nombre] => brunito
    [apellido] => barber
    [email] => brunocameille@alumnos.itr3.edu.ar
    [rol] => admin
    [logged_in] => 1
)

INFO - 2025-09-25 09:46:41 --> Session: Class initialized using 'CodeIgniter\Session\Handlers\FileHandler' driver.
INFO - 2025-09-25 09:46:43 --> Session: Class initialized using 'CodeIgniter\Session\Handlers\FileHandler' driver.
INFO - 2025-09-25 09:46:48 --> Session: Class initialized using 'CodeIgniter\Session\Handlers\FileHandler' driver.
INFO - 2025-09-25 09:46:53 --> Session: Class initialized using 'CodeIgniter\Session\Handlers\FileHandler' driver.
INFO - 2025-09-25 09:46:59 --> Session: Class initialized using 'CodeIgniter\Session\Handlers\FileHandler' driver.
INFO - 2025-09-25 09:47:04 --> Session: Class initialized using 'CodeIgniter\Session\Handlers\FileHandler' driver.
INFO - 2025-09-25 09:47:09 --> Session: Class initialized using 'CodeIgniter\Session\Handlers\FileHandler' driver.
INFO - 2025-09-25 09:47:13 --> Session: Class initialized using 'CodeIgniter\Session\Handlers\FileHandler' driver.
INFO - 2025-09-25 09:47:18 --> Session: Class initialized using 'CodeIgniter\Session\Handlers\FileHandler' driver.
INFO - 2025-09-25 09:47:22 --> Session: Class initialized using 'CodeIgniter\Session\Handlers\FileHandler' driver.
INFO - 2025-09-25 09:47:27 --> Session: Class initialized using 'CodeIgniter\Session\Handlers\FileHandler' driver.
INFO - 2025-09-25 09:47:34 --> Session: Class initialized using 'CodeIgniter\Session\Handlers\FileHandler' driver.
