WARNING - 2025-10-09 08:13:05 --> Routes file not found: "C:\xampp\htdocs\Tesina\app\Config/Routes.php"
WARNING - 2025-10-09 08:13:06 --> Routes file not found: "C:\xampp\htdocs\Tesina\app\Config/Routes.php"
INFO - 2025-10-09 08:23:25 --> Session: Class initialized using 'CodeIgniter\Session\Handlers\FileHandler' driver.
INFO - 2025-10-09 08:23:31 --> Session: Class initialized using 'CodeIgniter\Session\Handlers\FileHandler' driver.
INFO - 2025-10-09 08:26:23 --> Session: Class initialized using 'CodeIgniter\Session\Handlers\FileHandler' driver.
DEBUG - 2025-10-09 08:26:23 --> Intento de inicio de sesión para email: brunocameille@alumnos.itr3.edu.ar
DEBUG - 2025-10-09 08:26:23 --> Longitud de la contraseña ingresada: 17
DEBUG - 2025-10-09 08:26:23 --> Usuario encontrado: {"id":"1","email":"brunocameille@alumnos.itr3.edu.ar","estado":"activo","rol":"1"}
DEBUG - 2025-10-09 08:26:23 --> Resultado de verificación de contraseña: true
DEBUG - 2025-10-09 08:26:23 --> Hash almacenado en la base de datos: $2y$10$F4xQfULyrVhG1JD8Y21QR.vgn9Fzd257acxjmQqHQ3OYfEqBaAPb6
DEBUG - 2025-10-09 08:26:23 --> Inicio de sesión exitoso para usuario: brunocameille@alumnos.itr3.edu.ar
DEBUG - 2025-10-09 08:26:23 --> Datos de sesión guardados: {"id_usuario":"1","nombre":"brunito","apellido":"barber","email":"brunocameille@alumnos.itr3.edu.ar","rol":"admin","logged_in":true}
DEBUG - 2025-10-09 08:26:23 --> Ruta actual: /Tesina/public/admin
INFO - 2025-10-09 08:26:23 --> Session: Class initialized using 'CodeIgniter\Session\Handlers\FileHandler' driver.
DEBUG - 2025-10-09 08:26:23 --> Datos en sesión: Array
(
    [__ci_last_regenerate] => 1760009011
    [_ci_previous_url] => http://192.168.2.189/Tesina/public/autenticacion/login
    [id_usuario] => 1
    [nombre] => brunito
    [apellido] => barber
    [email] => brunocameille@alumnos.itr3.edu.ar
    [rol] => admin
    [logged_in] => 1
)

DEBUG - 2025-10-09 08:26:28 --> Ruta actual: /Tesina/public/admin/dispositivos
INFO - 2025-10-09 08:26:28 --> Session: Class initialized using 'CodeIgniter\Session\Handlers\FileHandler' driver.
DEBUG - 2025-10-09 08:26:28 --> Datos en sesión: Array
(
    [__ci_last_regenerate] => 1760009011
    [_ci_previous_url] => http://192.168.2.189/Tesina/public/admin
    [id_usuario] => 1
    [nombre] => brunito
    [apellido] => barber
    [email] => brunocameille@alumnos.itr3.edu.ar
    [rol] => admin
    [logged_in] => 1
)

DEBUG - 2025-10-09 08:26:28 --> Buscando usuario ID: 1
DEBUG - 2025-10-09 08:26:28 --> Resultado de la búsqueda: Array
(
    [id_usuario] => 1
    [nombre] => brunito
    [apellido] => barber
    [email] => brunocameille@alumnos.itr3.edu.ar
    [contrasena] => $2y$10$F4xQfULyrVhG1JD8Y21QR.vgn9Fzd257acxjmQqHQ3OYfEqBaAPb6
    [direccion_id] => 0
    [id_rol] => 1
    [created_at] => 2025-04-07 13:37:30
    [updated_at] => 2025-07-24 14:07:31
    [invitado_por] => 
    [estado] => activo
    [token_activacion] => 
)

DEBUG - 2025-10-09 08:26:33 --> Ruta actual: /Tesina/public/energia/dispositivo/2
INFO - 2025-10-09 08:26:33 --> Session: Class initialized using 'CodeIgniter\Session\Handlers\FileHandler' driver.
DEBUG - 2025-10-09 08:26:33 --> Datos en sesión: Array
(
    [__ci_last_regenerate] => 1760009011
    [_ci_previous_url] => http://192.168.2.189/Tesina/public/admin/dispositivos
    [id_usuario] => 1
    [nombre] => brunito
    [apellido] => barber
    [email] => brunocameille@alumnos.itr3.edu.ar
    [rol] => admin
    [logged_in] => 1
)

INFO - 2025-10-09 08:26:34 --> Session: Class initialized using 'CodeIgniter\Session\Handlers\FileHandler' driver.
INFO - 2025-10-09 08:26:38 --> Session: Class initialized using 'CodeIgniter\Session\Handlers\FileHandler' driver.
INFO - 2025-10-09 08:26:43 --> Session: Class initialized using 'CodeIgniter\Session\Handlers\FileHandler' driver.
INFO - 2025-10-09 08:26:48 --> Session: Class initialized using 'CodeIgniter\Session\Handlers\FileHandler' driver.
INFO - 2025-10-09 08:26:53 --> Session: Class initialized using 'CodeIgniter\Session\Handlers\FileHandler' driver.
INFO - 2025-10-09 08:26:58 --> Session: Class initialized using 'CodeIgniter\Session\Handlers\FileHandler' driver.
INFO - 2025-10-09 08:27:03 --> Session: Class initialized using 'CodeIgniter\Session\Handlers\FileHandler' driver.
INFO - 2025-10-09 08:27:08 --> Session: Class initialized using 'CodeIgniter\Session\Handlers\FileHandler' driver.
INFO - 2025-10-09 08:27:13 --> Session: Class initialized using 'CodeIgniter\Session\Handlers\FileHandler' driver.
INFO - 2025-10-09 08:27:18 --> Session: Class initialized using 'CodeIgniter\Session\Handlers\FileHandler' driver.
INFO - 2025-10-09 08:27:23 --> Session: Class initialized using 'CodeIgniter\Session\Handlers\FileHandler' driver.
INFO - 2025-10-09 08:27:28 --> Session: Class initialized using 'CodeIgniter\Session\Handlers\FileHandler' driver.
INFO - 2025-10-09 08:27:33 --> Session: Class initialized using 'CodeIgniter\Session\Handlers\FileHandler' driver.
INFO - 2025-10-09 08:27:38 --> Session: Class initialized using 'CodeIgniter\Session\Handlers\FileHandler' driver.
INFO - 2025-10-09 08:27:43 --> Session: Class initialized using 'CodeIgniter\Session\Handlers\FileHandler' driver.
INFO - 2025-10-09 08:27:48 --> Session: Class initialized using 'CodeIgniter\Session\Handlers\FileHandler' driver.
INFO - 2025-10-09 08:27:53 --> Session: Class initialized using 'CodeIgniter\Session\Handlers\FileHandler' driver.
INFO - 2025-10-09 08:27:58 --> Session: Class initialized using 'CodeIgniter\Session\Handlers\FileHandler' driver.
INFO - 2025-10-09 08:28:03 --> Session: Class initialized using 'CodeIgniter\Session\Handlers\FileHandler' driver.
INFO - 2025-10-09 08:28:08 --> Session: Class initialized using 'CodeIgniter\Session\Handlers\FileHandler' driver.
INFO - 2025-10-09 08:28:13 --> Session: Class initialized using 'CodeIgniter\Session\Handlers\FileHandler' driver.
INFO - 2025-10-09 08:28:18 --> Session: Class initialized using 'CodeIgniter\Session\Handlers\FileHandler' driver.
INFO - 2025-10-09 08:28:23 --> Session: Class initialized using 'CodeIgniter\Session\Handlers\FileHandler' driver.
INFO - 2025-10-09 08:28:28 --> Session: Class initialized using 'CodeIgniter\Session\Handlers\FileHandler' driver.
INFO - 2025-10-09 08:28:33 --> Session: Class initialized using 'CodeIgniter\Session\Handlers\FileHandler' driver.
INFO - 2025-10-09 08:28:38 --> Session: Class initialized using 'CodeIgniter\Session\Handlers\FileHandler' driver.
INFO - 2025-10-09 08:28:43 --> Session: Class initialized using 'CodeIgniter\Session\Handlers\FileHandler' driver.
INFO - 2025-10-09 08:28:48 --> Session: Class initialized using 'CodeIgniter\Session\Handlers\FileHandler' driver.
INFO - 2025-10-09 08:28:53 --> Session: Class initialized using 'CodeIgniter\Session\Handlers\FileHandler' driver.
INFO - 2025-10-09 08:28:58 --> Session: Class initialized using 'CodeIgniter\Session\Handlers\FileHandler' driver.
INFO - 2025-10-09 08:29:03 --> Session: Class initialized using 'CodeIgniter\Session\Handlers\FileHandler' driver.
INFO - 2025-10-09 08:29:08 --> Session: Class initialized using 'CodeIgniter\Session\Handlers\FileHandler' driver.
INFO - 2025-10-09 08:29:13 --> Session: Class initialized using 'CodeIgniter\Session\Handlers\FileHandler' driver.
INFO - 2025-10-09 08:29:18 --> Session: Class initialized using 'CodeIgniter\Session\Handlers\FileHandler' driver.
INFO - 2025-10-09 08:29:23 --> Session: Class initialized using 'CodeIgniter\Session\Handlers\FileHandler' driver.
INFO - 2025-10-09 08:29:28 --> Session: Class initialized using 'CodeIgniter\Session\Handlers\FileHandler' driver.
INFO - 2025-10-09 08:29:33 --> Session: Class initialized using 'CodeIgniter\Session\Handlers\FileHandler' driver.
INFO - 2025-10-09 08:29:38 --> Session: Class initialized using 'CodeIgniter\Session\Handlers\FileHandler' driver.
INFO - 2025-10-09 08:29:43 --> Session: Class initialized using 'CodeIgniter\Session\Handlers\FileHandler' driver.
INFO - 2025-10-09 08:29:48 --> Session: Class initialized using 'CodeIgniter\Session\Handlers\FileHandler' driver.
INFO - 2025-10-09 08:29:53 --> Session: Class initialized using 'CodeIgniter\Session\Handlers\FileHandler' driver.
INFO - 2025-10-09 08:29:58 --> Session: Class initialized using 'CodeIgniter\Session\Handlers\FileHandler' driver.
INFO - 2025-10-09 08:30:03 --> Session: Class initialized using 'CodeIgniter\Session\Handlers\FileHandler' driver.
INFO - 2025-10-09 08:30:08 --> Session: Class initialized using 'CodeIgniter\Session\Handlers\FileHandler' driver.
INFO - 2025-10-09 08:30:13 --> Session: Class initialized using 'CodeIgniter\Session\Handlers\FileHandler' driver.
INFO - 2025-10-09 08:30:18 --> Session: Class initialized using 'CodeIgniter\Session\Handlers\FileHandler' driver.
INFO - 2025-10-09 08:30:23 --> Session: Class initialized using 'CodeIgniter\Session\Handlers\FileHandler' driver.
INFO - 2025-10-09 08:30:23 --> Session: Class initialized using 'CodeIgniter\Session\Handlers\FileHandler' driver.
INFO - 2025-10-09 08:30:23 --> Session: Class initialized using 'CodeIgniter\Session\Handlers\FileHandler' driver.
INFO - 2025-10-09 08:30:24 --> Session: Class initialized using 'CodeIgniter\Session\Handlers\FileHandler' driver.
DEBUG - 2025-10-09 08:30:25 --> Ruta actual: /Tesina/public/energia/generarPDF/2
INFO - 2025-10-09 08:30:25 --> Session: Class initialized using 'CodeIgniter\Session\Handlers\FileHandler' driver.
DEBUG - 2025-10-09 08:30:25 --> Datos en sesión: Array
(
    [__ci_last_regenerate] => 1760009313
    [_ci_previous_url] => http://192.168.2.189/Tesina/public/energia/dispositivo/2
    [id_usuario] => 1
    [nombre] => brunito
    [apellido] => barber
    [email] => brunocameille@alumnos.itr3.edu.ar
    [rol] => admin
    [logged_in] => 1
    [tarifa_kwh] => 45
)

DEBUG - 2025-10-09 08:30:25 --> Ruta actual: /Tesina/public/energia/generarPDF/2
INFO - 2025-10-09 08:30:26 --> Session: Class initialized using 'CodeIgniter\Session\Handlers\FileHandler' driver.
DEBUG - 2025-10-09 08:30:26 --> Datos en sesión: Array
(
    [__ci_last_regenerate] => 1760009313
    [_ci_previous_url] => http://192.168.2.189/Tesina/public/energia/generarPDF/2
    [id_usuario] => 1
    [nombre] => brunito
    [apellido] => barber
    [email] => brunocameille@alumnos.itr3.edu.ar
    [rol] => admin
    [logged_in] => 1
    [tarifa_kwh] => 45
)

INFO - 2025-10-09 08:30:29 --> Session: Class initialized using 'CodeIgniter\Session\Handlers\FileHandler' driver.
INFO - 2025-10-09 08:30:34 --> Session: Class initialized using 'CodeIgniter\Session\Handlers\FileHandler' driver.
INFO - 2025-10-09 08:30:39 --> Session: Class initialized using 'CodeIgniter\Session\Handlers\FileHandler' driver.
INFO - 2025-10-09 08:30:44 --> Session: Class initialized using 'CodeIgniter\Session\Handlers\FileHandler' driver.
INFO - 2025-10-09 08:30:49 --> Session: Class initialized using 'CodeIgniter\Session\Handlers\FileHandler' driver.
INFO - 2025-10-09 08:30:54 --> Session: Class initialized using 'CodeIgniter\Session\Handlers\FileHandler' driver.
INFO - 2025-10-09 08:30:59 --> Session: Class initialized using 'CodeIgniter\Session\Handlers\FileHandler' driver.
INFO - 2025-10-09 08:31:04 --> Session: Class initialized using 'CodeIgniter\Session\Handlers\FileHandler' driver.
INFO - 2025-10-09 08:31:09 --> Session: Class initialized using 'CodeIgniter\Session\Handlers\FileHandler' driver.
INFO - 2025-10-09 08:31:14 --> Session: Class initialized using 'CodeIgniter\Session\Handlers\FileHandler' driver.
INFO - 2025-10-09 08:31:19 --> Session: Class initialized using 'CodeIgniter\Session\Handlers\FileHandler' driver.
INFO - 2025-10-09 08:31:24 --> Session: Class initialized using 'CodeIgniter\Session\Handlers\FileHandler' driver.
INFO - 2025-10-09 08:31:55 --> Session: Class initialized using 'CodeIgniter\Session\Handlers\FileHandler' driver.
INFO - 2025-10-09 08:31:58 --> Session: Class initialized using 'CodeIgniter\Session\Handlers\FileHandler' driver.
INFO - 2025-10-09 08:32:03 --> Session: Class initialized using 'CodeIgniter\Session\Handlers\FileHandler' driver.
INFO - 2025-10-09 08:32:08 --> Session: Class initialized using 'CodeIgniter\Session\Handlers\FileHandler' driver.
INFO - 2025-10-09 08:32:13 --> Session: Class initialized using 'CodeIgniter\Session\Handlers\FileHandler' driver.
INFO - 2025-10-09 08:32:19 --> Session: Class initialized using 'CodeIgniter\Session\Handlers\FileHandler' driver.
INFO - 2025-10-09 08:32:23 --> Session: Class initialized using 'CodeIgniter\Session\Handlers\FileHandler' driver.
INFO - 2025-10-09 08:32:29 --> Session: Class initialized using 'CodeIgniter\Session\Handlers\FileHandler' driver.
INFO - 2025-10-09 08:32:34 --> Session: Class initialized using 'CodeIgniter\Session\Handlers\FileHandler' driver.
INFO - 2025-10-09 08:32:39 --> Session: Class initialized using 'CodeIgniter\Session\Handlers\FileHandler' driver.
INFO - 2025-10-09 08:32:44 --> Session: Class initialized using 'CodeIgniter\Session\Handlers\FileHandler' driver.
INFO - 2025-10-09 08:32:49 --> Session: Class initialized using 'CodeIgniter\Session\Handlers\FileHandler' driver.
INFO - 2025-10-09 08:32:54 --> Session: Class initialized using 'CodeIgniter\Session\Handlers\FileHandler' driver.
INFO - 2025-10-09 08:32:59 --> Session: Class initialized using 'CodeIgniter\Session\Handlers\FileHandler' driver.
INFO - 2025-10-09 08:33:05 --> Session: Class initialized using 'CodeIgniter\Session\Handlers\FileHandler' driver.
INFO - 2025-10-09 08:33:09 --> Session: Class initialized using 'CodeIgniter\Session\Handlers\FileHandler' driver.
INFO - 2025-10-09 08:33:14 --> Session: Class initialized using 'CodeIgniter\Session\Handlers\FileHandler' driver.
INFO - 2025-10-09 08:33:18 --> Session: Class initialized using 'CodeIgniter\Session\Handlers\FileHandler' driver.
INFO - 2025-10-09 08:33:24 --> Session: Class initialized using 'CodeIgniter\Session\Handlers\FileHandler' driver.
INFO - 2025-10-09 08:33:29 --> Session: Class initialized using 'CodeIgniter\Session\Handlers\FileHandler' driver.
INFO - 2025-10-09 08:33:34 --> Session: Class initialized using 'CodeIgniter\Session\Handlers\FileHandler' driver.
INFO - 2025-10-09 08:33:39 --> Session: Class initialized using 'CodeIgniter\Session\Handlers\FileHandler' driver.
INFO - 2025-10-09 08:33:43 --> Session: Class initialized using 'CodeIgniter\Session\Handlers\FileHandler' driver.
INFO - 2025-10-09 08:33:48 --> Session: Class initialized using 'CodeIgniter\Session\Handlers\FileHandler' driver.
INFO - 2025-10-09 08:33:53 --> Session: Class initialized using 'CodeIgniter\Session\Handlers\FileHandler' driver.
INFO - 2025-10-09 08:33:58 --> Session: Class initialized using 'CodeIgniter\Session\Handlers\FileHandler' driver.
INFO - 2025-10-09 08:34:04 --> Session: Class initialized using 'CodeIgniter\Session\Handlers\FileHandler' driver.
INFO - 2025-10-09 08:34:08 --> Session: Class initialized using 'CodeIgniter\Session\Handlers\FileHandler' driver.
INFO - 2025-10-09 08:34:13 --> Session: Class initialized using 'CodeIgniter\Session\Handlers\FileHandler' driver.
INFO - 2025-10-09 08:34:18 --> Session: Class initialized using 'CodeIgniter\Session\Handlers\FileHandler' driver.
INFO - 2025-10-09 08:34:24 --> Session: Class initialized using 'CodeIgniter\Session\Handlers\FileHandler' driver.
INFO - 2025-10-09 08:34:28 --> Session: Class initialized using 'CodeIgniter\Session\Handlers\FileHandler' driver.
INFO - 2025-10-09 08:34:33 --> Session: Class initialized using 'CodeIgniter\Session\Handlers\FileHandler' driver.
INFO - 2025-10-09 08:34:38 --> Session: Class initialized using 'CodeIgniter\Session\Handlers\FileHandler' driver.
INFO - 2025-10-09 08:34:43 --> Session: Class initialized using 'CodeIgniter\Session\Handlers\FileHandler' driver.
INFO - 2025-10-09 08:34:48 --> Session: Class initialized using 'CodeIgniter\Session\Handlers\FileHandler' driver.
INFO - 2025-10-09 08:34:53 --> Session: Class initialized using 'CodeIgniter\Session\Handlers\FileHandler' driver.
INFO - 2025-10-09 08:34:58 --> Session: Class initialized using 'CodeIgniter\Session\Handlers\FileHandler' driver.
INFO - 2025-10-09 08:35:04 --> Session: Class initialized using 'CodeIgniter\Session\Handlers\FileHandler' driver.
INFO - 2025-10-09 08:35:09 --> Session: Class initialized using 'CodeIgniter\Session\Handlers\FileHandler' driver.
INFO - 2025-10-09 08:35:14 --> Session: Class initialized using 'CodeIgniter\Session\Handlers\FileHandler' driver.
INFO - 2025-10-09 08:35:19 --> Session: Class initialized using 'CodeIgniter\Session\Handlers\FileHandler' driver.
INFO - 2025-10-09 08:35:24 --> Session: Class initialized using 'CodeIgniter\Session\Handlers\FileHandler' driver.
INFO - 2025-10-09 08:35:29 --> Session: Class initialized using 'CodeIgniter\Session\Handlers\FileHandler' driver.
INFO - 2025-10-09 08:35:34 --> Session: Class initialized using 'CodeIgniter\Session\Handlers\FileHandler' driver.
INFO - 2025-10-09 08:35:39 --> Session: Class initialized using 'CodeIgniter\Session\Handlers\FileHandler' driver.
INFO - 2025-10-09 08:35:44 --> Session: Class initialized using 'CodeIgniter\Session\Handlers\FileHandler' driver.
INFO - 2025-10-09 08:35:49 --> Session: Class initialized using 'CodeIgniter\Session\Handlers\FileHandler' driver.
INFO - 2025-10-09 08:35:54 --> Session: Class initialized using 'CodeIgniter\Session\Handlers\FileHandler' driver.
INFO - 2025-10-09 08:35:59 --> Session: Class initialized using 'CodeIgniter\Session\Handlers\FileHandler' driver.
INFO - 2025-10-09 08:36:04 --> Session: Class initialized using 'CodeIgniter\Session\Handlers\FileHandler' driver.
INFO - 2025-10-09 08:37:04 --> Session: Class initialized using 'CodeIgniter\Session\Handlers\FileHandler' driver.
INFO - 2025-10-09 08:38:04 --> Session: Class initialized using 'CodeIgniter\Session\Handlers\FileHandler' driver.
INFO - 2025-10-09 08:39:04 --> Session: Class initialized using 'CodeIgniter\Session\Handlers\FileHandler' driver.
INFO - 2025-10-09 08:40:04 --> Session: Class initialized using 'CodeIgniter\Session\Handlers\FileHandler' driver.
INFO - 2025-10-09 08:40:24 --> Session: Class initialized using 'CodeIgniter\Session\Handlers\FileHandler' driver.
DEBUG - 2025-10-09 08:40:28 --> Ruta actual: /Tesina/public/usuario/perfil
INFO - 2025-10-09 08:40:28 --> Session: Class initialized using 'CodeIgniter\Session\Handlers\FileHandler' driver.
DEBUG - 2025-10-09 08:40:28 --> Datos en sesión: Array
(
    [__ci_last_regenerate] => 1760009944
    [_ci_previous_url] => http://192.168.2.189/Tesina/public/energia/generarPDF/2
    [id_usuario] => 1
    [nombre] => brunito
    [apellido] => barber
    [email] => brunocameille@alumnos.itr3.edu.ar
    [rol] => admin
    [logged_in] => 1
    [tarifa_kwh] => 45
)

DEBUG - 2025-10-09 08:40:28 --> Buscando usuario ID: 1
DEBUG - 2025-10-09 08:40:28 --> Resultado de la búsqueda: Array
(
    [id_usuario] => 1
    [nombre] => brunito
    [apellido] => barber
    [email] => brunocameille@alumnos.itr3.edu.ar
    [contrasena] => $2y$10$F4xQfULyrVhG1JD8Y21QR.vgn9Fzd257acxjmQqHQ3OYfEqBaAPb6
    [direccion_id] => 0
    [id_rol] => 1
    [created_at] => 2025-04-07 13:37:30
    [updated_at] => 2025-07-24 14:07:31
    [invitado_por] => 
    [estado] => activo
    [token_activacion] => 
)

DEBUG - 2025-10-09 08:40:30 --> Ruta actual: /Tesina/public/admin
INFO - 2025-10-09 08:40:30 --> Session: Class initialized using 'CodeIgniter\Session\Handlers\FileHandler' driver.
DEBUG - 2025-10-09 08:40:30 --> Datos en sesión: Array
(
    [__ci_last_regenerate] => 1760009944
    [_ci_previous_url] => http://192.168.2.189/Tesina/public/usuario/perfil
    [id_usuario] => 1
    [nombre] => brunito
    [apellido] => barber
    [email] => brunocameille@alumnos.itr3.edu.ar
    [rol] => admin
    [logged_in] => 1
    [tarifa_kwh] => 45
)

DEBUG - 2025-10-09 08:40:32 --> Ruta actual: /Tesina/public/admin/invitar
INFO - 2025-10-09 08:40:32 --> Session: Class initialized using 'CodeIgniter\Session\Handlers\FileHandler' driver.
DEBUG - 2025-10-09 08:40:32 --> Datos en sesión: Array
(
    [__ci_last_regenerate] => 1760009944
    [_ci_previous_url] => http://192.168.2.189/Tesina/public/admin
    [id_usuario] => 1
    [nombre] => brunito
    [apellido] => barber
    [email] => brunocameille@alumnos.itr3.edu.ar
    [rol] => admin
    [logged_in] => 1
    [tarifa_kwh] => 45
)

DEBUG - 2025-10-09 08:40:53 --> Ruta actual: /Tesina/public/admin/enviarInvitacion
INFO - 2025-10-09 08:40:53 --> Session: Class initialized using 'CodeIgniter\Session\Handlers\FileHandler' driver.
DEBUG - 2025-10-09 08:40:53 --> Datos en sesión: Array
(
    [__ci_last_regenerate] => 1760009944
    [_ci_previous_url] => http://192.168.2.189/Tesina/public/admin/invitar
    [id_usuario] => 1
    [nombre] => brunito
    [apellido] => barber
    [email] => brunocameille@alumnos.itr3.edu.ar
    [rol] => admin
    [logged_in] => 1
    [tarifa_kwh] => 45
)

DEBUG - 2025-10-09 08:40:58 --> Ruta actual: /Tesina/public/admin/invitar
INFO - 2025-10-09 08:40:58 --> Session: Class initialized using 'CodeIgniter\Session\Handlers\FileHandler' driver.
DEBUG - 2025-10-09 08:40:58 --> Datos en sesión: Array
(
    [__ci_last_regenerate] => 1760009944
    [_ci_previous_url] => http://192.168.2.189/Tesina/public/admin/invitar
    [id_usuario] => 1
    [nombre] => brunito
    [apellido] => barber
    [email] => brunocameille@alumnos.itr3.edu.ar
    [rol] => admin
    [logged_in] => 1
    [tarifa_kwh] => 45
)

INFO - 2025-10-09 08:41:23 --> Session: Class initialized using 'CodeIgniter\Session\Handlers\FileHandler' driver.
INFO - 2025-10-09 08:43:15 --> Session: Class initialized using 'CodeIgniter\Session\Handlers\FileHandler' driver.
INFO - 2025-10-09 08:43:15 --> Session: Class initialized using 'CodeIgniter\Session\Handlers\FileHandler' driver.
INFO - 2025-10-09 08:43:17 --> Session: Class initialized using 'CodeIgniter\Session\Handlers\FileHandler' driver.
INFO - 2025-10-09 08:43:45 --> Session: Class initialized using 'CodeIgniter\Session\Handlers\FileHandler' driver.
INFO - 2025-10-09 08:44:12 --> Session: Class initialized using 'CodeIgniter\Session\Handlers\FileHandler' driver.
DEBUG - 2025-10-09 08:44:12 --> Iniciando procesarRegistroInvitado.
DEBUG - 2025-10-09 08:44:12 --> Datos recibidos del POST: {"csrf_test_name":"b14fe752c823c0edf630b6de5c77e6a0","email":"locollas@gmail.com","id_rol_invitado":"2","token_invitacion":"AdunwmnLT6iIAlzoH0oCNbYO5KKYojD9","nombre":"mario","apellido":"kkakskda","contrasena":"Locollas_07$","confirmar_contrasena":"Locollas_07$"}
DEBUG - 2025-10-09 08:44:12 --> Token del formulario: AdunwmnLT6iIAlzoH0oCNbYO5KKYojD9
DEBUG - 2025-10-09 08:44:12 --> Email del formulario: locollas@gmail.com
DEBUG - 2025-10-09 08:44:12 --> ID Rol Invitado del formulario: 2
DEBUG - 2025-10-09 08:44:12 --> Invitación encontrada: {"id_invitacion":"44","email":"locollas@gmail.com","id_rol":"2","token":"AdunwmnLT6iIAlzoH0oCNbYO5KKYojD9","estado":"pendiente","invitado_por":"1","fecha_expiracion":"2025-10-09 08:40:53","id_usuario":"0","created_at":"2025-10-09 08:40:53"}
DEBUG - 2025-10-09 08:44:12 --> Validación de invitación inicial OK.
DEBUG - 2025-10-09 08:44:12 --> Validación de datos del formulario OK.
DEBUG - 2025-10-09 08:44:12 --> Datos de usuario a insertar: {"nombre":"mario","apellido":"kkakskda","email":"locollas@gmail.com","contrasena":"Locollas_07$","id_rol":"2","estado":"activo","invitado_por":"1"}
DEBUG - 2025-10-09 08:44:12 --> Datos a insertar: Array
(
    [nombre] => mario
    [apellido] => kkakskda
    [email] => locollas@gmail.com
    [contrasena] => Locollas_07$
    [id_rol] => 2
    [estado] => activo
    [invitado_por] => 1
)

DEBUG - 2025-10-09 08:44:12 --> Validando rol: 2
DEBUG - 2025-10-09 08:44:12 --> Resultado de validación de rol: true
DEBUG - 2025-10-09 08:44:12 --> Iniciando hashPassword con datos: {"data":{"nombre":"mario","apellido":"kkakskda","email":"locollas@gmail.com","contrasena":"Locollas_07$","id_rol":"2","estado":"activo","invitado_por":"1","created_at":"2025-10-09 08:44:12","updated_at":"2025-10-09 08:44:12"}}
DEBUG - 2025-10-09 08:44:12 --> Contraseña original: Locollas_07$
DEBUG - 2025-10-09 08:44:12 --> Longitud de la contraseña original: 12
DEBUG - 2025-10-09 08:44:12 --> Hash generado: $2y$10$rjkBMR6smBf1TFVzEaAf3.ZB4JpWIsyWMu0RhxxI250j4Ck.y9ZYW
DEBUG - 2025-10-09 08:44:12 --> Usuario insertado con ID: 80
INFO - 2025-10-09 08:44:12 --> Usuario registrado exitosamente con ID: 80
INFO - 2025-10-09 08:44:12 --> Estado de la invitación actualizada a "completada" para el token: AdunwmnLT6iIAlzoH0oCNbYO5KKYojD9
INFO - 2025-10-09 08:44:12 --> Session: Class initialized using 'CodeIgniter\Session\Handlers\FileHandler' driver.
INFO - 2025-10-09 08:44:30 --> Session: Class initialized using 'CodeIgniter\Session\Handlers\FileHandler' driver.
DEBUG - 2025-10-09 08:44:30 --> Intento de inicio de sesión para email: locollas@gmail.com
DEBUG - 2025-10-09 08:44:30 --> Longitud de la contraseña ingresada: 12
DEBUG - 2025-10-09 08:44:30 --> Usuario encontrado: {"id":"80","email":"locollas@gmail.com","estado":"activo","rol":"2"}
DEBUG - 2025-10-09 08:44:31 --> Resultado de verificación de contraseña: true
DEBUG - 2025-10-09 08:44:31 --> Hash almacenado en la base de datos: $2y$10$rjkBMR6smBf1TFVzEaAf3.ZB4JpWIsyWMu0RhxxI250j4Ck.y9ZYW
DEBUG - 2025-10-09 08:44:31 --> Inicio de sesión exitoso para usuario: locollas@gmail.com
DEBUG - 2025-10-09 08:44:31 --> Datos de sesión guardados: {"id_usuario":"80","nombre":"mario","apellido":"kkakskda","email":"locollas@gmail.com","rol":"usuario","logged_in":true}
DEBUG - 2025-10-09 08:44:31 --> Ruta actual: /Tesina/public/usuario
INFO - 2025-10-09 08:44:31 --> Session: Class initialized using 'CodeIgniter\Session\Handlers\FileHandler' driver.
DEBUG - 2025-10-09 08:44:31 --> Datos en sesión: Array
(
    [__ci_last_regenerate] => 1760010083
    [_ci_previous_url] => http://192.168.2.189/Tesina/public/autenticacion/login
    [locale] => es
    [id_usuario] => 80
    [nombre] => mario
    [apellido] => kkakskda
    [email] => locollas@gmail.com
    [rol] => usuario
    [logged_in] => 1
)

DEBUG - 2025-10-09 08:44:31 --> Usuario ID: 80
DEBUG - 2025-10-09 08:44:31 --> Buscando usuario ID: 80
DEBUG - 2025-10-09 08:44:31 --> Resultado de la búsqueda: Array
(
    [id_usuario] => 80
    [nombre] => mario
    [apellido] => kkakskda
    [email] => locollas@gmail.com
    [contrasena] => $2y$10$rjkBMR6smBf1TFVzEaAf3.ZB4JpWIsyWMu0RhxxI250j4Ck.y9ZYW
    [direccion_id] => 0
    [id_rol] => 2
    [created_at] => 2025-10-09 08:44:12
    [updated_at] => 2025-10-09 08:44:12
    [invitado_por] => 1
    [estado] => activo
    [token_activacion] => 
)

DEBUG - 2025-10-09 08:44:31 --> Datos del usuario: Array
(
    [id_usuario] => 80
    [nombre] => mario
    [apellido] => kkakskda
    [email] => locollas@gmail.com
    [contrasena] => $2y$10$rjkBMR6smBf1TFVzEaAf3.ZB4JpWIsyWMu0RhxxI250j4Ck.y9ZYW
    [direccion_id] => 0
    [id_rol] => 2
    [created_at] => 2025-10-09 08:44:12
    [updated_at] => 2025-10-09 08:44:12
    [invitado_por] => 1
    [estado] => activo
    [token_activacion] => 
)

DEBUG - 2025-10-09 08:44:31 --> Dispositivos encontrados: Array
(
    [0] => Array
        (
            [id_dispositivo] => 1
            [nombre] => medidor de ecovolt
            [id_usuario] => 1
            [mac_address] => 00:1A:2B:3C:4D:5E
            [ip_address] => 
            [ultima_conexion] => 
            [estado] => activo
            [created_at] => 2025-04-10 22:26:34
            [stock] => 43
            [precio] => 85
            [descripcion] => 
            [fecha_actualizacion] => 2025-06-27 08:44:59
            [updated_at] => 2025-06-12 15:06:14
            [codigo_activacion] => 
            [fecha_activacion] => 
            [nombre_usuario] => brunito
            [email_usuario] => brunocameille@alumnos.itr3.edu.ar
            [ultima_lectura] => 
        )

    [1] => Array
        (
            [id_dispositivo] => 2
            [nombre] => ECOVOLT HOYY 16
            [id_usuario] => 1
            [mac_address] => 08:D1:F9:A5:2A:14
            [ip_address] => 192.168.0.232
            [ultima_conexion] => 2025-10-01 18:47:51
            [estado] => activo
            [created_at] => 2025-04-11 10:03:27
            [stock] => 0
            [precio] => 0
            [descripcion] => esta es una prueba cambiaaa
            [fecha_actualizacion] => 2025-10-01 18:53:37
            [updated_at] => 2025-09-16 13:47:25
            [codigo_activacion] => 
            [fecha_activacion] => 
            [nombre_usuario] => brunito
            [email_usuario] => brunocameille@alumnos.itr3.edu.ar
            [ultima_lectura] => Array
                (
                    [id] => 32917
                    [id_dispositivo] => 2
                    [id_usuario] => 1
                    [voltaje] => 215.52
                    [corriente] => 5.0616
                    [potencia] => 1090.86
                    [kwh] => 0.0766
                    [kwh_acumulado] => 0
                    [limite_superado] => 0
                    [fecha] => 2025-10-07 19:46:39
                    [mac_address] => 08:D1:F9:A5:2A:14
                )

        )

    [2] => Array
        (
            [id_dispositivo] => 29
            [nombre] => sadasd
            [id_usuario] => 1
            [mac_address] => AA:C3:CC:D1:EE:2F
            [ip_address] => 
            [ultima_conexion] => 
            [estado] => activo
            [created_at] => 2025-06-27 10:12:51
            [stock] => 0
            [precio] => 0
            [descripcion] => 
            [fecha_actualizacion] => 2025-09-02 12:11:21
            [updated_at] => 
            [codigo_activacion] => 
            [fecha_activacion] => 
            [nombre_usuario] => brunito
            [email_usuario] => brunocameille@alumnos.itr3.edu.ar
            [ultima_lectura] => 
        )

)

DEBUG - 2025-10-09 08:44:31 --> Consumo 24h: 0
DEBUG - 2025-10-09 08:44:31 --> Consumo promedio: 0
DEBUG - 2025-10-09 08:44:31 --> Datos enviados a la vista: Array
(
    [usuario] => Array
        (
            [id_usuario] => 80
            [nombre] => mario
            [apellido] => kkakskda
            [email] => locollas@gmail.com
            [contrasena] => $2y$10$rjkBMR6smBf1TFVzEaAf3.ZB4JpWIsyWMu0RhxxI250j4Ck.y9ZYW
            [direccion_id] => 0
            [id_rol] => 2
            [created_at] => 2025-10-09 08:44:12
            [updated_at] => 2025-10-09 08:44:12
            [invitado_por] => 1
            [estado] => activo
            [token_activacion] => 
        )

    [dispositivos] => Array
        (
            [0] => Array
                (
                    [id_dispositivo] => 1
                    [nombre] => medidor de ecovolt
                    [id_usuario] => 1
                    [mac_address] => 00:1A:2B:3C:4D:5E
                    [ip_address] => 
                    [ultima_conexion] => 
                    [estado] => activo
                    [created_at] => 2025-04-10 22:26:34
                    [stock] => 43
                    [precio] => 85
                    [descripcion] => 
                    [fecha_actualizacion] => 2025-06-27 08:44:59
                    [updated_at] => 2025-06-12 15:06:14
                    [codigo_activacion] => 
                    [fecha_activacion] => 
                    [nombre_usuario] => brunito
                    [email_usuario] => brunocameille@alumnos.itr3.edu.ar
                    [ultima_lectura] => 
                )

            [1] => Array
                (
                    [id_dispositivo] => 2
                    [nombre] => ECOVOLT HOYY 16
                    [id_usuario] => 1
                    [mac_address] => 08:D1:F9:A5:2A:14
                    [ip_address] => 192.168.0.232
                    [ultima_conexion] => 2025-10-01 18:47:51
                    [estado] => activo
                    [created_at] => 2025-04-11 10:03:27
                    [stock] => 0
                    [precio] => 0
                    [descripcion] => esta es una prueba cambiaaa
                    [fecha_actualizacion] => 2025-10-01 18:53:37
                    [updated_at] => 2025-09-16 13:47:25
                    [codigo_activacion] => 
                    [fecha_activacion] => 
                    [nombre_usuario] => brunito
                    [email_usuario] => brunocameille@alumnos.itr3.edu.ar
                    [ultima_lectura] => Array
                        (
                            [id] => 32917
                            [id_dispositivo] => 2
                            [id_usuario] => 1
                            [voltaje] => 215.52
                            [corriente] => 5.0616
                            [potencia] => 1090.86
                            [kwh] => 0.0766
                            [kwh_acumulado] => 0
                            [limite_superado] => 0
                            [fecha] => 2025-10-07 19:46:39
                            [mac_address] => 08:D1:F9:A5:2A:14
                        )

                )

            [2] => Array
                (
                    [id_dispositivo] => 29
                    [nombre] => sadasd
                    [id_usuario] => 1
                    [mac_address] => AA:C3:CC:D1:EE:2F
                    [ip_address] => 
                    [ultima_conexion] => 
                    [estado] => activo
                    [created_at] => 2025-06-27 10:12:51
                    [stock] => 0
                    [precio] => 0
                    [descripcion] => 
                    [fecha_actualizacion] => 2025-09-02 12:11:21
                    [updated_at] => 
                    [codigo_activacion] => 
                    [fecha_activacion] => 
                    [nombre_usuario] => brunito
                    [email_usuario] => brunocameille@alumnos.itr3.edu.ar
                    [ultima_lectura] => 
                )

        )

    [dispositivos_propios] => Array
        (
        )

    [dispositivos_compartidos] => Array
        (
            [0] => Array
                (
                    [id_dispositivo] => 1
                    [nombre] => medidor de ecovolt
                    [id_usuario] => 1
                    [mac_address] => 00:1A:2B:3C:4D:5E
                    [ip_address] => 
                    [ultima_conexion] => 
                    [estado] => activo
                    [created_at] => 2025-04-10 22:26:34
                    [stock] => 43
                    [precio] => 85
                    [descripcion] => 
                    [fecha_actualizacion] => 2025-06-27 08:44:59
                    [updated_at] => 2025-06-12 15:06:14
                    [codigo_activacion] => 
                    [fecha_activacion] => 
                    [nombre_usuario] => brunito
                    [email_usuario] => brunocameille@alumnos.itr3.edu.ar
                    [ultima_lectura] => 
                )

            [1] => Array
                (
                    [id_dispositivo] => 2
                    [nombre] => ECOVOLT HOYY 16
                    [id_usuario] => 1
                    [mac_address] => 08:D1:F9:A5:2A:14
                    [ip_address] => 192.168.0.232
                    [ultima_conexion] => 2025-10-01 18:47:51
                    [estado] => activo
                    [created_at] => 2025-04-11 10:03:27
                    [stock] => 0
                    [precio] => 0
                    [descripcion] => esta es una prueba cambiaaa
                    [fecha_actualizacion] => 2025-10-01 18:53:37
                    [updated_at] => 2025-09-16 13:47:25
                    [codigo_activacion] => 
                    [fecha_activacion] => 
                    [nombre_usuario] => brunito
                    [email_usuario] => brunocameille@alumnos.itr3.edu.ar
                    [ultima_lectura] => Array
                        (
                            [id] => 32917
                            [id_dispositivo] => 2
                            [id_usuario] => 1
                            [voltaje] => 215.52
                            [corriente] => 5.0616
                            [potencia] => 1090.86
                            [kwh] => 0.0766
                            [kwh_acumulado] => 0
                            [limite_superado] => 0
                            [fecha] => 2025-10-07 19:46:39
                            [mac_address] => 08:D1:F9:A5:2A:14
                        )

                )

            [2] => Array
                (
                    [id_dispositivo] => 29
                    [nombre] => sadasd
                    [id_usuario] => 1
                    [mac_address] => AA:C3:CC:D1:EE:2F
                    [ip_address] => 
                    [ultima_conexion] => 
                    [estado] => activo
                    [created_at] => 2025-06-27 10:12:51
                    [stock] => 0
                    [precio] => 0
                    [descripcion] => 
                    [fecha_actualizacion] => 2025-09-02 12:11:21
                    [updated_at] => 
                    [codigo_activacion] => 
                    [fecha_activacion] => 
                    [nombre_usuario] => brunito
                    [email_usuario] => brunocameille@alumnos.itr3.edu.ar
                    [ultima_lectura] => 
                )

        )

    [consumo24h] => 0
    [consumoPromedio] => 0
    [activosPropios] => 0
)

DEBUG - 2025-10-09 08:44:40 --> Ruta actual: /Tesina/public/energia/dispositivo/1
INFO - 2025-10-09 08:44:40 --> Session: Class initialized using 'CodeIgniter\Session\Handlers\FileHandler' driver.
DEBUG - 2025-10-09 08:44:40 --> Datos en sesión: Array
(
    [__ci_last_regenerate] => 1760010083
    [_ci_previous_url] => http://192.168.2.189/Tesina/public/usuario
    [locale] => es
    [id_usuario] => 80
    [nombre] => mario
    [apellido] => kkakskda
    [email] => locollas@gmail.com
    [rol] => usuario
    [logged_in] => 1
)

DEBUG - 2025-10-09 08:44:43 --> Ruta actual: /Tesina/public/energia/dispositivo/2
INFO - 2025-10-09 08:44:43 --> Session: Class initialized using 'CodeIgniter\Session\Handlers\FileHandler' driver.
DEBUG - 2025-10-09 08:44:43 --> Datos en sesión: Array
(
    [__ci_last_regenerate] => 1760010083
    [_ci_previous_url] => http://192.168.2.189/Tesina/public/energia/dispositivo/1
    [locale] => es
    [id_usuario] => 80
    [nombre] => mario
    [apellido] => kkakskda
    [email] => locollas@gmail.com
    [rol] => usuario
    [logged_in] => 1
)

INFO - 2025-10-09 08:44:45 --> Session: Class initialized using 'CodeIgniter\Session\Handlers\FileHandler' driver.
INFO - 2025-10-09 08:44:49 --> Session: Class initialized using 'CodeIgniter\Session\Handlers\FileHandler' driver.
DEBUG - 2025-10-09 08:44:53 --> Ruta actual: /Tesina/public/perfil/perfil
INFO - 2025-10-09 08:44:53 --> Session: Class initialized using 'CodeIgniter\Session\Handlers\FileHandler' driver.
DEBUG - 2025-10-09 08:44:53 --> Datos en sesión: Array
(
    [__ci_last_regenerate] => 1760010083
    [_ci_previous_url] => http://192.168.2.189/Tesina/public/energia/dispositivo/2
    [locale] => es
    [id_usuario] => 80
    [nombre] => mario
    [apellido] => kkakskda
    [email] => locollas@gmail.com
    [rol] => usuario
    [logged_in] => 1
)

DEBUG - 2025-10-09 08:44:53 --> === INICIO ACTUALIZACIÓN PERFIL ===
DEBUG - 2025-10-09 08:44:53 --> ID Usuario: 80
DEBUG - 2025-10-09 08:44:53 --> Buscando usuario ID: 80
DEBUG - 2025-10-09 08:44:53 --> Resultado de la búsqueda: Array
(
    [id_usuario] => 80
    [nombre] => mario
    [apellido] => kkakskda
    [email] => locollas@gmail.com
    [contrasena] => $2y$10$rjkBMR6smBf1TFVzEaAf3.ZB4JpWIsyWMu0RhxxI250j4Ck.y9ZYW
    [direccion_id] => 0
    [id_rol] => 2
    [created_at] => 2025-10-09 08:44:12
    [updated_at] => 2025-10-09 08:44:12
    [invitado_por] => 1
    [estado] => activo
    [token_activacion] => 
)

DEBUG - 2025-10-09 08:44:53 --> Datos actuales del usuario: Array
(
    [id_usuario] => 80
    [nombre] => mario
    [apellido] => kkakskda
    [email] => locollas@gmail.com
    [contrasena] => $2y$10$rjkBMR6smBf1TFVzEaAf3.ZB4JpWIsyWMu0RhxxI250j4Ck.y9ZYW
    [direccion_id] => 0
    [id_rol] => 2
    [created_at] => 2025-10-09 08:44:12
    [updated_at] => 2025-10-09 08:44:12
    [invitado_por] => 1
    [estado] => activo
    [token_activacion] => 
)

DEBUG - 2025-10-09 08:44:55 --> Ruta actual: /Tesina/public/usuario
INFO - 2025-10-09 08:44:55 --> Session: Class initialized using 'CodeIgniter\Session\Handlers\FileHandler' driver.
DEBUG - 2025-10-09 08:44:55 --> Datos en sesión: Array
(
    [__ci_last_regenerate] => 1760010083
    [_ci_previous_url] => http://192.168.2.189/Tesina/public/perfil/perfil
    [locale] => es
    [id_usuario] => 80
    [nombre] => mario
    [apellido] => kkakskda
    [email] => locollas@gmail.com
    [rol] => usuario
    [logged_in] => 1
)

DEBUG - 2025-10-09 08:44:55 --> Usuario ID: 80
DEBUG - 2025-10-09 08:44:55 --> Buscando usuario ID: 80
DEBUG - 2025-10-09 08:44:55 --> Resultado de la búsqueda: Array
(
    [id_usuario] => 80
    [nombre] => mario
    [apellido] => kkakskda
    [email] => locollas@gmail.com
    [contrasena] => $2y$10$rjkBMR6smBf1TFVzEaAf3.ZB4JpWIsyWMu0RhxxI250j4Ck.y9ZYW
    [direccion_id] => 0
    [id_rol] => 2
    [created_at] => 2025-10-09 08:44:12
    [updated_at] => 2025-10-09 08:44:12
    [invitado_por] => 1
    [estado] => activo
    [token_activacion] => 
)

DEBUG - 2025-10-09 08:44:55 --> Datos del usuario: Array
(
    [id_usuario] => 80
    [nombre] => mario
    [apellido] => kkakskda
    [email] => locollas@gmail.com
    [contrasena] => $2y$10$rjkBMR6smBf1TFVzEaAf3.ZB4JpWIsyWMu0RhxxI250j4Ck.y9ZYW
    [direccion_id] => 0
    [id_rol] => 2
    [created_at] => 2025-10-09 08:44:12
    [updated_at] => 2025-10-09 08:44:12
    [invitado_por] => 1
    [estado] => activo
    [token_activacion] => 
)

DEBUG - 2025-10-09 08:44:55 --> Dispositivos encontrados: Array
(
    [0] => Array
        (
            [id_dispositivo] => 1
            [nombre] => medidor de ecovolt
            [id_usuario] => 1
            [mac_address] => 00:1A:2B:3C:4D:5E
            [ip_address] => 
            [ultima_conexion] => 
            [estado] => activo
            [created_at] => 2025-04-10 22:26:34
            [stock] => 43
            [precio] => 85
            [descripcion] => 
            [fecha_actualizacion] => 2025-06-27 08:44:59
            [updated_at] => 2025-06-12 15:06:14
            [codigo_activacion] => 
            [fecha_activacion] => 
            [nombre_usuario] => brunito
            [email_usuario] => brunocameille@alumnos.itr3.edu.ar
            [ultima_lectura] => 
        )

    [1] => Array
        (
            [id_dispositivo] => 2
            [nombre] => ECOVOLT HOYY 16
            [id_usuario] => 1
            [mac_address] => 08:D1:F9:A5:2A:14
            [ip_address] => 192.168.0.232
            [ultima_conexion] => 2025-10-01 18:47:51
            [estado] => activo
            [created_at] => 2025-04-11 10:03:27
            [stock] => 0
            [precio] => 0
            [descripcion] => esta es una prueba cambiaaa
            [fecha_actualizacion] => 2025-10-01 18:53:37
            [updated_at] => 2025-09-16 13:47:25
            [codigo_activacion] => 
            [fecha_activacion] => 
            [nombre_usuario] => brunito
            [email_usuario] => brunocameille@alumnos.itr3.edu.ar
            [ultima_lectura] => Array
                (
                    [id] => 32917
                    [id_dispositivo] => 2
                    [id_usuario] => 1
                    [voltaje] => 215.52
                    [corriente] => 5.0616
                    [potencia] => 1090.86
                    [kwh] => 0.0766
                    [kwh_acumulado] => 0
                    [limite_superado] => 0
                    [fecha] => 2025-10-07 19:46:39
                    [mac_address] => 08:D1:F9:A5:2A:14
                )

        )

    [2] => Array
        (
            [id_dispositivo] => 29
            [nombre] => sadasd
            [id_usuario] => 1
            [mac_address] => AA:C3:CC:D1:EE:2F
            [ip_address] => 
            [ultima_conexion] => 
            [estado] => activo
            [created_at] => 2025-06-27 10:12:51
            [stock] => 0
            [precio] => 0
            [descripcion] => 
            [fecha_actualizacion] => 2025-09-02 12:11:21
            [updated_at] => 
            [codigo_activacion] => 
            [fecha_activacion] => 
            [nombre_usuario] => brunito
            [email_usuario] => brunocameille@alumnos.itr3.edu.ar
            [ultima_lectura] => 
        )

)

DEBUG - 2025-10-09 08:44:55 --> Consumo 24h: 0
DEBUG - 2025-10-09 08:44:55 --> Consumo promedio: 0
DEBUG - 2025-10-09 08:44:55 --> Datos enviados a la vista: Array
(
    [usuario] => Array
        (
            [id_usuario] => 80
            [nombre] => mario
            [apellido] => kkakskda
            [email] => locollas@gmail.com
            [contrasena] => $2y$10$rjkBMR6smBf1TFVzEaAf3.ZB4JpWIsyWMu0RhxxI250j4Ck.y9ZYW
            [direccion_id] => 0
            [id_rol] => 2
            [created_at] => 2025-10-09 08:44:12
            [updated_at] => 2025-10-09 08:44:12
            [invitado_por] => 1
            [estado] => activo
            [token_activacion] => 
        )

    [dispositivos] => Array
        (
            [0] => Array
                (
                    [id_dispositivo] => 1
                    [nombre] => medidor de ecovolt
                    [id_usuario] => 1
                    [mac_address] => 00:1A:2B:3C:4D:5E
                    [ip_address] => 
                    [ultima_conexion] => 
                    [estado] => activo
                    [created_at] => 2025-04-10 22:26:34
                    [stock] => 43
                    [precio] => 85
                    [descripcion] => 
                    [fecha_actualizacion] => 2025-06-27 08:44:59
                    [updated_at] => 2025-06-12 15:06:14
                    [codigo_activacion] => 
                    [fecha_activacion] => 
                    [nombre_usuario] => brunito
                    [email_usuario] => brunocameille@alumnos.itr3.edu.ar
                    [ultima_lectura] => 
                )

            [1] => Array
                (
                    [id_dispositivo] => 2
                    [nombre] => ECOVOLT HOYY 16
                    [id_usuario] => 1
                    [mac_address] => 08:D1:F9:A5:2A:14
                    [ip_address] => 192.168.0.232
                    [ultima_conexion] => 2025-10-01 18:47:51
                    [estado] => activo
                    [created_at] => 2025-04-11 10:03:27
                    [stock] => 0
                    [precio] => 0
                    [descripcion] => esta es una prueba cambiaaa
                    [fecha_actualizacion] => 2025-10-01 18:53:37
                    [updated_at] => 2025-09-16 13:47:25
                    [codigo_activacion] => 
                    [fecha_activacion] => 
                    [nombre_usuario] => brunito
                    [email_usuario] => brunocameille@alumnos.itr3.edu.ar
                    [ultima_lectura] => Array
                        (
                            [id] => 32917
                            [id_dispositivo] => 2
                            [id_usuario] => 1
                            [voltaje] => 215.52
                            [corriente] => 5.0616
                            [potencia] => 1090.86
                            [kwh] => 0.0766
                            [kwh_acumulado] => 0
                            [limite_superado] => 0
                            [fecha] => 2025-10-07 19:46:39
                            [mac_address] => 08:D1:F9:A5:2A:14
                        )

                )

            [2] => Array
                (
                    [id_dispositivo] => 29
                    [nombre] => sadasd
                    [id_usuario] => 1
                    [mac_address] => AA:C3:CC:D1:EE:2F
                    [ip_address] => 
                    [ultima_conexion] => 
                    [estado] => activo
                    [created_at] => 2025-06-27 10:12:51
                    [stock] => 0
                    [precio] => 0
                    [descripcion] => 
                    [fecha_actualizacion] => 2025-09-02 12:11:21
                    [updated_at] => 
                    [codigo_activacion] => 
                    [fecha_activacion] => 
                    [nombre_usuario] => brunito
                    [email_usuario] => brunocameille@alumnos.itr3.edu.ar
                    [ultima_lectura] => 
                )

        )

    [dispositivos_propios] => Array
        (
        )

    [dispositivos_compartidos] => Array
        (
            [0] => Array
                (
                    [id_dispositivo] => 1
                    [nombre] => medidor de ecovolt
                    [id_usuario] => 1
                    [mac_address] => 00:1A:2B:3C:4D:5E
                    [ip_address] => 
                    [ultima_conexion] => 
                    [estado] => activo
                    [created_at] => 2025-04-10 22:26:34
                    [stock] => 43
                    [precio] => 85
                    [descripcion] => 
                    [fecha_actualizacion] => 2025-06-27 08:44:59
                    [updated_at] => 2025-06-12 15:06:14
                    [codigo_activacion] => 
                    [fecha_activacion] => 
                    [nombre_usuario] => brunito
                    [email_usuario] => brunocameille@alumnos.itr3.edu.ar
                    [ultima_lectura] => 
                )

            [1] => Array
                (
                    [id_dispositivo] => 2
                    [nombre] => ECOVOLT HOYY 16
                    [id_usuario] => 1
                    [mac_address] => 08:D1:F9:A5:2A:14
                    [ip_address] => 192.168.0.232
                    [ultima_conexion] => 2025-10-01 18:47:51
                    [estado] => activo
                    [created_at] => 2025-04-11 10:03:27
                    [stock] => 0
                    [precio] => 0
                    [descripcion] => esta es una prueba cambiaaa
                    [fecha_actualizacion] => 2025-10-01 18:53:37
                    [updated_at] => 2025-09-16 13:47:25
                    [codigo_activacion] => 
                    [fecha_activacion] => 
                    [nombre_usuario] => brunito
                    [email_usuario] => brunocameille@alumnos.itr3.edu.ar
                    [ultima_lectura] => Array
                        (
                            [id] => 32917
                            [id_dispositivo] => 2
                            [id_usuario] => 1
                            [voltaje] => 215.52
                            [corriente] => 5.0616
                            [potencia] => 1090.86
                            [kwh] => 0.0766
                            [kwh_acumulado] => 0
                            [limite_superado] => 0
                            [fecha] => 2025-10-07 19:46:39
                            [mac_address] => 08:D1:F9:A5:2A:14
                        )

                )

            [2] => Array
                (
                    [id_dispositivo] => 29
                    [nombre] => sadasd
                    [id_usuario] => 1
                    [mac_address] => AA:C3:CC:D1:EE:2F
                    [ip_address] => 
                    [ultima_conexion] => 
                    [estado] => activo
                    [created_at] => 2025-06-27 10:12:51
                    [stock] => 0
                    [precio] => 0
                    [descripcion] => 
                    [fecha_actualizacion] => 2025-09-02 12:11:21
                    [updated_at] => 
                    [codigo_activacion] => 
                    [fecha_activacion] => 
                    [nombre_usuario] => brunito
                    [email_usuario] => brunocameille@alumnos.itr3.edu.ar
                    [ultima_lectura] => 
                )

        )

    [consumo24h] => 0
    [consumoPromedio] => 0
    [activosPropios] => 0
)

DEBUG - 2025-10-09 08:44:55 --> Ruta actual: /Tesina/public/usuario
INFO - 2025-10-09 08:44:55 --> Session: Class initialized using 'CodeIgniter\Session\Handlers\FileHandler' driver.
DEBUG - 2025-10-09 08:44:55 --> Datos en sesión: Array
(
    [__ci_last_regenerate] => 1760010083
    [_ci_previous_url] => http://192.168.2.189/Tesina/public/usuario
    [locale] => es
    [id_usuario] => 80
    [nombre] => mario
    [apellido] => kkakskda
    [email] => locollas@gmail.com
    [rol] => usuario
    [logged_in] => 1
)

DEBUG - 2025-10-09 08:44:55 --> Usuario ID: 80
DEBUG - 2025-10-09 08:44:55 --> Buscando usuario ID: 80
DEBUG - 2025-10-09 08:44:55 --> Resultado de la búsqueda: Array
(
    [id_usuario] => 80
    [nombre] => mario
    [apellido] => kkakskda
    [email] => locollas@gmail.com
    [contrasena] => $2y$10$rjkBMR6smBf1TFVzEaAf3.ZB4JpWIsyWMu0RhxxI250j4Ck.y9ZYW
    [direccion_id] => 0
    [id_rol] => 2
    [created_at] => 2025-10-09 08:44:12
    [updated_at] => 2025-10-09 08:44:12
    [invitado_por] => 1
    [estado] => activo
    [token_activacion] => 
)

DEBUG - 2025-10-09 08:44:55 --> Datos del usuario: Array
(
    [id_usuario] => 80
    [nombre] => mario
    [apellido] => kkakskda
    [email] => locollas@gmail.com
    [contrasena] => $2y$10$rjkBMR6smBf1TFVzEaAf3.ZB4JpWIsyWMu0RhxxI250j4Ck.y9ZYW
    [direccion_id] => 0
    [id_rol] => 2
    [created_at] => 2025-10-09 08:44:12
    [updated_at] => 2025-10-09 08:44:12
    [invitado_por] => 1
    [estado] => activo
    [token_activacion] => 
)

DEBUG - 2025-10-09 08:44:55 --> Dispositivos encontrados: Array
(
    [0] => Array
        (
            [id_dispositivo] => 1
            [nombre] => medidor de ecovolt
            [id_usuario] => 1
            [mac_address] => 00:1A:2B:3C:4D:5E
            [ip_address] => 
            [ultima_conexion] => 
            [estado] => activo
            [created_at] => 2025-04-10 22:26:34
            [stock] => 43
            [precio] => 85
            [descripcion] => 
            [fecha_actualizacion] => 2025-06-27 08:44:59
            [updated_at] => 2025-06-12 15:06:14
            [codigo_activacion] => 
            [fecha_activacion] => 
            [nombre_usuario] => brunito
            [email_usuario] => brunocameille@alumnos.itr3.edu.ar
            [ultima_lectura] => 
        )

    [1] => Array
        (
            [id_dispositivo] => 2
            [nombre] => ECOVOLT HOYY 16
            [id_usuario] => 1
            [mac_address] => 08:D1:F9:A5:2A:14
            [ip_address] => 192.168.0.232
            [ultima_conexion] => 2025-10-01 18:47:51
            [estado] => activo
            [created_at] => 2025-04-11 10:03:27
            [stock] => 0
            [precio] => 0
            [descripcion] => esta es una prueba cambiaaa
            [fecha_actualizacion] => 2025-10-01 18:53:37
            [updated_at] => 2025-09-16 13:47:25
            [codigo_activacion] => 
            [fecha_activacion] => 
            [nombre_usuario] => brunito
            [email_usuario] => brunocameille@alumnos.itr3.edu.ar
            [ultima_lectura] => Array
                (
                    [id] => 32917
                    [id_dispositivo] => 2
                    [id_usuario] => 1
                    [voltaje] => 215.52
                    [corriente] => 5.0616
                    [potencia] => 1090.86
                    [kwh] => 0.0766
                    [kwh_acumulado] => 0
                    [limite_superado] => 0
                    [fecha] => 2025-10-07 19:46:39
                    [mac_address] => 08:D1:F9:A5:2A:14
                )

        )

    [2] => Array
        (
            [id_dispositivo] => 29
            [nombre] => sadasd
            [id_usuario] => 1
            [mac_address] => AA:C3:CC:D1:EE:2F
            [ip_address] => 
            [ultima_conexion] => 
            [estado] => activo
            [created_at] => 2025-06-27 10:12:51
            [stock] => 0
            [precio] => 0
            [descripcion] => 
            [fecha_actualizacion] => 2025-09-02 12:11:21
            [updated_at] => 
            [codigo_activacion] => 
            [fecha_activacion] => 
            [nombre_usuario] => brunito
            [email_usuario] => brunocameille@alumnos.itr3.edu.ar
            [ultima_lectura] => 
        )

)

DEBUG - 2025-10-09 08:44:55 --> Consumo 24h: 0
DEBUG - 2025-10-09 08:44:55 --> Consumo promedio: 0
DEBUG - 2025-10-09 08:44:55 --> Datos enviados a la vista: Array
(
    [usuario] => Array
        (
            [id_usuario] => 80
            [nombre] => mario
            [apellido] => kkakskda
            [email] => locollas@gmail.com
            [contrasena] => $2y$10$rjkBMR6smBf1TFVzEaAf3.ZB4JpWIsyWMu0RhxxI250j4Ck.y9ZYW
            [direccion_id] => 0
            [id_rol] => 2
            [created_at] => 2025-10-09 08:44:12
            [updated_at] => 2025-10-09 08:44:12
            [invitado_por] => 1
            [estado] => activo
            [token_activacion] => 
        )

    [dispositivos] => Array
        (
            [0] => Array
                (
                    [id_dispositivo] => 1
                    [nombre] => medidor de ecovolt
                    [id_usuario] => 1
                    [mac_address] => 00:1A:2B:3C:4D:5E
                    [ip_address] => 
                    [ultima_conexion] => 
                    [estado] => activo
                    [created_at] => 2025-04-10 22:26:34
                    [stock] => 43
                    [precio] => 85
                    [descripcion] => 
                    [fecha_actualizacion] => 2025-06-27 08:44:59
                    [updated_at] => 2025-06-12 15:06:14
                    [codigo_activacion] => 
                    [fecha_activacion] => 
                    [nombre_usuario] => brunito
                    [email_usuario] => brunocameille@alumnos.itr3.edu.ar
                    [ultima_lectura] => 
                )

            [1] => Array
                (
                    [id_dispositivo] => 2
                    [nombre] => ECOVOLT HOYY 16
                    [id_usuario] => 1
                    [mac_address] => 08:D1:F9:A5:2A:14
                    [ip_address] => 192.168.0.232
                    [ultima_conexion] => 2025-10-01 18:47:51
                    [estado] => activo
                    [created_at] => 2025-04-11 10:03:27
                    [stock] => 0
                    [precio] => 0
                    [descripcion] => esta es una prueba cambiaaa
                    [fecha_actualizacion] => 2025-10-01 18:53:37
                    [updated_at] => 2025-09-16 13:47:25
                    [codigo_activacion] => 
                    [fecha_activacion] => 
                    [nombre_usuario] => brunito
                    [email_usuario] => brunocameille@alumnos.itr3.edu.ar
                    [ultima_lectura] => Array
                        (
                            [id] => 32917
                            [id_dispositivo] => 2
                            [id_usuario] => 1
                            [voltaje] => 215.52
                            [corriente] => 5.0616
                            [potencia] => 1090.86
                            [kwh] => 0.0766
                            [kwh_acumulado] => 0
                            [limite_superado] => 0
                            [fecha] => 2025-10-07 19:46:39
                            [mac_address] => 08:D1:F9:A5:2A:14
                        )

                )

            [2] => Array
                (
                    [id_dispositivo] => 29
                    [nombre] => sadasd
                    [id_usuario] => 1
                    [mac_address] => AA:C3:CC:D1:EE:2F
                    [ip_address] => 
                    [ultima_conexion] => 
                    [estado] => activo
                    [created_at] => 2025-06-27 10:12:51
                    [stock] => 0
                    [precio] => 0
                    [descripcion] => 
                    [fecha_actualizacion] => 2025-09-02 12:11:21
                    [updated_at] => 
                    [codigo_activacion] => 
                    [fecha_activacion] => 
                    [nombre_usuario] => brunito
                    [email_usuario] => brunocameille@alumnos.itr3.edu.ar
                    [ultima_lectura] => 
                )

        )

    [dispositivos_propios] => Array
        (
        )

    [dispositivos_compartidos] => Array
        (
            [0] => Array
                (
                    [id_dispositivo] => 1
                    [nombre] => medidor de ecovolt
                    [id_usuario] => 1
                    [mac_address] => 00:1A:2B:3C:4D:5E
                    [ip_address] => 
                    [ultima_conexion] => 
                    [estado] => activo
                    [created_at] => 2025-04-10 22:26:34
                    [stock] => 43
                    [precio] => 85
                    [descripcion] => 
                    [fecha_actualizacion] => 2025-06-27 08:44:59
                    [updated_at] => 2025-06-12 15:06:14
                    [codigo_activacion] => 
                    [fecha_activacion] => 
                    [nombre_usuario] => brunito
                    [email_usuario] => brunocameille@alumnos.itr3.edu.ar
                    [ultima_lectura] => 
                )

            [1] => Array
                (
                    [id_dispositivo] => 2
                    [nombre] => ECOVOLT HOYY 16
                    [id_usuario] => 1
                    [mac_address] => 08:D1:F9:A5:2A:14
                    [ip_address] => 192.168.0.232
                    [ultima_conexion] => 2025-10-01 18:47:51
                    [estado] => activo
                    [created_at] => 2025-04-11 10:03:27
                    [stock] => 0
                    [precio] => 0
                    [descripcion] => esta es una prueba cambiaaa
                    [fecha_actualizacion] => 2025-10-01 18:53:37
                    [updated_at] => 2025-09-16 13:47:25
                    [codigo_activacion] => 
                    [fecha_activacion] => 
                    [nombre_usuario] => brunito
                    [email_usuario] => brunocameille@alumnos.itr3.edu.ar
                    [ultima_lectura] => Array
                        (
                            [id] => 32917
                            [id_dispositivo] => 2
                            [id_usuario] => 1
                            [voltaje] => 215.52
                            [corriente] => 5.0616
                            [potencia] => 1090.86
                            [kwh] => 0.0766
                            [kwh_acumulado] => 0
                            [limite_superado] => 0
                            [fecha] => 2025-10-07 19:46:39
                            [mac_address] => 08:D1:F9:A5:2A:14
                        )

                )

            [2] => Array
                (
                    [id_dispositivo] => 29
                    [nombre] => sadasd
                    [id_usuario] => 1
                    [mac_address] => AA:C3:CC:D1:EE:2F
                    [ip_address] => 
                    [ultima_conexion] => 
                    [estado] => activo
                    [created_at] => 2025-06-27 10:12:51
                    [stock] => 0
                    [precio] => 0
                    [descripcion] => 
                    [fecha_actualizacion] => 2025-09-02 12:11:21
                    [updated_at] => 
                    [codigo_activacion] => 
                    [fecha_activacion] => 
                    [nombre_usuario] => brunito
                    [email_usuario] => brunocameille@alumnos.itr3.edu.ar
                    [ultima_lectura] => 
                )

        )

    [consumo24h] => 0
    [consumoPromedio] => 0
    [activosPropios] => 0
)

DEBUG - 2025-10-09 08:45:01 --> Ruta actual: /Tesina/public/energia/dispositivo/1
INFO - 2025-10-09 08:45:01 --> Session: Class initialized using 'CodeIgniter\Session\Handlers\FileHandler' driver.
DEBUG - 2025-10-09 08:45:01 --> Datos en sesión: Array
(
    [__ci_last_regenerate] => 1760010083
    [_ci_previous_url] => http://192.168.2.189/Tesina/public/usuario
    [locale] => es
    [id_usuario] => 80
    [nombre] => mario
    [apellido] => kkakskda
    [email] => locollas@gmail.com
    [rol] => usuario
    [logged_in] => 1
)

DEBUG - 2025-10-09 08:45:02 --> Ruta actual: /Tesina/public/perfil/perfil
INFO - 2025-10-09 08:45:02 --> Session: Class initialized using 'CodeIgniter\Session\Handlers\FileHandler' driver.
DEBUG - 2025-10-09 08:45:02 --> Datos en sesión: Array
(
    [__ci_last_regenerate] => 1760010083
    [_ci_previous_url] => http://192.168.2.189/Tesina/public/energia/dispositivo/1
    [locale] => es
    [id_usuario] => 80
    [nombre] => mario
    [apellido] => kkakskda
    [email] => locollas@gmail.com
    [rol] => usuario
    [logged_in] => 1
)

DEBUG - 2025-10-09 08:45:02 --> === INICIO ACTUALIZACIÓN PERFIL ===
DEBUG - 2025-10-09 08:45:02 --> ID Usuario: 80
DEBUG - 2025-10-09 08:45:02 --> Buscando usuario ID: 80
DEBUG - 2025-10-09 08:45:02 --> Resultado de la búsqueda: Array
(
    [id_usuario] => 80
    [nombre] => mario
    [apellido] => kkakskda
    [email] => locollas@gmail.com
    [contrasena] => $2y$10$rjkBMR6smBf1TFVzEaAf3.ZB4JpWIsyWMu0RhxxI250j4Ck.y9ZYW
    [direccion_id] => 0
    [id_rol] => 2
    [created_at] => 2025-10-09 08:44:12
    [updated_at] => 2025-10-09 08:44:12
    [invitado_por] => 1
    [estado] => activo
    [token_activacion] => 
)

DEBUG - 2025-10-09 08:45:02 --> Datos actuales del usuario: Array
(
    [id_usuario] => 80
    [nombre] => mario
    [apellido] => kkakskda
    [email] => locollas@gmail.com
    [contrasena] => $2y$10$rjkBMR6smBf1TFVzEaAf3.ZB4JpWIsyWMu0RhxxI250j4Ck.y9ZYW
    [direccion_id] => 0
    [id_rol] => 2
    [created_at] => 2025-10-09 08:44:12
    [updated_at] => 2025-10-09 08:44:12
    [invitado_por] => 1
    [estado] => activo
    [token_activacion] => 
)

DEBUG - 2025-10-09 08:45:07 --> Ruta actual: /Tesina/public/usuario
INFO - 2025-10-09 08:45:07 --> Session: Class initialized using 'CodeIgniter\Session\Handlers\FileHandler' driver.
DEBUG - 2025-10-09 08:45:07 --> Datos en sesión: Array
(
    [__ci_last_regenerate] => 1760010083
    [_ci_previous_url] => http://192.168.2.189/Tesina/public/perfil/perfil
    [locale] => es
    [id_usuario] => 80
    [nombre] => mario
    [apellido] => kkakskda
    [email] => locollas@gmail.com
    [rol] => usuario
    [logged_in] => 1
)

DEBUG - 2025-10-09 08:45:07 --> Usuario ID: 80
DEBUG - 2025-10-09 08:45:07 --> Buscando usuario ID: 80
DEBUG - 2025-10-09 08:45:07 --> Resultado de la búsqueda: Array
(
    [id_usuario] => 80
    [nombre] => mario
    [apellido] => kkakskda
    [email] => locollas@gmail.com
    [contrasena] => $2y$10$rjkBMR6smBf1TFVzEaAf3.ZB4JpWIsyWMu0RhxxI250j4Ck.y9ZYW
    [direccion_id] => 0
    [id_rol] => 2
    [created_at] => 2025-10-09 08:44:12
    [updated_at] => 2025-10-09 08:44:12
    [invitado_por] => 1
    [estado] => activo
    [token_activacion] => 
)

DEBUG - 2025-10-09 08:45:07 --> Datos del usuario: Array
(
    [id_usuario] => 80
    [nombre] => mario
    [apellido] => kkakskda
    [email] => locollas@gmail.com
    [contrasena] => $2y$10$rjkBMR6smBf1TFVzEaAf3.ZB4JpWIsyWMu0RhxxI250j4Ck.y9ZYW
    [direccion_id] => 0
    [id_rol] => 2
    [created_at] => 2025-10-09 08:44:12
    [updated_at] => 2025-10-09 08:44:12
    [invitado_por] => 1
    [estado] => activo
    [token_activacion] => 
)

DEBUG - 2025-10-09 08:45:07 --> Dispositivos encontrados: Array
(
    [0] => Array
        (
            [id_dispositivo] => 1
            [nombre] => medidor de ecovolt
            [id_usuario] => 1
            [mac_address] => 00:1A:2B:3C:4D:5E
            [ip_address] => 
            [ultima_conexion] => 
            [estado] => activo
            [created_at] => 2025-04-10 22:26:34
            [stock] => 43
            [precio] => 85
            [descripcion] => 
            [fecha_actualizacion] => 2025-06-27 08:44:59
            [updated_at] => 2025-06-12 15:06:14
            [codigo_activacion] => 
            [fecha_activacion] => 
            [nombre_usuario] => brunito
            [email_usuario] => brunocameille@alumnos.itr3.edu.ar
            [ultima_lectura] => 
        )

    [1] => Array
        (
            [id_dispositivo] => 2
            [nombre] => ECOVOLT HOYY 16
            [id_usuario] => 1
            [mac_address] => 08:D1:F9:A5:2A:14
            [ip_address] => 192.168.0.232
            [ultima_conexion] => 2025-10-01 18:47:51
            [estado] => activo
            [created_at] => 2025-04-11 10:03:27
            [stock] => 0
            [precio] => 0
            [descripcion] => esta es una prueba cambiaaa
            [fecha_actualizacion] => 2025-10-01 18:53:37
            [updated_at] => 2025-09-16 13:47:25
            [codigo_activacion] => 
            [fecha_activacion] => 
            [nombre_usuario] => brunito
            [email_usuario] => brunocameille@alumnos.itr3.edu.ar
            [ultima_lectura] => Array
                (
                    [id] => 32917
                    [id_dispositivo] => 2
                    [id_usuario] => 1
                    [voltaje] => 215.52
                    [corriente] => 5.0616
                    [potencia] => 1090.86
                    [kwh] => 0.0766
                    [kwh_acumulado] => 0
                    [limite_superado] => 0
                    [fecha] => 2025-10-07 19:46:39
                    [mac_address] => 08:D1:F9:A5:2A:14
                )

        )

    [2] => Array
        (
            [id_dispositivo] => 29
            [nombre] => sadasd
            [id_usuario] => 1
            [mac_address] => AA:C3:CC:D1:EE:2F
            [ip_address] => 
            [ultima_conexion] => 
            [estado] => activo
            [created_at] => 2025-06-27 10:12:51
            [stock] => 0
            [precio] => 0
            [descripcion] => 
            [fecha_actualizacion] => 2025-09-02 12:11:21
            [updated_at] => 
            [codigo_activacion] => 
            [fecha_activacion] => 
            [nombre_usuario] => brunito
            [email_usuario] => brunocameille@alumnos.itr3.edu.ar
            [ultima_lectura] => 
        )

)

DEBUG - 2025-10-09 08:45:07 --> Consumo 24h: 0
DEBUG - 2025-10-09 08:45:07 --> Consumo promedio: 0
DEBUG - 2025-10-09 08:45:07 --> Datos enviados a la vista: Array
(
    [usuario] => Array
        (
            [id_usuario] => 80
            [nombre] => mario
            [apellido] => kkakskda
            [email] => locollas@gmail.com
            [contrasena] => $2y$10$rjkBMR6smBf1TFVzEaAf3.ZB4JpWIsyWMu0RhxxI250j4Ck.y9ZYW
            [direccion_id] => 0
            [id_rol] => 2
            [created_at] => 2025-10-09 08:44:12
            [updated_at] => 2025-10-09 08:44:12
            [invitado_por] => 1
            [estado] => activo
            [token_activacion] => 
        )

    [dispositivos] => Array
        (
            [0] => Array
                (
                    [id_dispositivo] => 1
                    [nombre] => medidor de ecovolt
                    [id_usuario] => 1
                    [mac_address] => 00:1A:2B:3C:4D:5E
                    [ip_address] => 
                    [ultima_conexion] => 
                    [estado] => activo
                    [created_at] => 2025-04-10 22:26:34
                    [stock] => 43
                    [precio] => 85
                    [descripcion] => 
                    [fecha_actualizacion] => 2025-06-27 08:44:59
                    [updated_at] => 2025-06-12 15:06:14
                    [codigo_activacion] => 
                    [fecha_activacion] => 
                    [nombre_usuario] => brunito
                    [email_usuario] => brunocameille@alumnos.itr3.edu.ar
                    [ultima_lectura] => 
                )

            [1] => Array
                (
                    [id_dispositivo] => 2
                    [nombre] => ECOVOLT HOYY 16
                    [id_usuario] => 1
                    [mac_address] => 08:D1:F9:A5:2A:14
                    [ip_address] => 192.168.0.232
                    [ultima_conexion] => 2025-10-01 18:47:51
                    [estado] => activo
                    [created_at] => 2025-04-11 10:03:27
                    [stock] => 0
                    [precio] => 0
                    [descripcion] => esta es una prueba cambiaaa
                    [fecha_actualizacion] => 2025-10-01 18:53:37
                    [updated_at] => 2025-09-16 13:47:25
                    [codigo_activacion] => 
                    [fecha_activacion] => 
                    [nombre_usuario] => brunito
                    [email_usuario] => brunocameille@alumnos.itr3.edu.ar
                    [ultima_lectura] => Array
                        (
                            [id] => 32917
                            [id_dispositivo] => 2
                            [id_usuario] => 1
                            [voltaje] => 215.52
                            [corriente] => 5.0616
                            [potencia] => 1090.86
                            [kwh] => 0.0766
                            [kwh_acumulado] => 0
                            [limite_superado] => 0
                            [fecha] => 2025-10-07 19:46:39
                            [mac_address] => 08:D1:F9:A5:2A:14
                        )

                )

            [2] => Array
                (
                    [id_dispositivo] => 29
                    [nombre] => sadasd
                    [id_usuario] => 1
                    [mac_address] => AA:C3:CC:D1:EE:2F
                    [ip_address] => 
                    [ultima_conexion] => 
                    [estado] => activo
                    [created_at] => 2025-06-27 10:12:51
                    [stock] => 0
                    [precio] => 0
                    [descripcion] => 
                    [fecha_actualizacion] => 2025-09-02 12:11:21
                    [updated_at] => 
                    [codigo_activacion] => 
                    [fecha_activacion] => 
                    [nombre_usuario] => brunito
                    [email_usuario] => brunocameille@alumnos.itr3.edu.ar
                    [ultima_lectura] => 
                )

        )

    [dispositivos_propios] => Array
        (
        )

    [dispositivos_compartidos] => Array
        (
            [0] => Array
                (
                    [id_dispositivo] => 1
                    [nombre] => medidor de ecovolt
                    [id_usuario] => 1
                    [mac_address] => 00:1A:2B:3C:4D:5E
                    [ip_address] => 
                    [ultima_conexion] => 
                    [estado] => activo
                    [created_at] => 2025-04-10 22:26:34
                    [stock] => 43
                    [precio] => 85
                    [descripcion] => 
                    [fecha_actualizacion] => 2025-06-27 08:44:59
                    [updated_at] => 2025-06-12 15:06:14
                    [codigo_activacion] => 
                    [fecha_activacion] => 
                    [nombre_usuario] => brunito
                    [email_usuario] => brunocameille@alumnos.itr3.edu.ar
                    [ultima_lectura] => 
                )

            [1] => Array
                (
                    [id_dispositivo] => 2
                    [nombre] => ECOVOLT HOYY 16
                    [id_usuario] => 1
                    [mac_address] => 08:D1:F9:A5:2A:14
                    [ip_address] => 192.168.0.232
                    [ultima_conexion] => 2025-10-01 18:47:51
                    [estado] => activo
                    [created_at] => 2025-04-11 10:03:27
                    [stock] => 0
                    [precio] => 0
                    [descripcion] => esta es una prueba cambiaaa
                    [fecha_actualizacion] => 2025-10-01 18:53:37
                    [updated_at] => 2025-09-16 13:47:25
                    [codigo_activacion] => 
                    [fecha_activacion] => 
                    [nombre_usuario] => brunito
                    [email_usuario] => brunocameille@alumnos.itr3.edu.ar
                    [ultima_lectura] => Array
                        (
                            [id] => 32917
                            [id_dispositivo] => 2
                            [id_usuario] => 1
                            [voltaje] => 215.52
                            [corriente] => 5.0616
                            [potencia] => 1090.86
                            [kwh] => 0.0766
                            [kwh_acumulado] => 0
                            [limite_superado] => 0
                            [fecha] => 2025-10-07 19:46:39
                            [mac_address] => 08:D1:F9:A5:2A:14
                        )

                )

            [2] => Array
                (
                    [id_dispositivo] => 29
                    [nombre] => sadasd
                    [id_usuario] => 1
                    [mac_address] => AA:C3:CC:D1:EE:2F
                    [ip_address] => 
                    [ultima_conexion] => 
                    [estado] => activo
                    [created_at] => 2025-06-27 10:12:51
                    [stock] => 0
                    [precio] => 0
                    [descripcion] => 
                    [fecha_actualizacion] => 2025-09-02 12:11:21
                    [updated_at] => 
                    [codigo_activacion] => 
                    [fecha_activacion] => 
                    [nombre_usuario] => brunito
                    [email_usuario] => brunocameille@alumnos.itr3.edu.ar
                    [ultima_lectura] => 
                )

        )

    [consumo24h] => 0
    [consumoPromedio] => 0
    [activosPropios] => 0
)

DEBUG - 2025-10-09 08:45:07 --> Ruta actual: /Tesina/public/usuario
INFO - 2025-10-09 08:45:07 --> Session: Class initialized using 'CodeIgniter\Session\Handlers\FileHandler' driver.
DEBUG - 2025-10-09 08:45:07 --> Datos en sesión: Array
(
    [__ci_last_regenerate] => 1760010083
    [_ci_previous_url] => http://192.168.2.189/Tesina/public/usuario
    [locale] => es
    [id_usuario] => 80
    [nombre] => mario
    [apellido] => kkakskda
    [email] => locollas@gmail.com
    [rol] => usuario
    [logged_in] => 1
)

DEBUG - 2025-10-09 08:45:07 --> Usuario ID: 80
DEBUG - 2025-10-09 08:45:07 --> Buscando usuario ID: 80
DEBUG - 2025-10-09 08:45:07 --> Resultado de la búsqueda: Array
(
    [id_usuario] => 80
    [nombre] => mario
    [apellido] => kkakskda
    [email] => locollas@gmail.com
    [contrasena] => $2y$10$rjkBMR6smBf1TFVzEaAf3.ZB4JpWIsyWMu0RhxxI250j4Ck.y9ZYW
    [direccion_id] => 0
    [id_rol] => 2
    [created_at] => 2025-10-09 08:44:12
    [updated_at] => 2025-10-09 08:44:12
    [invitado_por] => 1
    [estado] => activo
    [token_activacion] => 
)

DEBUG - 2025-10-09 08:45:07 --> Datos del usuario: Array
(
    [id_usuario] => 80
    [nombre] => mario
    [apellido] => kkakskda
    [email] => locollas@gmail.com
    [contrasena] => $2y$10$rjkBMR6smBf1TFVzEaAf3.ZB4JpWIsyWMu0RhxxI250j4Ck.y9ZYW
    [direccion_id] => 0
    [id_rol] => 2
    [created_at] => 2025-10-09 08:44:12
    [updated_at] => 2025-10-09 08:44:12
    [invitado_por] => 1
    [estado] => activo
    [token_activacion] => 
)

DEBUG - 2025-10-09 08:45:07 --> Dispositivos encontrados: Array
(
    [0] => Array
        (
            [id_dispositivo] => 1
            [nombre] => medidor de ecovolt
            [id_usuario] => 1
            [mac_address] => 00:1A:2B:3C:4D:5E
            [ip_address] => 
            [ultima_conexion] => 
            [estado] => activo
            [created_at] => 2025-04-10 22:26:34
            [stock] => 43
            [precio] => 85
            [descripcion] => 
            [fecha_actualizacion] => 2025-06-27 08:44:59
            [updated_at] => 2025-06-12 15:06:14
            [codigo_activacion] => 
            [fecha_activacion] => 
            [nombre_usuario] => brunito
            [email_usuario] => brunocameille@alumnos.itr3.edu.ar
            [ultima_lectura] => 
        )

    [1] => Array
        (
            [id_dispositivo] => 2
            [nombre] => ECOVOLT HOYY 16
            [id_usuario] => 1
            [mac_address] => 08:D1:F9:A5:2A:14
            [ip_address] => 192.168.0.232
            [ultima_conexion] => 2025-10-01 18:47:51
            [estado] => activo
            [created_at] => 2025-04-11 10:03:27
            [stock] => 0
            [precio] => 0
            [descripcion] => esta es una prueba cambiaaa
            [fecha_actualizacion] => 2025-10-01 18:53:37
            [updated_at] => 2025-09-16 13:47:25
            [codigo_activacion] => 
            [fecha_activacion] => 
            [nombre_usuario] => brunito
            [email_usuario] => brunocameille@alumnos.itr3.edu.ar
            [ultima_lectura] => Array
                (
                    [id] => 32917
                    [id_dispositivo] => 2
                    [id_usuario] => 1
                    [voltaje] => 215.52
                    [corriente] => 5.0616
                    [potencia] => 1090.86
                    [kwh] => 0.0766
                    [kwh_acumulado] => 0
                    [limite_superado] => 0
                    [fecha] => 2025-10-07 19:46:39
                    [mac_address] => 08:D1:F9:A5:2A:14
                )

        )

    [2] => Array
        (
            [id_dispositivo] => 29
            [nombre] => sadasd
            [id_usuario] => 1
            [mac_address] => AA:C3:CC:D1:EE:2F
            [ip_address] => 
            [ultima_conexion] => 
            [estado] => activo
            [created_at] => 2025-06-27 10:12:51
            [stock] => 0
            [precio] => 0
            [descripcion] => 
            [fecha_actualizacion] => 2025-09-02 12:11:21
            [updated_at] => 
            [codigo_activacion] => 
            [fecha_activacion] => 
            [nombre_usuario] => brunito
            [email_usuario] => brunocameille@alumnos.itr3.edu.ar
            [ultima_lectura] => 
        )

)

DEBUG - 2025-10-09 08:45:07 --> Consumo 24h: 0
DEBUG - 2025-10-09 08:45:07 --> Consumo promedio: 0
DEBUG - 2025-10-09 08:45:07 --> Datos enviados a la vista: Array
(
    [usuario] => Array
        (
            [id_usuario] => 80
            [nombre] => mario
            [apellido] => kkakskda
            [email] => locollas@gmail.com
            [contrasena] => $2y$10$rjkBMR6smBf1TFVzEaAf3.ZB4JpWIsyWMu0RhxxI250j4Ck.y9ZYW
            [direccion_id] => 0
            [id_rol] => 2
            [created_at] => 2025-10-09 08:44:12
            [updated_at] => 2025-10-09 08:44:12
            [invitado_por] => 1
            [estado] => activo
            [token_activacion] => 
        )

    [dispositivos] => Array
        (
            [0] => Array
                (
                    [id_dispositivo] => 1
                    [nombre] => medidor de ecovolt
                    [id_usuario] => 1
                    [mac_address] => 00:1A:2B:3C:4D:5E
                    [ip_address] => 
                    [ultima_conexion] => 
                    [estado] => activo
                    [created_at] => 2025-04-10 22:26:34
                    [stock] => 43
                    [precio] => 85
                    [descripcion] => 
                    [fecha_actualizacion] => 2025-06-27 08:44:59
                    [updated_at] => 2025-06-12 15:06:14
                    [codigo_activacion] => 
                    [fecha_activacion] => 
                    [nombre_usuario] => brunito
                    [email_usuario] => brunocameille@alumnos.itr3.edu.ar
                    [ultima_lectura] => 
                )

            [1] => Array
                (
                    [id_dispositivo] => 2
                    [nombre] => ECOVOLT HOYY 16
                    [id_usuario] => 1
                    [mac_address] => 08:D1:F9:A5:2A:14
                    [ip_address] => 192.168.0.232
                    [ultima_conexion] => 2025-10-01 18:47:51
                    [estado] => activo
                    [created_at] => 2025-04-11 10:03:27
                    [stock] => 0
                    [precio] => 0
                    [descripcion] => esta es una prueba cambiaaa
                    [fecha_actualizacion] => 2025-10-01 18:53:37
                    [updated_at] => 2025-09-16 13:47:25
                    [codigo_activacion] => 
                    [fecha_activacion] => 
                    [nombre_usuario] => brunito
                    [email_usuario] => brunocameille@alumnos.itr3.edu.ar
                    [ultima_lectura] => Array
                        (
                            [id] => 32917
                            [id_dispositivo] => 2
                            [id_usuario] => 1
                            [voltaje] => 215.52
                            [corriente] => 5.0616
                            [potencia] => 1090.86
                            [kwh] => 0.0766
                            [kwh_acumulado] => 0
                            [limite_superado] => 0
                            [fecha] => 2025-10-07 19:46:39
                            [mac_address] => 08:D1:F9:A5:2A:14
                        )

                )

            [2] => Array
                (
                    [id_dispositivo] => 29
                    [nombre] => sadasd
                    [id_usuario] => 1
                    [mac_address] => AA:C3:CC:D1:EE:2F
                    [ip_address] => 
                    [ultima_conexion] => 
                    [estado] => activo
                    [created_at] => 2025-06-27 10:12:51
                    [stock] => 0
                    [precio] => 0
                    [descripcion] => 
                    [fecha_actualizacion] => 2025-09-02 12:11:21
                    [updated_at] => 
                    [codigo_activacion] => 
                    [fecha_activacion] => 
                    [nombre_usuario] => brunito
                    [email_usuario] => brunocameille@alumnos.itr3.edu.ar
                    [ultima_lectura] => 
                )

        )

    [dispositivos_propios] => Array
        (
        )

    [dispositivos_compartidos] => Array
        (
            [0] => Array
                (
                    [id_dispositivo] => 1
                    [nombre] => medidor de ecovolt
                    [id_usuario] => 1
                    [mac_address] => 00:1A:2B:3C:4D:5E
                    [ip_address] => 
                    [ultima_conexion] => 
                    [estado] => activo
                    [created_at] => 2025-04-10 22:26:34
                    [stock] => 43
                    [precio] => 85
                    [descripcion] => 
                    [fecha_actualizacion] => 2025-06-27 08:44:59
                    [updated_at] => 2025-06-12 15:06:14
                    [codigo_activacion] => 
                    [fecha_activacion] => 
                    [nombre_usuario] => brunito
                    [email_usuario] => brunocameille@alumnos.itr3.edu.ar
                    [ultima_lectura] => 
                )

            [1] => Array
                (
                    [id_dispositivo] => 2
                    [nombre] => ECOVOLT HOYY 16
                    [id_usuario] => 1
                    [mac_address] => 08:D1:F9:A5:2A:14
                    [ip_address] => 192.168.0.232
                    [ultima_conexion] => 2025-10-01 18:47:51
                    [estado] => activo
                    [created_at] => 2025-04-11 10:03:27
                    [stock] => 0
                    [precio] => 0
                    [descripcion] => esta es una prueba cambiaaa
                    [fecha_actualizacion] => 2025-10-01 18:53:37
                    [updated_at] => 2025-09-16 13:47:25
                    [codigo_activacion] => 
                    [fecha_activacion] => 
                    [nombre_usuario] => brunito
                    [email_usuario] => brunocameille@alumnos.itr3.edu.ar
                    [ultima_lectura] => Array
                        (
                            [id] => 32917
                            [id_dispositivo] => 2
                            [id_usuario] => 1
                            [voltaje] => 215.52
                            [corriente] => 5.0616
                            [potencia] => 1090.86
                            [kwh] => 0.0766
                            [kwh_acumulado] => 0
                            [limite_superado] => 0
                            [fecha] => 2025-10-07 19:46:39
                            [mac_address] => 08:D1:F9:A5:2A:14
                        )

                )

            [2] => Array
                (
                    [id_dispositivo] => 29
                    [nombre] => sadasd
                    [id_usuario] => 1
                    [mac_address] => AA:C3:CC:D1:EE:2F
                    [ip_address] => 
                    [ultima_conexion] => 
                    [estado] => activo
                    [created_at] => 2025-06-27 10:12:51
                    [stock] => 0
                    [precio] => 0
                    [descripcion] => 
                    [fecha_actualizacion] => 2025-09-02 12:11:21
                    [updated_at] => 
                    [codigo_activacion] => 
                    [fecha_activacion] => 
                    [nombre_usuario] => brunito
                    [email_usuario] => brunocameille@alumnos.itr3.edu.ar
                    [ultima_lectura] => 
                )

        )

    [consumo24h] => 0
    [consumoPromedio] => 0
    [activosPropios] => 0
)

INFO - 2025-10-09 08:45:16 --> Session: Class initialized using 'CodeIgniter\Session\Handlers\FileHandler' driver.
INFO - 2025-10-09 08:45:16 --> Session: Class initialized using 'CodeIgniter\Session\Handlers\FileHandler' driver.
DEBUG - 2025-10-09 08:48:31 --> Ruta actual: /Tesina/public/admin
INFO - 2025-10-09 08:48:31 --> Session: Class initialized using 'CodeIgniter\Session\Handlers\FileHandler' driver.
DEBUG - 2025-10-09 08:48:31 --> Datos en sesión: Array
(
    [__ci_last_regenerate] => 1760010511
    [_ci_previous_url] => http://192.168.2.189/Tesina/public/admin/invitar
    [id_usuario] => 1
    [nombre] => brunito
    [apellido] => barber
    [email] => brunocameille@alumnos.itr3.edu.ar
    [rol] => admin
    [logged_in] => 1
    [tarifa_kwh] => 45
)

INFO - 2025-10-09 08:55:18 --> Session: Class initialized using 'CodeIgniter\Session\Handlers\FileHandler' driver.
INFO - 2025-10-09 08:55:21 --> Session: Class initialized using 'CodeIgniter\Session\Handlers\FileHandler' driver.
DEBUG - 2025-10-09 08:55:22 --> Ruta actual: /Tesina/public/admin/dispositivos
INFO - 2025-10-09 08:55:22 --> Session: Class initialized using 'CodeIgniter\Session\Handlers\FileHandler' driver.
DEBUG - 2025-10-09 08:55:22 --> Datos en sesión: Array
(
    [__ci_last_regenerate] => 1760010922
    [_ci_previous_url] => http://192.168.2.189/Tesina/public/admin
    [id_usuario] => 1
    [nombre] => brunito
    [apellido] => barber
    [email] => brunocameille@alumnos.itr3.edu.ar
    [rol] => admin
    [logged_in] => 1
    [tarifa_kwh] => 45
)

DEBUG - 2025-10-09 08:55:22 --> Buscando usuario ID: 1
DEBUG - 2025-10-09 08:55:22 --> Resultado de la búsqueda: Array
(
    [id_usuario] => 1
    [nombre] => brunito
    [apellido] => barber
    [email] => brunocameille@alumnos.itr3.edu.ar
    [contrasena] => $2y$10$F4xQfULyrVhG1JD8Y21QR.vgn9Fzd257acxjmQqHQ3OYfEqBaAPb6
    [direccion_id] => 0
    [id_rol] => 1
    [created_at] => 2025-04-07 13:37:30
    [updated_at] => 2025-07-24 14:07:31
    [invitado_por] => 
    [estado] => activo
    [token_activacion] => 
)

INFO - 2025-10-09 08:55:23 --> Session: Class initialized using 'CodeIgniter\Session\Handlers\FileHandler' driver.
INFO - 2025-10-09 08:55:25 --> Session: Class initialized using 'CodeIgniter\Session\Handlers\FileHandler' driver.
DEBUG - 2025-10-09 08:55:25 --> Ruta actual: /Tesina/public/energia/dispositivo/2
INFO - 2025-10-09 08:55:25 --> Session: Class initialized using 'CodeIgniter\Session\Handlers\FileHandler' driver.
DEBUG - 2025-10-09 08:55:25 --> Datos en sesión: Array
(
    [__ci_last_regenerate] => 1760010922
    [_ci_previous_url] => http://192.168.2.189/Tesina/public/admin/dispositivos
    [id_usuario] => 1
    [nombre] => brunito
    [apellido] => barber
    [email] => brunocameille@alumnos.itr3.edu.ar
    [rol] => admin
    [logged_in] => 1
    [tarifa_kwh] => 45
)

INFO - 2025-10-09 08:55:26 --> Session: Class initialized using 'CodeIgniter\Session\Handlers\FileHandler' driver.
INFO - 2025-10-09 08:55:27 --> Session: Class initialized using 'CodeIgniter\Session\Handlers\FileHandler' driver.
INFO - 2025-10-09 08:55:29 --> Session: Class initialized using 'CodeIgniter\Session\Handlers\FileHandler' driver.
INFO - 2025-10-09 08:55:30 --> Session: Class initialized using 'CodeIgniter\Session\Handlers\FileHandler' driver.
INFO - 2025-10-09 08:55:31 --> Session: Class initialized using 'CodeIgniter\Session\Handlers\FileHandler' driver.
INFO - 2025-10-09 08:55:34 --> Session: Class initialized using 'CodeIgniter\Session\Handlers\FileHandler' driver.
INFO - 2025-10-09 08:55:35 --> Session: Class initialized using 'CodeIgniter\Session\Handlers\FileHandler' driver.
INFO - 2025-10-09 08:55:36 --> Session: Class initialized using 'CodeIgniter\Session\Handlers\FileHandler' driver.
INFO - 2025-10-09 08:55:38 --> Session: Class initialized using 'CodeIgniter\Session\Handlers\FileHandler' driver.
INFO - 2025-10-09 08:55:40 --> Session: Class initialized using 'CodeIgniter\Session\Handlers\FileHandler' driver.
INFO - 2025-10-09 08:55:40 --> Session: Class initialized using 'CodeIgniter\Session\Handlers\FileHandler' driver.
INFO - 2025-10-09 08:55:42 --> Session: Class initialized using 'CodeIgniter\Session\Handlers\FileHandler' driver.
INFO - 2025-10-09 08:55:45 --> Session: Class initialized using 'CodeIgniter\Session\Handlers\FileHandler' driver.
INFO - 2025-10-09 08:55:45 --> Session: Class initialized using 'CodeIgniter\Session\Handlers\FileHandler' driver.
INFO - 2025-10-09 08:55:47 --> Session: Class initialized using 'CodeIgniter\Session\Handlers\FileHandler' driver.
INFO - 2025-10-09 08:55:48 --> Session: Class initialized using 'CodeIgniter\Session\Handlers\FileHandler' driver.
INFO - 2025-10-09 08:55:48 --> Límite obtenido (general): 0.8000 kWh, IP: 192.168.2.199
INFO - 2025-10-09 08:55:50 --> Session: Class initialized using 'CodeIgniter\Session\Handlers\FileHandler' driver.
INFO - 2025-10-09 08:55:50 --> Session: Class initialized using 'CodeIgniter\Session\Handlers\FileHandler' driver.
INFO - 2025-10-09 08:55:52 --> Session: Class initialized using 'CodeIgniter\Session\Handlers\FileHandler' driver.
INFO - 2025-10-09 08:55:54 --> Session: Class initialized using 'CodeIgniter\Session\Handlers\FileHandler' driver.
INFO - 2025-10-09 08:55:55 --> Session: Class initialized using 'CodeIgniter\Session\Handlers\FileHandler' driver.
INFO - 2025-10-09 08:55:56 --> Session: Class initialized using 'CodeIgniter\Session\Handlers\FileHandler' driver.
INFO - 2025-10-09 08:55:58 --> Session: Class initialized using 'CodeIgniter\Session\Handlers\FileHandler' driver.
INFO - 2025-10-09 08:56:00 --> Session: Class initialized using 'CodeIgniter\Session\Handlers\FileHandler' driver.
INFO - 2025-10-09 08:56:00 --> Session: Class initialized using 'CodeIgniter\Session\Handlers\FileHandler' driver.
INFO - 2025-10-09 08:56:03 --> Session: Class initialized using 'CodeIgniter\Session\Handlers\FileHandler' driver.
INFO - 2025-10-09 08:56:05 --> Session: Class initialized using 'CodeIgniter\Session\Handlers\FileHandler' driver.
INFO - 2025-10-09 08:56:05 --> Session: Class initialized using 'CodeIgniter\Session\Handlers\FileHandler' driver.
INFO - 2025-10-09 08:56:07 --> Session: Class initialized using 'CodeIgniter\Session\Handlers\FileHandler' driver.
INFO - 2025-10-09 08:56:09 --> Session: Class initialized using 'CodeIgniter\Session\Handlers\FileHandler' driver.
INFO - 2025-10-09 08:56:10 --> Session: Class initialized using 'CodeIgniter\Session\Handlers\FileHandler' driver.
INFO - 2025-10-09 08:56:11 --> Session: Class initialized using 'CodeIgniter\Session\Handlers\FileHandler' driver.
INFO - 2025-10-09 08:56:13 --> Session: Class initialized using 'CodeIgniter\Session\Handlers\FileHandler' driver.
INFO - 2025-10-09 08:56:15 --> Session: Class initialized using 'CodeIgniter\Session\Handlers\FileHandler' driver.
INFO - 2025-10-09 08:56:15 --> Session: Class initialized using 'CodeIgniter\Session\Handlers\FileHandler' driver.
INFO - 2025-10-09 08:56:17 --> Session: Class initialized using 'CodeIgniter\Session\Handlers\FileHandler' driver.
INFO - 2025-10-09 08:56:19 --> Session: Class initialized using 'CodeIgniter\Session\Handlers\FileHandler' driver.
INFO - 2025-10-09 08:56:19 --> Límite obtenido (general): 0.8000 kWh, IP: 192.168.2.199
INFO - 2025-10-09 08:56:20 --> Session: Class initialized using 'CodeIgniter\Session\Handlers\FileHandler' driver.
INFO - 2025-10-09 08:56:20 --> Session: Class initialized using 'CodeIgniter\Session\Handlers\FileHandler' driver.
INFO - 2025-10-09 08:56:22 --> Session: Class initialized using 'CodeIgniter\Session\Handlers\FileHandler' driver.
INFO - 2025-10-09 08:56:24 --> Session: Class initialized using 'CodeIgniter\Session\Handlers\FileHandler' driver.
INFO - 2025-10-09 08:56:25 --> Session: Class initialized using 'CodeIgniter\Session\Handlers\FileHandler' driver.
INFO - 2025-10-09 08:56:27 --> Session: Class initialized using 'CodeIgniter\Session\Handlers\FileHandler' driver.
INFO - 2025-10-09 08:56:29 --> Session: Class initialized using 'CodeIgniter\Session\Handlers\FileHandler' driver.
INFO - 2025-10-09 08:56:30 --> Session: Class initialized using 'CodeIgniter\Session\Handlers\FileHandler' driver.
INFO - 2025-10-09 08:56:31 --> Session: Class initialized using 'CodeIgniter\Session\Handlers\FileHandler' driver.
INFO - 2025-10-09 08:56:33 --> Session: Class initialized using 'CodeIgniter\Session\Handlers\FileHandler' driver.
DEBUG - 2025-10-09 08:56:34 --> Ruta actual: /Tesina/public/energia/actualizarLimite
INFO - 2025-10-09 08:56:34 --> Session: Class initialized using 'CodeIgniter\Session\Handlers\FileHandler' driver.
DEBUG - 2025-10-09 08:56:34 --> Datos en sesión: Array
(
    [__ci_last_regenerate] => 1760010922
    [_ci_previous_url] => http://192.168.2.189/Tesina/public/energia/dispositivo/2
    [id_usuario] => 1
    [nombre] => brunito
    [apellido] => barber
    [email] => brunocameille@alumnos.itr3.edu.ar
    [rol] => admin
    [logged_in] => 1
    [tarifa_kwh] => 45
)

INFO - 2025-10-09 08:56:35 --> Session: Class initialized using 'CodeIgniter\Session\Handlers\FileHandler' driver.
INFO - 2025-10-09 08:56:38 --> Session: Class initialized using 'CodeIgniter\Session\Handlers\FileHandler' driver.
DEBUG - 2025-10-09 08:56:38 --> Buscando usuario ID: 1
DEBUG - 2025-10-09 08:56:38 --> Resultado de la búsqueda: Array
(
    [id_usuario] => 1
    [nombre] => brunito
    [apellido] => barber
    [email] => brunocameille@alumnos.itr3.edu.ar
    [contrasena] => $2y$10$F4xQfULyrVhG1JD8Y21QR.vgn9Fzd257acxjmQqHQ3OYfEqBaAPb6
    [direccion_id] => 0
    [id_rol] => 1
    [created_at] => 2025-04-07 13:37:30
    [updated_at] => 2025-07-24 14:07:31
    [invitado_por] => 
    [estado] => activo
    [token_activacion] => 
)

INFO - 2025-10-09 08:56:39 --> Session: Class initialized using 'CodeIgniter\Session\Handlers\FileHandler' driver.
INFO - 2025-10-09 08:56:40 --> Session: Class initialized using 'CodeIgniter\Session\Handlers\FileHandler' driver.
INFO - 2025-10-09 08:56:45 --> Session: Class initialized using 'CodeIgniter\Session\Handlers\FileHandler' driver.
INFO - 2025-10-09 08:56:45 --> Session: Class initialized using 'CodeIgniter\Session\Handlers\FileHandler' driver.
INFO - 2025-10-09 08:56:46 --> Session: Class initialized using 'CodeIgniter\Session\Handlers\FileHandler' driver.
INFO - 2025-10-09 08:56:47 --> Session: Class initialized using 'CodeIgniter\Session\Handlers\FileHandler' driver.
INFO - 2025-10-09 08:56:49 --> Session: Class initialized using 'CodeIgniter\Session\Handlers\FileHandler' driver.
INFO - 2025-10-09 08:56:50 --> Session: Class initialized using 'CodeIgniter\Session\Handlers\FileHandler' driver.
INFO - 2025-10-09 08:56:51 --> Session: Class initialized using 'CodeIgniter\Session\Handlers\FileHandler' driver.
INFO - 2025-10-09 08:56:51 --> Session: Class initialized using 'CodeIgniter\Session\Handlers\FileHandler' driver.
INFO - 2025-10-09 08:56:53 --> Session: Class initialized using 'CodeIgniter\Session\Handlers\FileHandler' driver.
INFO - 2025-10-09 08:56:55 --> Session: Class initialized using 'CodeIgniter\Session\Handlers\FileHandler' driver.
INFO - 2025-10-09 08:56:56 --> Session: Class initialized using 'CodeIgniter\Session\Handlers\FileHandler' driver.
INFO - 2025-10-09 08:56:56 --> Session: Class initialized using 'CodeIgniter\Session\Handlers\FileHandler' driver.
INFO - 2025-10-09 08:56:58 --> Session: Class initialized using 'CodeIgniter\Session\Handlers\FileHandler' driver.
INFO - 2025-10-09 08:57:00 --> Session: Class initialized using 'CodeIgniter\Session\Handlers\FileHandler' driver.
INFO - 2025-10-09 08:57:00 --> Session: Class initialized using 'CodeIgniter\Session\Handlers\FileHandler' driver.
INFO - 2025-10-09 08:57:01 --> Session: Class initialized using 'CodeIgniter\Session\Handlers\FileHandler' driver.
INFO - 2025-10-09 08:57:02 --> Session: Class initialized using 'CodeIgniter\Session\Handlers\FileHandler' driver.
INFO - 2025-10-09 08:57:05 --> Session: Class initialized using 'CodeIgniter\Session\Handlers\FileHandler' driver.
INFO - 2025-10-09 08:57:05 --> Session: Class initialized using 'CodeIgniter\Session\Handlers\FileHandler' driver.
INFO - 2025-10-09 08:57:06 --> Session: Class initialized using 'CodeIgniter\Session\Handlers\FileHandler' driver.
INFO - 2025-10-09 08:57:07 --> Session: Class initialized using 'CodeIgniter\Session\Handlers\FileHandler' driver.
INFO - 2025-10-09 08:57:09 --> Session: Class initialized using 'CodeIgniter\Session\Handlers\FileHandler' driver.
INFO - 2025-10-09 08:57:11 --> Session: Class initialized using 'CodeIgniter\Session\Handlers\FileHandler' driver.
INFO - 2025-10-09 08:57:11 --> Session: Class initialized using 'CodeIgniter\Session\Handlers\FileHandler' driver.
INFO - 2025-10-09 08:57:11 --> Session: Class initialized using 'CodeIgniter\Session\Handlers\FileHandler' driver.
INFO - 2025-10-09 08:57:14 --> Session: Class initialized using 'CodeIgniter\Session\Handlers\FileHandler' driver.
INFO - 2025-10-09 08:57:16 --> Session: Class initialized using 'CodeIgniter\Session\Handlers\FileHandler' driver.
INFO - 2025-10-09 08:57:16 --> Session: Class initialized using 'CodeIgniter\Session\Handlers\FileHandler' driver.
INFO - 2025-10-09 08:57:16 --> Session: Class initialized using 'CodeIgniter\Session\Handlers\FileHandler' driver.
INFO - 2025-10-09 08:57:18 --> Session: Class initialized using 'CodeIgniter\Session\Handlers\FileHandler' driver.
INFO - 2025-10-09 08:57:20 --> Session: Class initialized using 'CodeIgniter\Session\Handlers\FileHandler' driver.
INFO - 2025-10-09 08:57:21 --> Session: Class initialized using 'CodeIgniter\Session\Handlers\FileHandler' driver.
INFO - 2025-10-09 08:57:21 --> Session: Class initialized using 'CodeIgniter\Session\Handlers\FileHandler' driver.
INFO - 2025-10-09 08:57:22 --> Session: Class initialized using 'CodeIgniter\Session\Handlers\FileHandler' driver.
INFO - 2025-10-09 08:57:24 --> Session: Class initialized using 'CodeIgniter\Session\Handlers\FileHandler' driver.
INFO - 2025-10-09 08:57:26 --> Session: Class initialized using 'CodeIgniter\Session\Handlers\FileHandler' driver.
INFO - 2025-10-09 08:57:26 --> Session: Class initialized using 'CodeIgniter\Session\Handlers\FileHandler' driver.
INFO - 2025-10-09 08:57:26 --> Session: Class initialized using 'CodeIgniter\Session\Handlers\FileHandler' driver.
INFO - 2025-10-09 08:57:29 --> Session: Class initialized using 'CodeIgniter\Session\Handlers\FileHandler' driver.
INFO - 2025-10-09 08:57:31 --> Session: Class initialized using 'CodeIgniter\Session\Handlers\FileHandler' driver.
INFO - 2025-10-09 08:57:31 --> Session: Class initialized using 'CodeIgniter\Session\Handlers\FileHandler' driver.
INFO - 2025-10-09 08:57:36 --> Session: Class initialized using 'CodeIgniter\Session\Handlers\FileHandler' driver.
INFO - 2025-10-09 08:57:41 --> Session: Class initialized using 'CodeIgniter\Session\Handlers\FileHandler' driver.
INFO - 2025-10-09 08:57:46 --> Session: Class initialized using 'CodeIgniter\Session\Handlers\FileHandler' driver.
INFO - 2025-10-09 08:57:51 --> Session: Class initialized using 'CodeIgniter\Session\Handlers\FileHandler' driver.
INFO - 2025-10-09 08:57:55 --> Session: Class initialized using 'CodeIgniter\Session\Handlers\FileHandler' driver.
INFO - 2025-10-09 08:57:59 --> Session: Class initialized using 'CodeIgniter\Session\Handlers\FileHandler' driver.
INFO - 2025-10-09 08:58:00 --> Session: Class initialized using 'CodeIgniter\Session\Handlers\FileHandler' driver.
INFO - 2025-10-09 08:58:05 --> Session: Class initialized using 'CodeIgniter\Session\Handlers\FileHandler' driver.
INFO - 2025-10-09 08:58:10 --> Session: Class initialized using 'CodeIgniter\Session\Handlers\FileHandler' driver.
INFO - 2025-10-09 08:58:15 --> Session: Class initialized using 'CodeIgniter\Session\Handlers\FileHandler' driver.
INFO - 2025-10-09 08:58:19 --> Session: Class initialized using 'CodeIgniter\Session\Handlers\FileHandler' driver.
INFO - 2025-10-09 08:58:20 --> Session: Class initialized using 'CodeIgniter\Session\Handlers\FileHandler' driver.
INFO - 2025-10-09 08:58:25 --> Session: Class initialized using 'CodeIgniter\Session\Handlers\FileHandler' driver.
INFO - 2025-10-09 08:58:30 --> Session: Class initialized using 'CodeIgniter\Session\Handlers\FileHandler' driver.
INFO - 2025-10-09 08:58:35 --> Session: Class initialized using 'CodeIgniter\Session\Handlers\FileHandler' driver.
INFO - 2025-10-09 08:58:40 --> Session: Class initialized using 'CodeIgniter\Session\Handlers\FileHandler' driver.
INFO - 2025-10-09 08:58:40 --> Session: Class initialized using 'CodeIgniter\Session\Handlers\FileHandler' driver.
INFO - 2025-10-09 08:58:45 --> Session: Class initialized using 'CodeIgniter\Session\Handlers\FileHandler' driver.
INFO - 2025-10-09 08:58:50 --> Session: Class initialized using 'CodeIgniter\Session\Handlers\FileHandler' driver.
INFO - 2025-10-09 08:58:55 --> Session: Class initialized using 'CodeIgniter\Session\Handlers\FileHandler' driver.
INFO - 2025-10-09 08:59:00 --> Session: Class initialized using 'CodeIgniter\Session\Handlers\FileHandler' driver.
INFO - 2025-10-09 08:59:00 --> Session: Class initialized using 'CodeIgniter\Session\Handlers\FileHandler' driver.
INFO - 2025-10-09 08:59:05 --> Session: Class initialized using 'CodeIgniter\Session\Handlers\FileHandler' driver.
INFO - 2025-10-09 08:59:10 --> Session: Class initialized using 'CodeIgniter\Session\Handlers\FileHandler' driver.
INFO - 2025-10-09 08:59:15 --> Session: Class initialized using 'CodeIgniter\Session\Handlers\FileHandler' driver.
INFO - 2025-10-09 08:59:20 --> Session: Class initialized using 'CodeIgniter\Session\Handlers\FileHandler' driver.
INFO - 2025-10-09 08:59:21 --> Session: Class initialized using 'CodeIgniter\Session\Handlers\FileHandler' driver.
INFO - 2025-10-09 08:59:25 --> Session: Class initialized using 'CodeIgniter\Session\Handlers\FileHandler' driver.
INFO - 2025-10-09 08:59:30 --> Session: Class initialized using 'CodeIgniter\Session\Handlers\FileHandler' driver.
INFO - 2025-10-09 08:59:35 --> Session: Class initialized using 'CodeIgniter\Session\Handlers\FileHandler' driver.
INFO - 2025-10-09 08:59:40 --> Session: Class initialized using 'CodeIgniter\Session\Handlers\FileHandler' driver.
INFO - 2025-10-09 08:59:41 --> Session: Class initialized using 'CodeIgniter\Session\Handlers\FileHandler' driver.
INFO - 2025-10-09 08:59:45 --> Session: Class initialized using 'CodeIgniter\Session\Handlers\FileHandler' driver.
INFO - 2025-10-09 08:59:50 --> Session: Class initialized using 'CodeIgniter\Session\Handlers\FileHandler' driver.
INFO - 2025-10-09 08:59:55 --> Session: Class initialized using 'CodeIgniter\Session\Handlers\FileHandler' driver.
INFO - 2025-10-09 09:00:00 --> Session: Class initialized using 'CodeIgniter\Session\Handlers\FileHandler' driver.
INFO - 2025-10-09 09:00:05 --> Session: Class initialized using 'CodeIgniter\Session\Handlers\FileHandler' driver.
INFO - 2025-10-09 09:00:10 --> Session: Class initialized using 'CodeIgniter\Session\Handlers\FileHandler' driver.
INFO - 2025-10-09 09:00:15 --> Session: Class initialized using 'CodeIgniter\Session\Handlers\FileHandler' driver.
INFO - 2025-10-09 09:00:20 --> Session: Class initialized using 'CodeIgniter\Session\Handlers\FileHandler' driver.
INFO - 2025-10-09 09:00:25 --> Session: Class initialized using 'CodeIgniter\Session\Handlers\FileHandler' driver.
INFO - 2025-10-09 09:00:30 --> Session: Class initialized using 'CodeIgniter\Session\Handlers\FileHandler' driver.
INFO - 2025-10-09 09:00:31 --> Session: Class initialized using 'CodeIgniter\Session\Handlers\FileHandler' driver.
INFO - 2025-10-09 09:00:31 --> Límite obtenido (general): 0.0050 kWh, IP: 192.168.2.199
INFO - 2025-10-09 09:00:32 --> Session: Class initialized using 'CodeIgniter\Session\Handlers\FileHandler' driver.
INFO - 2025-10-09 09:00:34 --> Session: Class initialized using 'CodeIgniter\Session\Handlers\FileHandler' driver.
INFO - 2025-10-09 09:00:34 --> Límite obtenido (general): 0.0050 kWh, IP: 192.168.2.199
INFO - 2025-10-09 09:00:35 --> Session: Class initialized using 'CodeIgniter\Session\Handlers\FileHandler' driver.
INFO - 2025-10-09 09:00:35 --> Session: Class initialized using 'CodeIgniter\Session\Handlers\FileHandler' driver.
INFO - 2025-10-09 09:00:37 --> Session: Class initialized using 'CodeIgniter\Session\Handlers\FileHandler' driver.
INFO - 2025-10-09 09:00:37 --> Límite obtenido (general): 0.0050 kWh, IP: 192.168.2.199
INFO - 2025-10-09 09:00:38 --> Session: Class initialized using 'CodeIgniter\Session\Handlers\FileHandler' driver.
INFO - 2025-10-09 09:00:40 --> Session: Class initialized using 'CodeIgniter\Session\Handlers\FileHandler' driver.
INFO - 2025-10-09 09:00:40 --> Límite obtenido (general): 0.0050 kWh, IP: 192.168.2.199
INFO - 2025-10-09 09:00:40 --> Session: Class initialized using 'CodeIgniter\Session\Handlers\FileHandler' driver.
INFO - 2025-10-09 09:00:41 --> Session: Class initialized using 'CodeIgniter\Session\Handlers\FileHandler' driver.
INFO - 2025-10-09 09:00:43 --> Session: Class initialized using 'CodeIgniter\Session\Handlers\FileHandler' driver.
INFO - 2025-10-09 09:00:43 --> Límite obtenido (general): 0.0050 kWh, IP: 192.168.2.199
INFO - 2025-10-09 09:00:44 --> Session: Class initialized using 'CodeIgniter\Session\Handlers\FileHandler' driver.
INFO - 2025-10-09 09:00:45 --> Session: Class initialized using 'CodeIgniter\Session\Handlers\FileHandler' driver.
INFO - 2025-10-09 09:00:46 --> Session: Class initialized using 'CodeIgniter\Session\Handlers\FileHandler' driver.
INFO - 2025-10-09 09:00:46 --> Límite obtenido (general): 0.0050 kWh, IP: 192.168.2.199
INFO - 2025-10-09 09:00:47 --> Session: Class initialized using 'CodeIgniter\Session\Handlers\FileHandler' driver.
INFO - 2025-10-09 09:00:49 --> Session: Class initialized using 'CodeIgniter\Session\Handlers\FileHandler' driver.
INFO - 2025-10-09 09:00:49 --> Límite obtenido (general): 0.0050 kWh, IP: 192.168.2.199
INFO - 2025-10-09 09:00:50 --> Session: Class initialized using 'CodeIgniter\Session\Handlers\FileHandler' driver.
INFO - 2025-10-09 09:00:50 --> Session: Class initialized using 'CodeIgniter\Session\Handlers\FileHandler' driver.
INFO - 2025-10-09 09:00:52 --> Session: Class initialized using 'CodeIgniter\Session\Handlers\FileHandler' driver.
INFO - 2025-10-09 09:00:52 --> Límite obtenido (general): 0.0050 kWh, IP: 192.168.2.199
INFO - 2025-10-09 09:00:53 --> Session: Class initialized using 'CodeIgniter\Session\Handlers\FileHandler' driver.
INFO - 2025-10-09 09:00:55 --> Session: Class initialized using 'CodeIgniter\Session\Handlers\FileHandler' driver.
INFO - 2025-10-09 09:00:55 --> Límite obtenido (general): 0.0050 kWh, IP: 192.168.2.199
INFO - 2025-10-09 09:00:55 --> Session: Class initialized using 'CodeIgniter\Session\Handlers\FileHandler' driver.
INFO - 2025-10-09 09:00:56 --> Session: Class initialized using 'CodeIgniter\Session\Handlers\FileHandler' driver.
INFO - 2025-10-09 09:00:58 --> Session: Class initialized using 'CodeIgniter\Session\Handlers\FileHandler' driver.
INFO - 2025-10-09 09:00:58 --> Límite obtenido (general): 0.0050 kWh, IP: 192.168.2.199
INFO - 2025-10-09 09:00:59 --> Session: Class initialized using 'CodeIgniter\Session\Handlers\FileHandler' driver.
INFO - 2025-10-09 09:01:00 --> Session: Class initialized using 'CodeIgniter\Session\Handlers\FileHandler' driver.
INFO - 2025-10-09 09:01:01 --> Session: Class initialized using 'CodeIgniter\Session\Handlers\FileHandler' driver.
INFO - 2025-10-09 09:01:01 --> Límite obtenido (general): 0.0050 kWh, IP: 192.168.2.199
DEBUG - 2025-10-09 09:01:01 --> Ruta actual: /Tesina/public/energia/actualizarLimite
INFO - 2025-10-09 09:01:01 --> Session: Class initialized using 'CodeIgniter\Session\Handlers\FileHandler' driver.
DEBUG - 2025-10-09 09:01:01 --> Datos en sesión: Array
(
    [__ci_last_regenerate] => 1760011225
    [_ci_previous_url] => http://192.168.2.189/Tesina/public/energia/dispositivo/2
    [id_usuario] => 1
    [nombre] => brunito
    [apellido] => barber
    [email] => brunocameille@alumnos.itr3.edu.ar
    [rol] => admin
    [logged_in] => 1
    [tarifa_kwh] => 45
)

INFO - 2025-10-09 09:01:02 --> Session: Class initialized using 'CodeIgniter\Session\Handlers\FileHandler' driver.
INFO - 2025-10-09 09:01:04 --> Session: Class initialized using 'CodeIgniter\Session\Handlers\FileHandler' driver.
INFO - 2025-10-09 09:01:04 --> Límite obtenido (general): 0.0040 kWh, IP: 192.168.2.199
INFO - 2025-10-09 09:01:05 --> Session: Class initialized using 'CodeIgniter\Session\Handlers\FileHandler' driver.
INFO - 2025-10-09 09:01:06 --> Session: Class initialized using 'CodeIgniter\Session\Handlers\FileHandler' driver.
INFO - 2025-10-09 09:01:07 --> Session: Class initialized using 'CodeIgniter\Session\Handlers\FileHandler' driver.
INFO - 2025-10-09 09:01:07 --> Límite obtenido (general): 0.0040 kWh, IP: 192.168.2.199
INFO - 2025-10-09 09:01:08 --> Session: Class initialized using 'CodeIgniter\Session\Handlers\FileHandler' driver.
DEBUG - 2025-10-09 09:01:08 --> Buscando usuario ID: 1
DEBUG - 2025-10-09 09:01:08 --> Resultado de la búsqueda: Array
(
    [id_usuario] => 1
    [nombre] => brunito
    [apellido] => barber
    [email] => brunocameille@alumnos.itr3.edu.ar
    [contrasena] => $2y$10$F4xQfULyrVhG1JD8Y21QR.vgn9Fzd257acxjmQqHQ3OYfEqBaAPb6
    [direccion_id] => 0
    [id_rol] => 1
    [created_at] => 2025-04-07 13:37:30
    [updated_at] => 2025-07-24 14:07:31
    [invitado_por] => 
    [estado] => activo
    [token_activacion] => 
)

INFO - 2025-10-09 09:01:10 --> Session: Class initialized using 'CodeIgniter\Session\Handlers\FileHandler' driver.
INFO - 2025-10-09 09:01:15 --> Session: Class initialized using 'CodeIgniter\Session\Handlers\FileHandler' driver.
INFO - 2025-10-09 09:01:16 --> Session: Class initialized using 'CodeIgniter\Session\Handlers\FileHandler' driver.
INFO - 2025-10-09 09:01:16 --> Session: Class initialized using 'CodeIgniter\Session\Handlers\FileHandler' driver.
INFO - 2025-10-09 09:01:16 --> Límite obtenido (general): 0.0040 kWh, IP: 192.168.2.199
INFO - 2025-10-09 09:01:17 --> Session: Class initialized using 'CodeIgniter\Session\Handlers\FileHandler' driver.
INFO - 2025-10-09 09:01:18 --> Session: Class initialized using 'CodeIgniter\Session\Handlers\FileHandler' driver.
INFO - 2025-10-09 09:01:18 --> Límite obtenido (general): 0.0040 kWh, IP: 192.168.2.199
INFO - 2025-10-09 09:01:20 --> Session: Class initialized using 'CodeIgniter\Session\Handlers\FileHandler' driver.
INFO - 2025-10-09 09:01:20 --> Session: Class initialized using 'CodeIgniter\Session\Handlers\FileHandler' driver.
INFO - 2025-10-09 09:01:21 --> Session: Class initialized using 'CodeIgniter\Session\Handlers\FileHandler' driver.
INFO - 2025-10-09 09:01:21 --> Session: Class initialized using 'CodeIgniter\Session\Handlers\FileHandler' driver.
INFO - 2025-10-09 09:01:21 --> Límite obtenido (general): 0.0040 kWh, IP: 192.168.2.199
INFO - 2025-10-09 09:01:23 --> Session: Class initialized using 'CodeIgniter\Session\Handlers\FileHandler' driver.
DEBUG - 2025-10-09 09:01:23 --> Ruta actual: /Tesina/public/energia/dispositivo/2
INFO - 2025-10-09 09:01:23 --> Session: Class initialized using 'CodeIgniter\Session\Handlers\FileHandler' driver.
DEBUG - 2025-10-09 09:01:23 --> Datos en sesión: Array
(
    [__ci_last_regenerate] => 1760011225
    [_ci_previous_url] => http://192.168.2.189/Tesina/public/energia/dispositivo/2
    [id_usuario] => 1
    [nombre] => brunito
    [apellido] => barber
    [email] => brunocameille@alumnos.itr3.edu.ar
    [rol] => admin
    [logged_in] => 1
    [tarifa_kwh] => 45
)

INFO - 2025-10-09 09:01:24 --> Session: Class initialized using 'CodeIgniter\Session\Handlers\FileHandler' driver.
INFO - 2025-10-09 09:01:24 --> Límite obtenido (general): 0.0040 kWh, IP: 192.168.2.199
INFO - 2025-10-09 09:01:25 --> Session: Class initialized using 'CodeIgniter\Session\Handlers\FileHandler' driver.
DEBUG - 2025-10-09 09:01:25 --> Ruta actual: /Tesina/public/admin/dispositivos
INFO - 2025-10-09 09:01:25 --> Session: Class initialized using 'CodeIgniter\Session\Handlers\FileHandler' driver.
DEBUG - 2025-10-09 09:01:25 --> Datos en sesión: Array
(
    [__ci_last_regenerate] => 1760011225
    [_ci_previous_url] => http://192.168.2.189/Tesina/public/energia/dispositivo/2
    [id_usuario] => 1
    [nombre] => brunito
    [apellido] => barber
    [email] => brunocameille@alumnos.itr3.edu.ar
    [rol] => admin
    [logged_in] => 1
    [tarifa_kwh] => 45
)

DEBUG - 2025-10-09 09:01:25 --> Buscando usuario ID: 1
DEBUG - 2025-10-09 09:01:25 --> Resultado de la búsqueda: Array
(
    [id_usuario] => 1
    [nombre] => brunito
    [apellido] => barber
    [email] => brunocameille@alumnos.itr3.edu.ar
    [contrasena] => $2y$10$F4xQfULyrVhG1JD8Y21QR.vgn9Fzd257acxjmQqHQ3OYfEqBaAPb6
    [direccion_id] => 0
    [id_rol] => 1
    [created_at] => 2025-04-07 13:37:30
    [updated_at] => 2025-07-24 14:07:31
    [invitado_por] => 
    [estado] => activo
    [token_activacion] => 
)

INFO - 2025-10-09 09:01:26 --> Session: Class initialized using 'CodeIgniter\Session\Handlers\FileHandler' driver.
INFO - 2025-10-09 09:01:27 --> Session: Class initialized using 'CodeIgniter\Session\Handlers\FileHandler' driver.
INFO - 2025-10-09 09:01:27 --> Límite obtenido (general): 0.0040 kWh, IP: 192.168.2.199
INFO - 2025-10-09 09:01:28 --> Session: Class initialized using 'CodeIgniter\Session\Handlers\FileHandler' driver.
DEBUG - 2025-10-09 09:01:29 --> Ruta actual: /Tesina/public/energia/dispositivo/2
INFO - 2025-10-09 09:01:29 --> Session: Class initialized using 'CodeIgniter\Session\Handlers\FileHandler' driver.
DEBUG - 2025-10-09 09:01:29 --> Datos en sesión: Array
(
    [__ci_last_regenerate] => 1760011225
    [_ci_previous_url] => http://192.168.2.189/Tesina/public/admin/dispositivos
    [id_usuario] => 1
    [nombre] => brunito
    [apellido] => barber
    [email] => brunocameille@alumnos.itr3.edu.ar
    [rol] => admin
    [logged_in] => 1
    [tarifa_kwh] => 45
)

INFO - 2025-10-09 09:01:30 --> Session: Class initialized using 'CodeIgniter\Session\Handlers\FileHandler' driver.
INFO - 2025-10-09 09:01:30 --> Session: Class initialized using 'CodeIgniter\Session\Handlers\FileHandler' driver.
INFO - 2025-10-09 09:01:30 --> Límite obtenido (general): 0.0040 kWh, IP: 192.168.2.199
INFO - 2025-10-09 09:01:32 --> Session: Class initialized using 'CodeIgniter\Session\Handlers\FileHandler' driver.
INFO - 2025-10-09 09:01:33 --> Session: Class initialized using 'CodeIgniter\Session\Handlers\FileHandler' driver.
INFO - 2025-10-09 09:01:33 --> Límite obtenido (general): 0.0040 kWh, IP: 192.168.2.199
INFO - 2025-10-09 09:01:34 --> Session: Class initialized using 'CodeIgniter\Session\Handlers\FileHandler' driver.
INFO - 2025-10-09 09:01:34 --> Session: Class initialized using 'CodeIgniter\Session\Handlers\FileHandler' driver.
INFO - 2025-10-09 09:01:35 --> Session: Class initialized using 'CodeIgniter\Session\Handlers\FileHandler' driver.
INFO - 2025-10-09 09:01:36 --> Session: Class initialized using 'CodeIgniter\Session\Handlers\FileHandler' driver.
INFO - 2025-10-09 09:01:36 --> Límite obtenido (general): 0.0040 kWh, IP: 192.168.2.199
INFO - 2025-10-09 09:01:37 --> Session: Class initialized using 'CodeIgniter\Session\Handlers\FileHandler' driver.
INFO - 2025-10-09 09:01:39 --> Session: Class initialized using 'CodeIgniter\Session\Handlers\FileHandler' driver.
INFO - 2025-10-09 09:01:39 --> Session: Class initialized using 'CodeIgniter\Session\Handlers\FileHandler' driver.
INFO - 2025-10-09 09:01:39 --> Límite obtenido (general): 0.0040 kWh, IP: 192.168.2.199
INFO - 2025-10-09 09:01:39 --> Session: Class initialized using 'CodeIgniter\Session\Handlers\FileHandler' driver.
INFO - 2025-10-09 09:01:40 --> Session: Class initialized using 'CodeIgniter\Session\Handlers\FileHandler' driver.
DEBUG - 2025-10-09 09:01:41 --> Ruta actual: /Tesina/public/energia/actualizarLimite
INFO - 2025-10-09 09:01:41 --> Session: Class initialized using 'CodeIgniter\Session\Handlers\FileHandler' driver.
DEBUG - 2025-10-09 09:01:41 --> Datos en sesión: Array
(
    [__ci_last_regenerate] => 1760011225
    [_ci_previous_url] => http://192.168.2.189/Tesina/public/energia/dispositivo/2
    [id_usuario] => 1
    [nombre] => brunito
    [apellido] => barber
    [email] => brunocameille@alumnos.itr3.edu.ar
    [rol] => admin
    [logged_in] => 1
    [tarifa_kwh] => 45
)

INFO - 2025-10-09 09:01:42 --> Session: Class initialized using 'CodeIgniter\Session\Handlers\FileHandler' driver.
INFO - 2025-10-09 09:01:42 --> Límite obtenido (general): 0.0070 kWh, IP: 192.168.2.199
INFO - 2025-10-09 09:01:43 --> Session: Class initialized using 'CodeIgniter\Session\Handlers\FileHandler' driver.
INFO - 2025-10-09 09:01:45 --> Session: Class initialized using 'CodeIgniter\Session\Handlers\FileHandler' driver.
INFO - 2025-10-09 09:01:45 --> Límite obtenido (general): 0.0070 kWh, IP: 192.168.2.199
INFO - 2025-10-09 09:01:46 --> Session: Class initialized using 'CodeIgniter\Session\Handlers\FileHandler' driver.
INFO - 2025-10-09 09:01:47 --> Session: Class initialized using 'CodeIgniter\Session\Handlers\FileHandler' driver.
INFO - 2025-10-09 09:01:48 --> Session: Class initialized using 'CodeIgniter\Session\Handlers\FileHandler' driver.
INFO - 2025-10-09 09:01:48 --> Límite obtenido (general): 0.0070 kWh, IP: 192.168.2.199
INFO - 2025-10-09 09:01:49 --> Session: Class initialized using 'CodeIgniter\Session\Handlers\FileHandler' driver.
INFO - 2025-10-09 09:01:49 --> Session: Class initialized using 'CodeIgniter\Session\Handlers\FileHandler' driver.
DEBUG - 2025-10-09 09:01:49 --> Buscando usuario ID: 1
DEBUG - 2025-10-09 09:01:49 --> Resultado de la búsqueda: Array
(
    [id_usuario] => 1
    [nombre] => brunito
    [apellido] => barber
    [email] => brunocameille@alumnos.itr3.edu.ar
    [contrasena] => $2y$10$F4xQfULyrVhG1JD8Y21QR.vgn9Fzd257acxjmQqHQ3OYfEqBaAPb6
    [direccion_id] => 0
    [id_rol] => 1
    [created_at] => 2025-04-07 13:37:30
    [updated_at] => 2025-07-24 14:07:31
    [invitado_por] => 
    [estado] => activo
    [token_activacion] => 
)

INFO - 2025-10-09 09:01:54 --> Session: Class initialized using 'CodeIgniter\Session\Handlers\FileHandler' driver.
INFO - 2025-10-09 09:01:58 --> Session: Class initialized using 'CodeIgniter\Session\Handlers\FileHandler' driver.
INFO - 2025-10-09 09:01:58 --> Límite obtenido (general): 0.0070 kWh, IP: 192.168.2.199
INFO - 2025-10-09 09:01:59 --> Session: Class initialized using 'CodeIgniter\Session\Handlers\FileHandler' driver.
INFO - 2025-10-09 09:01:59 --> Session: Class initialized using 'CodeIgniter\Session\Handlers\FileHandler' driver.
INFO - 2025-10-09 09:01:59 --> Session: Class initialized using 'CodeIgniter\Session\Handlers\FileHandler' driver.
INFO - 2025-10-09 09:02:01 --> Session: Class initialized using 'CodeIgniter\Session\Handlers\FileHandler' driver.
INFO - 2025-10-09 09:02:01 --> Límite obtenido (general): 0.0070 kWh, IP: 192.168.2.199
INFO - 2025-10-09 09:02:02 --> Session: Class initialized using 'CodeIgniter\Session\Handlers\FileHandler' driver.
INFO - 2025-10-09 09:02:04 --> Session: Class initialized using 'CodeIgniter\Session\Handlers\FileHandler' driver.
INFO - 2025-10-09 09:02:04 --> Límite obtenido (general): 0.0070 kWh, IP: 192.168.2.199
INFO - 2025-10-09 09:02:04 --> Session: Class initialized using 'CodeIgniter\Session\Handlers\FileHandler' driver.
INFO - 2025-10-09 09:02:04 --> Session: Class initialized using 'CodeIgniter\Session\Handlers\FileHandler' driver.
INFO - 2025-10-09 09:02:05 --> Session: Class initialized using 'CodeIgniter\Session\Handlers\FileHandler' driver.
INFO - 2025-10-09 09:02:07 --> Session: Class initialized using 'CodeIgniter\Session\Handlers\FileHandler' driver.
INFO - 2025-10-09 09:02:07 --> Límite obtenido (general): 0.0070 kWh, IP: 192.168.2.199
INFO - 2025-10-09 09:02:08 --> Session: Class initialized using 'CodeIgniter\Session\Handlers\FileHandler' driver.
INFO - 2025-10-09 09:02:09 --> Session: Class initialized using 'CodeIgniter\Session\Handlers\FileHandler' driver.
INFO - 2025-10-09 09:02:09 --> Session: Class initialized using 'CodeIgniter\Session\Handlers\FileHandler' driver.
INFO - 2025-10-09 09:02:10 --> Session: Class initialized using 'CodeIgniter\Session\Handlers\FileHandler' driver.
INFO - 2025-10-09 09:02:10 --> Límite obtenido (general): 0.0070 kWh, IP: 192.168.2.199
INFO - 2025-10-09 09:02:12 --> Session: Class initialized using 'CodeIgniter\Session\Handlers\FileHandler' driver.
INFO - 2025-10-09 09:02:14 --> Session: Class initialized using 'CodeIgniter\Session\Handlers\FileHandler' driver.
INFO - 2025-10-09 09:02:14 --> Session: Class initialized using 'CodeIgniter\Session\Handlers\FileHandler' driver.
INFO - 2025-10-09 09:02:14 --> Límite obtenido (general): 0.0070 kWh, IP: 192.168.2.199
INFO - 2025-10-09 09:02:14 --> Session: Class initialized using 'CodeIgniter\Session\Handlers\FileHandler' driver.
INFO - 2025-10-09 09:02:15 --> Session: Class initialized using 'CodeIgniter\Session\Handlers\FileHandler' driver.
DEBUG - 2025-10-09 09:02:16 --> Ruta actual: /Tesina/public/energia/actualizarLimite
INFO - 2025-10-09 09:02:16 --> Session: Class initialized using 'CodeIgniter\Session\Handlers\FileHandler' driver.
DEBUG - 2025-10-09 09:02:16 --> Datos en sesión: Array
(
    [__ci_last_regenerate] => 1760011225
    [_ci_previous_url] => http://192.168.2.189/Tesina/public/energia/dispositivo/2
    [id_usuario] => 1
    [nombre] => brunito
    [apellido] => barber
    [email] => brunocameille@alumnos.itr3.edu.ar
    [rol] => admin
    [logged_in] => 1
    [tarifa_kwh] => 45
)

INFO - 2025-10-09 09:02:17 --> Session: Class initialized using 'CodeIgniter\Session\Handlers\FileHandler' driver.
INFO - 2025-10-09 09:02:17 --> Límite obtenido (general): 0.0090 kWh, IP: 192.168.2.199
INFO - 2025-10-09 09:02:18 --> Session: Class initialized using 'CodeIgniter\Session\Handlers\FileHandler' driver.
INFO - 2025-10-09 09:02:20 --> Session: Class initialized using 'CodeIgniter\Session\Handlers\FileHandler' driver.
INFO - 2025-10-09 09:02:20 --> Límite obtenido (general): 0.0090 kWh, IP: 192.168.2.199
INFO - 2025-10-09 09:02:21 --> Session: Class initialized using 'CodeIgniter\Session\Handlers\FileHandler' driver.
INFO - 2025-10-09 09:02:21 --> Session: Class initialized using 'CodeIgniter\Session\Handlers\FileHandler' driver.
DEBUG - 2025-10-09 09:02:21 --> Buscando usuario ID: 1
DEBUG - 2025-10-09 09:02:21 --> Resultado de la búsqueda: Array
(
    [id_usuario] => 1
    [nombre] => brunito
    [apellido] => barber
    [email] => brunocameille@alumnos.itr3.edu.ar
    [contrasena] => $2y$10$F4xQfULyrVhG1JD8Y21QR.vgn9Fzd257acxjmQqHQ3OYfEqBaAPb6
    [direccion_id] => 0
    [id_rol] => 1
    [created_at] => 2025-04-07 13:37:30
    [updated_at] => 2025-07-24 14:07:31
    [invitado_por] => 
    [estado] => activo
    [token_activacion] => 
)

INFO - 2025-10-09 09:02:24 --> Session: Class initialized using 'CodeIgniter\Session\Handlers\FileHandler' driver.
INFO - 2025-10-09 09:02:29 --> Session: Class initialized using 'CodeIgniter\Session\Handlers\FileHandler' driver.
INFO - 2025-10-09 09:02:29 --> Límite obtenido (general): 0.0090 kWh, IP: 192.168.2.199
DEBUG - 2025-10-09 09:02:29 --> Ruta actual: /Tesina/public/admin/dispositivos
INFO - 2025-10-09 09:02:29 --> Session: Class initialized using 'CodeIgniter\Session\Handlers\FileHandler' driver.
DEBUG - 2025-10-09 09:02:29 --> Datos en sesión: Array
(
    [__ci_last_regenerate] => 1760011225
    [_ci_previous_url] => http://192.168.2.189/Tesina/public/energia/dispositivo/2
    [id_usuario] => 1
    [nombre] => brunito
    [apellido] => barber
    [email] => brunocameille@alumnos.itr3.edu.ar
    [rol] => admin
    [logged_in] => 1
    [tarifa_kwh] => 45
)

DEBUG - 2025-10-09 09:02:29 --> Buscando usuario ID: 1
DEBUG - 2025-10-09 09:02:29 --> Resultado de la búsqueda: Array
(
    [id_usuario] => 1
    [nombre] => brunito
    [apellido] => barber
    [email] => brunocameille@alumnos.itr3.edu.ar
    [contrasena] => $2y$10$F4xQfULyrVhG1JD8Y21QR.vgn9Fzd257acxjmQqHQ3OYfEqBaAPb6
    [direccion_id] => 0
    [id_rol] => 1
    [created_at] => 2025-04-07 13:37:30
    [updated_at] => 2025-07-24 14:07:31
    [invitado_por] => 
    [estado] => activo
    [token_activacion] => 
)

INFO - 2025-10-09 09:02:30 --> Session: Class initialized using 'CodeIgniter\Session\Handlers\FileHandler' driver.
DEBUG - 2025-10-09 09:02:32 --> Ruta actual: /Tesina/public/energia/dispositivo/2
INFO - 2025-10-09 09:02:32 --> Session: Class initialized using 'CodeIgniter\Session\Handlers\FileHandler' driver.
DEBUG - 2025-10-09 09:02:32 --> Datos en sesión: Array
(
    [__ci_last_regenerate] => 1760011225
    [_ci_previous_url] => http://192.168.2.189/Tesina/public/admin/dispositivos
    [id_usuario] => 1
    [nombre] => brunito
    [apellido] => barber
    [email] => brunocameille@alumnos.itr3.edu.ar
    [rol] => admin
    [logged_in] => 1
    [tarifa_kwh] => 45
)

INFO - 2025-10-09 09:02:32 --> Session: Class initialized using 'CodeIgniter\Session\Handlers\FileHandler' driver.
INFO - 2025-10-09 09:02:32 --> Límite obtenido (general): 0.0090 kWh, IP: 192.168.2.199
INFO - 2025-10-09 09:02:33 --> Session: Class initialized using 'CodeIgniter\Session\Handlers\FileHandler' driver.
INFO - 2025-10-09 09:02:33 --> Session: Class initialized using 'CodeIgniter\Session\Handlers\FileHandler' driver.
INFO - 2025-10-09 09:02:35 --> Session: Class initialized using 'CodeIgniter\Session\Handlers\FileHandler' driver.
INFO - 2025-10-09 09:02:35 --> Límite obtenido (general): 0.0090 kWh, IP: 192.168.2.199
INFO - 2025-10-09 09:02:36 --> Session: Class initialized using 'CodeIgniter\Session\Handlers\FileHandler' driver.
INFO - 2025-10-09 09:02:37 --> Session: Class initialized using 'CodeIgniter\Session\Handlers\FileHandler' driver.
INFO - 2025-10-09 09:02:37 --> Session: Class initialized using 'CodeIgniter\Session\Handlers\FileHandler' driver.
INFO - 2025-10-09 09:02:38 --> Session: Class initialized using 'CodeIgniter\Session\Handlers\FileHandler' driver.
INFO - 2025-10-09 09:02:38 --> Límite obtenido (general): 0.0090 kWh, IP: 192.168.2.199
INFO - 2025-10-09 09:02:40 --> Session: Class initialized using 'CodeIgniter\Session\Handlers\FileHandler' driver.
INFO - 2025-10-09 09:02:41 --> Session: Class initialized using 'CodeIgniter\Session\Handlers\FileHandler' driver.
INFO - 2025-10-09 09:02:41 --> Límite obtenido (general): 0.0090 kWh, IP: 192.168.2.199
INFO - 2025-10-09 09:02:42 --> Session: Class initialized using 'CodeIgniter\Session\Handlers\FileHandler' driver.
INFO - 2025-10-09 09:02:42 --> Session: Class initialized using 'CodeIgniter\Session\Handlers\FileHandler' driver.
INFO - 2025-10-09 09:02:43 --> Session: Class initialized using 'CodeIgniter\Session\Handlers\FileHandler' driver.
INFO - 2025-10-09 09:02:45 --> Session: Class initialized using 'CodeIgniter\Session\Handlers\FileHandler' driver.
INFO - 2025-10-09 09:02:45 --> Límite obtenido (general): 0.0090 kWh, IP: 192.168.2.199
INFO - 2025-10-09 09:02:46 --> Session: Class initialized using 'CodeIgniter\Session\Handlers\FileHandler' driver.
INFO - 2025-10-09 09:02:47 --> Session: Class initialized using 'CodeIgniter\Session\Handlers\FileHandler' driver.
INFO - 2025-10-09 09:02:47 --> Session: Class initialized using 'CodeIgniter\Session\Handlers\FileHandler' driver.
INFO - 2025-10-09 09:02:47 --> Session: Class initialized using 'CodeIgniter\Session\Handlers\FileHandler' driver.
INFO - 2025-10-09 09:02:48 --> Límite obtenido (general): 0.0090 kWh, IP: 192.168.2.199
INFO - 2025-10-09 09:02:49 --> Session: Class initialized using 'CodeIgniter\Session\Handlers\FileHandler' driver.
INFO - 2025-10-09 09:02:50 --> Session: Class initialized using 'CodeIgniter\Session\Handlers\FileHandler' driver.
INFO - 2025-10-09 09:02:50 --> Límite obtenido (general): 0.0090 kWh, IP: 192.168.2.199
INFO - 2025-10-09 09:02:52 --> Session: Class initialized using 'CodeIgniter\Session\Handlers\FileHandler' driver.
INFO - 2025-10-09 09:02:52 --> Session: Class initialized using 'CodeIgniter\Session\Handlers\FileHandler' driver.
INFO - 2025-10-09 09:02:53 --> Session: Class initialized using 'CodeIgniter\Session\Handlers\FileHandler' driver.
INFO - 2025-10-09 09:02:53 --> Session: Class initialized using 'CodeIgniter\Session\Handlers\FileHandler' driver.
INFO - 2025-10-09 09:02:53 --> Límite obtenido (general): 0.0090 kWh, IP: 192.168.2.199
INFO - 2025-10-09 09:02:55 --> Session: Class initialized using 'CodeIgniter\Session\Handlers\FileHandler' driver.
INFO - 2025-10-09 09:02:55 --> Session: Class initialized using 'CodeIgniter\Session\Handlers\FileHandler' driver.
INFO - 2025-10-09 09:02:55 --> Session: Class initialized using 'CodeIgniter\Session\Handlers\FileHandler' driver.
INFO - 2025-10-09 09:02:55 --> Session: Class initialized using 'CodeIgniter\Session\Handlers\FileHandler' driver.
INFO - 2025-10-09 09:02:55 --> Session: Class initialized using 'CodeIgniter\Session\Handlers\FileHandler' driver.
INFO - 2025-10-09 09:02:56 --> Session: Class initialized using 'CodeIgniter\Session\Handlers\FileHandler' driver.
INFO - 2025-10-09 09:02:56 --> Límite obtenido (general): 0.0090 kWh, IP: 192.168.2.199
INFO - 2025-10-09 09:02:57 --> Session: Class initialized using 'CodeIgniter\Session\Handlers\FileHandler' driver.
INFO - 2025-10-09 09:02:57 --> Session: Class initialized using 'CodeIgniter\Session\Handlers\FileHandler' driver.
INFO - 2025-10-09 09:02:57 --> Session: Class initialized using 'CodeIgniter\Session\Handlers\FileHandler' driver.
INFO - 2025-10-09 09:02:57 --> Session: Class initialized using 'CodeIgniter\Session\Handlers\FileHandler' driver.
INFO - 2025-10-09 09:02:58 --> Session: Class initialized using 'CodeIgniter\Session\Handlers\FileHandler' driver.
DEBUG - 2025-10-09 09:02:58 --> Ruta actual: /Tesina/public/energia/generarPDF/2
INFO - 2025-10-09 09:02:58 --> Session: Class initialized using 'CodeIgniter\Session\Handlers\FileHandler' driver.
DEBUG - 2025-10-09 09:02:58 --> Datos en sesión: Array
(
    [__ci_last_regenerate] => 1760011225
    [_ci_previous_url] => http://192.168.2.189/Tesina/public/energia/dispositivo/2
    [id_usuario] => 1
    [nombre] => brunito
    [apellido] => barber
    [email] => brunocameille@alumnos.itr3.edu.ar
    [rol] => admin
    [logged_in] => 1
    [tarifa_kwh] => 555
)

DEBUG - 2025-10-09 09:02:58 --> Ruta actual: /Tesina/public/energia/generarPDF/2
INFO - 2025-10-09 09:02:59 --> Session: Class initialized using 'CodeIgniter\Session\Handlers\FileHandler' driver.
DEBUG - 2025-10-09 09:02:59 --> Datos en sesión: Array
(
    [__ci_last_regenerate] => 1760011225
    [_ci_previous_url] => http://192.168.2.189/Tesina/public/energia/generarPDF/2
    [id_usuario] => 1
    [nombre] => brunito
    [apellido] => barber
    [email] => brunocameille@alumnos.itr3.edu.ar
    [rol] => admin
    [logged_in] => 1
    [tarifa_kwh] => 555
)

INFO - 2025-10-09 09:02:59 --> Session: Class initialized using 'CodeIgniter\Session\Handlers\FileHandler' driver.
INFO - 2025-10-09 09:02:59 --> Límite obtenido (general): 0.0090 kWh, IP: 192.168.2.199
INFO - 2025-10-09 09:03:01 --> Session: Class initialized using 'CodeIgniter\Session\Handlers\FileHandler' driver.
INFO - 2025-10-09 09:03:02 --> Session: Class initialized using 'CodeIgniter\Session\Handlers\FileHandler' driver.
INFO - 2025-10-09 09:03:02 --> Límite obtenido (general): 0.0090 kWh, IP: 192.168.2.199
INFO - 2025-10-09 09:03:03 --> Session: Class initialized using 'CodeIgniter\Session\Handlers\FileHandler' driver.
INFO - 2025-10-09 09:03:03 --> Session: Class initialized using 'CodeIgniter\Session\Handlers\FileHandler' driver.
INFO - 2025-10-09 09:03:04 --> Session: Class initialized using 'CodeIgniter\Session\Handlers\FileHandler' driver.
INFO - 2025-10-09 09:03:06 --> Session: Class initialized using 'CodeIgniter\Session\Handlers\FileHandler' driver.
INFO - 2025-10-09 09:03:06 --> Límite obtenido (general): 0.0090 kWh, IP: 192.168.2.199
INFO - 2025-10-09 09:03:07 --> Session: Class initialized using 'CodeIgniter\Session\Handlers\FileHandler' driver.
INFO - 2025-10-09 09:03:08 --> Session: Class initialized using 'CodeIgniter\Session\Handlers\FileHandler' driver.
INFO - 2025-10-09 09:03:08 --> Session: Class initialized using 'CodeIgniter\Session\Handlers\FileHandler' driver.
INFO - 2025-10-09 09:03:09 --> Session: Class initialized using 'CodeIgniter\Session\Handlers\FileHandler' driver.
INFO - 2025-10-09 09:03:09 --> Límite obtenido (general): 0.0090 kWh, IP: 192.168.2.199
INFO - 2025-10-09 09:03:10 --> Session: Class initialized using 'CodeIgniter\Session\Handlers\FileHandler' driver.
INFO - 2025-10-09 09:03:12 --> Session: Class initialized using 'CodeIgniter\Session\Handlers\FileHandler' driver.
INFO - 2025-10-09 09:03:12 --> Límite obtenido (general): 0.0090 kWh, IP: 192.168.2.199
INFO - 2025-10-09 09:03:13 --> Session: Class initialized using 'CodeIgniter\Session\Handlers\FileHandler' driver.
INFO - 2025-10-09 09:03:13 --> Session: Class initialized using 'CodeIgniter\Session\Handlers\FileHandler' driver.
INFO - 2025-10-09 09:03:13 --> Session: Class initialized using 'CodeIgniter\Session\Handlers\FileHandler' driver.
INFO - 2025-10-09 09:03:15 --> Session: Class initialized using 'CodeIgniter\Session\Handlers\FileHandler' driver.
INFO - 2025-10-09 09:03:15 --> Límite obtenido (general): 0.0090 kWh, IP: 192.168.2.199
INFO - 2025-10-09 09:03:16 --> Session: Class initialized using 'CodeIgniter\Session\Handlers\FileHandler' driver.
INFO - 2025-10-09 09:03:18 --> Session: Class initialized using 'CodeIgniter\Session\Handlers\FileHandler' driver.
INFO - 2025-10-09 09:03:18 --> Límite obtenido (general): 0.0090 kWh, IP: 192.168.2.199
INFO - 2025-10-09 09:03:18 --> Session: Class initialized using 'CodeIgniter\Session\Handlers\FileHandler' driver.
INFO - 2025-10-09 09:03:18 --> Session: Class initialized using 'CodeIgniter\Session\Handlers\FileHandler' driver.
INFO - 2025-10-09 09:03:19 --> Session: Class initialized using 'CodeIgniter\Session\Handlers\FileHandler' driver.
INFO - 2025-10-09 09:03:21 --> Session: Class initialized using 'CodeIgniter\Session\Handlers\FileHandler' driver.
INFO - 2025-10-09 09:03:21 --> Límite obtenido (general): 0.0090 kWh, IP: 192.168.2.199
INFO - 2025-10-09 09:03:22 --> Session: Class initialized using 'CodeIgniter\Session\Handlers\FileHandler' driver.
INFO - 2025-10-09 09:03:23 --> Session: Class initialized using 'CodeIgniter\Session\Handlers\FileHandler' driver.
INFO - 2025-10-09 09:03:23 --> Session: Class initialized using 'CodeIgniter\Session\Handlers\FileHandler' driver.
INFO - 2025-10-09 09:03:23 --> Session: Class initialized using 'CodeIgniter\Session\Handlers\FileHandler' driver.
INFO - 2025-10-09 09:03:23 --> Límite obtenido (general): 0.0090 kWh, IP: 192.168.2.199
INFO - 2025-10-09 09:03:25 --> Session: Class initialized using 'CodeIgniter\Session\Handlers\FileHandler' driver.
INFO - 2025-10-09 09:03:26 --> Session: Class initialized using 'CodeIgniter\Session\Handlers\FileHandler' driver.
INFO - 2025-10-09 09:03:26 --> Límite obtenido (general): 0.0090 kWh, IP: 192.168.2.199
INFO - 2025-10-09 09:03:27 --> Session: Class initialized using 'CodeIgniter\Session\Handlers\FileHandler' driver.
INFO - 2025-10-09 09:03:28 --> Session: Class initialized using 'CodeIgniter\Session\Handlers\FileHandler' driver.
INFO - 2025-10-09 09:03:28 --> Session: Class initialized using 'CodeIgniter\Session\Handlers\FileHandler' driver.
INFO - 2025-10-09 09:03:29 --> Session: Class initialized using 'CodeIgniter\Session\Handlers\FileHandler' driver.
INFO - 2025-10-09 09:03:29 --> Límite obtenido (general): 0.0090 kWh, IP: 192.168.2.199
INFO - 2025-10-09 09:03:30 --> Session: Class initialized using 'CodeIgniter\Session\Handlers\FileHandler' driver.
INFO - 2025-10-09 09:03:32 --> Session: Class initialized using 'CodeIgniter\Session\Handlers\FileHandler' driver.
INFO - 2025-10-09 09:03:32 --> Límite obtenido (general): 0.0090 kWh, IP: 192.168.2.199
INFO - 2025-10-09 09:03:33 --> Session: Class initialized using 'CodeIgniter\Session\Handlers\FileHandler' driver.
INFO - 2025-10-09 09:03:33 --> Session: Class initialized using 'CodeIgniter\Session\Handlers\FileHandler' driver.
INFO - 2025-10-09 09:03:33 --> Session: Class initialized using 'CodeIgniter\Session\Handlers\FileHandler' driver.
INFO - 2025-10-09 09:03:35 --> Session: Class initialized using 'CodeIgniter\Session\Handlers\FileHandler' driver.
INFO - 2025-10-09 09:03:35 --> Límite obtenido (general): 0.0090 kWh, IP: 192.168.2.199
INFO - 2025-10-09 09:03:36 --> Session: Class initialized using 'CodeIgniter\Session\Handlers\FileHandler' driver.
INFO - 2025-10-09 09:03:38 --> Session: Class initialized using 'CodeIgniter\Session\Handlers\FileHandler' driver.
INFO - 2025-10-09 09:03:38 --> Session: Class initialized using 'CodeIgniter\Session\Handlers\FileHandler' driver.
INFO - 2025-10-09 09:03:38 --> Límite obtenido (general): 0.0090 kWh, IP: 192.168.2.199
INFO - 2025-10-09 09:03:38 --> Session: Class initialized using 'CodeIgniter\Session\Handlers\FileHandler' driver.
INFO - 2025-10-09 09:03:39 --> Session: Class initialized using 'CodeIgniter\Session\Handlers\FileHandler' driver.
INFO - 2025-10-09 09:03:41 --> Session: Class initialized using 'CodeIgniter\Session\Handlers\FileHandler' driver.
INFO - 2025-10-09 09:03:41 --> Límite obtenido (general): 0.0090 kWh, IP: 192.168.2.199
INFO - 2025-10-09 09:03:43 --> Session: Class initialized using 'CodeIgniter\Session\Handlers\FileHandler' driver.
INFO - 2025-10-09 09:03:43 --> Session: Class initialized using 'CodeIgniter\Session\Handlers\FileHandler' driver.
INFO - 2025-10-09 09:03:43 --> Session: Class initialized using 'CodeIgniter\Session\Handlers\FileHandler' driver.
INFO - 2025-10-09 09:03:45 --> Session: Class initialized using 'CodeIgniter\Session\Handlers\FileHandler' driver.
INFO - 2025-10-09 09:03:45 --> Límite obtenido (general): 0.0090 kWh, IP: 192.168.2.199
INFO - 2025-10-09 09:03:46 --> Session: Class initialized using 'CodeIgniter\Session\Handlers\FileHandler' driver.
INFO - 2025-10-09 09:03:48 --> Session: Class initialized using 'CodeIgniter\Session\Handlers\FileHandler' driver.
INFO - 2025-10-09 09:03:48 --> Límite obtenido (general): 0.0090 kWh, IP: 192.168.2.199
INFO - 2025-10-09 09:03:48 --> Session: Class initialized using 'CodeIgniter\Session\Handlers\FileHandler' driver.
INFO - 2025-10-09 09:03:49 --> Session: Class initialized using 'CodeIgniter\Session\Handlers\FileHandler' driver.
INFO - 2025-10-09 09:03:49 --> Session: Class initialized using 'CodeIgniter\Session\Handlers\FileHandler' driver.
INFO - 2025-10-09 09:03:51 --> Session: Class initialized using 'CodeIgniter\Session\Handlers\FileHandler' driver.
INFO - 2025-10-09 09:03:51 --> Límite obtenido (general): 0.0090 kWh, IP: 192.168.2.199
INFO - 2025-10-09 09:03:52 --> Session: Class initialized using 'CodeIgniter\Session\Handlers\FileHandler' driver.
INFO - 2025-10-09 09:03:53 --> Session: Class initialized using 'CodeIgniter\Session\Handlers\FileHandler' driver.
INFO - 2025-10-09 09:03:53 --> Session: Class initialized using 'CodeIgniter\Session\Handlers\FileHandler' driver.
INFO - 2025-10-09 09:03:54 --> Session: Class initialized using 'CodeIgniter\Session\Handlers\FileHandler' driver.
INFO - 2025-10-09 09:03:54 --> Límite obtenido (general): 0.0090 kWh, IP: 192.168.2.199
INFO - 2025-10-09 09:03:56 --> Session: Class initialized using 'CodeIgniter\Session\Handlers\FileHandler' driver.
INFO - 2025-10-09 09:03:58 --> Session: Class initialized using 'CodeIgniter\Session\Handlers\FileHandler' driver.
INFO - 2025-10-09 09:03:58 --> Session: Class initialized using 'CodeIgniter\Session\Handlers\FileHandler' driver.
INFO - 2025-10-09 09:03:58 --> Session: Class initialized using 'CodeIgniter\Session\Handlers\FileHandler' driver.
INFO - 2025-10-09 09:03:58 --> Límite obtenido (general): 0.0090 kWh, IP: 192.168.2.199
INFO - 2025-10-09 09:03:59 --> Session: Class initialized using 'CodeIgniter\Session\Handlers\FileHandler' driver.
INFO - 2025-10-09 09:04:01 --> Session: Class initialized using 'CodeIgniter\Session\Handlers\FileHandler' driver.
INFO - 2025-10-09 09:04:01 --> Límite obtenido (general): 0.0090 kWh, IP: 192.168.2.199
INFO - 2025-10-09 09:04:02 --> Session: Class initialized using 'CodeIgniter\Session\Handlers\FileHandler' driver.
INFO - 2025-10-09 09:04:03 --> Session: Class initialized using 'CodeIgniter\Session\Handlers\FileHandler' driver.
INFO - 2025-10-09 09:04:03 --> Session: Class initialized using 'CodeIgniter\Session\Handlers\FileHandler' driver.
INFO - 2025-10-09 09:04:04 --> Session: Class initialized using 'CodeIgniter\Session\Handlers\FileHandler' driver.
INFO - 2025-10-09 09:04:04 --> Límite obtenido (general): 0.0090 kWh, IP: 192.168.2.199
INFO - 2025-10-09 09:04:05 --> Session: Class initialized using 'CodeIgniter\Session\Handlers\FileHandler' driver.
INFO - 2025-10-09 09:04:07 --> Session: Class initialized using 'CodeIgniter\Session\Handlers\FileHandler' driver.
INFO - 2025-10-09 09:04:07 --> Límite obtenido (general): 0.0090 kWh, IP: 192.168.2.199
INFO - 2025-10-09 09:04:08 --> Session: Class initialized using 'CodeIgniter\Session\Handlers\FileHandler' driver.
INFO - 2025-10-09 09:04:08 --> Session: Class initialized using 'CodeIgniter\Session\Handlers\FileHandler' driver.
INFO - 2025-10-09 09:04:08 --> Session: Class initialized using 'CodeIgniter\Session\Handlers\FileHandler' driver.
INFO - 2025-10-09 09:04:10 --> Session: Class initialized using 'CodeIgniter\Session\Handlers\FileHandler' driver.
INFO - 2025-10-09 09:04:10 --> Límite obtenido (general): 0.0090 kWh, IP: 192.168.2.199
INFO - 2025-10-09 09:04:11 --> Session: Class initialized using 'CodeIgniter\Session\Handlers\FileHandler' driver.
INFO - 2025-10-09 09:04:13 --> Session: Class initialized using 'CodeIgniter\Session\Handlers\FileHandler' driver.
INFO - 2025-10-09 09:04:13 --> Session: Class initialized using 'CodeIgniter\Session\Handlers\FileHandler' driver.
INFO - 2025-10-09 09:04:13 --> Session: Class initialized using 'CodeIgniter\Session\Handlers\FileHandler' driver.
INFO - 2025-10-09 09:04:13 --> Límite obtenido (general): 0.0090 kWh, IP: 192.168.2.199
INFO - 2025-10-09 09:04:14 --> Session: Class initialized using 'CodeIgniter\Session\Handlers\FileHandler' driver.
INFO - 2025-10-09 09:04:16 --> Session: Class initialized using 'CodeIgniter\Session\Handlers\FileHandler' driver.
INFO - 2025-10-09 09:04:16 --> Límite obtenido (general): 0.0090 kWh, IP: 192.168.2.199
INFO - 2025-10-09 09:04:17 --> Session: Class initialized using 'CodeIgniter\Session\Handlers\FileHandler' driver.
INFO - 2025-10-09 09:04:18 --> Session: Class initialized using 'CodeIgniter\Session\Handlers\FileHandler' driver.
INFO - 2025-10-09 09:04:18 --> Session: Class initialized using 'CodeIgniter\Session\Handlers\FileHandler' driver.
INFO - 2025-10-09 09:04:19 --> Session: Class initialized using 'CodeIgniter\Session\Handlers\FileHandler' driver.
INFO - 2025-10-09 09:04:19 --> Límite obtenido (general): 0.0090 kWh, IP: 192.168.2.199
INFO - 2025-10-09 09:04:21 --> Session: Class initialized using 'CodeIgniter\Session\Handlers\FileHandler' driver.
INFO - 2025-10-09 09:04:22 --> Session: Class initialized using 'CodeIgniter\Session\Handlers\FileHandler' driver.
INFO - 2025-10-09 09:04:22 --> Límite obtenido (general): 0.0090 kWh, IP: 192.168.2.199
INFO - 2025-10-09 09:04:23 --> Session: Class initialized using 'CodeIgniter\Session\Handlers\FileHandler' driver.
INFO - 2025-10-09 09:04:23 --> Session: Class initialized using 'CodeIgniter\Session\Handlers\FileHandler' driver.
INFO - 2025-10-09 09:04:24 --> Session: Class initialized using 'CodeIgniter\Session\Handlers\FileHandler' driver.
INFO - 2025-10-09 09:04:26 --> Session: Class initialized using 'CodeIgniter\Session\Handlers\FileHandler' driver.
INFO - 2025-10-09 09:04:26 --> Límite obtenido (general): 0.0090 kWh, IP: 192.168.2.199
INFO - 2025-10-09 09:04:28 --> Session: Class initialized using 'CodeIgniter\Session\Handlers\FileHandler' driver.
INFO - 2025-10-09 09:04:28 --> Session: Class initialized using 'CodeIgniter\Session\Handlers\FileHandler' driver.
INFO - 2025-10-09 09:04:33 --> Session: Class initialized using 'CodeIgniter\Session\Handlers\FileHandler' driver.
INFO - 2025-10-09 09:04:38 --> Session: Class initialized using 'CodeIgniter\Session\Handlers\FileHandler' driver.
INFO - 2025-10-09 09:04:43 --> Session: Class initialized using 'CodeIgniter\Session\Handlers\FileHandler' driver.
INFO - 2025-10-09 09:05:04 --> Session: Class initialized using 'CodeIgniter\Session\Handlers\FileHandler' driver.
INFO - 2025-10-09 09:05:31 --> Session: Class initialized using 'CodeIgniter\Session\Handlers\FileHandler' driver.
INFO - 2025-10-09 09:05:32 --> Session: Class initialized using 'CodeIgniter\Session\Handlers\FileHandler' driver.
INFO - 2025-10-09 09:05:38 --> Session: Class initialized using 'CodeIgniter\Session\Handlers\FileHandler' driver.
INFO - 2025-10-09 09:05:43 --> Session: Class initialized using 'CodeIgniter\Session\Handlers\FileHandler' driver.
INFO - 2025-10-09 09:05:48 --> Session: Class initialized using 'CodeIgniter\Session\Handlers\FileHandler' driver.
INFO - 2025-10-09 09:05:53 --> Session: Class initialized using 'CodeIgniter\Session\Handlers\FileHandler' driver.
INFO - 2025-10-09 09:05:58 --> Session: Class initialized using 'CodeIgniter\Session\Handlers\FileHandler' driver.
INFO - 2025-10-09 09:06:03 --> Session: Class initialized using 'CodeIgniter\Session\Handlers\FileHandler' driver.
INFO - 2025-10-09 09:06:08 --> Session: Class initialized using 'CodeIgniter\Session\Handlers\FileHandler' driver.
INFO - 2025-10-09 09:06:13 --> Session: Class initialized using 'CodeIgniter\Session\Handlers\FileHandler' driver.
INFO - 2025-10-09 09:06:18 --> Session: Class initialized using 'CodeIgniter\Session\Handlers\FileHandler' driver.
INFO - 2025-10-09 09:06:23 --> Session: Class initialized using 'CodeIgniter\Session\Handlers\FileHandler' driver.
INFO - 2025-10-09 09:06:28 --> Session: Class initialized using 'CodeIgniter\Session\Handlers\FileHandler' driver.
INFO - 2025-10-09 09:07:04 --> Session: Class initialized using 'CodeIgniter\Session\Handlers\FileHandler' driver.
INFO - 2025-10-09 09:08:04 --> Session: Class initialized using 'CodeIgniter\Session\Handlers\FileHandler' driver.
INFO - 2025-10-09 09:09:04 --> Session: Class initialized using 'CodeIgniter\Session\Handlers\FileHandler' driver.
INFO - 2025-10-09 09:10:04 --> Session: Class initialized using 'CodeIgniter\Session\Handlers\FileHandler' driver.
INFO - 2025-10-09 09:11:04 --> Session: Class initialized using 'CodeIgniter\Session\Handlers\FileHandler' driver.
INFO - 2025-10-09 09:12:04 --> Session: Class initialized using 'CodeIgniter\Session\Handlers\FileHandler' driver.
INFO - 2025-10-09 09:13:04 --> Session: Class initialized using 'CodeIgniter\Session\Handlers\FileHandler' driver.
INFO - 2025-10-09 09:14:04 --> Session: Class initialized using 'CodeIgniter\Session\Handlers\FileHandler' driver.
INFO - 2025-10-09 09:15:04 --> Session: Class initialized using 'CodeIgniter\Session\Handlers\FileHandler' driver.
INFO - 2025-10-09 09:16:04 --> Session: Class initialized using 'CodeIgniter\Session\Handlers\FileHandler' driver.
INFO - 2025-10-09 09:17:04 --> Session: Class initialized using 'CodeIgniter\Session\Handlers\FileHandler' driver.
INFO - 2025-10-09 09:18:04 --> Session: Class initialized using 'CodeIgniter\Session\Handlers\FileHandler' driver.
INFO - 2025-10-09 09:19:04 --> Session: Class initialized using 'CodeIgniter\Session\Handlers\FileHandler' driver.
INFO - 2025-10-09 09:20:04 --> Session: Class initialized using 'CodeIgniter\Session\Handlers\FileHandler' driver.
INFO - 2025-10-09 09:21:04 --> Session: Class initialized using 'CodeIgniter\Session\Handlers\FileHandler' driver.
INFO - 2025-10-09 09:22:04 --> Session: Class initialized using 'CodeIgniter\Session\Handlers\FileHandler' driver.
INFO - 2025-10-09 09:23:04 --> Session: Class initialized using 'CodeIgniter\Session\Handlers\FileHandler' driver.
INFO - 2025-10-09 09:31:30 --> Session: Class initialized using 'CodeIgniter\Session\Handlers\FileHandler' driver.
INFO - 2025-10-09 09:32:11 --> Session: Class initialized using 'CodeIgniter\Session\Handlers\FileHandler' driver.
INFO - 2025-10-09 09:33:04 --> Session: Class initialized using 'CodeIgniter\Session\Handlers\FileHandler' driver.
INFO - 2025-10-09 09:34:04 --> Session: Class initialized using 'CodeIgniter\Session\Handlers\FileHandler' driver.
INFO - 2025-10-09 09:35:04 --> Session: Class initialized using 'CodeIgniter\Session\Handlers\FileHandler' driver.
INFO - 2025-10-09 09:36:04 --> Session: Class initialized using 'CodeIgniter\Session\Handlers\FileHandler' driver.
INFO - 2025-10-09 09:36:38 --> Session: Class initialized using 'CodeIgniter\Session\Handlers\FileHandler' driver.
DEBUG - 2025-10-09 09:36:39 --> Ruta actual: /Tesina/public/energia/dispositivo/2
INFO - 2025-10-09 09:36:39 --> Session: Class initialized using 'CodeIgniter\Session\Handlers\FileHandler' driver.
DEBUG - 2025-10-09 09:36:39 --> Datos en sesión: Array
(
    [__ci_last_regenerate] => 1760013398
    [_ci_previous_url] => http://192.168.2.189/Tesina/public/energia/generarPDF/2
    [id_usuario] => 1
    [nombre] => brunito
    [apellido] => barber
    [email] => brunocameille@alumnos.itr3.edu.ar
    [rol] => admin
    [logged_in] => 1
    [tarifa_kwh] => 555
)

INFO - 2025-10-09 09:36:46 --> Session: Class initialized using 'CodeIgniter\Session\Handlers\FileHandler' driver.
DEBUG - 2025-10-09 09:39:58 --> Ruta actual: /Tesina/public/energia/dispositivo/2
INFO - 2025-10-09 09:39:58 --> Session: Class initialized using 'CodeIgniter\Session\Handlers\FileHandler' driver.
DEBUG - 2025-10-09 09:39:58 --> Datos en sesión: Array
(
    [__ci_last_regenerate] => 1760013398
    [_ci_previous_url] => http://192.168.2.189/Tesina/public/energia/dispositivo/2
    [id_usuario] => 1
    [nombre] => brunito
    [apellido] => barber
    [email] => brunocameille@alumnos.itr3.edu.ar
    [rol] => admin
    [logged_in] => 1
    [tarifa_kwh] => 555
)

INFO - 2025-10-09 09:40:00 --> Session: Class initialized using 'CodeIgniter\Session\Handlers\FileHandler' driver.
INFO - 2025-10-09 09:40:03 --> Session: Class initialized using 'CodeIgniter\Session\Handlers\FileHandler' driver.
INFO - 2025-10-09 09:40:04 --> Session: Class initialized using 'CodeIgniter\Session\Handlers\FileHandler' driver.
INFO - 2025-10-09 09:40:09 --> Session: Class initialized using 'CodeIgniter\Session\Handlers\FileHandler' driver.
INFO - 2025-10-09 09:40:14 --> Session: Class initialized using 'CodeIgniter\Session\Handlers\FileHandler' driver.
INFO - 2025-10-09 09:40:19 --> Session: Class initialized using 'CodeIgniter\Session\Handlers\FileHandler' driver.
INFO - 2025-10-09 09:40:19 --> Session: Class initialized using 'CodeIgniter\Session\Handlers\FileHandler' driver.
INFO - 2025-10-09 09:40:19 --> Session: Class initialized using 'CodeIgniter\Session\Handlers\FileHandler' driver.
INFO - 2025-10-09 09:40:20 --> Session: Class initialized using 'CodeIgniter\Session\Handlers\FileHandler' driver.
INFO - 2025-10-09 09:40:20 --> Session: Class initialized using 'CodeIgniter\Session\Handlers\FileHandler' driver.
INFO - 2025-10-09 09:40:21 --> Session: Class initialized using 'CodeIgniter\Session\Handlers\FileHandler' driver.
INFO - 2025-10-09 09:40:22 --> Session: Class initialized using 'CodeIgniter\Session\Handlers\FileHandler' driver.
DEBUG - 2025-10-09 09:40:24 --> Ruta actual: /Tesina/public/energia/generarPDF/2
INFO - 2025-10-09 09:40:24 --> Session: Class initialized using 'CodeIgniter\Session\Handlers\FileHandler' driver.
DEBUG - 2025-10-09 09:40:24 --> Datos en sesión: Array
(
    [__ci_last_regenerate] => 1760013398
    [_ci_previous_url] => http://192.168.2.189/Tesina/public/energia/dispositivo/2
    [id_usuario] => 1
    [nombre] => brunito
    [apellido] => barber
    [email] => brunocameille@alumnos.itr3.edu.ar
    [rol] => admin
    [logged_in] => 1
    [tarifa_kwh] => 282
)

INFO - 2025-10-09 09:40:24 --> Session: Class initialized using 'CodeIgniter\Session\Handlers\FileHandler' driver.
INFO - 2025-10-09 09:40:26 --> Session: Class initialized using 'CodeIgniter\Session\Handlers\FileHandler' driver.
INFO - 2025-10-09 09:40:26 --> Límite obtenido (general): 0.0090 kWh, IP: 192.168.2.199
INFO - 2025-10-09 09:40:28 --> Session: Class initialized using 'CodeIgniter\Session\Handlers\FileHandler' driver.
INFO - 2025-10-09 09:40:29 --> Session: Class initialized using 'CodeIgniter\Session\Handlers\FileHandler' driver.
INFO - 2025-10-09 09:40:34 --> Session: Class initialized using 'CodeIgniter\Session\Handlers\FileHandler' driver.
INFO - 2025-10-09 09:40:39 --> Session: Class initialized using 'CodeIgniter\Session\Handlers\FileHandler' driver.
INFO - 2025-10-09 09:40:44 --> Session: Class initialized using 'CodeIgniter\Session\Handlers\FileHandler' driver.
INFO - 2025-10-09 09:40:49 --> Session: Class initialized using 'CodeIgniter\Session\Handlers\FileHandler' driver.
INFO - 2025-10-09 09:40:54 --> Session: Class initialized using 'CodeIgniter\Session\Handlers\FileHandler' driver.
INFO - 2025-10-09 09:40:59 --> Session: Class initialized using 'CodeIgniter\Session\Handlers\FileHandler' driver.
INFO - 2025-10-09 09:41:04 --> Session: Class initialized using 'CodeIgniter\Session\Handlers\FileHandler' driver.
INFO - 2025-10-09 09:41:09 --> Session: Class initialized using 'CodeIgniter\Session\Handlers\FileHandler' driver.
INFO - 2025-10-09 09:41:14 --> Session: Class initialized using 'CodeIgniter\Session\Handlers\FileHandler' driver.
INFO - 2025-10-09 09:41:19 --> Session: Class initialized using 'CodeIgniter\Session\Handlers\FileHandler' driver.
DEBUG - 2025-10-09 09:41:22 --> Ruta actual: /Tesina/public/energia/dispositivo/2
INFO - 2025-10-09 09:41:22 --> Session: Class initialized using 'CodeIgniter\Session\Handlers\FileHandler' driver.
DEBUG - 2025-10-09 09:41:22 --> Datos en sesión: Array
(
    [__ci_last_regenerate] => 1760013398
    [_ci_previous_url] => http://192.168.2.189/Tesina/public/energia/generarPDF/2
    [id_usuario] => 1
    [nombre] => brunito
    [apellido] => barber
    [email] => brunocameille@alumnos.itr3.edu.ar
    [rol] => admin
    [logged_in] => 1
    [tarifa_kwh] => 282
)

INFO - 2025-10-09 09:41:23 --> Session: Class initialized using 'CodeIgniter\Session\Handlers\FileHandler' driver.
INFO - 2025-10-09 09:41:25 --> Session: Class initialized using 'CodeIgniter\Session\Handlers\FileHandler' driver.
INFO - 2025-10-09 09:41:25 --> Límite obtenido (general): 0.0090 kWh, IP: 192.168.2.199
INFO - 2025-10-09 09:41:27 --> Session: Class initialized using 'CodeIgniter\Session\Handlers\FileHandler' driver.
INFO - 2025-10-09 09:41:27 --> Session: Class initialized using 'CodeIgniter\Session\Handlers\FileHandler' driver.
INFO - 2025-10-09 09:41:29 --> Session: Class initialized using 'CodeIgniter\Session\Handlers\FileHandler' driver.
INFO - 2025-10-09 09:41:29 --> Límite obtenido (general): 0.0090 kWh, IP: 192.168.2.199
INFO - 2025-10-09 09:41:30 --> Session: Class initialized using 'CodeIgniter\Session\Handlers\FileHandler' driver.
INFO - 2025-10-09 09:41:32 --> Session: Class initialized using 'CodeIgniter\Session\Handlers\FileHandler' driver.
INFO - 2025-10-09 09:41:32 --> Límite obtenido (general): 0.0090 kWh, IP: 192.168.2.199
INFO - 2025-10-09 09:41:32 --> Session: Class initialized using 'CodeIgniter\Session\Handlers\FileHandler' driver.
INFO - 2025-10-09 09:41:33 --> Session: Class initialized using 'CodeIgniter\Session\Handlers\FileHandler' driver.
INFO - 2025-10-09 09:41:36 --> Session: Class initialized using 'CodeIgniter\Session\Handlers\FileHandler' driver.
INFO - 2025-10-09 09:41:36 --> Límite obtenido (general): 0.0090 kWh, IP: 192.168.2.199
INFO - 2025-10-09 09:41:37 --> Session: Class initialized using 'CodeIgniter\Session\Handlers\FileHandler' driver.
INFO - 2025-10-09 09:41:37 --> Session: Class initialized using 'CodeIgniter\Session\Handlers\FileHandler' driver.
INFO - 2025-10-09 09:41:39 --> Session: Class initialized using 'CodeIgniter\Session\Handlers\FileHandler' driver.
INFO - 2025-10-09 09:41:39 --> Límite obtenido (general): 0.0090 kWh, IP: 192.168.2.199
INFO - 2025-10-09 09:41:40 --> Session: Class initialized using 'CodeIgniter\Session\Handlers\FileHandler' driver.
INFO - 2025-10-09 09:41:42 --> Session: Class initialized using 'CodeIgniter\Session\Handlers\FileHandler' driver.
INFO - 2025-10-09 09:41:42 --> Límite obtenido (general): 0.0090 kWh, IP: 192.168.2.199
INFO - 2025-10-09 09:41:42 --> Session: Class initialized using 'CodeIgniter\Session\Handlers\FileHandler' driver.
INFO - 2025-10-09 09:41:43 --> Session: Class initialized using 'CodeIgniter\Session\Handlers\FileHandler' driver.
INFO - 2025-10-09 09:41:45 --> Session: Class initialized using 'CodeIgniter\Session\Handlers\FileHandler' driver.
INFO - 2025-10-09 09:41:45 --> Límite obtenido (general): 0.0090 kWh, IP: 192.168.2.199
INFO - 2025-10-09 09:41:46 --> Session: Class initialized using 'CodeIgniter\Session\Handlers\FileHandler' driver.
INFO - 2025-10-09 09:41:47 --> Session: Class initialized using 'CodeIgniter\Session\Handlers\FileHandler' driver.
INFO - 2025-10-09 09:41:48 --> Session: Class initialized using 'CodeIgniter\Session\Handlers\FileHandler' driver.
INFO - 2025-10-09 09:41:48 --> Límite obtenido (general): 0.0090 kWh, IP: 192.168.2.199
INFO - 2025-10-09 09:41:49 --> Session: Class initialized using 'CodeIgniter\Session\Handlers\FileHandler' driver.
INFO - 2025-10-09 09:41:51 --> Session: Class initialized using 'CodeIgniter\Session\Handlers\FileHandler' driver.
INFO - 2025-10-09 09:41:51 --> Límite obtenido (general): 0.0090 kWh, IP: 192.168.2.199
INFO - 2025-10-09 09:41:52 --> Session: Class initialized using 'CodeIgniter\Session\Handlers\FileHandler' driver.
INFO - 2025-10-09 09:41:52 --> Session: Class initialized using 'CodeIgniter\Session\Handlers\FileHandler' driver.
INFO - 2025-10-09 09:41:54 --> Session: Class initialized using 'CodeIgniter\Session\Handlers\FileHandler' driver.
INFO - 2025-10-09 09:41:54 --> Límite obtenido (general): 0.0090 kWh, IP: 192.168.2.199
INFO - 2025-10-09 09:41:55 --> Session: Class initialized using 'CodeIgniter\Session\Handlers\FileHandler' driver.
INFO - 2025-10-09 09:41:57 --> Session: Class initialized using 'CodeIgniter\Session\Handlers\FileHandler' driver.
INFO - 2025-10-09 09:41:57 --> Límite obtenido (general): 0.0090 kWh, IP: 192.168.2.199
INFO - 2025-10-09 09:41:57 --> Session: Class initialized using 'CodeIgniter\Session\Handlers\FileHandler' driver.
INFO - 2025-10-09 09:41:58 --> Session: Class initialized using 'CodeIgniter\Session\Handlers\FileHandler' driver.
INFO - 2025-10-09 09:42:00 --> Session: Class initialized using 'CodeIgniter\Session\Handlers\FileHandler' driver.
INFO - 2025-10-09 09:42:00 --> Límite obtenido (general): 0.0090 kWh, IP: 192.168.2.199
INFO - 2025-10-09 09:42:01 --> Session: Class initialized using 'CodeIgniter\Session\Handlers\FileHandler' driver.
INFO - 2025-10-09 09:42:02 --> Session: Class initialized using 'CodeIgniter\Session\Handlers\FileHandler' driver.
INFO - 2025-10-09 09:42:03 --> Session: Class initialized using 'CodeIgniter\Session\Handlers\FileHandler' driver.
INFO - 2025-10-09 09:42:03 --> Límite obtenido (general): 0.0090 kWh, IP: 192.168.2.199
INFO - 2025-10-09 09:42:04 --> Session: Class initialized using 'CodeIgniter\Session\Handlers\FileHandler' driver.
DEBUG - 2025-10-09 09:42:05 --> Ruta actual: /Tesina/public/energia/actualizarLimite
INFO - 2025-10-09 09:42:05 --> Session: Class initialized using 'CodeIgniter\Session\Handlers\FileHandler' driver.
DEBUG - 2025-10-09 09:42:05 --> Datos en sesión: Array
(
    [__ci_last_regenerate] => 1760013702
    [_ci_previous_url] => http://192.168.2.189/Tesina/public/energia/dispositivo/2
    [id_usuario] => 1
    [nombre] => brunito
    [apellido] => barber
    [email] => brunocameille@alumnos.itr3.edu.ar
    [rol] => admin
    [logged_in] => 1
    [tarifa_kwh] => 282
)

INFO - 2025-10-09 09:42:06 --> Session: Class initialized using 'CodeIgniter\Session\Handlers\FileHandler' driver.
INFO - 2025-10-09 09:42:06 --> Límite obtenido (general): 0.0060 kWh, IP: 192.168.2.199
INFO - 2025-10-09 09:42:07 --> Session: Class initialized using 'CodeIgniter\Session\Handlers\FileHandler' driver.
INFO - 2025-10-09 09:42:09 --> Session: Class initialized using 'CodeIgniter\Session\Handlers\FileHandler' driver.
INFO - 2025-10-09 09:42:09 --> Límite obtenido (general): 0.0060 kWh, IP: 192.168.2.199
INFO - 2025-10-09 09:42:10 --> Session: Class initialized using 'CodeIgniter\Session\Handlers\FileHandler' driver.
INFO - 2025-10-09 09:42:11 --> Session: Class initialized using 'CodeIgniter\Session\Handlers\FileHandler' driver.
INFO - 2025-10-09 09:42:12 --> Session: Class initialized using 'CodeIgniter\Session\Handlers\FileHandler' driver.
INFO - 2025-10-09 09:42:12 --> Límite obtenido (general): 0.0060 kWh, IP: 192.168.2.199
INFO - 2025-10-09 09:42:12 --> Session: Class initialized using 'CodeIgniter\Session\Handlers\FileHandler' driver.
INFO - 2025-10-09 09:42:13 --> Session: Class initialized using 'CodeIgniter\Session\Handlers\FileHandler' driver.
INFO - 2025-10-09 09:42:15 --> Session: Class initialized using 'CodeIgniter\Session\Handlers\FileHandler' driver.
INFO - 2025-10-09 09:42:15 --> Límite obtenido (general): 0.0060 kWh, IP: 192.168.2.199
INFO - 2025-10-09 09:42:16 --> Session: Class initialized using 'CodeIgniter\Session\Handlers\FileHandler' driver.
INFO - 2025-10-09 09:42:17 --> Session: Class initialized using 'CodeIgniter\Session\Handlers\FileHandler' driver.
INFO - 2025-10-09 09:42:18 --> Session: Class initialized using 'CodeIgniter\Session\Handlers\FileHandler' driver.
INFO - 2025-10-09 09:42:18 --> Límite obtenido (general): 0.0060 kWh, IP: 192.168.2.199
INFO - 2025-10-09 09:42:19 --> Session: Class initialized using 'CodeIgniter\Session\Handlers\FileHandler' driver.
INFO - 2025-10-09 09:42:21 --> Session: Class initialized using 'CodeIgniter\Session\Handlers\FileHandler' driver.
INFO - 2025-10-09 09:42:21 --> Límite obtenido (general): 0.0060 kWh, IP: 192.168.2.199
INFO - 2025-10-09 09:42:22 --> Session: Class initialized using 'CodeIgniter\Session\Handlers\FileHandler' driver.
INFO - 2025-10-09 09:42:22 --> Session: Class initialized using 'CodeIgniter\Session\Handlers\FileHandler' driver.
INFO - 2025-10-09 09:42:24 --> Session: Class initialized using 'CodeIgniter\Session\Handlers\FileHandler' driver.
INFO - 2025-10-09 09:42:24 --> Límite obtenido (general): 0.0060 kWh, IP: 192.168.2.199
INFO - 2025-10-09 09:42:25 --> Session: Class initialized using 'CodeIgniter\Session\Handlers\FileHandler' driver.
DEBUG - 2025-10-09 09:42:25 --> Buscando usuario ID: 1
DEBUG - 2025-10-09 09:42:25 --> Resultado de la búsqueda: Array
(
    [id_usuario] => 1
    [nombre] => brunito
    [apellido] => barber
    [email] => brunocameille@alumnos.itr3.edu.ar
    [contrasena] => $2y$10$F4xQfULyrVhG1JD8Y21QR.vgn9Fzd257acxjmQqHQ3OYfEqBaAPb6
    [direccion_id] => 0
    [id_rol] => 1
    [created_at] => 2025-04-07 13:37:30
    [updated_at] => 2025-07-24 14:07:31
    [invitado_por] => 
    [estado] => activo
    [token_activacion] => 
)

INFO - 2025-10-09 09:42:28 --> Session: Class initialized using 'CodeIgniter\Session\Handlers\FileHandler' driver.
DEBUG - 2025-10-09 09:42:30 --> Ruta actual: /Tesina/public/energia/dispositivo/2
INFO - 2025-10-09 09:42:30 --> Session: Class initialized using 'CodeIgniter\Session\Handlers\FileHandler' driver.
DEBUG - 2025-10-09 09:42:30 --> Datos en sesión: Array
(
    [__ci_last_regenerate] => 1760013702
    [_ci_previous_url] => http://192.168.2.189/Tesina/public/energia/dispositivo/2
    [id_usuario] => 1
    [nombre] => brunito
    [apellido] => barber
    [email] => brunocameille@alumnos.itr3.edu.ar
    [rol] => admin
    [logged_in] => 1
    [tarifa_kwh] => 282
)

INFO - 2025-10-09 09:42:31 --> Session: Class initialized using 'CodeIgniter\Session\Handlers\FileHandler' driver.
INFO - 2025-10-09 09:42:32 --> Session: Class initialized using 'CodeIgniter\Session\Handlers\FileHandler' driver.
INFO - 2025-10-09 09:42:32 --> Límite obtenido (general): 0.0060 kWh, IP: 192.168.2.199
INFO - 2025-10-09 09:42:34 --> Session: Class initialized using 'CodeIgniter\Session\Handlers\FileHandler' driver.
INFO - 2025-10-09 09:42:35 --> Session: Class initialized using 'CodeIgniter\Session\Handlers\FileHandler' driver.
INFO - 2025-10-09 09:42:35 --> Session: Class initialized using 'CodeIgniter\Session\Handlers\FileHandler' driver.
INFO - 2025-10-09 09:42:35 --> Límite obtenido (general): 0.0060 kWh, IP: 192.168.2.199
INFO - 2025-10-09 09:42:36 --> Session: Class initialized using 'CodeIgniter\Session\Handlers\FileHandler' driver.
INFO - 2025-10-09 09:42:38 --> Session: Class initialized using 'CodeIgniter\Session\Handlers\FileHandler' driver.
INFO - 2025-10-09 09:42:38 --> Límite obtenido (general): 0.0060 kWh, IP: 192.168.2.199
INFO - 2025-10-09 09:42:39 --> Session: Class initialized using 'CodeIgniter\Session\Handlers\FileHandler' driver.
INFO - 2025-10-09 09:42:40 --> Session: Class initialized using 'CodeIgniter\Session\Handlers\FileHandler' driver.
INFO - 2025-10-09 09:42:41 --> Session: Class initialized using 'CodeIgniter\Session\Handlers\FileHandler' driver.
INFO - 2025-10-09 09:42:41 --> Límite obtenido (general): 0.0060 kWh, IP: 192.168.2.199
INFO - 2025-10-09 09:42:42 --> Session: Class initialized using 'CodeIgniter\Session\Handlers\FileHandler' driver.
INFO - 2025-10-09 09:42:44 --> Session: Class initialized using 'CodeIgniter\Session\Handlers\FileHandler' driver.
INFO - 2025-10-09 09:42:44 --> Límite obtenido (general): 0.0060 kWh, IP: 192.168.2.199
INFO - 2025-10-09 09:42:45 --> Session: Class initialized using 'CodeIgniter\Session\Handlers\FileHandler' driver.
INFO - 2025-10-09 09:42:45 --> Session: Class initialized using 'CodeIgniter\Session\Handlers\FileHandler' driver.
INFO - 2025-10-09 09:42:47 --> Session: Class initialized using 'CodeIgniter\Session\Handlers\FileHandler' driver.
INFO - 2025-10-09 09:42:47 --> Límite obtenido (general): 0.0060 kWh, IP: 192.168.2.199
INFO - 2025-10-09 09:42:48 --> Session: Class initialized using 'CodeIgniter\Session\Handlers\FileHandler' driver.
INFO - 2025-10-09 09:42:50 --> Session: Class initialized using 'CodeIgniter\Session\Handlers\FileHandler' driver.
INFO - 2025-10-09 09:42:50 --> Límite obtenido (general): 0.0060 kWh, IP: 192.168.2.199
INFO - 2025-10-09 09:42:50 --> Session: Class initialized using 'CodeIgniter\Session\Handlers\FileHandler' driver.
INFO - 2025-10-09 09:42:51 --> Session: Class initialized using 'CodeIgniter\Session\Handlers\FileHandler' driver.
INFO - 2025-10-09 09:42:53 --> Session: Class initialized using 'CodeIgniter\Session\Handlers\FileHandler' driver.
INFO - 2025-10-09 09:42:53 --> Límite obtenido (general): 0.0060 kWh, IP: 192.168.2.199
INFO - 2025-10-09 09:42:54 --> Session: Class initialized using 'CodeIgniter\Session\Handlers\FileHandler' driver.
INFO - 2025-10-09 09:42:55 --> Session: Class initialized using 'CodeIgniter\Session\Handlers\FileHandler' driver.
INFO - 2025-10-09 09:42:56 --> Session: Class initialized using 'CodeIgniter\Session\Handlers\FileHandler' driver.
INFO - 2025-10-09 09:42:56 --> Límite obtenido (general): 0.0060 kWh, IP: 192.168.2.199
INFO - 2025-10-09 09:42:57 --> Session: Class initialized using 'CodeIgniter\Session\Handlers\FileHandler' driver.
DEBUG - 2025-10-09 09:42:58 --> Ruta actual: /Tesina/public/energia/actualizarLimite
INFO - 2025-10-09 09:42:58 --> Session: Class initialized using 'CodeIgniter\Session\Handlers\FileHandler' driver.
DEBUG - 2025-10-09 09:42:58 --> Datos en sesión: Array
(
    [__ci_last_regenerate] => 1760013702
    [_ci_previous_url] => http://192.168.2.189/Tesina/public/energia/dispositivo/2
    [id_usuario] => 1
    [nombre] => brunito
    [apellido] => barber
    [email] => brunocameille@alumnos.itr3.edu.ar
    [rol] => admin
    [logged_in] => 1
    [tarifa_kwh] => 282
)

INFO - 2025-10-09 09:42:59 --> Session: Class initialized using 'CodeIgniter\Session\Handlers\FileHandler' driver.
INFO - 2025-10-09 09:42:59 --> Límite obtenido (general): 1.0000 kWh, IP: 192.168.2.199
INFO - 2025-10-09 09:43:00 --> Session: Class initialized using 'CodeIgniter\Session\Handlers\FileHandler' driver.
INFO - 2025-10-09 09:43:02 --> Session: Class initialized using 'CodeIgniter\Session\Handlers\FileHandler' driver.
INFO - 2025-10-09 09:43:02 --> Límite obtenido (general): 1.0000 kWh, IP: 192.168.2.199
INFO - 2025-10-09 09:43:03 --> Session: Class initialized using 'CodeIgniter\Session\Handlers\FileHandler' driver.
INFO - 2025-10-09 09:43:03 --> Session: Class initialized using 'CodeIgniter\Session\Handlers\FileHandler' driver.
INFO - 2025-10-09 09:43:05 --> Session: Class initialized using 'CodeIgniter\Session\Handlers\FileHandler' driver.
INFO - 2025-10-09 09:43:05 --> Límite obtenido (general): 1.0000 kWh, IP: 192.168.2.199
INFO - 2025-10-09 09:43:05 --> Session: Class initialized using 'CodeIgniter\Session\Handlers\FileHandler' driver.
INFO - 2025-10-09 09:43:06 --> Session: Class initialized using 'CodeIgniter\Session\Handlers\FileHandler' driver.
INFO - 2025-10-09 09:43:08 --> Session: Class initialized using 'CodeIgniter\Session\Handlers\FileHandler' driver.
INFO - 2025-10-09 09:43:08 --> Límite obtenido (general): 1.0000 kWh, IP: 192.168.2.199
INFO - 2025-10-09 09:43:09 --> Session: Class initialized using 'CodeIgniter\Session\Handlers\FileHandler' driver.
INFO - 2025-10-09 09:43:10 --> Session: Class initialized using 'CodeIgniter\Session\Handlers\FileHandler' driver.
INFO - 2025-10-09 09:43:11 --> Session: Class initialized using 'CodeIgniter\Session\Handlers\FileHandler' driver.
INFO - 2025-10-09 09:43:11 --> Límite obtenido (general): 1.0000 kWh, IP: 192.168.2.199
INFO - 2025-10-09 09:43:12 --> Session: Class initialized using 'CodeIgniter\Session\Handlers\FileHandler' driver.
INFO - 2025-10-09 09:43:13 --> Session: Class initialized using 'CodeIgniter\Session\Handlers\FileHandler' driver.
INFO - 2025-10-09 09:43:13 --> Límite obtenido (general): 1.0000 kWh, IP: 192.168.2.199
INFO - 2025-10-09 09:43:15 --> Session: Class initialized using 'CodeIgniter\Session\Handlers\FileHandler' driver.
INFO - 2025-10-09 09:43:15 --> Session: Class initialized using 'CodeIgniter\Session\Handlers\FileHandler' driver.
INFO - 2025-10-09 09:43:16 --> Session: Class initialized using 'CodeIgniter\Session\Handlers\FileHandler' driver.
INFO - 2025-10-09 09:43:16 --> Límite obtenido (general): 1.0000 kWh, IP: 192.168.2.199
INFO - 2025-10-09 09:43:17 --> Session: Class initialized using 'CodeIgniter\Session\Handlers\FileHandler' driver.
INFO - 2025-10-09 09:43:19 --> Session: Class initialized using 'CodeIgniter\Session\Handlers\FileHandler' driver.
INFO - 2025-10-09 09:43:19 --> Límite obtenido (general): 1.0000 kWh, IP: 192.168.2.199
INFO - 2025-10-09 09:43:20 --> Session: Class initialized using 'CodeIgniter\Session\Handlers\FileHandler' driver.
INFO - 2025-10-09 09:43:21 --> Session: Class initialized using 'CodeIgniter\Session\Handlers\FileHandler' driver.
INFO - 2025-10-09 09:43:22 --> Session: Class initialized using 'CodeIgniter\Session\Handlers\FileHandler' driver.
INFO - 2025-10-09 09:43:22 --> Límite obtenido (general): 1.0000 kWh, IP: 192.168.2.199
INFO - 2025-10-09 09:43:23 --> Session: Class initialized using 'CodeIgniter\Session\Handlers\FileHandler' driver.
INFO - 2025-10-09 09:43:26 --> Session: Class initialized using 'CodeIgniter\Session\Handlers\FileHandler' driver.
INFO - 2025-10-09 09:43:26 --> Session: Class initialized using 'CodeIgniter\Session\Handlers\FileHandler' driver.
INFO - 2025-10-09 09:43:26 --> Límite obtenido (general): 1.0000 kWh, IP: 192.168.2.199
INFO - 2025-10-09 09:43:27 --> Session: Class initialized using 'CodeIgniter\Session\Handlers\FileHandler' driver.
INFO - 2025-10-09 09:43:29 --> Session: Class initialized using 'CodeIgniter\Session\Handlers\FileHandler' driver.
INFO - 2025-10-09 09:43:29 --> Límite obtenido (general): 1.0000 kWh, IP: 192.168.2.199
INFO - 2025-10-09 09:43:30 --> Session: Class initialized using 'CodeIgniter\Session\Handlers\FileHandler' driver.
INFO - 2025-10-09 09:43:31 --> Session: Class initialized using 'CodeIgniter\Session\Handlers\FileHandler' driver.
INFO - 2025-10-09 09:43:32 --> Session: Class initialized using 'CodeIgniter\Session\Handlers\FileHandler' driver.
INFO - 2025-10-09 09:43:32 --> Límite obtenido (general): 1.0000 kWh, IP: 192.168.2.199
INFO - 2025-10-09 09:43:33 --> Session: Class initialized using 'CodeIgniter\Session\Handlers\FileHandler' driver.
INFO - 2025-10-09 09:43:35 --> Session: Class initialized using 'CodeIgniter\Session\Handlers\FileHandler' driver.
INFO - 2025-10-09 09:43:35 --> Límite obtenido (general): 1.0000 kWh, IP: 192.168.2.199
INFO - 2025-10-09 09:43:36 --> Session: Class initialized using 'CodeIgniter\Session\Handlers\FileHandler' driver.
INFO - 2025-10-09 09:43:36 --> Session: Class initialized using 'CodeIgniter\Session\Handlers\FileHandler' driver.
INFO - 2025-10-09 09:43:37 --> Session: Class initialized using 'CodeIgniter\Session\Handlers\FileHandler' driver.
INFO - 2025-10-09 09:43:37 --> Límite obtenido (general): 1.0000 kWh, IP: 192.168.2.199
INFO - 2025-10-09 09:43:38 --> Session: Class initialized using 'CodeIgniter\Session\Handlers\FileHandler' driver.
INFO - 2025-10-09 09:43:40 --> Session: Class initialized using 'CodeIgniter\Session\Handlers\FileHandler' driver.
INFO - 2025-10-09 09:43:40 --> Límite obtenido (general): 1.0000 kWh, IP: 192.168.2.199
INFO - 2025-10-09 09:43:41 --> Session: Class initialized using 'CodeIgniter\Session\Handlers\FileHandler' driver.
INFO - 2025-10-09 09:43:41 --> Session: Class initialized using 'CodeIgniter\Session\Handlers\FileHandler' driver.
INFO - 2025-10-09 09:43:43 --> Session: Class initialized using 'CodeIgniter\Session\Handlers\FileHandler' driver.
INFO - 2025-10-09 09:43:43 --> Límite obtenido (general): 1.0000 kWh, IP: 192.168.2.199
INFO - 2025-10-09 09:43:44 --> Session: Class initialized using 'CodeIgniter\Session\Handlers\FileHandler' driver.
INFO - 2025-10-09 09:43:46 --> Session: Class initialized using 'CodeIgniter\Session\Handlers\FileHandler' driver.
INFO - 2025-10-09 09:43:46 --> Límite obtenido (general): 1.0000 kWh, IP: 192.168.2.199
INFO - 2025-10-09 09:43:46 --> Session: Class initialized using 'CodeIgniter\Session\Handlers\FileHandler' driver.
INFO - 2025-10-09 09:43:47 --> Session: Class initialized using 'CodeIgniter\Session\Handlers\FileHandler' driver.
INFO - 2025-10-09 09:43:49 --> Session: Class initialized using 'CodeIgniter\Session\Handlers\FileHandler' driver.
INFO - 2025-10-09 09:43:49 --> Límite obtenido (general): 1.0000 kWh, IP: 192.168.2.199
INFO - 2025-10-09 09:43:50 --> Session: Class initialized using 'CodeIgniter\Session\Handlers\FileHandler' driver.
INFO - 2025-10-09 09:43:51 --> Session: Class initialized using 'CodeIgniter\Session\Handlers\FileHandler' driver.
INFO - 2025-10-09 09:43:51 --> Session: Class initialized using 'CodeIgniter\Session\Handlers\FileHandler' driver.
INFO - 2025-10-09 09:43:51 --> Límite obtenido (general): 1.0000 kWh, IP: 192.168.2.199
INFO - 2025-10-09 09:43:53 --> Session: Class initialized using 'CodeIgniter\Session\Handlers\FileHandler' driver.
INFO - 2025-10-09 09:43:54 --> Session: Class initialized using 'CodeIgniter\Session\Handlers\FileHandler' driver.
INFO - 2025-10-09 09:43:54 --> Límite obtenido (general): 1.0000 kWh, IP: 192.168.2.199
INFO - 2025-10-09 09:43:56 --> Session: Class initialized using 'CodeIgniter\Session\Handlers\FileHandler' driver.
INFO - 2025-10-09 09:43:56 --> Session: Class initialized using 'CodeIgniter\Session\Handlers\FileHandler' driver.
INFO - 2025-10-09 09:43:57 --> Session: Class initialized using 'CodeIgniter\Session\Handlers\FileHandler' driver.
INFO - 2025-10-09 09:43:57 --> Límite obtenido (general): 1.0000 kWh, IP: 192.168.2.199
INFO - 2025-10-09 09:43:59 --> Session: Class initialized using 'CodeIgniter\Session\Handlers\FileHandler' driver.
INFO - 2025-10-09 09:44:00 --> Session: Class initialized using 'CodeIgniter\Session\Handlers\FileHandler' driver.
INFO - 2025-10-09 09:44:00 --> Límite obtenido (general): 1.0000 kWh, IP: 192.168.2.199
INFO - 2025-10-09 09:44:01 --> Session: Class initialized using 'CodeIgniter\Session\Handlers\FileHandler' driver.
INFO - 2025-10-09 09:44:01 --> Session: Class initialized using 'CodeIgniter\Session\Handlers\FileHandler' driver.
INFO - 2025-10-09 09:44:03 --> Session: Class initialized using 'CodeIgniter\Session\Handlers\FileHandler' driver.
INFO - 2025-10-09 09:44:03 --> Límite obtenido (general): 1.0000 kWh, IP: 192.168.2.199
INFO - 2025-10-09 09:44:04 --> Session: Class initialized using 'CodeIgniter\Session\Handlers\FileHandler' driver.
INFO - 2025-10-09 09:44:06 --> Session: Class initialized using 'CodeIgniter\Session\Handlers\FileHandler' driver.
INFO - 2025-10-09 09:44:06 --> Session: Class initialized using 'CodeIgniter\Session\Handlers\FileHandler' driver.
INFO - 2025-10-09 09:44:06 --> Límite obtenido (general): 1.0000 kWh, IP: 192.168.2.199
INFO - 2025-10-09 09:44:07 --> Session: Class initialized using 'CodeIgniter\Session\Handlers\FileHandler' driver.
INFO - 2025-10-09 09:44:09 --> Session: Class initialized using 'CodeIgniter\Session\Handlers\FileHandler' driver.
INFO - 2025-10-09 09:44:09 --> Límite obtenido (general): 1.0000 kWh, IP: 192.168.2.199
INFO - 2025-10-09 09:44:10 --> Session: Class initialized using 'CodeIgniter\Session\Handlers\FileHandler' driver.
INFO - 2025-10-09 09:44:11 --> Session: Class initialized using 'CodeIgniter\Session\Handlers\FileHandler' driver.
INFO - 2025-10-09 09:44:12 --> Session: Class initialized using 'CodeIgniter\Session\Handlers\FileHandler' driver.
INFO - 2025-10-09 09:44:12 --> Límite obtenido (general): 1.0000 kWh, IP: 192.168.2.199
INFO - 2025-10-09 09:44:13 --> Session: Class initialized using 'CodeIgniter\Session\Handlers\FileHandler' driver.
INFO - 2025-10-09 09:44:15 --> Session: Class initialized using 'CodeIgniter\Session\Handlers\FileHandler' driver.
INFO - 2025-10-09 09:44:15 --> Límite obtenido (general): 1.0000 kWh, IP: 192.168.2.199
INFO - 2025-10-09 09:44:15 --> Session: Class initialized using 'CodeIgniter\Session\Handlers\FileHandler' driver.
INFO - 2025-10-09 09:44:16 --> Session: Class initialized using 'CodeIgniter\Session\Handlers\FileHandler' driver.
DEBUG - 2025-10-09 09:44:17 --> Ruta actual: /Tesina/public/energia/dispositivo/2
INFO - 2025-10-09 09:44:17 --> Session: Class initialized using 'CodeIgniter\Session\Handlers\FileHandler' driver.
DEBUG - 2025-10-09 09:44:17 --> Datos en sesión: Array
(
    [__ci_last_regenerate] => 1760013702
    [_ci_previous_url] => http://192.168.2.189/Tesina/public/energia/dispositivo/2
    [id_usuario] => 1
    [nombre] => brunito
    [apellido] => barber
    [email] => brunocameille@alumnos.itr3.edu.ar
    [rol] => admin
    [logged_in] => 1
    [tarifa_kwh] => 282
)

INFO - 2025-10-09 09:44:17 --> Session: Class initialized using 'CodeIgniter\Session\Handlers\FileHandler' driver.
INFO - 2025-10-09 09:44:17 --> Límite obtenido (general): 1.0000 kWh, IP: 192.168.2.199
INFO - 2025-10-09 09:44:19 --> Session: Class initialized using 'CodeIgniter\Session\Handlers\FileHandler' driver.
INFO - 2025-10-09 09:44:19 --> Session: Class initialized using 'CodeIgniter\Session\Handlers\FileHandler' driver.
INFO - 2025-10-09 09:44:22 --> Session: Class initialized using 'CodeIgniter\Session\Handlers\FileHandler' driver.
INFO - 2025-10-09 09:44:27 --> Session: Class initialized using 'CodeIgniter\Session\Handlers\FileHandler' driver.
INFO - 2025-10-09 09:44:32 --> Session: Class initialized using 'CodeIgniter\Session\Handlers\FileHandler' driver.
INFO - 2025-10-09 09:44:38 --> Session: Class initialized using 'CodeIgniter\Session\Handlers\FileHandler' driver.
DEBUG - 2025-10-09 09:44:38 --> Ruta actual: /Tesina/public/admin/dispositivos
INFO - 2025-10-09 09:44:38 --> Session: Class initialized using 'CodeIgniter\Session\Handlers\FileHandler' driver.
DEBUG - 2025-10-09 09:44:38 --> Datos en sesión: Array
(
    [__ci_last_regenerate] => 1760013702
    [_ci_previous_url] => http://192.168.2.189/Tesina/public/energia/dispositivo/2
    [id_usuario] => 1
    [nombre] => brunito
    [apellido] => barber
    [email] => brunocameille@alumnos.itr3.edu.ar
    [rol] => admin
    [logged_in] => 1
    [tarifa_kwh] => 282
)

DEBUG - 2025-10-09 09:44:38 --> Buscando usuario ID: 1
DEBUG - 2025-10-09 09:44:38 --> Resultado de la búsqueda: Array
(
    [id_usuario] => 1
    [nombre] => brunito
    [apellido] => barber
    [email] => brunocameille@alumnos.itr3.edu.ar
    [contrasena] => $2y$10$F4xQfULyrVhG1JD8Y21QR.vgn9Fzd257acxjmQqHQ3OYfEqBaAPb6
    [direccion_id] => 0
    [id_rol] => 1
    [created_at] => 2025-04-07 13:37:30
    [updated_at] => 2025-07-24 14:07:31
    [invitado_por] => 
    [estado] => activo
    [token_activacion] => 
)

INFO - 2025-10-09 09:44:50 --> Session: Class initialized using 'CodeIgniter\Session\Handlers\FileHandler' driver.
INFO - 2025-10-09 09:44:50 --> Session: Class initialized using 'CodeIgniter\Session\Handlers\FileHandler' driver.
INFO - 2025-10-09 09:44:53 --> Session: Class initialized using 'CodeIgniter\Session\Handlers\FileHandler' driver.
INFO - 2025-10-09 09:48:54 --> Session: Class initialized using 'CodeIgniter\Session\Handlers\FileHandler' driver.
INFO - 2025-10-09 09:50:26 --> Session: Class initialized using 'CodeIgniter\Session\Handlers\FileHandler' driver.
INFO - 2025-10-09 09:50:31 --> Session: Class initialized using 'CodeIgniter\Session\Handlers\FileHandler' driver.
INFO - 2025-10-09 09:50:31 --> Session: Class initialized using 'CodeIgniter\Session\Handlers\FileHandler' driver.
INFO - 2025-10-09 09:50:34 --> Session: Class initialized using 'CodeIgniter\Session\Handlers\FileHandler' driver.
INFO - 2025-10-09 09:51:49 --> Session: Class initialized using 'CodeIgniter\Session\Handlers\FileHandler' driver.
INFO - 2025-10-09 09:51:49 --> Session: Class initialized using 'CodeIgniter\Session\Handlers\FileHandler' driver.
INFO - 2025-10-09 09:53:33 --> Session: Class initialized using 'CodeIgniter\Session\Handlers\FileHandler' driver.
DEBUG - 2025-10-09 09:53:33 --> === INICIO PROCESO DE COMPRA ===
DEBUG - 2025-10-09 09:53:33 --> Datos recibidos: {"nombre":"Cristian","email":"cristianbruno349@itr3.edu.ar","id_dispositivo":"1"}
DEBUG - 2025-10-09 09:53:33 --> Dispositivo encontrado: {"id_dispositivo":"1","nombre":"medidor de ecovolt","id_usuario":"1","mac_address":"00:1A:2B:3C:4D:5E","ip_address":null,"ultima_conexion":null,"estado":"activo","created_at":"2025-04-10 22:26:34","stock":"43","precio":"85","descripcion":"","fecha_actualizacion":"2025-06-27 08:44:59","updated_at":"2025-06-12 15:06:14","codigo_activacion":null,"fecha_activacion":null}
DEBUG - 2025-10-09 09:53:33 --> Creando usuario con datos: {"email":"cristianbruno349@itr3.edu.ar","rol":1,"estado":"pendiente"}
DEBUG - 2025-10-09 09:53:33 --> Iniciando hashPassword con datos: {"data":{"nombre":"Cristian","apellido":"Bruno","email":"cristianbruno349@itr3.edu.ar","contrasena":"Cristian_07$","id_rol":1,"estado":"pendiente","created_at":"2025-10-09 09:53:33","updated_at":"2025-10-09 09:53:33"}}
DEBUG - 2025-10-09 09:53:33 --> Contraseña original: Cristian_07$
DEBUG - 2025-10-09 09:53:33 --> Longitud de la contraseña original: 12
DEBUG - 2025-10-09 09:53:33 --> Hash generado: $2y$10$xZ02OUaY1eZTaTdlJ5vyueb/6gNJewjYIWZv8Xb5zw7aMFPP2I8Da
DEBUG - 2025-10-09 09:53:33 --> Usuario creado con ID: 81
DEBUG - 2025-10-09 09:53:33 --> Dirección creada con ID: 22
DEBUG - 2025-10-09 09:53:33 --> Datos guardados en sesión: {"id_usuario":81,"id_dispositivo":"1"}
DEBUG - 2025-10-09 09:53:33 --> === FIN PROCESO DE COMPRA ===
INFO - 2025-10-09 09:53:34 --> Session: Class initialized using 'CodeIgniter\Session\Handlers\FileHandler' driver.
INFO - 2025-10-09 09:55:39 --> Session: Class initialized using 'CodeIgniter\Session\Handlers\FileHandler' driver.
INFO - 2025-10-09 09:55:40 --> Session: Class initialized using 'CodeIgniter\Session\Handlers\FileHandler' driver.
INFO - 2025-10-09 09:55:40 --> Session: Class initialized using 'CodeIgniter\Session\Handlers\FileHandler' driver.
INFO - 2025-10-09 09:55:45 --> Session: Class initialized using 'CodeIgniter\Session\Handlers\FileHandler' driver.
INFO - 2025-10-09 09:55:47 --> Session: Class initialized using 'CodeIgniter\Session\Handlers\FileHandler' driver.
INFO - 2025-10-09 09:55:49 --> Session: Class initialized using 'CodeIgniter\Session\Handlers\FileHandler' driver.
INFO - 2025-10-09 09:56:50 --> Session: Class initialized using 'CodeIgniter\Session\Handlers\FileHandler' driver.
INFO - 2025-10-09 09:57:32 --> Session: Class initialized using 'CodeIgniter\Session\Handlers\FileHandler' driver.
DEBUG - 2025-10-09 09:57:32 --> === INICIO PROCESO DE COMPRA ===
DEBUG - 2025-10-09 09:57:32 --> Datos recibidos: {"nombre":"cristian","email":"cristianbruno349@itr3.edu.ar","id_dispositivo":"1"}
DEBUG - 2025-10-09 09:57:32 --> Email ya registrado: cristianbruno349@itr3.edu.ar
INFO - 2025-10-09 09:57:33 --> Session: Class initialized using 'CodeIgniter\Session\Handlers\FileHandler' driver.
INFO - 2025-10-09 09:57:41 --> Session: Class initialized using 'CodeIgniter\Session\Handlers\FileHandler' driver.
INFO - 2025-10-09 09:58:13 --> Session: Class initialized using 'CodeIgniter\Session\Handlers\FileHandler' driver.
INFO - 2025-10-09 09:58:17 --> Session: Class initialized using 'CodeIgniter\Session\Handlers\FileHandler' driver.
DEBUG - 2025-10-09 09:58:17 --> Intento de inicio de sesión para email: cristianbruno349@itr3.edu.ar
DEBUG - 2025-10-09 09:58:17 --> Longitud de la contraseña ingresada: 12
DEBUG - 2025-10-09 09:58:17 --> Usuario encontrado: {"id":"81","email":"cristianbruno349@itr3.edu.ar","estado":"pendiente","rol":"1"}
DEBUG - 2025-10-09 09:58:17 --> Usuario no activo: pendiente
INFO - 2025-10-09 09:58:17 --> Session: Class initialized using 'CodeIgniter\Session\Handlers\FileHandler' driver.
INFO - 2025-10-09 09:58:30 --> Session: Class initialized using 'CodeIgniter\Session\Handlers\FileHandler' driver.
INFO - 2025-10-09 09:58:44 --> Session: Class initialized using 'CodeIgniter\Session\Handlers\FileHandler' driver.
INFO - 2025-10-09 09:58:46 --> Session: Class initialized using 'CodeIgniter\Session\Handlers\FileHandler' driver.
INFO - 2025-10-09 09:58:55 --> Session: Class initialized using 'CodeIgniter\Session\Handlers\FileHandler' driver.
INFO - 2025-10-09 09:58:56 --> Session: Class initialized using 'CodeIgniter\Session\Handlers\FileHandler' driver.
INFO - 2025-10-09 09:59:30 --> Session: Class initialized using 'CodeIgniter\Session\Handlers\FileHandler' driver.
DEBUG - 2025-10-09 09:59:30 --> Datos recibidos: Array
(
    [codigo] => 122207
    [email] => cristianbruno349@itr3.edu.ar
    [nueva_contrasena] => Cristianbruno_07$
    [confirmar_contrasena] => Cristianbruno_07$
)

DEBUG - 2025-10-09 09:59:30 --> Usuario encontrado: Array
(
    [id_usuario] => 81
    [nombre] => Cristian
    [apellido] => Bruno
    [email] => cristianbruno349@itr3.edu.ar
    [contrasena] => $2y$10$xZ02OUaY1eZTaTdlJ5vyueb/6gNJewjYIWZv8Xb5zw7aMFPP2I8Da
    [direccion_id] => 0
    [id_rol] => 1
    [created_at] => 2025-10-09 09:53:33
    [updated_at] => 2025-10-09 09:53:33
    [invitado_por] => 
    [estado] => pendiente
    [token_activacion] => 
)

DEBUG - 2025-10-09 09:59:30 --> Código válido: Array
(
    [id_codigo] => 0
    [id_usuario] => 81
    [codigo] => 122207
    [expiracion] => 2025-10-09 10:58:51
)

DEBUG - 2025-10-09 09:59:30 --> === INICIO ACTUALIZACIÓN USUARIO ===
DEBUG - 2025-10-09 09:59:30 --> ID Usuario: 81
DEBUG - 2025-10-09 09:59:30 --> Datos recibidos: Array
(
    [contrasena] => $2y$10$EeYGeM.AEgXXEbwvxUyJZ.md9nALKgB2W.ZIW020lf3eu.9wK4lEq
)

DEBUG - 2025-10-09 09:59:30 --> Buscando usuario ID: 81
DEBUG - 2025-10-09 09:59:30 --> Resultado de la búsqueda: Array
(
    [id_usuario] => 81
    [nombre] => Cristian
    [apellido] => Bruno
    [email] => cristianbruno349@itr3.edu.ar
    [contrasena] => $2y$10$xZ02OUaY1eZTaTdlJ5vyueb/6gNJewjYIWZv8Xb5zw7aMFPP2I8Da
    [direccion_id] => 0
    [id_rol] => 1
    [created_at] => 2025-10-09 09:53:33
    [updated_at] => 2025-10-09 09:53:33
    [invitado_por] => 
    [estado] => pendiente
    [token_activacion] => 
)

DEBUG - 2025-10-09 09:59:30 --> Datos finales para actualización: Array
(
    [contrasena] => $2y$10$EeYGeM.AEgXXEbwvxUyJZ.md9nALKgB2W.ZIW020lf3eu.9wK4lEq
    [updated_at] => 2025-10-09 09:59:30
)

DEBUG - 2025-10-09 09:59:30 --> Resultado de la actualización: true
CRITICAL - 2025-10-09 09:59:30 --> CodeIgniter\Database\Exceptions\DatabaseException: Deletes are not allowed unless they contain a "where" or "like" clause.
[Method: POST, Route: actualizar-contrasena]
in SYSTEMPATH\Database\BaseBuilder.php on line 2814.
 1 SYSTEMPATH\Model.php(521): CodeIgniter\Database\BaseBuilder->delete()
 2 SYSTEMPATH\BaseModel.php(1158): CodeIgniter\Model->doDelete('0', false)
 3 APPPATH\Controllers\CNuevacontrasena.php(88): CodeIgniter\BaseModel->delete('0')
 4 SYSTEMPATH\CodeIgniter.php(933): App\Controllers\CNuevacontrasena->actualizar()
 5 SYSTEMPATH\CodeIgniter.php(509): CodeIgniter\CodeIgniter->runController(Object(App\Controllers\CNuevacontrasena))
 6 SYSTEMPATH\CodeIgniter.php(355): CodeIgniter\CodeIgniter->handleRequest(null, Object(Config\Cache), false)
 7 SYSTEMPATH\Boot.php(325): CodeIgniter\CodeIgniter->run()
 8 SYSTEMPATH\Boot.php(67): CodeIgniter\Boot::runCodeIgniter(Object(CodeIgniter\CodeIgniter))
 9 FCPATH\index.php(56): CodeIgniter\Boot::bootWeb(Object(Config\Paths))
INFO - 2025-10-09 09:59:49 --> Session: Class initialized using 'CodeIgniter\Session\Handlers\FileHandler' driver.
INFO - 2025-10-09 09:59:50 --> Session: Class initialized using 'CodeIgniter\Session\Handlers\FileHandler' driver.
INFO - 2025-10-09 09:59:54 --> Session: Class initialized using 'CodeIgniter\Session\Handlers\FileHandler' driver.
INFO - 2025-10-09 10:00:05 --> Session: Class initialized using 'CodeIgniter\Session\Handlers\FileHandler' driver.
DEBUG - 2025-10-09 10:00:05 --> Intento de inicio de sesión para email: brunocameille@alumnos.itr3.edu.ar
DEBUG - 2025-10-09 10:00:05 --> Longitud de la contraseña ingresada: 17
DEBUG - 2025-10-09 10:00:05 --> Usuario encontrado: {"id":"1","email":"brunocameille@alumnos.itr3.edu.ar","estado":"activo","rol":"1"}
DEBUG - 2025-10-09 10:00:05 --> Resultado de verificación de contraseña: true
DEBUG - 2025-10-09 10:00:05 --> Hash almacenado en la base de datos: $2y$10$F4xQfULyrVhG1JD8Y21QR.vgn9Fzd257acxjmQqHQ3OYfEqBaAPb6
DEBUG - 2025-10-09 10:00:05 --> Inicio de sesión exitoso para usuario: brunocameille@alumnos.itr3.edu.ar
DEBUG - 2025-10-09 10:00:05 --> Datos de sesión guardados: {"id_usuario":"1","nombre":"brunito","apellido":"barber","email":"brunocameille@alumnos.itr3.edu.ar","rol":"admin","logged_in":true}
DEBUG - 2025-10-09 10:00:05 --> Ruta actual: /Tesina/public/admin
INFO - 2025-10-09 10:00:05 --> Session: Class initialized using 'CodeIgniter\Session\Handlers\FileHandler' driver.
DEBUG - 2025-10-09 10:00:05 --> Datos en sesión: Array
(
    [__ci_last_regenerate] => 1760014539
    [_ci_previous_url] => http://192.168.2.189/Tesina/public/autenticacion/login
    [datos_compra] => Array
        (
            [nombre] => Cristian
            [apellido] => Bruno
            [email] => cristianbruno349@itr3.edu.ar
            [direccion] => Libertad 341, Rio Tercero, 5850, Argentina
        )

    [id_usuario_registro] => 81
    [id_dispositivo] => 1
    [exito] => Se ha enviado un código de verificación a tu correo electrónico.
    [emailValido] => cristianbruno349@itr3.edu.ar
    [id_usuario] => 1
    [nombre] => brunito
    [apellido] => barber
    [email] => brunocameille@alumnos.itr3.edu.ar
    [rol] => admin
    [logged_in] => 1
)

DEBUG - 2025-10-09 10:00:20 --> Ruta actual: /Tesina/public/admin/invitar
INFO - 2025-10-09 10:00:20 --> Session: Class initialized using 'CodeIgniter\Session\Handlers\FileHandler' driver.
DEBUG - 2025-10-09 10:00:20 --> Datos en sesión: Array
(
    [__ci_last_regenerate] => 1760014539
    [_ci_previous_url] => http://192.168.2.189/Tesina/public/admin
    [datos_compra] => Array
        (
            [nombre] => Cristian
            [apellido] => Bruno
            [email] => cristianbruno349@itr3.edu.ar
            [direccion] => Libertad 341, Rio Tercero, 5850, Argentina
        )

    [id_usuario_registro] => 81
    [id_dispositivo] => 1
    [exito] => Se ha enviado un código de verificación a tu correo electrónico.
    [emailValido] => cristianbruno349@itr3.edu.ar
    [id_usuario] => 1
    [nombre] => brunito
    [apellido] => barber
    [email] => brunocameille@alumnos.itr3.edu.ar
    [rol] => admin
    [logged_in] => 1
)

DEBUG - 2025-10-09 10:00:31 --> Ruta actual: /Tesina/public/admin
INFO - 2025-10-09 10:00:31 --> Session: Class initialized using 'CodeIgniter\Session\Handlers\FileHandler' driver.
DEBUG - 2025-10-09 10:00:31 --> Datos en sesión: Array
(
    [__ci_last_regenerate] => 1760014539
    [_ci_previous_url] => http://192.168.2.189/Tesina/public/admin/invitar
    [datos_compra] => Array
        (
            [nombre] => Cristian
            [apellido] => Bruno
            [email] => cristianbruno349@itr3.edu.ar
            [direccion] => Libertad 341, Rio Tercero, 5850, Argentina
        )

    [id_usuario_registro] => 81
    [id_dispositivo] => 1
    [exito] => Se ha enviado un código de verificación a tu correo electrónico.
    [emailValido] => cristianbruno349@itr3.edu.ar
    [id_usuario] => 1
    [nombre] => brunito
    [apellido] => barber
    [email] => brunocameille@alumnos.itr3.edu.ar
    [rol] => admin
    [logged_in] => 1
)

DEBUG - 2025-10-09 10:00:31 --> Ruta actual: /Tesina/public/admin
INFO - 2025-10-09 10:00:31 --> Session: Class initialized using 'CodeIgniter\Session\Handlers\FileHandler' driver.
DEBUG - 2025-10-09 10:00:31 --> Datos en sesión: Array
(
    [__ci_last_regenerate] => 1760014539
    [_ci_previous_url] => http://192.168.2.189/Tesina/public/admin
    [datos_compra] => Array
        (
            [nombre] => Cristian
            [apellido] => Bruno
            [email] => cristianbruno349@itr3.edu.ar
            [direccion] => Libertad 341, Rio Tercero, 5850, Argentina
        )

    [id_usuario_registro] => 81
    [id_dispositivo] => 1
    [exito] => Se ha enviado un código de verificación a tu correo electrónico.
    [emailValido] => cristianbruno349@itr3.edu.ar
    [id_usuario] => 1
    [nombre] => brunito
    [apellido] => barber
    [email] => brunocameille@alumnos.itr3.edu.ar
    [rol] => admin
    [logged_in] => 1
)

DEBUG - 2025-10-09 10:00:32 --> Ruta actual: /Tesina/public/admin/gestionarUsuarios
INFO - 2025-10-09 10:00:32 --> Session: Class initialized using 'CodeIgniter\Session\Handlers\FileHandler' driver.
DEBUG - 2025-10-09 10:00:32 --> Datos en sesión: Array
(
    [__ci_last_regenerate] => 1760014539
    [_ci_previous_url] => http://192.168.2.189/Tesina/public/admin
    [datos_compra] => Array
        (
            [nombre] => Cristian
            [apellido] => Bruno
            [email] => cristianbruno349@itr3.edu.ar
            [direccion] => Libertad 341, Rio Tercero, 5850, Argentina
        )

    [id_usuario_registro] => 81
    [id_dispositivo] => 1
    [exito] => Se ha enviado un código de verificación a tu correo electrónico.
    [emailValido] => cristianbruno349@itr3.edu.ar
    [id_usuario] => 1
    [nombre] => brunito
    [apellido] => barber
    [email] => brunocameille@alumnos.itr3.edu.ar
    [rol] => admin
    [logged_in] => 1
)

DEBUG - 2025-10-09 10:00:37 --> Ruta actual: /Tesina/public/admin
INFO - 2025-10-09 10:00:37 --> Session: Class initialized using 'CodeIgniter\Session\Handlers\FileHandler' driver.
DEBUG - 2025-10-09 10:00:37 --> Datos en sesión: Array
(
    [__ci_last_regenerate] => 1760014539
    [_ci_previous_url] => http://192.168.2.189/Tesina/public/admin/gestionarUsuarios
    [datos_compra] => Array
        (
            [nombre] => Cristian
            [apellido] => Bruno
            [email] => cristianbruno349@itr3.edu.ar
            [direccion] => Libertad 341, Rio Tercero, 5850, Argentina
        )

    [id_usuario_registro] => 81
    [id_dispositivo] => 1
    [exito] => Se ha enviado un código de verificación a tu correo electrónico.
    [emailValido] => cristianbruno349@itr3.edu.ar
    [id_usuario] => 1
    [nombre] => brunito
    [apellido] => barber
    [email] => brunocameille@alumnos.itr3.edu.ar
    [rol] => admin
    [logged_in] => 1
)

DEBUG - 2025-10-09 10:00:37 --> Ruta actual: /Tesina/public/admin
INFO - 2025-10-09 10:00:37 --> Session: Class initialized using 'CodeIgniter\Session\Handlers\FileHandler' driver.
DEBUG - 2025-10-09 10:00:37 --> Datos en sesión: Array
(
    [__ci_last_regenerate] => 1760014539
    [_ci_previous_url] => http://192.168.2.189/Tesina/public/admin
    [datos_compra] => Array
        (
            [nombre] => Cristian
            [apellido] => Bruno
            [email] => cristianbruno349@itr3.edu.ar
            [direccion] => Libertad 341, Rio Tercero, 5850, Argentina
        )

    [id_usuario_registro] => 81
    [id_dispositivo] => 1
    [exito] => Se ha enviado un código de verificación a tu correo electrónico.
    [emailValido] => cristianbruno349@itr3.edu.ar
    [id_usuario] => 1
    [nombre] => brunito
    [apellido] => barber
    [email] => brunocameille@alumnos.itr3.edu.ar
    [rol] => admin
    [logged_in] => 1
)

DEBUG - 2025-10-09 10:00:39 --> Ruta actual: /Tesina/public/admin/dispositivos
INFO - 2025-10-09 10:00:39 --> Session: Class initialized using 'CodeIgniter\Session\Handlers\FileHandler' driver.
DEBUG - 2025-10-09 10:00:39 --> Datos en sesión: Array
(
    [__ci_last_regenerate] => 1760014539
    [_ci_previous_url] => http://192.168.2.189/Tesina/public/admin
    [datos_compra] => Array
        (
            [nombre] => Cristian
            [apellido] => Bruno
            [email] => cristianbruno349@itr3.edu.ar
            [direccion] => Libertad 341, Rio Tercero, 5850, Argentina
        )

    [id_usuario_registro] => 81
    [id_dispositivo] => 1
    [exito] => Se ha enviado un código de verificación a tu correo electrónico.
    [emailValido] => cristianbruno349@itr3.edu.ar
    [id_usuario] => 1
    [nombre] => brunito
    [apellido] => barber
    [email] => brunocameille@alumnos.itr3.edu.ar
    [rol] => admin
    [logged_in] => 1
)

DEBUG - 2025-10-09 10:00:39 --> Buscando usuario ID: 1
DEBUG - 2025-10-09 10:00:39 --> Resultado de la búsqueda: Array
(
    [id_usuario] => 1
    [nombre] => brunito
    [apellido] => barber
    [email] => brunocameille@alumnos.itr3.edu.ar
    [contrasena] => $2y$10$F4xQfULyrVhG1JD8Y21QR.vgn9Fzd257acxjmQqHQ3OYfEqBaAPb6
    [direccion_id] => 0
    [id_rol] => 1
    [created_at] => 2025-04-07 13:37:30
    [updated_at] => 2025-07-24 14:07:31
    [invitado_por] => 
    [estado] => activo
    [token_activacion] => 
)

DEBUG - 2025-10-09 10:00:44 --> Ruta actual: /Tesina/public/energia/dispositivo/2
INFO - 2025-10-09 10:00:44 --> Session: Class initialized using 'CodeIgniter\Session\Handlers\FileHandler' driver.
DEBUG - 2025-10-09 10:00:44 --> Datos en sesión: Array
(
    [__ci_last_regenerate] => 1760014844
    [_ci_previous_url] => http://192.168.2.189/Tesina/public/admin/dispositivos
    [datos_compra] => Array
        (
            [nombre] => Cristian
            [apellido] => Bruno
            [email] => cristianbruno349@itr3.edu.ar
            [direccion] => Libertad 341, Rio Tercero, 5850, Argentina
        )

    [id_usuario_registro] => 81
    [id_dispositivo] => 1
    [exito] => Se ha enviado un código de verificación a tu correo electrónico.
    [emailValido] => cristianbruno349@itr3.edu.ar
    [id_usuario] => 1
    [nombre] => brunito
    [apellido] => barber
    [email] => brunocameille@alumnos.itr3.edu.ar
    [rol] => admin
    [logged_in] => 1
)

INFO - 2025-10-09 10:00:45 --> Session: Class initialized using 'CodeIgniter\Session\Handlers\FileHandler' driver.
DEBUG - 2025-10-09 10:00:47 --> Ruta actual: /Tesina/public/admin/dispositivos
INFO - 2025-10-09 10:00:47 --> Session: Class initialized using 'CodeIgniter\Session\Handlers\FileHandler' driver.
DEBUG - 2025-10-09 10:00:47 --> Datos en sesión: Array
(
    [__ci_last_regenerate] => 1760014844
    [_ci_previous_url] => http://192.168.2.189/Tesina/public/energia/dispositivo/2
    [datos_compra] => Array
        (
            [nombre] => Cristian
            [apellido] => Bruno
            [email] => cristianbruno349@itr3.edu.ar
            [direccion] => Libertad 341, Rio Tercero, 5850, Argentina
        )

    [id_usuario_registro] => 81
    [id_dispositivo] => 1
    [exito] => Se ha enviado un código de verificación a tu correo electrónico.
    [emailValido] => cristianbruno349@itr3.edu.ar
    [id_usuario] => 1
    [nombre] => brunito
    [apellido] => barber
    [email] => brunocameille@alumnos.itr3.edu.ar
    [rol] => admin
    [logged_in] => 1
)

DEBUG - 2025-10-09 10:00:47 --> Buscando usuario ID: 1
DEBUG - 2025-10-09 10:00:47 --> Resultado de la búsqueda: Array
(
    [id_usuario] => 1
    [nombre] => brunito
    [apellido] => barber
    [email] => brunocameille@alumnos.itr3.edu.ar
    [contrasena] => $2y$10$F4xQfULyrVhG1JD8Y21QR.vgn9Fzd257acxjmQqHQ3OYfEqBaAPb6
    [direccion_id] => 0
    [id_rol] => 1
    [created_at] => 2025-04-07 13:37:30
    [updated_at] => 2025-07-24 14:07:31
    [invitado_por] => 
    [estado] => activo
    [token_activacion] => 
)

DEBUG - 2025-10-09 10:00:51 --> Ruta actual: /Tesina/public/energia/dispositivo/2
INFO - 2025-10-09 10:00:51 --> Session: Class initialized using 'CodeIgniter\Session\Handlers\FileHandler' driver.
DEBUG - 2025-10-09 10:00:51 --> Datos en sesión: Array
(
    [__ci_last_regenerate] => 1760014844
    [_ci_previous_url] => http://192.168.2.189/Tesina/public/admin/dispositivos
    [datos_compra] => Array
        (
            [nombre] => Cristian
            [apellido] => Bruno
            [email] => cristianbruno349@itr3.edu.ar
            [direccion] => Libertad 341, Rio Tercero, 5850, Argentina
        )

    [id_usuario_registro] => 81
    [id_dispositivo] => 1
    [exito] => Se ha enviado un código de verificación a tu correo electrónico.
    [emailValido] => cristianbruno349@itr3.edu.ar
    [id_usuario] => 1
    [nombre] => brunito
    [apellido] => barber
    [email] => brunocameille@alumnos.itr3.edu.ar
    [rol] => admin
    [logged_in] => 1
)

DEBUG - 2025-10-09 10:00:51 --> Ruta actual: /Tesina/public/energia/dispositivo/2
INFO - 2025-10-09 10:00:51 --> Session: Class initialized using 'CodeIgniter\Session\Handlers\FileHandler' driver.
DEBUG - 2025-10-09 10:00:51 --> Datos en sesión: Array
(
    [__ci_last_regenerate] => 1760014844
    [_ci_previous_url] => http://192.168.2.189/Tesina/public/energia/dispositivo/2
    [datos_compra] => Array
        (
            [nombre] => Cristian
            [apellido] => Bruno
            [email] => cristianbruno349@itr3.edu.ar
            [direccion] => Libertad 341, Rio Tercero, 5850, Argentina
        )

    [id_usuario_registro] => 81
    [id_dispositivo] => 1
    [exito] => Se ha enviado un código de verificación a tu correo electrónico.
    [emailValido] => cristianbruno349@itr3.edu.ar
    [id_usuario] => 1
    [nombre] => brunito
    [apellido] => barber
    [email] => brunocameille@alumnos.itr3.edu.ar
    [rol] => admin
    [logged_in] => 1
)

INFO - 2025-10-09 10:00:53 --> Session: Class initialized using 'CodeIgniter\Session\Handlers\FileHandler' driver.
INFO - 2025-10-09 10:00:57 --> Session: Class initialized using 'CodeIgniter\Session\Handlers\FileHandler' driver.
INFO - 2025-10-09 10:01:02 --> Session: Class initialized using 'CodeIgniter\Session\Handlers\FileHandler' driver.
INFO - 2025-10-09 10:01:07 --> Session: Class initialized using 'CodeIgniter\Session\Handlers\FileHandler' driver.
INFO - 2025-10-09 10:01:12 --> Session: Class initialized using 'CodeIgniter\Session\Handlers\FileHandler' driver.
INFO - 2025-10-09 10:01:17 --> Session: Class initialized using 'CodeIgniter\Session\Handlers\FileHandler' driver.
INFO - 2025-10-09 10:01:22 --> Session: Class initialized using 'CodeIgniter\Session\Handlers\FileHandler' driver.
INFO - 2025-10-09 10:01:27 --> Session: Class initialized using 'CodeIgniter\Session\Handlers\FileHandler' driver.
INFO - 2025-10-09 10:01:32 --> Session: Class initialized using 'CodeIgniter\Session\Handlers\FileHandler' driver.
INFO - 2025-10-09 10:01:37 --> Session: Class initialized using 'CodeIgniter\Session\Handlers\FileHandler' driver.
INFO - 2025-10-09 10:01:42 --> Session: Class initialized using 'CodeIgniter\Session\Handlers\FileHandler' driver.
INFO - 2025-10-09 10:01:47 --> Session: Class initialized using 'CodeIgniter\Session\Handlers\FileHandler' driver.
INFO - 2025-10-09 10:01:52 --> Session: Class initialized using 'CodeIgniter\Session\Handlers\FileHandler' driver.
INFO - 2025-10-09 10:01:57 --> Session: Class initialized using 'CodeIgniter\Session\Handlers\FileHandler' driver.
INFO - 2025-10-09 10:02:02 --> Session: Class initialized using 'CodeIgniter\Session\Handlers\FileHandler' driver.
INFO - 2025-10-09 10:02:07 --> Session: Class initialized using 'CodeIgniter\Session\Handlers\FileHandler' driver.
INFO - 2025-10-09 10:02:12 --> Session: Class initialized using 'CodeIgniter\Session\Handlers\FileHandler' driver.
INFO - 2025-10-09 10:02:17 --> Session: Class initialized using 'CodeIgniter\Session\Handlers\FileHandler' driver.
INFO - 2025-10-09 10:02:22 --> Session: Class initialized using 'CodeIgniter\Session\Handlers\FileHandler' driver.
INFO - 2025-10-09 10:02:27 --> Session: Class initialized using 'CodeIgniter\Session\Handlers\FileHandler' driver.
INFO - 2025-10-09 10:02:32 --> Session: Class initialized using 'CodeIgniter\Session\Handlers\FileHandler' driver.
INFO - 2025-10-09 10:02:37 --> Session: Class initialized using 'CodeIgniter\Session\Handlers\FileHandler' driver.
INFO - 2025-10-09 10:02:42 --> Session: Class initialized using 'CodeIgniter\Session\Handlers\FileHandler' driver.
INFO - 2025-10-09 10:02:47 --> Session: Class initialized using 'CodeIgniter\Session\Handlers\FileHandler' driver.
INFO - 2025-10-09 10:02:52 --> Session: Class initialized using 'CodeIgniter\Session\Handlers\FileHandler' driver.
INFO - 2025-10-09 10:02:57 --> Session: Class initialized using 'CodeIgniter\Session\Handlers\FileHandler' driver.
INFO - 2025-10-09 10:03:02 --> Session: Class initialized using 'CodeIgniter\Session\Handlers\FileHandler' driver.
INFO - 2025-10-09 10:03:07 --> Session: Class initialized using 'CodeIgniter\Session\Handlers\FileHandler' driver.
INFO - 2025-10-09 10:03:12 --> Session: Class initialized using 'CodeIgniter\Session\Handlers\FileHandler' driver.
INFO - 2025-10-09 10:03:17 --> Session: Class initialized using 'CodeIgniter\Session\Handlers\FileHandler' driver.
INFO - 2025-10-09 10:03:22 --> Session: Class initialized using 'CodeIgniter\Session\Handlers\FileHandler' driver.
INFO - 2025-10-09 10:03:27 --> Session: Class initialized using 'CodeIgniter\Session\Handlers\FileHandler' driver.
INFO - 2025-10-09 10:03:32 --> Session: Class initialized using 'CodeIgniter\Session\Handlers\FileHandler' driver.
INFO - 2025-10-09 10:03:37 --> Session: Class initialized using 'CodeIgniter\Session\Handlers\FileHandler' driver.
INFO - 2025-10-09 10:03:42 --> Session: Class initialized using 'CodeIgniter\Session\Handlers\FileHandler' driver.
INFO - 2025-10-09 10:03:47 --> Session: Class initialized using 'CodeIgniter\Session\Handlers\FileHandler' driver.
INFO - 2025-10-09 10:03:52 --> Session: Class initialized using 'CodeIgniter\Session\Handlers\FileHandler' driver.
INFO - 2025-10-09 10:03:57 --> Session: Class initialized using 'CodeIgniter\Session\Handlers\FileHandler' driver.
INFO - 2025-10-09 10:04:01 --> Session: Class initialized using 'CodeIgniter\Session\Handlers\FileHandler' driver.
INFO - 2025-10-09 10:04:01 --> Límite obtenido (general): 1.0000 kWh, IP: 192.168.2.199
INFO - 2025-10-09 10:04:02 --> Session: Class initialized using 'CodeIgniter\Session\Handlers\FileHandler' driver.
INFO - 2025-10-09 10:04:03 --> Session: Class initialized using 'CodeIgniter\Session\Handlers\FileHandler' driver.
INFO - 2025-10-09 10:04:05 --> Session: Class initialized using 'CodeIgniter\Session\Handlers\FileHandler' driver.
INFO - 2025-10-09 10:04:05 --> Límite obtenido (general): 1.0000 kWh, IP: 192.168.2.199
DEBUG - 2025-10-09 10:04:06 --> Ruta actual: /Tesina/public/energia/dispositivo/2
INFO - 2025-10-09 10:04:06 --> Session: Class initialized using 'CodeIgniter\Session\Handlers\FileHandler' driver.
DEBUG - 2025-10-09 10:04:06 --> Datos en sesión: Array
(
    [__ci_last_regenerate] => 1760014844
    [_ci_previous_url] => http://192.168.2.189/Tesina/public/energia/dispositivo/2
    [datos_compra] => Array
        (
            [nombre] => Cristian
            [apellido] => Bruno
            [email] => cristianbruno349@itr3.edu.ar
            [direccion] => Libertad 341, Rio Tercero, 5850, Argentina
        )

    [id_usuario_registro] => 81
    [id_dispositivo] => 1
    [exito] => Se ha enviado un código de verificación a tu correo electrónico.
    [emailValido] => cristianbruno349@itr3.edu.ar
    [id_usuario] => 1
    [nombre] => brunito
    [apellido] => barber
    [email] => brunocameille@alumnos.itr3.edu.ar
    [rol] => admin
    [logged_in] => 1
)

INFO - 2025-10-09 10:04:06 --> Session: Class initialized using 'CodeIgniter\Session\Handlers\FileHandler' driver.
INFO - 2025-10-09 10:04:07 --> Session: Class initialized using 'CodeIgniter\Session\Handlers\FileHandler' driver.
INFO - 2025-10-09 10:04:08 --> Session: Class initialized using 'CodeIgniter\Session\Handlers\FileHandler' driver.
INFO - 2025-10-09 10:04:08 --> Límite obtenido (general): 1.0000 kWh, IP: 192.168.2.199
INFO - 2025-10-09 10:04:09 --> Session: Class initialized using 'CodeIgniter\Session\Handlers\FileHandler' driver.
INFO - 2025-10-09 10:04:11 --> Session: Class initialized using 'CodeIgniter\Session\Handlers\FileHandler' driver.
INFO - 2025-10-09 10:04:11 --> Límite obtenido (general): 1.0000 kWh, IP: 192.168.2.199
INFO - 2025-10-09 10:04:11 --> Session: Class initialized using 'CodeIgniter\Session\Handlers\FileHandler' driver.
INFO - 2025-10-09 10:04:12 --> Session: Class initialized using 'CodeIgniter\Session\Handlers\FileHandler' driver.
INFO - 2025-10-09 10:04:13 --> Session: Class initialized using 'CodeIgniter\Session\Handlers\FileHandler' driver.
INFO - 2025-10-09 10:04:13 --> Límite obtenido (general): 1.0000 kWh, IP: 192.168.2.199
INFO - 2025-10-09 10:04:15 --> Session: Class initialized using 'CodeIgniter\Session\Handlers\FileHandler' driver.
INFO - 2025-10-09 10:04:16 --> Session: Class initialized using 'CodeIgniter\Session\Handlers\FileHandler' driver.
INFO - 2025-10-09 10:04:16 --> Límite obtenido (general): 1.0000 kWh, IP: 192.168.2.199
INFO - 2025-10-09 10:04:16 --> Session: Class initialized using 'CodeIgniter\Session\Handlers\FileHandler' driver.
INFO - 2025-10-09 10:04:17 --> Session: Class initialized using 'CodeIgniter\Session\Handlers\FileHandler' driver.
INFO - 2025-10-09 10:04:19 --> Session: Class initialized using 'CodeIgniter\Session\Handlers\FileHandler' driver.
INFO - 2025-10-09 10:04:19 --> Límite obtenido (general): 1.0000 kWh, IP: 192.168.2.199
INFO - 2025-10-09 10:04:20 --> Session: Class initialized using 'CodeIgniter\Session\Handlers\FileHandler' driver.
INFO - 2025-10-09 10:04:21 --> Session: Class initialized using 'CodeIgniter\Session\Handlers\FileHandler' driver.
INFO - 2025-10-09 10:04:22 --> Session: Class initialized using 'CodeIgniter\Session\Handlers\FileHandler' driver.
INFO - 2025-10-09 10:04:22 --> Límite obtenido (general): 1.0000 kWh, IP: 192.168.2.199
INFO - 2025-10-09 10:04:23 --> Session: Class initialized using 'CodeIgniter\Session\Handlers\FileHandler' driver.
INFO - 2025-10-09 10:04:26 --> Session: Class initialized using 'CodeIgniter\Session\Handlers\FileHandler' driver.
INFO - 2025-10-09 10:04:26 --> Límite obtenido (general): 1.0000 kWh, IP: 192.168.2.199
INFO - 2025-10-09 10:04:26 --> Session: Class initialized using 'CodeIgniter\Session\Handlers\FileHandler' driver.
INFO - 2025-10-09 10:04:27 --> Session: Class initialized using 'CodeIgniter\Session\Handlers\FileHandler' driver.
INFO - 2025-10-09 10:04:31 --> Session: Class initialized using 'CodeIgniter\Session\Handlers\FileHandler' driver.
DEBUG - 2025-10-09 10:04:33 --> Ruta actual: /Tesina/public/energia/dispositivo/2
INFO - 2025-10-09 10:04:33 --> Session: Class initialized using 'CodeIgniter\Session\Handlers\FileHandler' driver.
DEBUG - 2025-10-09 10:04:33 --> Datos en sesión: Array
(
    [__ci_last_regenerate] => 1760014844
    [_ci_previous_url] => http://192.168.2.189/Tesina/public/energia/dispositivo/2
    [datos_compra] => Array
        (
            [nombre] => Cristian
            [apellido] => Bruno
            [email] => cristianbruno349@itr3.edu.ar
            [direccion] => Libertad 341, Rio Tercero, 5850, Argentina
        )

    [id_usuario_registro] => 81
    [id_dispositivo] => 1
    [exito] => Se ha enviado un código de verificación a tu correo electrónico.
    [emailValido] => cristianbruno349@itr3.edu.ar
    [id_usuario] => 1
    [nombre] => brunito
    [apellido] => barber
    [email] => brunocameille@alumnos.itr3.edu.ar
    [rol] => admin
    [logged_in] => 1
)

INFO - 2025-10-09 10:04:34 --> Session: Class initialized using 'CodeIgniter\Session\Handlers\FileHandler' driver.
INFO - 2025-10-09 10:04:38 --> Session: Class initialized using 'CodeIgniter\Session\Handlers\FileHandler' driver.
INFO - 2025-10-09 10:04:39 --> Session: Class initialized using 'CodeIgniter\Session\Handlers\FileHandler' driver.
INFO - 2025-10-09 10:04:39 --> Límite obtenido (general): 1.0000 kWh, IP: 192.168.2.199
INFO - 2025-10-09 10:04:40 --> Session: Class initialized using 'CodeIgniter\Session\Handlers\FileHandler' driver.
INFO - 2025-10-09 10:04:42 --> Session: Class initialized using 'CodeIgniter\Session\Handlers\FileHandler' driver.
INFO - 2025-10-09 10:04:42 --> Límite obtenido (general): 1.0000 kWh, IP: 192.168.2.199
INFO - 2025-10-09 10:04:43 --> Session: Class initialized using 'CodeIgniter\Session\Handlers\FileHandler' driver.
INFO - 2025-10-09 10:04:48 --> Session: Class initialized using 'CodeIgniter\Session\Handlers\FileHandler' driver.
DEBUG - 2025-10-09 10:04:50 --> Ruta actual: /Tesina/public/energia/actualizarLimite
INFO - 2025-10-09 10:04:50 --> Session: Class initialized using 'CodeIgniter\Session\Handlers\FileHandler' driver.
DEBUG - 2025-10-09 10:04:50 --> Datos en sesión: Array
(
    [__ci_last_regenerate] => 1760014844
    [_ci_previous_url] => http://192.168.2.189/Tesina/public/energia/dispositivo/2
    [datos_compra] => Array
        (
            [nombre] => Cristian
            [apellido] => Bruno
            [email] => cristianbruno349@itr3.edu.ar
            [direccion] => Libertad 341, Rio Tercero, 5850, Argentina
        )

    [id_usuario_registro] => 81
    [id_dispositivo] => 1
    [exito] => Se ha enviado un código de verificación a tu correo electrónico.
    [emailValido] => cristianbruno349@itr3.edu.ar
    [id_usuario] => 1
    [nombre] => brunito
    [apellido] => barber
    [email] => brunocameille@alumnos.itr3.edu.ar
    [rol] => admin
    [logged_in] => 1
)

INFO - 2025-10-09 10:04:54 --> Session: Class initialized using 'CodeIgniter\Session\Handlers\FileHandler' driver.
INFO - 2025-10-09 10:04:55 --> Límite obtenido (general): 9.0000 kWh, IP: 192.168.2.199
INFO - 2025-10-09 10:04:56 --> Session: Class initialized using 'CodeIgniter\Session\Handlers\FileHandler' driver.
INFO - 2025-10-09 10:04:56 --> Session: Class initialized using 'CodeIgniter\Session\Handlers\FileHandler' driver.
INFO - 2025-10-09 10:04:58 --> Session: Class initialized using 'CodeIgniter\Session\Handlers\FileHandler' driver.
INFO - 2025-10-09 10:04:58 --> Límite obtenido (general): 9.0000 kWh, IP: 192.168.2.199
INFO - 2025-10-09 10:04:58 --> Session: Class initialized using 'CodeIgniter\Session\Handlers\FileHandler' driver.
INFO - 2025-10-09 10:04:59 --> Session: Class initialized using 'CodeIgniter\Session\Handlers\FileHandler' driver.
INFO - 2025-10-09 10:05:01 --> Session: Class initialized using 'CodeIgniter\Session\Handlers\FileHandler' driver.
INFO - 2025-10-09 10:05:01 --> Límite obtenido (general): 9.0000 kWh, IP: 192.168.2.199
INFO - 2025-10-09 10:05:02 --> Session: Class initialized using 'CodeIgniter\Session\Handlers\FileHandler' driver.
INFO - 2025-10-09 10:05:03 --> Session: Class initialized using 'CodeIgniter\Session\Handlers\FileHandler' driver.
INFO - 2025-10-09 10:05:04 --> Session: Class initialized using 'CodeIgniter\Session\Handlers\FileHandler' driver.
INFO - 2025-10-09 10:05:04 --> Límite obtenido (general): 9.0000 kWh, IP: 192.168.2.199
INFO - 2025-10-09 10:05:05 --> Session: Class initialized using 'CodeIgniter\Session\Handlers\FileHandler' driver.
DEBUG - 2025-10-09 10:05:05 --> Ruta actual: /Tesina/public/energia/dispositivo/2
INFO - 2025-10-09 10:05:05 --> Session: Class initialized using 'CodeIgniter\Session\Handlers\FileHandler' driver.
DEBUG - 2025-10-09 10:05:05 --> Datos en sesión: Array
(
    [__ci_last_regenerate] => 1760014844
    [_ci_previous_url] => http://192.168.2.189/Tesina/public/energia/dispositivo/2
    [datos_compra] => Array
        (
            [nombre] => Cristian
            [apellido] => Bruno
            [email] => cristianbruno349@itr3.edu.ar
            [direccion] => Libertad 341, Rio Tercero, 5850, Argentina
        )

    [id_usuario_registro] => 81
    [id_dispositivo] => 1
    [exito] => Se ha enviado un código de verificación a tu correo electrónico.
    [emailValido] => cristianbruno349@itr3.edu.ar
    [id_usuario] => 1
    [nombre] => brunito
    [apellido] => barber
    [email] => brunocameille@alumnos.itr3.edu.ar
    [rol] => admin
    [logged_in] => 1
)

INFO - 2025-10-09 10:05:06 --> Session: Class initialized using 'CodeIgniter\Session\Handlers\FileHandler' driver.
INFO - 2025-10-09 10:05:06 --> Session: Class initialized using 'CodeIgniter\Session\Handlers\FileHandler' driver.
INFO - 2025-10-09 10:05:06 --> Límite obtenido (general): 9.0000 kWh, IP: 192.168.2.199
INFO - 2025-10-09 10:05:08 --> Session: Class initialized using 'CodeIgniter\Session\Handlers\FileHandler' driver.
INFO - 2025-10-09 10:05:09 --> Session: Class initialized using 'CodeIgniter\Session\Handlers\FileHandler' driver.
INFO - 2025-10-09 10:05:09 --> Límite obtenido (general): 9.0000 kWh, IP: 192.168.2.199
INFO - 2025-10-09 10:05:10 --> Session: Class initialized using 'CodeIgniter\Session\Handlers\FileHandler' driver.
INFO - 2025-10-09 10:05:10 --> Session: Class initialized using 'CodeIgniter\Session\Handlers\FileHandler' driver.
INFO - 2025-10-09 10:05:12 --> Session: Class initialized using 'CodeIgniter\Session\Handlers\FileHandler' driver.
INFO - 2025-10-09 10:05:12 --> Límite obtenido (general): 9.0000 kWh, IP: 192.168.2.199
INFO - 2025-10-09 10:05:13 --> Session: Class initialized using 'CodeIgniter\Session\Handlers\FileHandler' driver.
INFO - 2025-10-09 10:05:15 --> Session: Class initialized using 'CodeIgniter\Session\Handlers\FileHandler' driver.
INFO - 2025-10-09 10:05:15 --> Límite obtenido (general): 9.0000 kWh, IP: 192.168.2.199
INFO - 2025-10-09 10:05:15 --> Session: Class initialized using 'CodeIgniter\Session\Handlers\FileHandler' driver.
INFO - 2025-10-09 10:05:16 --> Session: Class initialized using 'CodeIgniter\Session\Handlers\FileHandler' driver.
INFO - 2025-10-09 10:05:18 --> Session: Class initialized using 'CodeIgniter\Session\Handlers\FileHandler' driver.
INFO - 2025-10-09 10:05:18 --> Límite obtenido (general): 9.0000 kWh, IP: 192.168.2.199
INFO - 2025-10-09 10:05:19 --> Session: Class initialized using 'CodeIgniter\Session\Handlers\FileHandler' driver.
INFO - 2025-10-09 10:05:20 --> Session: Class initialized using 'CodeIgniter\Session\Handlers\FileHandler' driver.
INFO - 2025-10-09 10:05:21 --> Session: Class initialized using 'CodeIgniter\Session\Handlers\FileHandler' driver.
INFO - 2025-10-09 10:05:21 --> Límite obtenido (general): 9.0000 kWh, IP: 192.168.2.199
INFO - 2025-10-09 10:05:22 --> Session: Class initialized using 'CodeIgniter\Session\Handlers\FileHandler' driver.
INFO - 2025-10-09 10:05:24 --> Session: Class initialized using 'CodeIgniter\Session\Handlers\FileHandler' driver.
INFO - 2025-10-09 10:05:24 --> Límite obtenido (general): 9.0000 kWh, IP: 192.168.2.199
INFO - 2025-10-09 10:05:25 --> Session: Class initialized using 'CodeIgniter\Session\Handlers\FileHandler' driver.
INFO - 2025-10-09 10:05:25 --> Session: Class initialized using 'CodeIgniter\Session\Handlers\FileHandler' driver.
INFO - 2025-10-09 10:05:27 --> Session: Class initialized using 'CodeIgniter\Session\Handlers\FileHandler' driver.
INFO - 2025-10-09 10:05:27 --> Límite obtenido (general): 9.0000 kWh, IP: 192.168.2.199
INFO - 2025-10-09 10:05:29 --> Session: Class initialized using 'CodeIgniter\Session\Handlers\FileHandler' driver.
INFO - 2025-10-09 10:05:30 --> Session: Class initialized using 'CodeIgniter\Session\Handlers\FileHandler' driver.
INFO - 2025-10-09 10:05:31 --> Session: Class initialized using 'CodeIgniter\Session\Handlers\FileHandler' driver.
INFO - 2025-10-09 10:05:31 --> Límite obtenido (general): 9.0000 kWh, IP: 192.168.2.199
INFO - 2025-10-09 10:05:32 --> Session: Class initialized using 'CodeIgniter\Session\Handlers\FileHandler' driver.
INFO - 2025-10-09 10:05:34 --> Session: Class initialized using 'CodeIgniter\Session\Handlers\FileHandler' driver.
INFO - 2025-10-09 10:05:34 --> Límite obtenido (general): 9.0000 kWh, IP: 192.168.2.199
INFO - 2025-10-09 10:05:35 --> Session: Class initialized using 'CodeIgniter\Session\Handlers\FileHandler' driver.
INFO - 2025-10-09 10:05:35 --> Session: Class initialized using 'CodeIgniter\Session\Handlers\FileHandler' driver.
INFO - 2025-10-09 10:05:37 --> Session: Class initialized using 'CodeIgniter\Session\Handlers\FileHandler' driver.
INFO - 2025-10-09 10:05:37 --> Límite obtenido (general): 9.0000 kWh, IP: 192.168.2.199
INFO - 2025-10-09 10:05:38 --> Session: Class initialized using 'CodeIgniter\Session\Handlers\FileHandler' driver.
INFO - 2025-10-09 10:05:40 --> Session: Class initialized using 'CodeIgniter\Session\Handlers\FileHandler' driver.
INFO - 2025-10-09 10:05:40 --> Session: Class initialized using 'CodeIgniter\Session\Handlers\FileHandler' driver.
INFO - 2025-10-09 10:05:40 --> Límite obtenido (general): 9.0000 kWh, IP: 192.168.2.199
INFO - 2025-10-09 10:05:42 --> Session: Class initialized using 'CodeIgniter\Session\Handlers\FileHandler' driver.
INFO - 2025-10-09 10:05:43 --> Session: Class initialized using 'CodeIgniter\Session\Handlers\FileHandler' driver.
INFO - 2025-10-09 10:05:43 --> Límite obtenido (general): 9.0000 kWh, IP: 192.168.2.199
INFO - 2025-10-09 10:05:45 --> Session: Class initialized using 'CodeIgniter\Session\Handlers\FileHandler' driver.
INFO - 2025-10-09 10:05:45 --> Session: Class initialized using 'CodeIgniter\Session\Handlers\FileHandler' driver.
INFO - 2025-10-09 10:05:47 --> Session: Class initialized using 'CodeIgniter\Session\Handlers\FileHandler' driver.
INFO - 2025-10-09 10:05:47 --> Límite obtenido (general): 9.0000 kWh, IP: 192.168.2.199
INFO - 2025-10-09 10:05:48 --> Session: Class initialized using 'CodeIgniter\Session\Handlers\FileHandler' driver.
INFO - 2025-10-09 10:05:50 --> Session: Class initialized using 'CodeIgniter\Session\Handlers\FileHandler' driver.
INFO - 2025-10-09 10:05:50 --> Límite obtenido (general): 9.0000 kWh, IP: 192.168.2.199
INFO - 2025-10-09 10:05:50 --> Session: Class initialized using 'CodeIgniter\Session\Handlers\FileHandler' driver.
INFO - 2025-10-09 10:05:51 --> Session: Class initialized using 'CodeIgniter\Session\Handlers\FileHandler' driver.
INFO - 2025-10-09 10:05:53 --> Session: Class initialized using 'CodeIgniter\Session\Handlers\FileHandler' driver.
INFO - 2025-10-09 10:05:53 --> Límite obtenido (general): 9.0000 kWh, IP: 192.168.2.199
INFO - 2025-10-09 10:05:54 --> Session: Class initialized using 'CodeIgniter\Session\Handlers\FileHandler' driver.
INFO - 2025-10-09 10:05:55 --> Session: Class initialized using 'CodeIgniter\Session\Handlers\FileHandler' driver.
INFO - 2025-10-09 10:05:56 --> Session: Class initialized using 'CodeIgniter\Session\Handlers\FileHandler' driver.
INFO - 2025-10-09 10:05:56 --> Límite obtenido (general): 9.0000 kWh, IP: 192.168.2.199
INFO - 2025-10-09 10:05:57 --> Session: Class initialized using 'CodeIgniter\Session\Handlers\FileHandler' driver.
DEBUG - 2025-10-09 10:05:57 --> Ruta actual: /Tesina/public/energia/dispositivo/2
INFO - 2025-10-09 10:05:57 --> Session: Class initialized using 'CodeIgniter\Session\Handlers\FileHandler' driver.
DEBUG - 2025-10-09 10:05:57 --> Datos en sesión: Array
(
    [__ci_last_regenerate] => 1760015145
    [_ci_previous_url] => http://192.168.2.189/Tesina/public/energia/dispositivo/2
    [datos_compra] => Array
        (
            [nombre] => Cristian
            [apellido] => Bruno
            [email] => cristianbruno349@itr3.edu.ar
            [direccion] => Libertad 341, Rio Tercero, 5850, Argentina
        )

    [id_usuario_registro] => 81
    [id_dispositivo] => 1
    [exito] => Se ha enviado un código de verificación a tu correo electrónico.
    [emailValido] => cristianbruno349@itr3.edu.ar
    [id_usuario] => 1
    [nombre] => brunito
    [apellido] => barber
    [email] => brunocameille@alumnos.itr3.edu.ar
    [rol] => admin
    [logged_in] => 1
)

INFO - 2025-10-09 10:05:59 --> Session: Class initialized using 'CodeIgniter\Session\Handlers\FileHandler' driver.
INFO - 2025-10-09 10:05:59 --> Session: Class initialized using 'CodeIgniter\Session\Handlers\FileHandler' driver.
INFO - 2025-10-09 10:05:59 --> Límite obtenido (general): 9.0000 kWh, IP: 192.168.2.199
INFO - 2025-10-09 10:06:01 --> Session: Class initialized using 'CodeIgniter\Session\Handlers\FileHandler' driver.
INFO - 2025-10-09 10:06:02 --> Session: Class initialized using 'CodeIgniter\Session\Handlers\FileHandler' driver.
INFO - 2025-10-09 10:06:02 --> Límite obtenido (general): 9.0000 kWh, IP: 192.168.2.199
INFO - 2025-10-09 10:06:03 --> Session: Class initialized using 'CodeIgniter\Session\Handlers\FileHandler' driver.
INFO - 2025-10-09 10:06:05 --> Session: Class initialized using 'CodeIgniter\Session\Handlers\FileHandler' driver.
INFO - 2025-10-09 10:06:07 --> Session: Class initialized using 'CodeIgniter\Session\Handlers\FileHandler' driver.
INFO - 2025-10-09 10:06:07 --> Límite obtenido (general): 9.0000 kWh, IP: 192.168.2.199
INFO - 2025-10-09 10:06:08 --> Session: Class initialized using 'CodeIgniter\Session\Handlers\FileHandler' driver.
INFO - 2025-10-09 10:06:08 --> Session: Class initialized using 'CodeIgniter\Session\Handlers\FileHandler' driver.
INFO - 2025-10-09 10:06:10 --> Session: Class initialized using 'CodeIgniter\Session\Handlers\FileHandler' driver.
INFO - 2025-10-09 10:06:10 --> Límite obtenido (general): 9.0000 kWh, IP: 192.168.2.199
INFO - 2025-10-09 10:06:11 --> Session: Class initialized using 'CodeIgniter\Session\Handlers\FileHandler' driver.
INFO - 2025-10-09 10:06:13 --> Session: Class initialized using 'CodeIgniter\Session\Handlers\FileHandler' driver.
INFO - 2025-10-09 10:06:13 --> Límite obtenido (general): 9.0000 kWh, IP: 192.168.2.199
INFO - 2025-10-09 10:06:13 --> Session: Class initialized using 'CodeIgniter\Session\Handlers\FileHandler' driver.
INFO - 2025-10-09 10:06:14 --> Session: Class initialized using 'CodeIgniter\Session\Handlers\FileHandler' driver.
INFO - 2025-10-09 10:06:16 --> Session: Class initialized using 'CodeIgniter\Session\Handlers\FileHandler' driver.
INFO - 2025-10-09 10:06:16 --> Límite obtenido (general): 9.0000 kWh, IP: 192.168.2.199
INFO - 2025-10-09 10:06:17 --> Session: Class initialized using 'CodeIgniter\Session\Handlers\FileHandler' driver.
INFO - 2025-10-09 10:06:18 --> Session: Class initialized using 'CodeIgniter\Session\Handlers\FileHandler' driver.
INFO - 2025-10-09 10:06:19 --> Session: Class initialized using 'CodeIgniter\Session\Handlers\FileHandler' driver.
INFO - 2025-10-09 10:06:19 --> Límite obtenido (general): 9.0000 kWh, IP: 192.168.2.199
INFO - 2025-10-09 10:06:20 --> Session: Class initialized using 'CodeIgniter\Session\Handlers\FileHandler' driver.
INFO - 2025-10-09 10:06:22 --> Session: Class initialized using 'CodeIgniter\Session\Handlers\FileHandler' driver.
INFO - 2025-10-09 10:06:22 --> Límite obtenido (general): 9.0000 kWh, IP: 192.168.2.199
INFO - 2025-10-09 10:06:23 --> Session: Class initialized using 'CodeIgniter\Session\Handlers\FileHandler' driver.
INFO - 2025-10-09 10:06:23 --> Session: Class initialized using 'CodeIgniter\Session\Handlers\FileHandler' driver.
INFO - 2025-10-09 10:06:25 --> Session: Class initialized using 'CodeIgniter\Session\Handlers\FileHandler' driver.
INFO - 2025-10-09 10:06:25 --> Límite obtenido (general): 9.0000 kWh, IP: 192.168.2.199
INFO - 2025-10-09 10:06:26 --> Session: Class initialized using 'CodeIgniter\Session\Handlers\FileHandler' driver.
INFO - 2025-10-09 10:06:27 --> Session: Class initialized using 'CodeIgniter\Session\Handlers\FileHandler' driver.
INFO - 2025-10-09 10:06:27 --> Límite obtenido (general): 9.0000 kWh, IP: 192.168.2.199
INFO - 2025-10-09 10:06:28 --> Session: Class initialized using 'CodeIgniter\Session\Handlers\FileHandler' driver.
INFO - 2025-10-09 10:06:29 --> Session: Class initialized using 'CodeIgniter\Session\Handlers\FileHandler' driver.
INFO - 2025-10-09 10:06:31 --> Session: Class initialized using 'CodeIgniter\Session\Handlers\FileHandler' driver.
INFO - 2025-10-09 10:06:31 --> Límite obtenido (general): 9.0000 kWh, IP: 192.168.2.199
INFO - 2025-10-09 10:06:32 --> Session: Class initialized using 'CodeIgniter\Session\Handlers\FileHandler' driver.
INFO - 2025-10-09 10:06:33 --> Session: Class initialized using 'CodeIgniter\Session\Handlers\FileHandler' driver.
INFO - 2025-10-09 10:06:34 --> Session: Class initialized using 'CodeIgniter\Session\Handlers\FileHandler' driver.
INFO - 2025-10-09 10:06:34 --> Límite obtenido (general): 9.0000 kWh, IP: 192.168.2.199
INFO - 2025-10-09 10:06:36 --> Session: Class initialized using 'CodeIgniter\Session\Handlers\FileHandler' driver.
INFO - 2025-10-09 10:06:38 --> Session: Class initialized using 'CodeIgniter\Session\Handlers\FileHandler' driver.
INFO - 2025-10-09 10:06:38 --> Session: Class initialized using 'CodeIgniter\Session\Handlers\FileHandler' driver.
INFO - 2025-10-09 10:06:38 --> Límite obtenido (general): 9.0000 kWh, IP: 192.168.2.199
INFO - 2025-10-09 10:06:39 --> Session: Class initialized using 'CodeIgniter\Session\Handlers\FileHandler' driver.
INFO - 2025-10-09 10:06:41 --> Session: Class initialized using 'CodeIgniter\Session\Handlers\FileHandler' driver.
INFO - 2025-10-09 10:06:41 --> Límite obtenido (general): 9.0000 kWh, IP: 192.168.2.199
INFO - 2025-10-09 10:06:42 --> Session: Class initialized using 'CodeIgniter\Session\Handlers\FileHandler' driver.
INFO - 2025-10-09 10:06:43 --> Session: Class initialized using 'CodeIgniter\Session\Handlers\FileHandler' driver.
INFO - 2025-10-09 10:06:44 --> Session: Class initialized using 'CodeIgniter\Session\Handlers\FileHandler' driver.
INFO - 2025-10-09 10:06:44 --> Límite obtenido (general): 9.0000 kWh, IP: 192.168.2.199
INFO - 2025-10-09 10:06:45 --> Session: Class initialized using 'CodeIgniter\Session\Handlers\FileHandler' driver.
INFO - 2025-10-09 10:06:46 --> Session: Class initialized using 'CodeIgniter\Session\Handlers\FileHandler' driver.
INFO - 2025-10-09 10:06:47 --> Límite obtenido (general): 9.0000 kWh, IP: 192.168.2.199
INFO - 2025-10-09 10:06:48 --> Session: Class initialized using 'CodeIgniter\Session\Handlers\FileHandler' driver.
INFO - 2025-10-09 10:06:48 --> Session: Class initialized using 'CodeIgniter\Session\Handlers\FileHandler' driver.
INFO - 2025-10-09 10:06:50 --> Session: Class initialized using 'CodeIgniter\Session\Handlers\FileHandler' driver.
INFO - 2025-10-09 10:06:50 --> Límite obtenido (general): 9.0000 kWh, IP: 192.168.2.199
INFO - 2025-10-09 10:06:51 --> Session: Class initialized using 'CodeIgniter\Session\Handlers\FileHandler' driver.
INFO - 2025-10-09 10:06:52 --> Session: Class initialized using 'CodeIgniter\Session\Handlers\FileHandler' driver.
INFO - 2025-10-09 10:06:52 --> Límite obtenido (general): 9.0000 kWh, IP: 192.168.2.199
INFO - 2025-10-09 10:06:53 --> Session: Class initialized using 'CodeIgniter\Session\Handlers\FileHandler' driver.
INFO - 2025-10-09 10:06:54 --> Session: Class initialized using 'CodeIgniter\Session\Handlers\FileHandler' driver.
INFO - 2025-10-09 10:06:55 --> Session: Class initialized using 'CodeIgniter\Session\Handlers\FileHandler' driver.
INFO - 2025-10-09 10:06:55 --> Límite obtenido (general): 9.0000 kWh, IP: 192.168.2.199
INFO - 2025-10-09 10:06:57 --> Session: Class initialized using 'CodeIgniter\Session\Handlers\FileHandler' driver.
INFO - 2025-10-09 10:06:58 --> Session: Class initialized using 'CodeIgniter\Session\Handlers\FileHandler' driver.
INFO - 2025-10-09 10:06:59 --> Session: Class initialized using 'CodeIgniter\Session\Handlers\FileHandler' driver.
INFO - 2025-10-09 10:06:59 --> Límite obtenido (general): 9.0000 kWh, IP: 192.168.2.199
INFO - 2025-10-09 10:07:00 --> Session: Class initialized using 'CodeIgniter\Session\Handlers\FileHandler' driver.
INFO - 2025-10-09 10:07:01 --> Session: Class initialized using 'CodeIgniter\Session\Handlers\FileHandler' driver.
INFO - 2025-10-09 10:07:01 --> Límite obtenido (general): 9.0000 kWh, IP: 192.168.2.199
INFO - 2025-10-09 10:07:03 --> Session: Class initialized using 'CodeIgniter\Session\Handlers\FileHandler' driver.
INFO - 2025-10-09 10:07:03 --> Session: Class initialized using 'CodeIgniter\Session\Handlers\FileHandler' driver.
INFO - 2025-10-09 10:07:04 --> Session: Class initialized using 'CodeIgniter\Session\Handlers\FileHandler' driver.
INFO - 2025-10-09 10:07:04 --> Límite obtenido (general): 9.0000 kWh, IP: 192.168.2.199
INFO - 2025-10-09 10:07:05 --> Session: Class initialized using 'CodeIgniter\Session\Handlers\FileHandler' driver.
INFO - 2025-10-09 10:07:07 --> Session: Class initialized using 'CodeIgniter\Session\Handlers\FileHandler' driver.
INFO - 2025-10-09 10:07:07 --> Límite obtenido (general): 9.0000 kWh, IP: 192.168.2.199
INFO - 2025-10-09 10:07:08 --> Session: Class initialized using 'CodeIgniter\Session\Handlers\FileHandler' driver.
INFO - 2025-10-09 10:07:08 --> Session: Class initialized using 'CodeIgniter\Session\Handlers\FileHandler' driver.
INFO - 2025-10-09 10:07:10 --> Session: Class initialized using 'CodeIgniter\Session\Handlers\FileHandler' driver.
INFO - 2025-10-09 10:07:10 --> Límite obtenido (general): 9.0000 kWh, IP: 192.168.2.199
INFO - 2025-10-09 10:07:11 --> Session: Class initialized using 'CodeIgniter\Session\Handlers\FileHandler' driver.
INFO - 2025-10-09 10:07:13 --> Session: Class initialized using 'CodeIgniter\Session\Handlers\FileHandler' driver.
INFO - 2025-10-09 10:07:13 --> Session: Class initialized using 'CodeIgniter\Session\Handlers\FileHandler' driver.
INFO - 2025-10-09 10:07:13 --> Límite obtenido (general): 9.0000 kWh, IP: 192.168.2.199
INFO - 2025-10-09 10:07:14 --> Session: Class initialized using 'CodeIgniter\Session\Handlers\FileHandler' driver.
INFO - 2025-10-09 10:07:16 --> Session: Class initialized using 'CodeIgniter\Session\Handlers\FileHandler' driver.
INFO - 2025-10-09 10:07:16 --> Límite obtenido (general): 9.0000 kWh, IP: 192.168.2.199
INFO - 2025-10-09 10:07:17 --> Session: Class initialized using 'CodeIgniter\Session\Handlers\FileHandler' driver.
INFO - 2025-10-09 10:07:18 --> Session: Class initialized using 'CodeIgniter\Session\Handlers\FileHandler' driver.
INFO - 2025-10-09 10:07:19 --> Session: Class initialized using 'CodeIgniter\Session\Handlers\FileHandler' driver.
INFO - 2025-10-09 10:07:19 --> Límite obtenido (general): 9.0000 kWh, IP: 192.168.2.199
INFO - 2025-10-09 10:07:20 --> Session: Class initialized using 'CodeIgniter\Session\Handlers\FileHandler' driver.
INFO - 2025-10-09 10:07:22 --> Session: Class initialized using 'CodeIgniter\Session\Handlers\FileHandler' driver.
INFO - 2025-10-09 10:07:22 --> Límite obtenido (general): 9.0000 kWh, IP: 192.168.2.199
INFO - 2025-10-09 10:07:23 --> Session: Class initialized using 'CodeIgniter\Session\Handlers\FileHandler' driver.
INFO - 2025-10-09 10:07:23 --> Session: Class initialized using 'CodeIgniter\Session\Handlers\FileHandler' driver.
INFO - 2025-10-09 10:07:25 --> Session: Class initialized using 'CodeIgniter\Session\Handlers\FileHandler' driver.
INFO - 2025-10-09 10:07:25 --> Límite obtenido (general): 9.0000 kWh, IP: 192.168.2.199
INFO - 2025-10-09 10:07:26 --> Session: Class initialized using 'CodeIgniter\Session\Handlers\FileHandler' driver.
INFO - 2025-10-09 10:07:28 --> Session: Class initialized using 'CodeIgniter\Session\Handlers\FileHandler' driver.
INFO - 2025-10-09 10:07:28 --> Límite obtenido (general): 9.0000 kWh, IP: 192.168.2.199
INFO - 2025-10-09 10:07:28 --> Session: Class initialized using 'CodeIgniter\Session\Handlers\FileHandler' driver.
INFO - 2025-10-09 10:07:29 --> Session: Class initialized using 'CodeIgniter\Session\Handlers\FileHandler' driver.
INFO - 2025-10-09 10:07:31 --> Session: Class initialized using 'CodeIgniter\Session\Handlers\FileHandler' driver.
INFO - 2025-10-09 10:07:31 --> Límite obtenido (general): 9.0000 kWh, IP: 192.168.2.199
INFO - 2025-10-09 10:07:32 --> Session: Class initialized using 'CodeIgniter\Session\Handlers\FileHandler' driver.
INFO - 2025-10-09 10:07:33 --> Session: Class initialized using 'CodeIgniter\Session\Handlers\FileHandler' driver.
INFO - 2025-10-09 10:07:34 --> Session: Class initialized using 'CodeIgniter\Session\Handlers\FileHandler' driver.
INFO - 2025-10-09 10:07:34 --> Límite obtenido (general): 9.0000 kWh, IP: 192.168.2.199
INFO - 2025-10-09 10:07:35 --> Session: Class initialized using 'CodeIgniter\Session\Handlers\FileHandler' driver.
INFO - 2025-10-09 10:07:37 --> Session: Class initialized using 'CodeIgniter\Session\Handlers\FileHandler' driver.
INFO - 2025-10-09 10:07:37 --> Límite obtenido (general): 9.0000 kWh, IP: 192.168.2.199
INFO - 2025-10-09 10:07:38 --> Session: Class initialized using 'CodeIgniter\Session\Handlers\FileHandler' driver.
INFO - 2025-10-09 10:07:38 --> Session: Class initialized using 'CodeIgniter\Session\Handlers\FileHandler' driver.
INFO - 2025-10-09 10:07:40 --> Session: Class initialized using 'CodeIgniter\Session\Handlers\FileHandler' driver.
INFO - 2025-10-09 10:07:40 --> Límite obtenido (general): 9.0000 kWh, IP: 192.168.2.199
INFO - 2025-10-09 10:07:41 --> Session: Class initialized using 'CodeIgniter\Session\Handlers\FileHandler' driver.
INFO - 2025-10-09 10:07:43 --> Session: Class initialized using 'CodeIgniter\Session\Handlers\FileHandler' driver.
INFO - 2025-10-09 10:07:43 --> Session: Class initialized using 'CodeIgniter\Session\Handlers\FileHandler' driver.
INFO - 2025-10-09 10:07:43 --> Límite obtenido (general): 9.0000 kWh, IP: 192.168.2.199
INFO - 2025-10-09 10:07:44 --> Session: Class initialized using 'CodeIgniter\Session\Handlers\FileHandler' driver.
INFO - 2025-10-09 10:07:46 --> Session: Class initialized using 'CodeIgniter\Session\Handlers\FileHandler' driver.
INFO - 2025-10-09 10:07:46 --> Límite obtenido (general): 9.0000 kWh, IP: 192.168.2.199
INFO - 2025-10-09 10:07:47 --> Session: Class initialized using 'CodeIgniter\Session\Handlers\FileHandler' driver.
INFO - 2025-10-09 10:07:48 --> Session: Class initialized using 'CodeIgniter\Session\Handlers\FileHandler' driver.
INFO - 2025-10-09 10:07:49 --> Session: Class initialized using 'CodeIgniter\Session\Handlers\FileHandler' driver.
INFO - 2025-10-09 10:07:49 --> Límite obtenido (general): 9.0000 kWh, IP: 192.168.2.199
INFO - 2025-10-09 10:07:50 --> Session: Class initialized using 'CodeIgniter\Session\Handlers\FileHandler' driver.
INFO - 2025-10-09 10:07:52 --> Session: Class initialized using 'CodeIgniter\Session\Handlers\FileHandler' driver.
INFO - 2025-10-09 10:07:52 --> Límite obtenido (general): 9.0000 kWh, IP: 192.168.2.199
INFO - 2025-10-09 10:07:53 --> Session: Class initialized using 'CodeIgniter\Session\Handlers\FileHandler' driver.
INFO - 2025-10-09 10:07:53 --> Session: Class initialized using 'CodeIgniter\Session\Handlers\FileHandler' driver.
INFO - 2025-10-09 10:07:55 --> Session: Class initialized using 'CodeIgniter\Session\Handlers\FileHandler' driver.
INFO - 2025-10-09 10:07:55 --> Límite obtenido (general): 9.0000 kWh, IP: 192.168.2.199
INFO - 2025-10-09 10:07:56 --> Session: Class initialized using 'CodeIgniter\Session\Handlers\FileHandler' driver.
INFO - 2025-10-09 10:07:58 --> Session: Class initialized using 'CodeIgniter\Session\Handlers\FileHandler' driver.
INFO - 2025-10-09 10:07:58 --> Session: Class initialized using 'CodeIgniter\Session\Handlers\FileHandler' driver.
INFO - 2025-10-09 10:07:58 --> Límite obtenido (general): 9.0000 kWh, IP: 192.168.2.199
INFO - 2025-10-09 10:07:59 --> Session: Class initialized using 'CodeIgniter\Session\Handlers\FileHandler' driver.
INFO - 2025-10-09 10:08:01 --> Session: Class initialized using 'CodeIgniter\Session\Handlers\FileHandler' driver.
INFO - 2025-10-09 10:08:01 --> Límite obtenido (general): 9.0000 kWh, IP: 192.168.2.199
INFO - 2025-10-09 10:08:02 --> Session: Class initialized using 'CodeIgniter\Session\Handlers\FileHandler' driver.
INFO - 2025-10-09 10:08:03 --> Session: Class initialized using 'CodeIgniter\Session\Handlers\FileHandler' driver.
INFO - 2025-10-09 10:08:04 --> Session: Class initialized using 'CodeIgniter\Session\Handlers\FileHandler' driver.
INFO - 2025-10-09 10:08:04 --> Límite obtenido (general): 9.0000 kWh, IP: 192.168.2.199
INFO - 2025-10-09 10:08:05 --> Session: Class initialized using 'CodeIgniter\Session\Handlers\FileHandler' driver.
INFO - 2025-10-09 10:08:07 --> Session: Class initialized using 'CodeIgniter\Session\Handlers\FileHandler' driver.
INFO - 2025-10-09 10:08:07 --> Límite obtenido (general): 9.0000 kWh, IP: 192.168.2.199
INFO - 2025-10-09 10:08:08 --> Session: Class initialized using 'CodeIgniter\Session\Handlers\FileHandler' driver.
INFO - 2025-10-09 10:08:08 --> Session: Class initialized using 'CodeIgniter\Session\Handlers\FileHandler' driver.
INFO - 2025-10-09 10:08:09 --> Session: Class initialized using 'CodeIgniter\Session\Handlers\FileHandler' driver.
INFO - 2025-10-09 10:08:09 --> Límite obtenido (general): 9.0000 kWh, IP: 192.168.2.199
INFO - 2025-10-09 10:08:11 --> Session: Class initialized using 'CodeIgniter\Session\Handlers\FileHandler' driver.
INFO - 2025-10-09 10:08:12 --> Session: Class initialized using 'CodeIgniter\Session\Handlers\FileHandler' driver.
INFO - 2025-10-09 10:08:12 --> Límite obtenido (general): 9.0000 kWh, IP: 192.168.2.199
INFO - 2025-10-09 10:08:13 --> Session: Class initialized using 'CodeIgniter\Session\Handlers\FileHandler' driver.
INFO - 2025-10-09 10:08:14 --> Session: Class initialized using 'CodeIgniter\Session\Handlers\FileHandler' driver.
INFO - 2025-10-09 10:08:15 --> Session: Class initialized using 'CodeIgniter\Session\Handlers\FileHandler' driver.
INFO - 2025-10-09 10:08:15 --> Límite obtenido (general): 9.0000 kWh, IP: 192.168.2.199
INFO - 2025-10-09 10:08:17 --> Session: Class initialized using 'CodeIgniter\Session\Handlers\FileHandler' driver.
INFO - 2025-10-09 10:08:18 --> Session: Class initialized using 'CodeIgniter\Session\Handlers\FileHandler' driver.
INFO - 2025-10-09 10:08:18 --> Session: Class initialized using 'CodeIgniter\Session\Handlers\FileHandler' driver.
INFO - 2025-10-09 10:08:18 --> Límite obtenido (general): 9.0000 kWh, IP: 192.168.2.199
INFO - 2025-10-09 10:08:20 --> Session: Class initialized using 'CodeIgniter\Session\Handlers\FileHandler' driver.
INFO - 2025-10-09 10:08:22 --> Session: Class initialized using 'CodeIgniter\Session\Handlers\FileHandler' driver.
INFO - 2025-10-09 10:08:22 --> Límite obtenido (general): 9.0000 kWh, IP: 192.168.2.199
INFO - 2025-10-09 10:08:23 --> Session: Class initialized using 'CodeIgniter\Session\Handlers\FileHandler' driver.
INFO - 2025-10-09 10:08:23 --> Session: Class initialized using 'CodeIgniter\Session\Handlers\FileHandler' driver.
INFO - 2025-10-09 10:08:24 --> Session: Class initialized using 'CodeIgniter\Session\Handlers\FileHandler' driver.
INFO - 2025-10-09 10:08:24 --> Límite obtenido (general): 9.0000 kWh, IP: 192.168.2.199
INFO - 2025-10-09 10:08:25 --> Session: Class initialized using 'CodeIgniter\Session\Handlers\FileHandler' driver.
INFO - 2025-10-09 10:08:27 --> Session: Class initialized using 'CodeIgniter\Session\Handlers\FileHandler' driver.
INFO - 2025-10-09 10:08:27 --> Límite obtenido (general): 9.0000 kWh, IP: 192.168.2.199
DEBUG - 2025-10-09 10:08:27 --> Ruta actual: /Tesina/public/energia/actualizarLimite
INFO - 2025-10-09 10:08:27 --> Session: Class initialized using 'CodeIgniter\Session\Handlers\FileHandler' driver.
DEBUG - 2025-10-09 10:08:27 --> Datos en sesión: Array
(
    [__ci_last_regenerate] => 1760015145
    [_ci_previous_url] => http://192.168.2.189/Tesina/public/energia/dispositivo/2
    [datos_compra] => Array
        (
            [nombre] => Cristian
            [apellido] => Bruno
            [email] => cristianbruno349@itr3.edu.ar
            [direccion] => Libertad 341, Rio Tercero, 5850, Argentina
        )

    [id_usuario_registro] => 81
    [id_dispositivo] => 1
    [exito] => Se ha enviado un código de verificación a tu correo electrónico.
    [emailValido] => cristianbruno349@itr3.edu.ar
    [id_usuario] => 1
    [nombre] => brunito
    [apellido] => barber
    [email] => brunocameille@alumnos.itr3.edu.ar
    [rol] => admin
    [logged_in] => 1
)

DEBUG - 2025-10-09 10:08:28 --> Ruta actual: /Tesina/public/energia/actualizarLimite
INFO - 2025-10-09 10:08:28 --> Session: Class initialized using 'CodeIgniter\Session\Handlers\FileHandler' driver.
INFO - 2025-10-09 10:08:30 --> Session: Class initialized using 'CodeIgniter\Session\Handlers\FileHandler' driver.
INFO - 2025-10-09 10:08:30 --> Límite obtenido (general): 0.0170 kWh, IP: 192.168.2.199
INFO - 2025-10-09 10:08:31 --> Session: Class initialized using 'CodeIgniter\Session\Handlers\FileHandler' driver.
INFO - 2025-10-09 10:08:33 --> Session: Class initialized using 'CodeIgniter\Session\Handlers\FileHandler' driver.
DEBUG - 2025-10-09 10:08:33 --> Datos en sesión: Array
(
    [__ci_last_regenerate] => 1760015145
    [_ci_previous_url] => http://192.168.2.189/Tesina/public/energia/dispositivo/2
    [datos_compra] => Array
        (
            [nombre] => Cristian
            [apellido] => Bruno
            [email] => cristianbruno349@itr3.edu.ar
            [direccion] => Libertad 341, Rio Tercero, 5850, Argentina
        )

    [id_usuario_registro] => 81
    [id_dispositivo] => 1
    [exito] => Se ha enviado un código de verificación a tu correo electrónico.
    [emailValido] => cristianbruno349@itr3.edu.ar
    [id_usuario] => 1
    [nombre] => brunito
    [apellido] => barber
    [email] => brunocameille@alumnos.itr3.edu.ar
    [rol] => admin
    [logged_in] => 1
)

INFO - 2025-10-09 10:08:33 --> Session: Class initialized using 'CodeIgniter\Session\Handlers\FileHandler' driver.
INFO - 2025-10-09 10:08:33 --> Límite obtenido (general): 0.0170 kWh, IP: 192.168.2.199
INFO - 2025-10-09 10:08:34 --> Session: Class initialized using 'CodeIgniter\Session\Handlers\FileHandler' driver.
INFO - 2025-10-09 10:08:36 --> Session: Class initialized using 'CodeIgniter\Session\Handlers\FileHandler' driver.
INFO - 2025-10-09 10:08:36 --> Límite obtenido (general): 0.0170 kWh, IP: 192.168.2.199
INFO - 2025-10-09 10:08:38 --> Session: Class initialized using 'CodeIgniter\Session\Handlers\FileHandler' driver.
INFO - 2025-10-09 10:08:38 --> Session: Class initialized using 'CodeIgniter\Session\Handlers\FileHandler' driver.
INFO - 2025-10-09 10:08:38 --> Session: Class initialized using 'CodeIgniter\Session\Handlers\FileHandler' driver.
INFO - 2025-10-09 10:08:39 --> Session: Class initialized using 'CodeIgniter\Session\Handlers\FileHandler' driver.
INFO - 2025-10-09 10:08:40 --> Session: Class initialized using 'CodeIgniter\Session\Handlers\FileHandler' driver.
INFO - 2025-10-09 10:08:40 --> Límite obtenido (general): 0.0170 kWh, IP: 192.168.2.199
INFO - 2025-10-09 10:08:41 --> Session: Class initialized using 'CodeIgniter\Session\Handlers\FileHandler' driver.
INFO - 2025-10-09 10:08:43 --> Session: Class initialized using 'CodeIgniter\Session\Handlers\FileHandler' driver.
INFO - 2025-10-09 10:08:43 --> Límite obtenido (general): 0.0170 kWh, IP: 192.168.2.199
INFO - 2025-10-09 10:08:43 --> Session: Class initialized using 'CodeIgniter\Session\Handlers\FileHandler' driver.
INFO - 2025-10-09 10:08:44 --> Session: Class initialized using 'CodeIgniter\Session\Handlers\FileHandler' driver.
INFO - 2025-10-09 10:08:46 --> Session: Class initialized using 'CodeIgniter\Session\Handlers\FileHandler' driver.
INFO - 2025-10-09 10:08:46 --> Límite obtenido (general): 0.0170 kWh, IP: 192.168.2.199
INFO - 2025-10-09 10:08:47 --> Session: Class initialized using 'CodeIgniter\Session\Handlers\FileHandler' driver.
INFO - 2025-10-09 10:08:48 --> Session: Class initialized using 'CodeIgniter\Session\Handlers\FileHandler' driver.
INFO - 2025-10-09 10:08:49 --> Session: Class initialized using 'CodeIgniter\Session\Handlers\FileHandler' driver.
INFO - 2025-10-09 10:08:49 --> Límite obtenido (general): 0.0170 kWh, IP: 192.168.2.199
INFO - 2025-10-09 10:08:50 --> Session: Class initialized using 'CodeIgniter\Session\Handlers\FileHandler' driver.
INFO - 2025-10-09 10:08:52 --> Session: Class initialized using 'CodeIgniter\Session\Handlers\FileHandler' driver.
INFO - 2025-10-09 10:08:52 --> Límite obtenido (general): 0.0170 kWh, IP: 192.168.2.199
INFO - 2025-10-09 10:08:53 --> Session: Class initialized using 'CodeIgniter\Session\Handlers\FileHandler' driver.
INFO - 2025-10-09 10:08:53 --> Session: Class initialized using 'CodeIgniter\Session\Handlers\FileHandler' driver.
INFO - 2025-10-09 10:08:55 --> Session: Class initialized using 'CodeIgniter\Session\Handlers\FileHandler' driver.
INFO - 2025-10-09 10:08:55 --> Límite obtenido (general): 0.0170 kWh, IP: 192.168.2.199
INFO - 2025-10-09 10:08:56 --> Session: Class initialized using 'CodeIgniter\Session\Handlers\FileHandler' driver.
INFO - 2025-10-09 10:08:58 --> Session: Class initialized using 'CodeIgniter\Session\Handlers\FileHandler' driver.
INFO - 2025-10-09 10:08:58 --> Límite obtenido (general): 0.0170 kWh, IP: 192.168.2.199
INFO - 2025-10-09 10:08:58 --> Session: Class initialized using 'CodeIgniter\Session\Handlers\FileHandler' driver.
INFO - 2025-10-09 10:08:59 --> Session: Class initialized using 'CodeIgniter\Session\Handlers\FileHandler' driver.
INFO - 2025-10-09 10:09:01 --> Session: Class initialized using 'CodeIgniter\Session\Handlers\FileHandler' driver.
INFO - 2025-10-09 10:09:01 --> Límite obtenido (general): 0.0170 kWh, IP: 192.168.2.199
INFO - 2025-10-09 10:09:02 --> Session: Class initialized using 'CodeIgniter\Session\Handlers\FileHandler' driver.
INFO - 2025-10-09 10:09:03 --> Session: Class initialized using 'CodeIgniter\Session\Handlers\FileHandler' driver.
INFO - 2025-10-09 10:09:04 --> Session: Class initialized using 'CodeIgniter\Session\Handlers\FileHandler' driver.
INFO - 2025-10-09 10:09:04 --> Límite obtenido (general): 0.0170 kWh, IP: 192.168.2.199
INFO - 2025-10-09 10:09:05 --> Session: Class initialized using 'CodeIgniter\Session\Handlers\FileHandler' driver.
INFO - 2025-10-09 10:09:07 --> Session: Class initialized using 'CodeIgniter\Session\Handlers\FileHandler' driver.
INFO - 2025-10-09 10:09:07 --> Límite obtenido (general): 0.0170 kWh, IP: 192.168.2.199
INFO - 2025-10-09 10:09:08 --> Session: Class initialized using 'CodeIgniter\Session\Handlers\FileHandler' driver.
INFO - 2025-10-09 10:09:08 --> Session: Class initialized using 'CodeIgniter\Session\Handlers\FileHandler' driver.
INFO - 2025-10-09 10:09:10 --> Session: Class initialized using 'CodeIgniter\Session\Handlers\FileHandler' driver.
INFO - 2025-10-09 10:09:10 --> Límite obtenido (general): 0.0170 kWh, IP: 192.168.2.199
INFO - 2025-10-09 10:09:13 --> Session: Class initialized using 'CodeIgniter\Session\Handlers\FileHandler' driver.
INFO - 2025-10-09 10:09:13 --> Session: Class initialized using 'CodeIgniter\Session\Handlers\FileHandler' driver.
INFO - 2025-10-09 10:09:14 --> Session: Class initialized using 'CodeIgniter\Session\Handlers\FileHandler' driver.
INFO - 2025-10-09 10:09:14 --> Límite obtenido (general): 0.0170 kWh, IP: 192.168.2.199
INFO - 2025-10-09 10:09:16 --> Session: Class initialized using 'CodeIgniter\Session\Handlers\FileHandler' driver.
INFO - 2025-10-09 10:09:18 --> Session: Class initialized using 'CodeIgniter\Session\Handlers\FileHandler' driver.
INFO - 2025-10-09 10:09:18 --> Límite obtenido (general): 0.0170 kWh, IP: 192.168.2.199
INFO - 2025-10-09 10:09:18 --> Session: Class initialized using 'CodeIgniter\Session\Handlers\FileHandler' driver.
INFO - 2025-10-09 10:09:19 --> Session: Class initialized using 'CodeIgniter\Session\Handlers\FileHandler' driver.
INFO - 2025-10-09 10:09:21 --> Session: Class initialized using 'CodeIgniter\Session\Handlers\FileHandler' driver.
INFO - 2025-10-09 10:09:21 --> Límite obtenido (general): 0.0170 kWh, IP: 192.168.2.199
INFO - 2025-10-09 10:09:22 --> Session: Class initialized using 'CodeIgniter\Session\Handlers\FileHandler' driver.
INFO - 2025-10-09 10:09:23 --> Session: Class initialized using 'CodeIgniter\Session\Handlers\FileHandler' driver.
INFO - 2025-10-09 10:09:24 --> Session: Class initialized using 'CodeIgniter\Session\Handlers\FileHandler' driver.
INFO - 2025-10-09 10:09:24 --> Límite obtenido (general): 0.0170 kWh, IP: 192.168.2.199
INFO - 2025-10-09 10:09:25 --> Session: Class initialized using 'CodeIgniter\Session\Handlers\FileHandler' driver.
INFO - 2025-10-09 10:09:27 --> Session: Class initialized using 'CodeIgniter\Session\Handlers\FileHandler' driver.
INFO - 2025-10-09 10:09:27 --> Límite obtenido (general): 0.0170 kWh, IP: 192.168.2.199
INFO - 2025-10-09 10:09:28 --> Session: Class initialized using 'CodeIgniter\Session\Handlers\FileHandler' driver.
INFO - 2025-10-09 10:09:28 --> Session: Class initialized using 'CodeIgniter\Session\Handlers\FileHandler' driver.
INFO - 2025-10-09 10:09:30 --> Session: Class initialized using 'CodeIgniter\Session\Handlers\FileHandler' driver.
INFO - 2025-10-09 10:09:30 --> Límite obtenido (general): 0.0170 kWh, IP: 192.168.2.199
INFO - 2025-10-09 10:09:31 --> Session: Class initialized using 'CodeIgniter\Session\Handlers\FileHandler' driver.
DEBUG - 2025-10-09 10:09:31 --> Buscando usuario ID: 1
DEBUG - 2025-10-09 10:09:31 --> Resultado de la búsqueda: Array
(
    [id_usuario] => 1
    [nombre] => brunito
    [apellido] => barber
    [email] => brunocameille@alumnos.itr3.edu.ar
    [contrasena] => $2y$10$F4xQfULyrVhG1JD8Y21QR.vgn9Fzd257acxjmQqHQ3OYfEqBaAPb6
    [direccion_id] => 0
    [id_rol] => 1
    [created_at] => 2025-04-07 13:37:30
    [updated_at] => 2025-07-24 14:07:31
    [invitado_por] => 
    [estado] => activo
    [token_activacion] => 
)

INFO - 2025-10-09 10:09:33 --> Session: Class initialized using 'CodeIgniter\Session\Handlers\FileHandler' driver.
INFO - 2025-10-09 10:09:38 --> Session: Class initialized using 'CodeIgniter\Session\Handlers\FileHandler' driver.
INFO - 2025-10-09 10:09:39 --> Session: Class initialized using 'CodeIgniter\Session\Handlers\FileHandler' driver.
INFO - 2025-10-09 10:09:39 --> Límite obtenido (general): 0.0170 kWh, IP: 192.168.2.199
INFO - 2025-10-09 10:09:40 --> Session: Class initialized using 'CodeIgniter\Session\Handlers\FileHandler' driver.
INFO - 2025-10-09 10:09:41 --> Session: Class initialized using 'CodeIgniter\Session\Handlers\FileHandler' driver.
INFO - 2025-10-09 10:09:41 --> Límite obtenido (general): 0.0170 kWh, IP: 192.168.2.199
INFO - 2025-10-09 10:09:43 --> Session: Class initialized using 'CodeIgniter\Session\Handlers\FileHandler' driver.
INFO - 2025-10-09 10:09:43 --> Session: Class initialized using 'CodeIgniter\Session\Handlers\FileHandler' driver.
INFO - 2025-10-09 10:09:45 --> Session: Class initialized using 'CodeIgniter\Session\Handlers\FileHandler' driver.
INFO - 2025-10-09 10:09:45 --> Límite obtenido (general): 0.0170 kWh, IP: 192.168.2.199
INFO - 2025-10-09 10:09:46 --> Session: Class initialized using 'CodeIgniter\Session\Handlers\FileHandler' driver.
INFO - 2025-10-09 10:09:48 --> Session: Class initialized using 'CodeIgniter\Session\Handlers\FileHandler' driver.
INFO - 2025-10-09 10:09:48 --> Session: Class initialized using 'CodeIgniter\Session\Handlers\FileHandler' driver.
INFO - 2025-10-09 10:09:48 --> Límite obtenido (general): 0.0170 kWh, IP: 192.168.2.199
INFO - 2025-10-09 10:09:50 --> Session: Class initialized using 'CodeIgniter\Session\Handlers\FileHandler' driver.
INFO - 2025-10-09 10:09:51 --> Session: Class initialized using 'CodeIgniter\Session\Handlers\FileHandler' driver.
INFO - 2025-10-09 10:09:51 --> Límite obtenido (general): 0.0170 kWh, IP: 192.168.2.199
INFO - 2025-10-09 10:09:53 --> Session: Class initialized using 'CodeIgniter\Session\Handlers\FileHandler' driver.
INFO - 2025-10-09 10:09:53 --> Session: Class initialized using 'CodeIgniter\Session\Handlers\FileHandler' driver.
INFO - 2025-10-09 10:09:55 --> Session: Class initialized using 'CodeIgniter\Session\Handlers\FileHandler' driver.
INFO - 2025-10-09 10:09:55 --> Límite obtenido (general): 0.0170 kWh, IP: 192.168.2.199
INFO - 2025-10-09 10:09:56 --> Session: Class initialized using 'CodeIgniter\Session\Handlers\FileHandler' driver.
INFO - 2025-10-09 10:09:57 --> Session: Class initialized using 'CodeIgniter\Session\Handlers\FileHandler' driver.
INFO - 2025-10-09 10:09:57 --> Límite obtenido (general): 0.0170 kWh, IP: 192.168.2.199
INFO - 2025-10-09 10:09:58 --> Session: Class initialized using 'CodeIgniter\Session\Handlers\FileHandler' driver.
INFO - 2025-10-09 10:09:59 --> Session: Class initialized using 'CodeIgniter\Session\Handlers\FileHandler' driver.
INFO - 2025-10-09 10:10:00 --> Session: Class initialized using 'CodeIgniter\Session\Handlers\FileHandler' driver.
INFO - 2025-10-09 10:10:00 --> Límite obtenido (general): 0.0170 kWh, IP: 192.168.2.199
INFO - 2025-10-09 10:10:02 --> Session: Class initialized using 'CodeIgniter\Session\Handlers\FileHandler' driver.
INFO - 2025-10-09 10:10:03 --> Session: Class initialized using 'CodeIgniter\Session\Handlers\FileHandler' driver.
INFO - 2025-10-09 10:10:04 --> Session: Class initialized using 'CodeIgniter\Session\Handlers\FileHandler' driver.
INFO - 2025-10-09 10:10:04 --> Límite obtenido (general): 0.0170 kWh, IP: 192.168.2.199
INFO - 2025-10-09 10:10:05 --> Session: Class initialized using 'CodeIgniter\Session\Handlers\FileHandler' driver.
INFO - 2025-10-09 10:10:07 --> Session: Class initialized using 'CodeIgniter\Session\Handlers\FileHandler' driver.
INFO - 2025-10-09 10:10:07 --> Límite obtenido (general): 0.0170 kWh, IP: 192.168.2.199
INFO - 2025-10-09 10:10:08 --> Session: Class initialized using 'CodeIgniter\Session\Handlers\FileHandler' driver.
INFO - 2025-10-09 10:10:08 --> Session: Class initialized using 'CodeIgniter\Session\Handlers\FileHandler' driver.
INFO - 2025-10-09 10:10:09 --> Session: Class initialized using 'CodeIgniter\Session\Handlers\FileHandler' driver.
INFO - 2025-10-09 10:10:09 --> Límite obtenido (general): 0.0170 kWh, IP: 192.168.2.199
INFO - 2025-10-09 10:10:11 --> Session: Class initialized using 'CodeIgniter\Session\Handlers\FileHandler' driver.
INFO - 2025-10-09 10:10:12 --> Session: Class initialized using 'CodeIgniter\Session\Handlers\FileHandler' driver.
INFO - 2025-10-09 10:10:12 --> Límite obtenido (general): 0.0170 kWh, IP: 192.168.2.199
INFO - 2025-10-09 10:10:13 --> Session: Class initialized using 'CodeIgniter\Session\Handlers\FileHandler' driver.
INFO - 2025-10-09 10:10:14 --> Session: Class initialized using 'CodeIgniter\Session\Handlers\FileHandler' driver.
INFO - 2025-10-09 10:10:15 --> Session: Class initialized using 'CodeIgniter\Session\Handlers\FileHandler' driver.
INFO - 2025-10-09 10:10:15 --> Límite obtenido (general): 0.0170 kWh, IP: 192.168.2.199
INFO - 2025-10-09 10:10:17 --> Session: Class initialized using 'CodeIgniter\Session\Handlers\FileHandler' driver.
INFO - 2025-10-09 10:10:18 --> Session: Class initialized using 'CodeIgniter\Session\Handlers\FileHandler' driver.
INFO - 2025-10-09 10:10:18 --> Session: Class initialized using 'CodeIgniter\Session\Handlers\FileHandler' driver.
INFO - 2025-10-09 10:10:18 --> Límite obtenido (general): 0.0170 kWh, IP: 192.168.2.199
INFO - 2025-10-09 10:10:20 --> Session: Class initialized using 'CodeIgniter\Session\Handlers\FileHandler' driver.
INFO - 2025-10-09 10:10:21 --> Session: Class initialized using 'CodeIgniter\Session\Handlers\FileHandler' driver.
INFO - 2025-10-09 10:10:21 --> Límite obtenido (general): 0.0170 kWh, IP: 192.168.2.199
INFO - 2025-10-09 10:10:22 --> Session: Class initialized using 'CodeIgniter\Session\Handlers\FileHandler' driver.
INFO - 2025-10-09 10:10:23 --> Session: Class initialized using 'CodeIgniter\Session\Handlers\FileHandler' driver.
INFO - 2025-10-09 10:10:24 --> Session: Class initialized using 'CodeIgniter\Session\Handlers\FileHandler' driver.
INFO - 2025-10-09 10:10:24 --> Límite obtenido (general): 0.0170 kWh, IP: 192.168.2.199
INFO - 2025-10-09 10:10:25 --> Session: Class initialized using 'CodeIgniter\Session\Handlers\FileHandler' driver.
INFO - 2025-10-09 10:10:27 --> Session: Class initialized using 'CodeIgniter\Session\Handlers\FileHandler' driver.
INFO - 2025-10-09 10:10:27 --> Límite obtenido (general): 0.0170 kWh, IP: 192.168.2.199
INFO - 2025-10-09 10:10:28 --> Session: Class initialized using 'CodeIgniter\Session\Handlers\FileHandler' driver.
INFO - 2025-10-09 10:10:28 --> Session: Class initialized using 'CodeIgniter\Session\Handlers\FileHandler' driver.
INFO - 2025-10-09 10:10:30 --> Session: Class initialized using 'CodeIgniter\Session\Handlers\FileHandler' driver.
INFO - 2025-10-09 10:10:30 --> Límite obtenido (general): 0.0170 kWh, IP: 192.168.2.199
INFO - 2025-10-09 10:10:31 --> Session: Class initialized using 'CodeIgniter\Session\Handlers\FileHandler' driver.
INFO - 2025-10-09 10:10:33 --> Session: Class initialized using 'CodeIgniter\Session\Handlers\FileHandler' driver.
INFO - 2025-10-09 10:10:33 --> Límite obtenido (general): 0.0170 kWh, IP: 192.168.2.199
INFO - 2025-10-09 10:10:33 --> Session: Class initialized using 'CodeIgniter\Session\Handlers\FileHandler' driver.
INFO - 2025-10-09 10:10:34 --> Session: Class initialized using 'CodeIgniter\Session\Handlers\FileHandler' driver.
INFO - 2025-10-09 10:10:35 --> Session: Class initialized using 'CodeIgniter\Session\Handlers\FileHandler' driver.
INFO - 2025-10-09 10:10:35 --> Límite obtenido (general): 0.0170 kWh, IP: 192.168.2.199
INFO - 2025-10-09 10:10:37 --> Session: Class initialized using 'CodeIgniter\Session\Handlers\FileHandler' driver.
INFO - 2025-10-09 10:10:38 --> Session: Class initialized using 'CodeIgniter\Session\Handlers\FileHandler' driver.
INFO - 2025-10-09 10:10:38 --> Session: Class initialized using 'CodeIgniter\Session\Handlers\FileHandler' driver.
INFO - 2025-10-09 10:10:38 --> Límite obtenido (general): 0.0170 kWh, IP: 192.168.2.199
INFO - 2025-10-09 10:10:39 --> Session: Class initialized using 'CodeIgniter\Session\Handlers\FileHandler' driver.
INFO - 2025-10-09 10:10:41 --> Session: Class initialized using 'CodeIgniter\Session\Handlers\FileHandler' driver.
INFO - 2025-10-09 10:10:41 --> Límite obtenido (general): 0.0170 kWh, IP: 192.168.2.199
INFO - 2025-10-09 10:10:42 --> Session: Class initialized using 'CodeIgniter\Session\Handlers\FileHandler' driver.
INFO - 2025-10-09 10:10:43 --> Session: Class initialized using 'CodeIgniter\Session\Handlers\FileHandler' driver.
INFO - 2025-10-09 10:10:44 --> Session: Class initialized using 'CodeIgniter\Session\Handlers\FileHandler' driver.
INFO - 2025-10-09 10:10:44 --> Límite obtenido (general): 0.0170 kWh, IP: 192.168.2.199
INFO - 2025-10-09 10:10:45 --> Session: Class initialized using 'CodeIgniter\Session\Handlers\FileHandler' driver.
INFO - 2025-10-09 10:10:47 --> Session: Class initialized using 'CodeIgniter\Session\Handlers\FileHandler' driver.
INFO - 2025-10-09 10:10:47 --> Límite obtenido (general): 0.0170 kWh, IP: 192.168.2.199
INFO - 2025-10-09 10:10:48 --> Session: Class initialized using 'CodeIgniter\Session\Handlers\FileHandler' driver.
INFO - 2025-10-09 10:10:48 --> Session: Class initialized using 'CodeIgniter\Session\Handlers\FileHandler' driver.
INFO - 2025-10-09 10:10:50 --> Session: Class initialized using 'CodeIgniter\Session\Handlers\FileHandler' driver.
INFO - 2025-10-09 10:10:50 --> Límite obtenido (general): 0.0170 kWh, IP: 192.168.2.199
INFO - 2025-10-09 10:10:51 --> Session: Class initialized using 'CodeIgniter\Session\Handlers\FileHandler' driver.
INFO - 2025-10-09 10:10:53 --> Session: Class initialized using 'CodeIgniter\Session\Handlers\FileHandler' driver.
INFO - 2025-10-09 10:10:53 --> Límite obtenido (general): 0.0170 kWh, IP: 192.168.2.199
INFO - 2025-10-09 10:10:53 --> Session: Class initialized using 'CodeIgniter\Session\Handlers\FileHandler' driver.
INFO - 2025-10-09 10:10:54 --> Session: Class initialized using 'CodeIgniter\Session\Handlers\FileHandler' driver.
INFO - 2025-10-09 10:10:56 --> Session: Class initialized using 'CodeIgniter\Session\Handlers\FileHandler' driver.
INFO - 2025-10-09 10:10:56 --> Límite obtenido (general): 0.0170 kWh, IP: 192.168.2.199
INFO - 2025-10-09 10:10:57 --> Session: Class initialized using 'CodeIgniter\Session\Handlers\FileHandler' driver.
INFO - 2025-10-09 10:10:58 --> Session: Class initialized using 'CodeIgniter\Session\Handlers\FileHandler' driver.
INFO - 2025-10-09 10:10:58 --> Session: Class initialized using 'CodeIgniter\Session\Handlers\FileHandler' driver.
INFO - 2025-10-09 10:10:58 --> Límite obtenido (general): 0.0170 kWh, IP: 192.168.2.199
INFO - 2025-10-09 10:11:01 --> Session: Class initialized using 'CodeIgniter\Session\Handlers\FileHandler' driver.
INFO - 2025-10-09 10:11:03 --> Session: Class initialized using 'CodeIgniter\Session\Handlers\FileHandler' driver.
INFO - 2025-10-09 10:11:03 --> Límite obtenido (general): 0.0170 kWh, IP: 192.168.2.199
INFO - 2025-10-09 10:11:03 --> Session: Class initialized using 'CodeIgniter\Session\Handlers\FileHandler' driver.
INFO - 2025-10-09 10:11:04 --> Session: Class initialized using 'CodeIgniter\Session\Handlers\FileHandler' driver.
INFO - 2025-10-09 10:11:07 --> Session: Class initialized using 'CodeIgniter\Session\Handlers\FileHandler' driver.
INFO - 2025-10-09 10:11:07 --> Límite obtenido (general): 0.0170 kWh, IP: 192.168.2.199
INFO - 2025-10-09 10:11:08 --> Session: Class initialized using 'CodeIgniter\Session\Handlers\FileHandler' driver.
INFO - 2025-10-09 10:11:08 --> Session: Class initialized using 'CodeIgniter\Session\Handlers\FileHandler' driver.
INFO - 2025-10-09 10:11:10 --> Session: Class initialized using 'CodeIgniter\Session\Handlers\FileHandler' driver.
INFO - 2025-10-09 10:11:10 --> Límite obtenido (general): 0.0170 kWh, IP: 192.168.2.199
INFO - 2025-10-09 10:11:11 --> Session: Class initialized using 'CodeIgniter\Session\Handlers\FileHandler' driver.
INFO - 2025-10-09 10:11:13 --> Session: Class initialized using 'CodeIgniter\Session\Handlers\FileHandler' driver.
INFO - 2025-10-09 10:11:13 --> Límite obtenido (general): 0.0170 kWh, IP: 192.168.2.199
INFO - 2025-10-09 10:11:13 --> Session: Class initialized using 'CodeIgniter\Session\Handlers\FileHandler' driver.
INFO - 2025-10-09 10:11:14 --> Session: Class initialized using 'CodeIgniter\Session\Handlers\FileHandler' driver.
INFO - 2025-10-09 10:11:15 --> Session: Class initialized using 'CodeIgniter\Session\Handlers\FileHandler' driver.
INFO - 2025-10-09 10:11:15 --> Límite obtenido (general): 0.0170 kWh, IP: 192.168.2.199
INFO - 2025-10-09 10:11:17 --> Session: Class initialized using 'CodeIgniter\Session\Handlers\FileHandler' driver.
INFO - 2025-10-09 10:11:18 --> Session: Class initialized using 'CodeIgniter\Session\Handlers\FileHandler' driver.
INFO - 2025-10-09 10:11:18 --> Session: Class initialized using 'CodeIgniter\Session\Handlers\FileHandler' driver.
INFO - 2025-10-09 10:11:18 --> Límite obtenido (general): 0.0170 kWh, IP: 192.168.2.199
INFO - 2025-10-09 10:11:20 --> Session: Class initialized using 'CodeIgniter\Session\Handlers\FileHandler' driver.
INFO - 2025-10-09 10:11:21 --> Session: Class initialized using 'CodeIgniter\Session\Handlers\FileHandler' driver.
INFO - 2025-10-09 10:11:21 --> Límite obtenido (general): 0.0170 kWh, IP: 192.168.2.199
INFO - 2025-10-09 10:11:22 --> Session: Class initialized using 'CodeIgniter\Session\Handlers\FileHandler' driver.
INFO - 2025-10-09 10:11:23 --> Session: Class initialized using 'CodeIgniter\Session\Handlers\FileHandler' driver.
INFO - 2025-10-09 10:11:24 --> Session: Class initialized using 'CodeIgniter\Session\Handlers\FileHandler' driver.
INFO - 2025-10-09 10:11:24 --> Límite obtenido (general): 0.0170 kWh, IP: 192.168.2.199
INFO - 2025-10-09 10:11:25 --> Session: Class initialized using 'CodeIgniter\Session\Handlers\FileHandler' driver.
INFO - 2025-10-09 10:11:28 --> Session: Class initialized using 'CodeIgniter\Session\Handlers\FileHandler' driver.
INFO - 2025-10-09 10:11:33 --> Session: Class initialized using 'CodeIgniter\Session\Handlers\FileHandler' driver.
INFO - 2025-10-09 10:11:38 --> Session: Class initialized using 'CodeIgniter\Session\Handlers\FileHandler' driver.
INFO - 2025-10-09 10:11:43 --> Session: Class initialized using 'CodeIgniter\Session\Handlers\FileHandler' driver.
INFO - 2025-10-09 10:11:48 --> Session: Class initialized using 'CodeIgniter\Session\Handlers\FileHandler' driver.
INFO - 2025-10-09 10:11:53 --> Session: Class initialized using 'CodeIgniter\Session\Handlers\FileHandler' driver.
INFO - 2025-10-09 10:11:58 --> Session: Class initialized using 'CodeIgniter\Session\Handlers\FileHandler' driver.
INFO - 2025-10-09 10:12:03 --> Session: Class initialized using 'CodeIgniter\Session\Handlers\FileHandler' driver.
INFO - 2025-10-09 10:12:08 --> Session: Class initialized using 'CodeIgniter\Session\Handlers\FileHandler' driver.
INFO - 2025-10-09 10:12:13 --> Session: Class initialized using 'CodeIgniter\Session\Handlers\FileHandler' driver.
INFO - 2025-10-09 10:12:18 --> Session: Class initialized using 'CodeIgniter\Session\Handlers\FileHandler' driver.
INFO - 2025-10-09 10:12:23 --> Session: Class initialized using 'CodeIgniter\Session\Handlers\FileHandler' driver.
INFO - 2025-10-09 10:12:28 --> Session: Class initialized using 'CodeIgniter\Session\Handlers\FileHandler' driver.
INFO - 2025-10-09 10:12:33 --> Session: Class initialized using 'CodeIgniter\Session\Handlers\FileHandler' driver.
INFO - 2025-10-09 10:12:38 --> Session: Class initialized using 'CodeIgniter\Session\Handlers\FileHandler' driver.
INFO - 2025-10-09 10:12:43 --> Session: Class initialized using 'CodeIgniter\Session\Handlers\FileHandler' driver.
INFO - 2025-10-09 10:12:48 --> Session: Class initialized using 'CodeIgniter\Session\Handlers\FileHandler' driver.
INFO - 2025-10-09 10:12:53 --> Session: Class initialized using 'CodeIgniter\Session\Handlers\FileHandler' driver.
INFO - 2025-10-09 10:12:58 --> Session: Class initialized using 'CodeIgniter\Session\Handlers\FileHandler' driver.
INFO - 2025-10-09 10:13:03 --> Session: Class initialized using 'CodeIgniter\Session\Handlers\FileHandler' driver.
INFO - 2025-10-09 10:13:08 --> Session: Class initialized using 'CodeIgniter\Session\Handlers\FileHandler' driver.
INFO - 2025-10-09 10:13:13 --> Session: Class initialized using 'CodeIgniter\Session\Handlers\FileHandler' driver.
INFO - 2025-10-09 10:13:18 --> Session: Class initialized using 'CodeIgniter\Session\Handlers\FileHandler' driver.
INFO - 2025-10-09 10:13:23 --> Session: Class initialized using 'CodeIgniter\Session\Handlers\FileHandler' driver.
INFO - 2025-10-09 10:13:28 --> Session: Class initialized using 'CodeIgniter\Session\Handlers\FileHandler' driver.
INFO - 2025-10-09 10:13:33 --> Session: Class initialized using 'CodeIgniter\Session\Handlers\FileHandler' driver.
INFO - 2025-10-09 10:13:38 --> Session: Class initialized using 'CodeIgniter\Session\Handlers\FileHandler' driver.
INFO - 2025-10-09 10:13:43 --> Session: Class initialized using 'CodeIgniter\Session\Handlers\FileHandler' driver.
INFO - 2025-10-09 10:13:48 --> Session: Class initialized using 'CodeIgniter\Session\Handlers\FileHandler' driver.
INFO - 2025-10-09 10:13:53 --> Session: Class initialized using 'CodeIgniter\Session\Handlers\FileHandler' driver.
INFO - 2025-10-09 10:13:58 --> Session: Class initialized using 'CodeIgniter\Session\Handlers\FileHandler' driver.
INFO - 2025-10-09 10:14:03 --> Session: Class initialized using 'CodeIgniter\Session\Handlers\FileHandler' driver.
INFO - 2025-10-09 10:14:08 --> Session: Class initialized using 'CodeIgniter\Session\Handlers\FileHandler' driver.
INFO - 2025-10-09 10:14:13 --> Session: Class initialized using 'CodeIgniter\Session\Handlers\FileHandler' driver.
INFO - 2025-10-09 10:14:18 --> Session: Class initialized using 'CodeIgniter\Session\Handlers\FileHandler' driver.
INFO - 2025-10-09 10:14:23 --> Session: Class initialized using 'CodeIgniter\Session\Handlers\FileHandler' driver.
INFO - 2025-10-09 10:14:28 --> Session: Class initialized using 'CodeIgniter\Session\Handlers\FileHandler' driver.
INFO - 2025-10-09 10:14:33 --> Session: Class initialized using 'CodeIgniter\Session\Handlers\FileHandler' driver.
INFO - 2025-10-09 10:14:38 --> Session: Class initialized using 'CodeIgniter\Session\Handlers\FileHandler' driver.
INFO - 2025-10-09 10:14:43 --> Session: Class initialized using 'CodeIgniter\Session\Handlers\FileHandler' driver.
DEBUG - 2025-10-09 10:14:45 --> Ruta actual: /Tesina/public/admin
INFO - 2025-10-09 10:14:45 --> Session: Class initialized using 'CodeIgniter\Session\Handlers\FileHandler' driver.
DEBUG - 2025-10-09 10:14:45 --> Datos en sesión: Array
(
    [__ci_last_regenerate] => 1760015448
    [_ci_previous_url] => http://192.168.2.189/Tesina/public/energia/dispositivo/2
    [datos_compra] => Array
        (
            [nombre] => Cristian
            [apellido] => Bruno
            [email] => cristianbruno349@itr3.edu.ar
            [direccion] => Libertad 341, Rio Tercero, 5850, Argentina
        )

    [id_usuario_registro] => 81
    [id_dispositivo] => 1
    [exito] => Se ha enviado un código de verificación a tu correo electrónico.
    [emailValido] => cristianbruno349@itr3.edu.ar
    [id_usuario] => 1
    [nombre] => brunito
    [apellido] => barber
    [email] => brunocameille@alumnos.itr3.edu.ar
    [rol] => admin
    [logged_in] => 1
)

DEBUG - 2025-10-09 10:14:46 --> Ruta actual: /Tesina/public/admin
INFO - 2025-10-09 10:14:46 --> Session: Class initialized using 'CodeIgniter\Session\Handlers\FileHandler' driver.
DEBUG - 2025-10-09 10:14:46 --> Datos en sesión: Array
(
    [__ci_last_regenerate] => 1760015448
    [_ci_previous_url] => http://192.168.2.189/Tesina/public/admin
    [datos_compra] => Array
        (
            [nombre] => Cristian
            [apellido] => Bruno
            [email] => cristianbruno349@itr3.edu.ar
            [direccion] => Libertad 341, Rio Tercero, 5850, Argentina
        )

    [id_usuario_registro] => 81
    [id_dispositivo] => 1
    [exito] => Se ha enviado un código de verificación a tu correo electrónico.
    [emailValido] => cristianbruno349@itr3.edu.ar
    [id_usuario] => 1
    [nombre] => brunito
    [apellido] => barber
    [email] => brunocameille@alumnos.itr3.edu.ar
    [rol] => admin
    [logged_in] => 1
)

DEBUG - 2025-10-09 10:15:23 --> Ruta actual: /Tesina/public/admin/dispositivos
INFO - 2025-10-09 10:15:23 --> Session: Class initialized using 'CodeIgniter\Session\Handlers\FileHandler' driver.
DEBUG - 2025-10-09 10:15:23 --> Datos en sesión: Array
(
    [__ci_last_regenerate] => 1760015448
    [_ci_previous_url] => http://192.168.2.189/Tesina/public/admin
    [datos_compra] => Array
        (
            [nombre] => Cristian
            [apellido] => Bruno
            [email] => cristianbruno349@itr3.edu.ar
            [direccion] => Libertad 341, Rio Tercero, 5850, Argentina
        )

    [id_usuario_registro] => 81
    [id_dispositivo] => 1
    [exito] => Se ha enviado un código de verificación a tu correo electrónico.
    [emailValido] => cristianbruno349@itr3.edu.ar
    [id_usuario] => 1
    [nombre] => brunito
    [apellido] => barber
    [email] => brunocameille@alumnos.itr3.edu.ar
    [rol] => admin
    [logged_in] => 1
)

DEBUG - 2025-10-09 10:15:23 --> Buscando usuario ID: 1
DEBUG - 2025-10-09 10:15:23 --> Resultado de la búsqueda: Array
(
    [id_usuario] => 1
    [nombre] => brunito
    [apellido] => barber
    [email] => brunocameille@alumnos.itr3.edu.ar
    [contrasena] => $2y$10$F4xQfULyrVhG1JD8Y21QR.vgn9Fzd257acxjmQqHQ3OYfEqBaAPb6
    [direccion_id] => 0
    [id_rol] => 1
    [created_at] => 2025-04-07 13:37:30
    [updated_at] => 2025-07-24 14:07:31
    [invitado_por] => 
    [estado] => activo
    [token_activacion] => 
)

DEBUG - 2025-10-09 10:15:31 --> Ruta actual: /Tesina/public/energia/dispositivo/2
INFO - 2025-10-09 10:15:31 --> Session: Class initialized using 'CodeIgniter\Session\Handlers\FileHandler' driver.
DEBUG - 2025-10-09 10:15:31 --> Datos en sesión: Array
(
    [__ci_last_regenerate] => 1760015448
    [_ci_previous_url] => http://192.168.2.189/Tesina/public/admin/dispositivos
    [datos_compra] => Array
        (
            [nombre] => Cristian
            [apellido] => Bruno
            [email] => cristianbruno349@itr3.edu.ar
            [direccion] => Libertad 341, Rio Tercero, 5850, Argentina
        )

    [id_usuario_registro] => 81
    [id_dispositivo] => 1
    [exito] => Se ha enviado un código de verificación a tu correo electrónico.
    [emailValido] => cristianbruno349@itr3.edu.ar
    [id_usuario] => 1
    [nombre] => brunito
    [apellido] => barber
    [email] => brunocameille@alumnos.itr3.edu.ar
    [rol] => admin
    [logged_in] => 1
)

INFO - 2025-10-09 10:15:33 --> Session: Class initialized using 'CodeIgniter\Session\Handlers\FileHandler' driver.
INFO - 2025-10-09 10:15:37 --> Session: Class initialized using 'CodeIgniter\Session\Handlers\FileHandler' driver.
INFO - 2025-10-09 10:15:42 --> Session: Class initialized using 'CodeIgniter\Session\Handlers\FileHandler' driver.
INFO - 2025-10-09 10:15:47 --> Session: Class initialized using 'CodeIgniter\Session\Handlers\FileHandler' driver.
INFO - 2025-10-09 10:15:52 --> Session: Class initialized using 'CodeIgniter\Session\Handlers\FileHandler' driver.
INFO - 2025-10-09 10:15:57 --> Session: Class initialized using 'CodeIgniter\Session\Handlers\FileHandler' driver.
INFO - 2025-10-09 10:16:02 --> Session: Class initialized using 'CodeIgniter\Session\Handlers\FileHandler' driver.
INFO - 2025-10-09 10:16:07 --> Session: Class initialized using 'CodeIgniter\Session\Handlers\FileHandler' driver.
INFO - 2025-10-09 10:16:12 --> Session: Class initialized using 'CodeIgniter\Session\Handlers\FileHandler' driver.
INFO - 2025-10-09 10:16:17 --> Session: Class initialized using 'CodeIgniter\Session\Handlers\FileHandler' driver.
INFO - 2025-10-09 10:16:22 --> Session: Class initialized using 'CodeIgniter\Session\Handlers\FileHandler' driver.
INFO - 2025-10-09 10:16:27 --> Session: Class initialized using 'CodeIgniter\Session\Handlers\FileHandler' driver.
INFO - 2025-10-09 10:16:32 --> Session: Class initialized using 'CodeIgniter\Session\Handlers\FileHandler' driver.
INFO - 2025-10-09 10:16:37 --> Session: Class initialized using 'CodeIgniter\Session\Handlers\FileHandler' driver.
INFO - 2025-10-09 10:16:41 --> Session: Class initialized using 'CodeIgniter\Session\Handlers\FileHandler' driver.
INFO - 2025-10-09 10:16:41 --> Session: Class initialized using 'CodeIgniter\Session\Handlers\FileHandler' driver.
INFO - 2025-10-09 10:16:47 --> Session: Class initialized using 'CodeIgniter\Session\Handlers\FileHandler' driver.
INFO - 2025-10-09 10:16:55 --> Session: Class initialized using 'CodeIgniter\Session\Handlers\FileHandler' driver.
INFO - 2025-10-09 10:16:56 --> Session: Class initialized using 'CodeIgniter\Session\Handlers\FileHandler' driver.
INFO - 2025-10-09 10:17:26 --> Session: Class initialized using 'CodeIgniter\Session\Handlers\FileHandler' driver.
DEBUG - 2025-10-09 10:17:26 --> Datos recibidos: Array
(
    [codigo] => 845041
    [email] => brunocameille@alumnos.itr3.edu.ar
    [nueva_contrasena] => Brunito_07$
    [confirmar_contrasena] => Brunito_07$
)

DEBUG - 2025-10-09 10:17:26 --> Usuario encontrado: Array
(
    [id_usuario] => 1
    [nombre] => brunito
    [apellido] => barber
    [email] => brunocameille@alumnos.itr3.edu.ar
    [contrasena] => $2y$10$F4xQfULyrVhG1JD8Y21QR.vgn9Fzd257acxjmQqHQ3OYfEqBaAPb6
    [direccion_id] => 0
    [id_rol] => 1
    [created_at] => 2025-04-07 13:37:30
    [updated_at] => 2025-07-24 14:07:31
    [invitado_por] => 
    [estado] => activo
    [token_activacion] => 
)

DEBUG - 2025-10-09 10:17:26 --> Código válido: Array
(
    [id_codigo] => 0
    [id_usuario] => 1
    [codigo] => 845041
    [expiracion] => 2025-10-09 11:16:52
)

DEBUG - 2025-10-09 10:17:26 --> === INICIO ACTUALIZACIÓN USUARIO ===
DEBUG - 2025-10-09 10:17:26 --> ID Usuario: 1
DEBUG - 2025-10-09 10:17:26 --> Datos recibidos: Array
(
    [contrasena] => $2y$10$7k2TOJiAbgV/9fA6dM1Fn..uwQNRj/s0VgUMYFsYzU6wrjkoJDH52
)

DEBUG - 2025-10-09 10:17:26 --> Buscando usuario ID: 1
DEBUG - 2025-10-09 10:17:26 --> Resultado de la búsqueda: Array
(
    [id_usuario] => 1
    [nombre] => brunito
    [apellido] => barber
    [email] => brunocameille@alumnos.itr3.edu.ar
    [contrasena] => $2y$10$F4xQfULyrVhG1JD8Y21QR.vgn9Fzd257acxjmQqHQ3OYfEqBaAPb6
    [direccion_id] => 0
    [id_rol] => 1
    [created_at] => 2025-04-07 13:37:30
    [updated_at] => 2025-07-24 14:07:31
    [invitado_por] => 
    [estado] => activo
    [token_activacion] => 
)

DEBUG - 2025-10-09 10:17:26 --> Datos finales para actualización: Array
(
    [contrasena] => $2y$10$7k2TOJiAbgV/9fA6dM1Fn..uwQNRj/s0VgUMYFsYzU6wrjkoJDH52
    [updated_at] => 2025-10-09 10:17:26
)

DEBUG - 2025-10-09 10:17:26 --> Resultado de la actualización: true
CRITICAL - 2025-10-09 10:17:26 --> CodeIgniter\Database\Exceptions\DatabaseException: Deletes are not allowed unless they contain a "where" or "like" clause.
[Method: POST, Route: actualizar-contrasena]
in SYSTEMPATH\Database\BaseBuilder.php on line 2814.
 1 SYSTEMPATH\Model.php(521): CodeIgniter\Database\BaseBuilder->delete()
 2 SYSTEMPATH\BaseModel.php(1158): CodeIgniter\Model->doDelete('0', false)
 3 APPPATH\Controllers\CNuevacontrasena.php(88): CodeIgniter\BaseModel->delete('0')
 4 SYSTEMPATH\CodeIgniter.php(933): App\Controllers\CNuevacontrasena->actualizar()
 5 SYSTEMPATH\CodeIgniter.php(509): CodeIgniter\CodeIgniter->runController(Object(App\Controllers\CNuevacontrasena))
 6 SYSTEMPATH\CodeIgniter.php(355): CodeIgniter\CodeIgniter->handleRequest(null, Object(Config\Cache), false)
 7 SYSTEMPATH\Boot.php(325): CodeIgniter\CodeIgniter->run()
 8 SYSTEMPATH\Boot.php(67): CodeIgniter\Boot::runCodeIgniter(Object(CodeIgniter\CodeIgniter))
 9 FCPATH\index.php(56): CodeIgniter\Boot::bootWeb(Object(Config\Paths))
INFO - 2025-10-09 10:17:30 --> Session: Class initialized using 'CodeIgniter\Session\Handlers\FileHandler' driver.
INFO - 2025-10-09 10:17:31 --> Session: Class initialized using 'CodeIgniter\Session\Handlers\FileHandler' driver.
INFO - 2025-10-09 14:25:22 --> Session: Class initialized using 'CodeIgniter\Session\Handlers\FileHandler' driver.
INFO - 2025-10-09 14:25:26 --> Session: Class initialized using 'CodeIgniter\Session\Handlers\FileHandler' driver.
INFO - 2025-10-09 14:25:26 --> Session: Class initialized using 'CodeIgniter\Session\Handlers\FileHandler' driver.
INFO - 2025-10-09 14:25:41 --> Session: Class initialized using 'CodeIgniter\Session\Handlers\FileHandler' driver.
DEBUG - 2025-10-09 14:25:41 --> Intento de inicio de sesión para email: brunocameille@alumnos.itr3.edu.ar
DEBUG - 2025-10-09 14:25:41 --> Longitud de la contraseña ingresada: 17
DEBUG - 2025-10-09 14:25:41 --> Usuario encontrado: {"id":"1","email":"brunocameille@alumnos.itr3.edu.ar","estado":"activo","rol":"1"}
DEBUG - 2025-10-09 14:25:41 --> Resultado de verificación de contraseña: false
DEBUG - 2025-10-09 14:25:41 --> Hash almacenado en la base de datos: $2y$10$7k2TOJiAbgV/9fA6dM1Fn..uwQNRj/s0VgUMYFsYzU6wrjkoJDH52
DEBUG - 2025-10-09 14:25:41 --> Contraseña incorrecta para usuario: brunocameille@alumnos.itr3.edu.ar
INFO - 2025-10-09 14:25:42 --> Session: Class initialized using 'CodeIgniter\Session\Handlers\FileHandler' driver.
INFO - 2025-10-09 14:25:50 --> Session: Class initialized using 'CodeIgniter\Session\Handlers\FileHandler' driver.
DEBUG - 2025-10-09 14:25:50 --> Intento de inicio de sesión para email: brunocameille@alumnos.itr3.edu.ar
DEBUG - 2025-10-09 14:25:50 --> Longitud de la contraseña ingresada: 17
DEBUG - 2025-10-09 14:25:50 --> Usuario encontrado: {"id":"1","email":"brunocameille@alumnos.itr3.edu.ar","estado":"activo","rol":"1"}
DEBUG - 2025-10-09 14:25:51 --> Resultado de verificación de contraseña: false
DEBUG - 2025-10-09 14:25:51 --> Hash almacenado en la base de datos: $2y$10$7k2TOJiAbgV/9fA6dM1Fn..uwQNRj/s0VgUMYFsYzU6wrjkoJDH52
DEBUG - 2025-10-09 14:25:51 --> Contraseña incorrecta para usuario: brunocameille@alumnos.itr3.edu.ar
INFO - 2025-10-09 14:25:51 --> Session: Class initialized using 'CodeIgniter\Session\Handlers\FileHandler' driver.
INFO - 2025-10-09 14:27:11 --> Session: Class initialized using 'CodeIgniter\Session\Handlers\FileHandler' driver.
DEBUG - 2025-10-09 14:27:11 --> Intento de inicio de sesión para email: brunocameille@alumnos.itr3.edu.ar
DEBUG - 2025-10-09 14:27:11 --> Longitud de la contraseña ingresada: 17
DEBUG - 2025-10-09 14:27:11 --> Usuario encontrado: {"id":"1","email":"brunocameille@alumnos.itr3.edu.ar","estado":"activo","rol":"1"}
DEBUG - 2025-10-09 14:27:12 --> Resultado de verificación de contraseña: false
DEBUG - 2025-10-09 14:27:12 --> Hash almacenado en la base de datos: $2y$10$7k2TOJiAbgV/9fA6dM1Fn..uwQNRj/s0VgUMYFsYzU6wrjkoJDH52
DEBUG - 2025-10-09 14:27:12 --> Contraseña incorrecta para usuario: brunocameille@alumnos.itr3.edu.ar
INFO - 2025-10-09 14:27:15 --> Session: Class initialized using 'CodeIgniter\Session\Handlers\FileHandler' driver.
INFO - 2025-10-09 14:27:31 --> Session: Class initialized using 'CodeIgniter\Session\Handlers\FileHandler' driver.
INFO - 2025-10-09 14:27:34 --> Session: Class initialized using 'CodeIgniter\Session\Handlers\FileHandler' driver.
INFO - 2025-10-09 14:27:35 --> Session: Class initialized using 'CodeIgniter\Session\Handlers\FileHandler' driver.
INFO - 2025-10-09 14:27:50 --> Session: Class initialized using 'CodeIgniter\Session\Handlers\FileHandler' driver.
INFO - 2025-10-09 14:27:50 --> Session: Class initialized using 'CodeIgniter\Session\Handlers\FileHandler' driver.
INFO - 2025-10-09 14:27:52 --> Session: Class initialized using 'CodeIgniter\Session\Handlers\FileHandler' driver.
INFO - 2025-10-09 14:28:32 --> Session: Class initialized using 'CodeIgniter\Session\Handlers\FileHandler' driver.
DEBUG - 2025-10-09 14:28:32 --> Datos recibidos: Array
(
    [codigo] => 845041
    [email] => brunocameille@alumnos.itr3.edu.ar
    [nueva_contrasena] => Brunitobarber_07$
    [confirmar_contrasena] => Brunitobarber_07$
)

DEBUG - 2025-10-09 14:28:32 --> Usuario encontrado: Array
(
    [id_usuario] => 1
    [nombre] => brunito
    [apellido] => barber
    [email] => brunocameille@alumnos.itr3.edu.ar
    [contrasena] => $2y$10$7k2TOJiAbgV/9fA6dM1Fn..uwQNRj/s0VgUMYFsYzU6wrjkoJDH52
    [direccion_id] => 0
    [id_rol] => 1
    [created_at] => 2025-04-07 13:37:30
    [updated_at] => 2025-10-09 10:17:26
    [invitado_por] => 
    [estado] => activo
    [token_activacion] => 
)

INFO - 2025-10-09 14:28:38 --> Session: Class initialized using 'CodeIgniter\Session\Handlers\FileHandler' driver.
INFO - 2025-10-09 14:28:50 --> Session: Class initialized using 'CodeIgniter\Session\Handlers\FileHandler' driver.
INFO - 2025-10-09 14:28:50 --> Session: Class initialized using 'CodeIgniter\Session\Handlers\FileHandler' driver.
INFO - 2025-10-09 14:31:51 --> Session: Class initialized using 'CodeIgniter\Session\Handlers\FileHandler' driver.
INFO - 2025-10-09 14:31:53 --> Session: Class initialized using 'CodeIgniter\Session\Handlers\FileHandler' driver.
INFO - 2025-10-09 14:31:58 --> Session: Class initialized using 'CodeIgniter\Session\Handlers\FileHandler' driver.
DEBUG - 2025-10-09 14:31:58 --> Intento de inicio de sesión para email: brunocameille@alumnos.itr3.edu.ar
DEBUG - 2025-10-09 14:31:58 --> Longitud de la contraseña ingresada: 17
DEBUG - 2025-10-09 14:31:59 --> Usuario encontrado: {"id":"1","email":"brunocameille@alumnos.itr3.edu.ar","estado":"activo","rol":"1"}
DEBUG - 2025-10-09 14:31:59 --> Resultado de verificación de contraseña: false
DEBUG - 2025-10-09 14:31:59 --> Hash almacenado en la base de datos: $2y$10$7k2TOJiAbgV/9fA6dM1Fn..uwQNRj/s0VgUMYFsYzU6wrjkoJDH52
DEBUG - 2025-10-09 14:31:59 --> Contraseña incorrecta para usuario: brunocameille@alumnos.itr3.edu.ar
INFO - 2025-10-09 14:32:00 --> Session: Class initialized using 'CodeIgniter\Session\Handlers\FileHandler' driver.
INFO - 2025-10-09 14:32:13 --> Session: Class initialized using 'CodeIgniter\Session\Handlers\FileHandler' driver.
DEBUG - 2025-10-09 14:32:13 --> Intento de inicio de sesión para email: brunocameille@alumnos.itr3.edu.ar
DEBUG - 2025-10-09 14:32:13 --> Longitud de la contraseña ingresada: 17
DEBUG - 2025-10-09 14:32:13 --> Usuario encontrado: {"id":"1","email":"brunocameille@alumnos.itr3.edu.ar","estado":"activo","rol":"1"}
DEBUG - 2025-10-09 14:32:13 --> Resultado de verificación de contraseña: false
DEBUG - 2025-10-09 14:32:13 --> Hash almacenado en la base de datos: $2y$10$7k2TOJiAbgV/9fA6dM1Fn..uwQNRj/s0VgUMYFsYzU6wrjkoJDH52
DEBUG - 2025-10-09 14:32:13 --> Contraseña incorrecta para usuario: brunocameille@alumnos.itr3.edu.ar
INFO - 2025-10-09 14:32:14 --> Session: Class initialized using 'CodeIgniter\Session\Handlers\FileHandler' driver.
INFO - 2025-10-09 14:32:14 --> Session: Class initialized using 'CodeIgniter\Session\Handlers\FileHandler' driver.
DEBUG - 2025-10-09 14:32:14 --> Intento de inicio de sesión para email: brunocameille@alumnos.itr3.edu.ar
DEBUG - 2025-10-09 14:32:14 --> Longitud de la contraseña ingresada: 11
DEBUG - 2025-10-09 14:32:14 --> Usuario encontrado: {"id":"1","email":"brunocameille@alumnos.itr3.edu.ar","estado":"activo","rol":"1"}
DEBUG - 2025-10-09 14:32:15 --> Resultado de verificación de contraseña: true
DEBUG - 2025-10-09 14:32:15 --> Hash almacenado en la base de datos: $2y$10$7k2TOJiAbgV/9fA6dM1Fn..uwQNRj/s0VgUMYFsYzU6wrjkoJDH52
DEBUG - 2025-10-09 14:32:15 --> Inicio de sesión exitoso para usuario: brunocameille@alumnos.itr3.edu.ar
DEBUG - 2025-10-09 14:32:15 --> Datos de sesión guardados: {"id_usuario":"1","nombre":"brunito","apellido":"barber","email":"brunocameille@alumnos.itr3.edu.ar","rol":"admin","logged_in":true}
DEBUG - 2025-10-09 14:32:15 --> Ruta actual: /Tesina/public/admin
INFO - 2025-10-09 14:32:15 --> Session: Class initialized using 'CodeIgniter\Session\Handlers\FileHandler' driver.
DEBUG - 2025-10-09 14:32:15 --> Datos en sesión: Array
(
    [__ci_last_regenerate] => 1760031111
    [_ci_previous_url] => http://192.168.2.189/Tesina/public/autenticacion/login
    [exito] => Se ha enviado un código de verificación a tu correo electrónico.
    [emailValido] => brunocameille@alumnos.itr3.edu.ar
    [id_usuario] => 1
    [nombre] => brunito
    [apellido] => barber
    [email] => brunocameille@alumnos.itr3.edu.ar
    [rol] => admin
    [logged_in] => 1
)

DEBUG - 2025-10-09 14:32:22 --> Ruta actual: /Tesina/public/admin/dispositivos
INFO - 2025-10-09 14:32:22 --> Session: Class initialized using 'CodeIgniter\Session\Handlers\FileHandler' driver.
DEBUG - 2025-10-09 14:32:22 --> Datos en sesión: Array
(
    [__ci_last_regenerate] => 1760031111
    [_ci_previous_url] => http://192.168.2.189/Tesina/public/admin
    [exito] => Se ha enviado un código de verificación a tu correo electrónico.
    [emailValido] => brunocameille@alumnos.itr3.edu.ar
    [id_usuario] => 1
    [nombre] => brunito
    [apellido] => barber
    [email] => brunocameille@alumnos.itr3.edu.ar
    [rol] => admin
    [logged_in] => 1
)

DEBUG - 2025-10-09 14:32:22 --> Buscando usuario ID: 1
DEBUG - 2025-10-09 14:32:22 --> Resultado de la búsqueda: Array
(
    [id_usuario] => 1
    [nombre] => brunito
    [apellido] => barber
    [email] => brunocameille@alumnos.itr3.edu.ar
    [contrasena] => $2y$10$7k2TOJiAbgV/9fA6dM1Fn..uwQNRj/s0VgUMYFsYzU6wrjkoJDH52
    [direccion_id] => 0
    [id_rol] => 1
    [created_at] => 2025-04-07 13:37:30
    [updated_at] => 2025-10-09 10:17:26
    [invitado_por] => 
    [estado] => activo
    [token_activacion] => 
)

DEBUG - 2025-10-09 14:33:02 --> Ruta actual: /Tesina/public/usuario/perfil
INFO - 2025-10-09 14:33:02 --> Session: Class initialized using 'CodeIgniter\Session\Handlers\FileHandler' driver.
DEBUG - 2025-10-09 14:33:02 --> Datos en sesión: Array
(
    [__ci_last_regenerate] => 1760031111
    [_ci_previous_url] => http://192.168.2.189/Tesina/public/admin/dispositivos
    [exito] => Se ha enviado un código de verificación a tu correo electrónico.
    [emailValido] => brunocameille@alumnos.itr3.edu.ar
    [id_usuario] => 1
    [nombre] => brunito
    [apellido] => barber
    [email] => brunocameille@alumnos.itr3.edu.ar
    [rol] => admin
    [logged_in] => 1
)

DEBUG - 2025-10-09 14:33:02 --> Buscando usuario ID: 1
DEBUG - 2025-10-09 14:33:02 --> Resultado de la búsqueda: Array
(
    [id_usuario] => 1
    [nombre] => brunito
    [apellido] => barber
    [email] => brunocameille@alumnos.itr3.edu.ar
    [contrasena] => $2y$10$7k2TOJiAbgV/9fA6dM1Fn..uwQNRj/s0VgUMYFsYzU6wrjkoJDH52
    [direccion_id] => 0
    [id_rol] => 1
    [created_at] => 2025-04-07 13:37:30
    [updated_at] => 2025-10-09 10:17:26
    [invitado_por] => 
    [estado] => activo
    [token_activacion] => 
)

DEBUG - 2025-10-09 14:34:00 --> Ruta actual: /Tesina/public/usuario/cambiarContrasena
INFO - 2025-10-09 14:34:00 --> Session: Class initialized using 'CodeIgniter\Session\Handlers\FileHandler' driver.
DEBUG - 2025-10-09 14:34:00 --> Datos en sesión: Array
(
    [__ci_last_regenerate] => 1760031111
    [_ci_previous_url] => http://192.168.2.189/Tesina/public/usuario/perfil
    [exito] => Se ha enviado un código de verificación a tu correo electrónico.
    [emailValido] => brunocameille@alumnos.itr3.edu.ar
    [id_usuario] => 1
    [nombre] => brunito
    [apellido] => barber
    [email] => brunocameille@alumnos.itr3.edu.ar
    [rol] => admin
    [logged_in] => 1
)

DEBUG - 2025-10-09 14:34:00 --> === INICIO CAMBIO CONTRASEÑA ===
DEBUG - 2025-10-09 14:34:00 --> ID Usuario: 1
DEBUG - 2025-10-09 14:34:00 --> Buscando usuario ID: 1
DEBUG - 2025-10-09 14:34:00 --> Resultado de la búsqueda: Array
(
    [id_usuario] => 1
    [nombre] => brunito
    [apellido] => barber
    [email] => brunocameille@alumnos.itr3.edu.ar
    [contrasena] => $2y$10$7k2TOJiAbgV/9fA6dM1Fn..uwQNRj/s0VgUMYFsYzU6wrjkoJDH52
    [direccion_id] => 0
    [id_rol] => 1
    [created_at] => 2025-04-07 13:37:30
    [updated_at] => 2025-10-09 10:17:26
    [invitado_por] => 
    [estado] => activo
    [token_activacion] => 
)

DEBUG - 2025-10-09 14:34:00 --> Ruta actual: /Tesina/public/usuario/perfil
INFO - 2025-10-09 14:34:00 --> Session: Class initialized using 'CodeIgniter\Session\Handlers\FileHandler' driver.
DEBUG - 2025-10-09 14:34:00 --> Datos en sesión: Array
(
    [__ci_last_regenerate] => 1760031111
    [_ci_previous_url] => http://192.168.2.189/Tesina/public/usuario/perfil
    [exito] => Se ha enviado un código de verificación a tu correo electrónico.
    [emailValido] => brunocameille@alumnos.itr3.edu.ar
    [id_usuario] => 1
    [nombre] => brunito
    [apellido] => barber
    [email] => brunocameille@alumnos.itr3.edu.ar
    [rol] => admin
    [logged_in] => 1
)

DEBUG - 2025-10-09 14:34:00 --> Buscando usuario ID: 1
DEBUG - 2025-10-09 14:34:00 --> Resultado de la búsqueda: Array
(
    [id_usuario] => 1
    [nombre] => brunito
    [apellido] => barber
    [email] => brunocameille@alumnos.itr3.edu.ar
    [contrasena] => $2y$10$7k2TOJiAbgV/9fA6dM1Fn..uwQNRj/s0VgUMYFsYzU6wrjkoJDH52
    [direccion_id] => 0
    [id_rol] => 1
    [created_at] => 2025-04-07 13:37:30
    [updated_at] => 2025-10-09 10:17:26
    [invitado_por] => 
    [estado] => activo
    [token_activacion] => 
)

DEBUG - 2025-10-09 14:34:42 --> Ruta actual: /Tesina/public/usuario/cambiarContrasena
INFO - 2025-10-09 14:34:42 --> Session: Class initialized using 'CodeIgniter\Session\Handlers\FileHandler' driver.
DEBUG - 2025-10-09 14:34:42 --> Datos en sesión: Array
(
    [__ci_last_regenerate] => 1760031111
    [_ci_previous_url] => http://192.168.2.189/Tesina/public/usuario/perfil
    [exito] => Se ha enviado un código de verificación a tu correo electrónico.
    [emailValido] => brunocameille@alumnos.itr3.edu.ar
    [id_usuario] => 1
    [nombre] => brunito
    [apellido] => barber
    [email] => brunocameille@alumnos.itr3.edu.ar
    [rol] => admin
    [logged_in] => 1
)

DEBUG - 2025-10-09 14:34:42 --> === INICIO CAMBIO CONTRASEÑA ===
DEBUG - 2025-10-09 14:34:42 --> ID Usuario: 1
DEBUG - 2025-10-09 14:34:42 --> Buscando usuario ID: 1
DEBUG - 2025-10-09 14:34:42 --> Resultado de la búsqueda: Array
(
    [id_usuario] => 1
    [nombre] => brunito
    [apellido] => barber
    [email] => brunocameille@alumnos.itr3.edu.ar
    [contrasena] => $2y$10$7k2TOJiAbgV/9fA6dM1Fn..uwQNRj/s0VgUMYFsYzU6wrjkoJDH52
    [direccion_id] => 0
    [id_rol] => 1
    [created_at] => 2025-04-07 13:37:30
    [updated_at] => 2025-10-09 10:17:26
    [invitado_por] => 
    [estado] => activo
    [token_activacion] => 
)

DEBUG - 2025-10-09 14:34:42 --> === INICIO ACTUALIZACIÓN USUARIO ===
DEBUG - 2025-10-09 14:34:42 --> ID Usuario: 1
DEBUG - 2025-10-09 14:34:42 --> Datos recibidos: Array
(
    [contrasena] => $2y$10$/WWBmUuVQFuc6Tp30RSxYOPhoB6r8yg3HVQ4NUMhlOaQac.m73qjq
)

DEBUG - 2025-10-09 14:34:42 --> Buscando usuario ID: 1
DEBUG - 2025-10-09 14:34:42 --> Resultado de la búsqueda: Array
(
    [id_usuario] => 1
    [nombre] => brunito
    [apellido] => barber
    [email] => brunocameille@alumnos.itr3.edu.ar
    [contrasena] => $2y$10$7k2TOJiAbgV/9fA6dM1Fn..uwQNRj/s0VgUMYFsYzU6wrjkoJDH52
    [direccion_id] => 0
    [id_rol] => 1
    [created_at] => 2025-04-07 13:37:30
    [updated_at] => 2025-10-09 10:17:26
    [invitado_por] => 
    [estado] => activo
    [token_activacion] => 
)

DEBUG - 2025-10-09 14:34:42 --> Datos finales para actualización: Array
(
    [contrasena] => $2y$10$/WWBmUuVQFuc6Tp30RSxYOPhoB6r8yg3HVQ4NUMhlOaQac.m73qjq
    [updated_at] => 2025-10-09 14:34:42
)

DEBUG - 2025-10-09 14:34:42 --> Resultado de la actualización: true
DEBUG - 2025-10-09 14:34:42 --> === FIN CAMBIO CONTRASEÑA ===
DEBUG - 2025-10-09 14:34:43 --> Ruta actual: /Tesina/public/usuario/perfil
INFO - 2025-10-09 14:34:43 --> Session: Class initialized using 'CodeIgniter\Session\Handlers\FileHandler' driver.
DEBUG - 2025-10-09 14:34:43 --> Datos en sesión: Array
(
    [__ci_last_regenerate] => 1760031111
    [_ci_previous_url] => http://192.168.2.189/Tesina/public/usuario/perfil
    [exito] => Se ha enviado un código de verificación a tu correo electrónico.
    [emailValido] => brunocameille@alumnos.itr3.edu.ar
    [id_usuario] => 1
    [nombre] => brunito
    [apellido] => barber
    [email] => brunocameille@alumnos.itr3.edu.ar
    [rol] => admin
    [logged_in] => 1
)

DEBUG - 2025-10-09 14:34:43 --> Buscando usuario ID: 1
DEBUG - 2025-10-09 14:34:43 --> Resultado de la búsqueda: Array
(
    [id_usuario] => 1
    [nombre] => brunito
    [apellido] => barber
    [email] => brunocameille@alumnos.itr3.edu.ar
    [contrasena] => $2y$10$/WWBmUuVQFuc6Tp30RSxYOPhoB6r8yg3HVQ4NUMhlOaQac.m73qjq
    [direccion_id] => 0
    [id_rol] => 1
    [created_at] => 2025-04-07 13:37:30
    [updated_at] => 2025-10-09 14:34:42
    [invitado_por] => 
    [estado] => activo
    [token_activacion] => 
)

DEBUG - 2025-10-09 14:34:48 --> Ruta actual: /Tesina/public/usuario/actualizar-perfil
INFO - 2025-10-09 14:34:48 --> Session: Class initialized using 'CodeIgniter\Session\Handlers\FileHandler' driver.
DEBUG - 2025-10-09 14:34:48 --> Datos en sesión: Array
(
    [__ci_last_regenerate] => 1760031111
    [_ci_previous_url] => http://192.168.2.189/Tesina/public/usuario/perfil
    [exito] => Se ha enviado un código de verificación a tu correo electrónico.
    [emailValido] => brunocameille@alumnos.itr3.edu.ar
    [id_usuario] => 1
    [nombre] => brunito
    [apellido] => barber
    [email] => brunocameille@alumnos.itr3.edu.ar
    [rol] => admin
    [logged_in] => 1
)

DEBUG - 2025-10-09 14:34:48 --> === INICIO ACTUALIZACIÓN USUARIO ===
DEBUG - 2025-10-09 14:34:48 --> ID Usuario: 1
DEBUG - 2025-10-09 14:34:48 --> Datos recibidos: Array
(
    [nombre] => brunito
    [apellido] => barber
    [email] => brunocameille@alumnos.itr3.edu.ar
)

DEBUG - 2025-10-09 14:34:48 --> Buscando usuario ID: 1
DEBUG - 2025-10-09 14:34:48 --> Resultado de la búsqueda: Array
(
    [id_usuario] => 1
    [nombre] => brunito
    [apellido] => barber
    [email] => brunocameille@alumnos.itr3.edu.ar
    [contrasena] => $2y$10$/WWBmUuVQFuc6Tp30RSxYOPhoB6r8yg3HVQ4NUMhlOaQac.m73qjq
    [direccion_id] => 0
    [id_rol] => 1
    [created_at] => 2025-04-07 13:37:30
    [updated_at] => 2025-10-09 14:34:42
    [invitado_por] => 
    [estado] => activo
    [token_activacion] => 
)

DEBUG - 2025-10-09 14:34:48 --> Datos finales para actualización: Array
(
    [nombre] => brunito
    [apellido] => barber
    [email] => brunocameille@alumnos.itr3.edu.ar
    [updated_at] => 2025-10-09 14:34:48
)

DEBUG - 2025-10-09 14:34:48 --> Resultado de la actualización: true
DEBUG - 2025-10-09 14:34:49 --> Ruta actual: /Tesina/public/usuario/perfil
INFO - 2025-10-09 14:34:49 --> Session: Class initialized using 'CodeIgniter\Session\Handlers\FileHandler' driver.
DEBUG - 2025-10-09 14:34:49 --> Datos en sesión: Array
(
    [__ci_last_regenerate] => 1760031111
    [_ci_previous_url] => http://192.168.2.189/Tesina/public/usuario/perfil
    [exito] => Se ha enviado un código de verificación a tu correo electrónico.
    [emailValido] => brunocameille@alumnos.itr3.edu.ar
    [id_usuario] => 1
    [nombre] => brunito
    [apellido] => barber
    [email] => brunocameille@alumnos.itr3.edu.ar
    [rol] => admin
    [logged_in] => 1
)

DEBUG - 2025-10-09 14:34:49 --> Buscando usuario ID: 1
DEBUG - 2025-10-09 14:34:49 --> Resultado de la búsqueda: Array
(
    [id_usuario] => 1
    [nombre] => brunito
    [apellido] => barber
    [email] => brunocameille@alumnos.itr3.edu.ar
    [contrasena] => $2y$10$/WWBmUuVQFuc6Tp30RSxYOPhoB6r8yg3HVQ4NUMhlOaQac.m73qjq
    [direccion_id] => 0
    [id_rol] => 1
    [created_at] => 2025-04-07 13:37:30
    [updated_at] => 2025-10-09 14:34:48
    [invitado_por] => 
    [estado] => activo
    [token_activacion] => 
)

INFO - 2025-10-09 14:34:51 --> Session: Class initialized using 'CodeIgniter\Session\Handlers\FileHandler' driver.
INFO - 2025-10-09 14:34:52 --> Session: Class initialized using 'CodeIgniter\Session\Handlers\FileHandler' driver.
INFO - 2025-10-09 14:34:56 --> Session: Class initialized using 'CodeIgniter\Session\Handlers\FileHandler' driver.
DEBUG - 2025-10-09 14:34:56 --> Intento de inicio de sesión para email: brunocameille@alumnos.itr3.edu.ar
DEBUG - 2025-10-09 14:34:56 --> Longitud de la contraseña ingresada: 17
DEBUG - 2025-10-09 14:34:56 --> Usuario encontrado: {"id":"1","email":"brunocameille@alumnos.itr3.edu.ar","estado":"activo","rol":"1"}
DEBUG - 2025-10-09 14:34:56 --> Resultado de verificación de contraseña: true
DEBUG - 2025-10-09 14:34:56 --> Hash almacenado en la base de datos: $2y$10$/WWBmUuVQFuc6Tp30RSxYOPhoB6r8yg3HVQ4NUMhlOaQac.m73qjq
DEBUG - 2025-10-09 14:34:56 --> Inicio de sesión exitoso para usuario: brunocameille@alumnos.itr3.edu.ar
DEBUG - 2025-10-09 14:34:56 --> Datos de sesión guardados: {"id_usuario":"1","nombre":"brunito","apellido":"barber","email":"brunocameille@alumnos.itr3.edu.ar","rol":"admin","logged_in":true}
DEBUG - 2025-10-09 14:34:57 --> Ruta actual: /Tesina/public/admin
INFO - 2025-10-09 14:34:57 --> Session: Class initialized using 'CodeIgniter\Session\Handlers\FileHandler' driver.
DEBUG - 2025-10-09 14:34:57 --> Datos en sesión: Array
(
    [__ci_last_regenerate] => 1760031292
    [_ci_previous_url] => http://192.168.2.189/Tesina/public/autenticacion/login
    [id_usuario] => 1
    [nombre] => brunito
    [apellido] => barber
    [email] => brunocameille@alumnos.itr3.edu.ar
    [rol] => admin
    [logged_in] => 1
)

INFO - 2025-10-09 14:35:01 --> Session: Class initialized using 'CodeIgniter\Session\Handlers\FileHandler' driver.
INFO - 2025-10-09 14:35:02 --> Session: Class initialized using 'CodeIgniter\Session\Handlers\FileHandler' driver.
INFO - 2025-10-09 14:35:09 --> Session: Class initialized using 'CodeIgniter\Session\Handlers\FileHandler' driver.
INFO - 2025-10-09 14:35:18 --> Session: Class initialized using 'CodeIgniter\Session\Handlers\FileHandler' driver.
INFO - 2025-10-09 14:35:19 --> Session: Class initialized using 'CodeIgniter\Session\Handlers\FileHandler' driver.
INFO - 2025-10-09 14:35:52 --> Session: Class initialized using 'CodeIgniter\Session\Handlers\FileHandler' driver.
DEBUG - 2025-10-09 14:35:52 --> Datos recibidos: Array
(
    [codigo] => 133776
    [email] => brunocameille@alumnos.itr3.edu.ar
    [nueva_contrasena] => Brunito_07$
    [confirmar_contrasena] => Brunito_07$
)

DEBUG - 2025-10-09 14:35:52 --> Usuario encontrado: Array
(
    [id_usuario] => 1
    [nombre] => brunito
    [apellido] => barber
    [email] => brunocameille@alumnos.itr3.edu.ar
    [contrasena] => $2y$10$/WWBmUuVQFuc6Tp30RSxYOPhoB6r8yg3HVQ4NUMhlOaQac.m73qjq
    [direccion_id] => 0
    [id_rol] => 1
    [created_at] => 2025-04-07 13:37:30
    [updated_at] => 2025-10-09 14:34:48
    [invitado_por] => 
    [estado] => activo
    [token_activacion] => 
)

DEBUG - 2025-10-09 14:35:52 --> Código válido: Array
(
    [id_codigo] => 0
    [id_usuario] => 1
    [codigo] => 133776
    [expiracion] => 2025-10-09 15:27:43
)

DEBUG - 2025-10-09 14:35:52 --> === INICIO ACTUALIZACIÓN USUARIO ===
DEBUG - 2025-10-09 14:35:52 --> ID Usuario: 1
DEBUG - 2025-10-09 14:35:52 --> Datos recibidos: Array
(
    [contrasena] => $2y$10$YryuVQvV7z4wHR.GSRZiduLZv4pIDE0VsyIx.k4.GtEZGJ/la7wnO
)

DEBUG - 2025-10-09 14:35:52 --> Buscando usuario ID: 1
DEBUG - 2025-10-09 14:35:52 --> Resultado de la búsqueda: Array
(
    [id_usuario] => 1
    [nombre] => brunito
    [apellido] => barber
    [email] => brunocameille@alumnos.itr3.edu.ar
    [contrasena] => $2y$10$/WWBmUuVQFuc6Tp30RSxYOPhoB6r8yg3HVQ4NUMhlOaQac.m73qjq
    [direccion_id] => 0
    [id_rol] => 1
    [created_at] => 2025-04-07 13:37:30
    [updated_at] => 2025-10-09 14:34:48
    [invitado_por] => 
    [estado] => activo
    [token_activacion] => 
)

DEBUG - 2025-10-09 14:35:52 --> Datos finales para actualización: Array
(
    [contrasena] => $2y$10$YryuVQvV7z4wHR.GSRZiduLZv4pIDE0VsyIx.k4.GtEZGJ/la7wnO
    [updated_at] => 2025-10-09 14:35:52
)

DEBUG - 2025-10-09 14:35:52 --> Resultado de la actualización: true
CRITICAL - 2025-10-09 14:35:52 --> CodeIgniter\Database\Exceptions\DatabaseException: Deletes are not allowed unless they contain a "where" or "like" clause.
[Method: POST, Route: actualizar-contrasena]
in SYSTEMPATH\Database\BaseBuilder.php on line 2814.
 1 SYSTEMPATH\Model.php(521): CodeIgniter\Database\BaseBuilder->delete()
 2 SYSTEMPATH\BaseModel.php(1158): CodeIgniter\Model->doDelete('0', false)
 3 APPPATH\Controllers\CNuevacontrasena.php(88): CodeIgniter\BaseModel->delete('0')
 4 SYSTEMPATH\CodeIgniter.php(933): App\Controllers\CNuevacontrasena->actualizar()
 5 SYSTEMPATH\CodeIgniter.php(509): CodeIgniter\CodeIgniter->runController(Object(App\Controllers\CNuevacontrasena))
 6 SYSTEMPATH\CodeIgniter.php(355): CodeIgniter\CodeIgniter->handleRequest(null, Object(Config\Cache), false)
 7 SYSTEMPATH\Boot.php(325): CodeIgniter\CodeIgniter->run()
 8 SYSTEMPATH\Boot.php(67): CodeIgniter\Boot::runCodeIgniter(Object(CodeIgniter\CodeIgniter))
 9 FCPATH\index.php(56): CodeIgniter\Boot::bootWeb(Object(Config\Paths))
INFO - 2025-10-09 14:36:34 --> Session: Class initialized using 'CodeIgniter\Session\Handlers\FileHandler' driver.
INFO - 2025-10-09 14:36:38 --> Session: Class initialized using 'CodeIgniter\Session\Handlers\FileHandler' driver.
INFO - 2025-10-09 14:36:47 --> Session: Class initialized using 'CodeIgniter\Session\Handlers\FileHandler' driver.
INFO - 2025-10-09 14:36:53 --> Session: Class initialized using 'CodeIgniter\Session\Handlers\FileHandler' driver.
INFO - 2025-10-09 14:37:37 --> Session: Class initialized using 'CodeIgniter\Session\Handlers\FileHandler' driver.
DEBUG - 2025-10-09 14:37:37 --> === INICIO PROCESO DE COMPRA ===
DEBUG - 2025-10-09 14:37:37 --> Datos recibidos: {"nombre":"lapala","email":"lapala@gmail.com","id_dispositivo":"1"}
DEBUG - 2025-10-09 14:37:37 --> Dispositivo encontrado: {"id_dispositivo":"1","nombre":"medidor de ecovolt","id_usuario":"1","mac_address":"00:1A:2B:3C:4D:5E","ip_address":null,"ultima_conexion":null,"estado":"activo","created_at":"2025-04-10 22:26:34","stock":"43","precio":"85","descripcion":"","fecha_actualizacion":"2025-06-27 08:44:59","updated_at":"2025-06-12 15:06:14","codigo_activacion":null,"fecha_activacion":null}
DEBUG - 2025-10-09 14:37:37 --> Creando usuario con datos: {"email":"lapala@gmail.com","rol":1,"estado":"pendiente"}
DEBUG - 2025-10-09 14:37:37 --> Iniciando hashPassword con datos: {"data":{"nombre":"lapala","apellido":"kaka","email":"lapala@gmail.com","contrasena":"Lapala_07$","id_rol":1,"estado":"pendiente","created_at":"2025-10-09 14:37:37","updated_at":"2025-10-09 14:37:37"}}
DEBUG - 2025-10-09 14:37:37 --> Contraseña original: Lapala_07$
DEBUG - 2025-10-09 14:37:37 --> Longitud de la contraseña original: 10
DEBUG - 2025-10-09 14:37:37 --> Hash generado: $2y$10$aQGZ2Ie5kYMWOFBtVnh5fuHnKTqGPDvPHaj2afVKp0MFU4yuo4pry
DEBUG - 2025-10-09 14:37:37 --> Usuario creado con ID: 82
DEBUG - 2025-10-09 14:37:37 --> Dirección creada con ID: 23
DEBUG - 2025-10-09 14:37:37 --> Datos guardados en sesión: {"id_usuario":82,"id_dispositivo":"1"}
DEBUG - 2025-10-09 14:37:37 --> === FIN PROCESO DE COMPRA ===
INFO - 2025-10-09 14:37:40 --> Session: Class initialized using 'CodeIgniter\Session\Handlers\FileHandler' driver.
ERROR - 2025-10-09 14:42:02 --> mysqli_sql_exception: Table 'configuraciones' already exists in C:\xampp\htdocs\Tesina\system\Database\MySQLi\Connection.php:312
Stack trace:
#0 C:\xampp\htdocs\Tesina\system\Database\MySQLi\Connection.php(312): mysqli->query('CREATE TABLE `c...', 0)
#1 C:\xampp\htdocs\Tesina\system\Database\BaseConnection.php(734): CodeIgniter\Database\MySQLi\Connection->execute('CREATE TABLE `c...')
#2 C:\xampp\htdocs\Tesina\system\Database\BaseConnection.php(648): CodeIgniter\Database\BaseConnection->simpleQuery('CREATE TABLE `c...')
#3 C:\xampp\htdocs\Tesina\system\Database\Forge.php(570): CodeIgniter\Database\BaseConnection->query('CREATE TABLE `c...')
#4 C:\xampp\htdocs\Tesina\app\Database\Migrations\2024-03-20-000001_create_configuraciones_table.php(40): CodeIgniter\Database\Forge->createTable('configuraciones')
#5 C:\xampp\htdocs\Tesina\system\Database\MigrationRunner.php(867): App\Database\Migrations\CreateConfiguracionesTable->up()
#6 C:\xampp\htdocs\Tesina\system\Database\MigrationRunner.php(183): CodeIgniter\Database\MigrationRunner->migrate('up', Object(stdClass))
#7 C:\xampp\htdocs\Tesina\system\Commands\Database\Migrate.php(85): CodeIgniter\Database\MigrationRunner->latest(NULL)
#8 C:\xampp\htdocs\Tesina\system\CLI\Commands.php(70): CodeIgniter\Commands\Database\Migrate->run(Array)
#9 C:\xampp\htdocs\Tesina\system\CLI\Console.php(48): CodeIgniter\CLI\Commands->run('migrate', Array)
#10 C:\xampp\htdocs\Tesina\system\Boot.php(351): CodeIgniter\CLI\Console->run()
#11 C:\xampp\htdocs\Tesina\system\Boot.php(104): CodeIgniter\Boot::runCommand(Object(CodeIgniter\CLI\Console))
#12 C:\xampp\htdocs\Tesina\spark(84): CodeIgniter\Boot::bootSpark(Object(Config\Paths))
#13 {main}
INFO - 2025-10-09 14:46:08 --> Session: Class initialized using 'CodeIgniter\Session\Handlers\FileHandler' driver.
INFO - 2025-10-09 14:50:03 --> Session: Class initialized using 'CodeIgniter\Session\Handlers\FileHandler' driver.
INFO - 2025-10-09 14:50:07 --> Session: Class initialized using 'CodeIgniter\Session\Handlers\FileHandler' driver.
INFO - 2025-10-09 14:50:54 --> Session: Class initialized using 'CodeIgniter\Session\Handlers\FileHandler' driver.
DEBUG - 2025-10-09 14:50:54 --> === INICIO PROCESO DE COMPRA ===
DEBUG - 2025-10-09 14:50:54 --> Datos recibidos: {"nombre":"lupo","email":"lupo@gmail.com","id_dispositivo":"1"}
DEBUG - 2025-10-09 14:50:54 --> Dispositivo encontrado: {"id_dispositivo":"1","nombre":"medidor de ecovolt","id_usuario":"1","mac_address":"00:1A:2B:3C:4D:5E","ip_address":null,"ultima_conexion":null,"estado":"activo","created_at":"2025-04-10 22:26:34","stock":"43","precio":"85","descripcion":"","fecha_actualizacion":"2025-06-27 08:44:59","updated_at":"2025-06-12 15:06:14","codigo_activacion":null,"fecha_activacion":null}
DEBUG - 2025-10-09 14:50:54 --> Creando usuario con datos: {"email":"lupo@gmail.com","rol":1,"estado":"pendiente"}
DEBUG - 2025-10-09 14:50:55 --> Iniciando hashPassword con datos: {"data":{"nombre":"lupo","apellido":"kaka","email":"lupo@gmail.com","contrasena":"Lupo_07$","id_rol":1,"estado":"pendiente","created_at":"2025-10-09 14:50:55","updated_at":"2025-10-09 14:50:55"}}
DEBUG - 2025-10-09 14:50:55 --> Contraseña original: Lupo_07$
DEBUG - 2025-10-09 14:50:55 --> Longitud de la contraseña original: 8
DEBUG - 2025-10-09 14:50:55 --> Hash generado: $2y$10$XuECFx6XgYhfRlwfZpTKg.z/QBosmE3f1yJX7cM63QxP9bWID.G/u
DEBUG - 2025-10-09 14:50:55 --> Usuario creado con ID: 83
DEBUG - 2025-10-09 14:50:55 --> Dirección creada con ID: 24
DEBUG - 2025-10-09 14:50:55 --> Datos guardados en sesión: {"id_usuario":83,"id_dispositivo":"1"}
DEBUG - 2025-10-09 14:50:55 --> === FIN PROCESO DE COMPRA ===
INFO - 2025-10-09 14:50:56 --> Session: Class initialized using 'CodeIgniter\Session\Handlers\FileHandler' driver.
INFO - 2025-10-09 15:14:53 --> Session: Class initialized using 'CodeIgniter\Session\Handlers\FileHandler' driver.
INFO - 2025-10-09 15:15:14 --> Session: Class initialized using 'CodeIgniter\Session\Handlers\FileHandler' driver.
DEBUG - 2025-10-09 15:15:14 --> === INICIO PROCESO DE COMPRA ===
DEBUG - 2025-10-09 15:15:14 --> Datos recibidos: {"nombre":"lupinn","email":"lupinn@gmail.com","id_dispositivo":"1"}
DEBUG - 2025-10-09 15:15:14 --> Dispositivo encontrado: {"id_dispositivo":"1","nombre":"medidor de ecovolt","id_usuario":"1","mac_address":"00:1A:2B:3C:4D:5E","ip_address":null,"ultima_conexion":null,"estado":"activo","created_at":"2025-04-10 22:26:34","stock":"43","precio":"85","descripcion":"","fecha_actualizacion":"2025-06-27 08:44:59","updated_at":"2025-06-12 15:06:14","codigo_activacion":null,"fecha_activacion":null}
DEBUG - 2025-10-09 15:15:14 --> Usuario nuevo - guardando datos para crear después del pago exitoso
DEBUG - 2025-10-09 15:15:14 --> Datos guardados en sesión: {"id_usuario":null,"id_dispositivo":"1"}
DEBUG - 2025-10-09 15:15:14 --> === FIN PROCESO DE COMPRA ===
INFO - 2025-10-09 15:15:14 --> Session: Class initialized using 'CodeIgniter\Session\Handlers\FileHandler' driver.
