INFO - 2025-09-16 11:33:20 --> Session: Class initialized using 'CodeIgniter\Session\Handlers\FileHandler' driver.
INFO - 2025-09-16 11:33:43 --> Session: Class initialized using 'CodeIgniter\Session\Handlers\FileHandler' driver.
INFO - 2025-09-16 11:33:58 --> Session: Class initialized using 'CodeIgniter\Session\Handlers\FileHandler' driver.
DEBUG - 2025-09-16 11:33:58 --> Intento de inicio de sesión para email: brunocameille@alumnos.itr3.edu.ar
DEBUG - 2025-09-16 11:33:58 --> Longitud de la contraseña ingresada: 17
DEBUG - 2025-09-16 11:33:58 --> Usuario encontrado: {"id":"1","email":"brunocameille@alumnos.itr3.edu.ar","estado":"activo","rol":"1"}
DEBUG - 2025-09-16 11:33:59 --> Resultado de verificación de contraseña: true
DEBUG - 2025-09-16 11:33:59 --> Hash almacenado en la base de datos: $2y$10$F4xQfULyrVhG1JD8Y21QR.vgn9Fzd257acxjmQqHQ3OYfEqBaAPb6
DEBUG - 2025-09-16 11:33:59 --> Inicio de sesión exitoso para usuario: brunocameille@alumnos.itr3.edu.ar
DEBUG - 2025-09-16 11:33:59 --> Datos de sesión guardados: {"id_usuario":"1","nombre":"brunito","apellido":"barber","email":"brunocameille@alumnos.itr3.edu.ar","rol":"admin","logged_in":true}
DEBUG - 2025-09-16 11:34:02 --> Ruta actual: /Tesina/public/admin
INFO - 2025-09-16 11:34:02 --> Session: Class initialized using 'CodeIgniter\Session\Handlers\FileHandler' driver.
DEBUG - 2025-09-16 11:34:02 --> Datos en sesión: Array
(
    [__ci_last_regenerate] => 1758033223
    [_ci_previous_url] => http://192.168.2.188/Tesina/public/autenticacion/login
    [id_usuario] => 1
    [nombre] => brunito
    [apellido] => barber
    [email] => brunocameille@alumnos.itr3.edu.ar
    [rol] => admin
    [logged_in] => 1
)

DEBUG - 2025-09-16 11:34:06 --> Ruta actual: /Tesina/public/admin/dispositivos
INFO - 2025-09-16 11:34:06 --> Session: Class initialized using 'CodeIgniter\Session\Handlers\FileHandler' driver.
DEBUG - 2025-09-16 11:34:06 --> Datos en sesión: Array
(
    [__ci_last_regenerate] => 1758033223
    [_ci_previous_url] => http://192.168.2.188/Tesina/public/admin
    [id_usuario] => 1
    [nombre] => brunito
    [apellido] => barber
    [email] => brunocameille@alumnos.itr3.edu.ar
    [rol] => admin
    [logged_in] => 1
)

DEBUG - 2025-09-16 11:34:06 --> Buscando usuario ID: 1
DEBUG - 2025-09-16 11:34:06 --> Resultado de la búsqueda: Array
(
    [id_usuario] => 1
    [nombre] => brunito
    [apellido] => barber
    [email] => brunocameille@alumnos.itr3.edu.ar
    [contrasena] => $2y$10$F4xQfULyrVhG1JD8Y21QR.vgn9Fzd257acxjmQqHQ3OYfEqBaAPb6
    [direccion_id] => 0
    [id_rol] => 1
    [created_at] => 2025-04-07 13:37:30
    [updated_at] => 2025-07-24 14:07:31
    [invitado_por] => 
    [estado] => activo
    [token_activacion] => 
)

DEBUG - 2025-09-16 11:34:11 --> Ruta actual: /Tesina/public/energia/dispositivo/2
INFO - 2025-09-16 11:34:11 --> Session: Class initialized using 'CodeIgniter\Session\Handlers\FileHandler' driver.
DEBUG - 2025-09-16 11:34:11 --> Datos en sesión: Array
(
    [__ci_last_regenerate] => 1758033223
    [_ci_previous_url] => http://192.168.2.188/Tesina/public/admin/dispositivos
    [id_usuario] => 1
    [nombre] => brunito
    [apellido] => barber
    [email] => brunocameille@alumnos.itr3.edu.ar
    [rol] => admin
    [logged_in] => 1
)

INFO - 2025-09-16 11:34:15 --> Session: Class initialized using 'CodeIgniter\Session\Handlers\FileHandler' driver.
INFO - 2025-09-16 11:34:19 --> Session: Class initialized using 'CodeIgniter\Session\Handlers\FileHandler' driver.
INFO - 2025-09-16 11:34:24 --> Session: Class initialized using 'CodeIgniter\Session\Handlers\FileHandler' driver.
INFO - 2025-09-16 11:34:29 --> Session: Class initialized using 'CodeIgniter\Session\Handlers\FileHandler' driver.
INFO - 2025-09-16 11:34:34 --> Session: Class initialized using 'CodeIgniter\Session\Handlers\FileHandler' driver.
INFO - 2025-09-16 11:34:39 --> Session: Class initialized using 'CodeIgniter\Session\Handlers\FileHandler' driver.
DEBUG - 2025-09-16 11:34:42 --> Ruta actual: /Tesina/public/energia/generarPDF/2
INFO - 2025-09-16 11:34:42 --> Session: Class initialized using 'CodeIgniter\Session\Handlers\FileHandler' driver.
DEBUG - 2025-09-16 11:34:42 --> Datos en sesión: Array
(
    [__ci_last_regenerate] => 1758033223
    [_ci_previous_url] => http://192.168.2.188/Tesina/public/energia/dispositivo/2
    [id_usuario] => 1
    [nombre] => brunito
    [apellido] => barber
    [email] => brunocameille@alumnos.itr3.edu.ar
    [rol] => admin
    [logged_in] => 1
)

CRITICAL - 2025-09-16 11:34:42 --> ErrorException: Undefined variable $energiaModel
[Method: GET, Route: energia/generarPDF/2]
in APPPATH\Views\energia\pdf.php on line 30.
 1 APPPATH\Views\energia\pdf.php(30): CodeIgniter\Debug\Exceptions->errorHandler(2, 'Undefined variable $energiaModel', 'C:\\xampp\\htdocs\\Tesina\\app\\Views\\energia\\pdf.php', 30)
 2 SYSTEMPATH\View\View.php(234): include('C:\\xampp\\htdocs\\Tesina\\app\\Views\\energia\\pdf.php')
 3 SYSTEMPATH\View\View.php(237): CodeIgniter\View\View->CodeIgniter\View\{closure}()
 4 SYSTEMPATH\Common.php(1169): CodeIgniter\View\View->render('energia/pdf', [], true)
 5 APPPATH\Controllers\Energia.php(470): view('energia/pdf', [...])
 6 SYSTEMPATH\CodeIgniter.php(933): App\Controllers\Energia->generarPDF('2')
 7 SYSTEMPATH\CodeIgniter.php(509): CodeIgniter\CodeIgniter->runController(Object(App\Controllers\Energia))
 8 SYSTEMPATH\CodeIgniter.php(355): CodeIgniter\CodeIgniter->handleRequest(null, Object(Config\Cache), false)
 9 SYSTEMPATH\Boot.php(325): CodeIgniter\CodeIgniter->run()
10 SYSTEMPATH\Boot.php(67): CodeIgniter\Boot::runCodeIgniter(Object(CodeIgniter\CodeIgniter))
11 FCPATH\index.php(56): CodeIgniter\Boot::bootWeb(Object(Config\Paths))
INFO - 2025-09-16 11:34:44 --> Session: Class initialized using 'CodeIgniter\Session\Handlers\FileHandler' driver.
INFO - 2025-09-16 11:34:49 --> Session: Class initialized using 'CodeIgniter\Session\Handlers\FileHandler' driver.
INFO - 2025-09-16 11:34:54 --> Session: Class initialized using 'CodeIgniter\Session\Handlers\FileHandler' driver.
INFO - 2025-09-16 11:34:59 --> Session: Class initialized using 'CodeIgniter\Session\Handlers\FileHandler' driver.
INFO - 2025-09-16 11:35:04 --> Session: Class initialized using 'CodeIgniter\Session\Handlers\FileHandler' driver.
INFO - 2025-09-16 11:35:09 --> Session: Class initialized using 'CodeIgniter\Session\Handlers\FileHandler' driver.
INFO - 2025-09-16 11:35:16 --> Session: Class initialized using 'CodeIgniter\Session\Handlers\FileHandler' driver.
INFO - 2025-09-16 11:35:19 --> Session: Class initialized using 'CodeIgniter\Session\Handlers\FileHandler' driver.
INFO - 2025-09-16 11:35:24 --> Session: Class initialized using 'CodeIgniter\Session\Handlers\FileHandler' driver.
INFO - 2025-09-16 11:35:29 --> Session: Class initialized using 'CodeIgniter\Session\Handlers\FileHandler' driver.
INFO - 2025-09-16 11:35:34 --> Session: Class initialized using 'CodeIgniter\Session\Handlers\FileHandler' driver.
INFO - 2025-09-16 11:35:39 --> Session: Class initialized using 'CodeIgniter\Session\Handlers\FileHandler' driver.
INFO - 2025-09-16 11:35:44 --> Session: Class initialized using 'CodeIgniter\Session\Handlers\FileHandler' driver.
INFO - 2025-09-16 11:35:49 --> Session: Class initialized using 'CodeIgniter\Session\Handlers\FileHandler' driver.
INFO - 2025-09-16 11:35:54 --> Session: Class initialized using 'CodeIgniter\Session\Handlers\FileHandler' driver.
INFO - 2025-09-16 11:35:59 --> Session: Class initialized using 'CodeIgniter\Session\Handlers\FileHandler' driver.
INFO - 2025-09-16 11:36:04 --> Session: Class initialized using 'CodeIgniter\Session\Handlers\FileHandler' driver.
INFO - 2025-09-16 11:36:35 --> Session: Class initialized using 'CodeIgniter\Session\Handlers\FileHandler' driver.
INFO - 2025-09-16 11:37:35 --> Session: Class initialized using 'CodeIgniter\Session\Handlers\FileHandler' driver.
INFO - 2025-09-16 11:38:22 --> Session: Class initialized using 'CodeIgniter\Session\Handlers\FileHandler' driver.
INFO - 2025-09-16 11:38:24 --> Session: Class initialized using 'CodeIgniter\Session\Handlers\FileHandler' driver.
INFO - 2025-09-16 11:38:29 --> Session: Class initialized using 'CodeIgniter\Session\Handlers\FileHandler' driver.
DEBUG - 2025-09-16 11:38:33 --> Ruta actual: /Tesina/public/energia/generarPDF/2
INFO - 2025-09-16 11:38:33 --> Session: Class initialized using 'CodeIgniter\Session\Handlers\FileHandler' driver.
DEBUG - 2025-09-16 11:38:33 --> Datos en sesión: Array
(
    [__ci_last_regenerate] => 1758033223
    [_ci_previous_url] => http://192.168.2.188/Tesina/public/energia/dispositivo/2
    [id_usuario] => 1
    [nombre] => brunito
    [apellido] => barber
    [email] => brunocameille@alumnos.itr3.edu.ar
    [rol] => admin
    [logged_in] => 1
)

INFO - 2025-09-16 11:38:34 --> Session: Class initialized using 'CodeIgniter\Session\Handlers\FileHandler' driver.
INFO - 2025-09-16 11:38:39 --> Session: Class initialized using 'CodeIgniter\Session\Handlers\FileHandler' driver.
INFO - 2025-09-16 11:38:44 --> Session: Class initialized using 'CodeIgniter\Session\Handlers\FileHandler' driver.
INFO - 2025-09-16 11:38:49 --> Session: Class initialized using 'CodeIgniter\Session\Handlers\FileHandler' driver.
INFO - 2025-09-16 11:38:54 --> Session: Class initialized using 'CodeIgniter\Session\Handlers\FileHandler' driver.
INFO - 2025-09-16 11:38:59 --> Session: Class initialized using 'CodeIgniter\Session\Handlers\FileHandler' driver.
INFO - 2025-09-16 11:39:04 --> Session: Class initialized using 'CodeIgniter\Session\Handlers\FileHandler' driver.
INFO - 2025-09-16 11:39:09 --> Session: Class initialized using 'CodeIgniter\Session\Handlers\FileHandler' driver.
INFO - 2025-09-16 11:39:14 --> Session: Class initialized using 'CodeIgniter\Session\Handlers\FileHandler' driver.
INFO - 2025-09-16 11:39:19 --> Session: Class initialized using 'CodeIgniter\Session\Handlers\FileHandler' driver.
INFO - 2025-09-16 11:39:24 --> Session: Class initialized using 'CodeIgniter\Session\Handlers\FileHandler' driver.
INFO - 2025-09-16 11:39:29 --> Session: Class initialized using 'CodeIgniter\Session\Handlers\FileHandler' driver.
INFO - 2025-09-16 11:39:34 --> Session: Class initialized using 'CodeIgniter\Session\Handlers\FileHandler' driver.
INFO - 2025-09-16 11:39:54 --> Session: Class initialized using 'CodeIgniter\Session\Handlers\FileHandler' driver.
INFO - 2025-09-16 11:39:58 --> Session: Class initialized using 'CodeIgniter\Session\Handlers\FileHandler' driver.
INFO - 2025-09-16 11:40:04 --> Session: Class initialized using 'CodeIgniter\Session\Handlers\FileHandler' driver.
DEBUG - 2025-09-16 11:40:04 --> Ruta actual: /Tesina/public/energia/generarPDF/2
INFO - 2025-09-16 11:40:04 --> Session: Class initialized using 'CodeIgniter\Session\Handlers\FileHandler' driver.
DEBUG - 2025-09-16 11:40:04 --> Datos en sesión: Array
(
    [__ci_last_regenerate] => 1758033524
    [_ci_previous_url] => http://192.168.2.188/Tesina/public/energia/generarPDF/2
    [id_usuario] => 1
    [nombre] => brunito
    [apellido] => barber
    [email] => brunocameille@alumnos.itr3.edu.ar
    [rol] => admin
    [logged_in] => 1
)

DEBUG - 2025-09-16 11:40:07 --> Ruta actual: /Tesina/public/energia/generarPDF/2
INFO - 2025-09-16 11:40:07 --> Session: Class initialized using 'CodeIgniter\Session\Handlers\FileHandler' driver.
DEBUG - 2025-09-16 11:40:07 --> Datos en sesión: Array
(
    [__ci_last_regenerate] => 1758033524
    [_ci_previous_url] => http://192.168.2.188/Tesina/public/energia/generarPDF/2
    [id_usuario] => 1
    [nombre] => brunito
    [apellido] => barber
    [email] => brunocameille@alumnos.itr3.edu.ar
    [rol] => admin
    [logged_in] => 1
)

INFO - 2025-09-16 11:40:09 --> Session: Class initialized using 'CodeIgniter\Session\Handlers\FileHandler' driver.
INFO - 2025-09-16 11:40:14 --> Session: Class initialized using 'CodeIgniter\Session\Handlers\FileHandler' driver.
INFO - 2025-09-16 11:40:19 --> Session: Class initialized using 'CodeIgniter\Session\Handlers\FileHandler' driver.
INFO - 2025-09-16 11:40:24 --> Session: Class initialized using 'CodeIgniter\Session\Handlers\FileHandler' driver.
INFO - 2025-09-16 11:40:29 --> Session: Class initialized using 'CodeIgniter\Session\Handlers\FileHandler' driver.
INFO - 2025-09-16 11:40:34 --> Session: Class initialized using 'CodeIgniter\Session\Handlers\FileHandler' driver.
INFO - 2025-09-16 11:40:39 --> Session: Class initialized using 'CodeIgniter\Session\Handlers\FileHandler' driver.
INFO - 2025-09-16 11:40:44 --> Session: Class initialized using 'CodeIgniter\Session\Handlers\FileHandler' driver.
INFO - 2025-09-16 11:40:49 --> Session: Class initialized using 'CodeIgniter\Session\Handlers\FileHandler' driver.
INFO - 2025-09-16 11:40:54 --> Session: Class initialized using 'CodeIgniter\Session\Handlers\FileHandler' driver.
INFO - 2025-09-16 11:40:59 --> Session: Class initialized using 'CodeIgniter\Session\Handlers\FileHandler' driver.
INFO - 2025-09-16 11:41:04 --> Session: Class initialized using 'CodeIgniter\Session\Handlers\FileHandler' driver.
INFO - 2025-09-16 11:41:09 --> Session: Class initialized using 'CodeIgniter\Session\Handlers\FileHandler' driver.
INFO - 2025-09-16 11:41:35 --> Session: Class initialized using 'CodeIgniter\Session\Handlers\FileHandler' driver.
INFO - 2025-09-16 11:42:35 --> Session: Class initialized using 'CodeIgniter\Session\Handlers\FileHandler' driver.
INFO - 2025-09-16 11:43:35 --> Session: Class initialized using 'CodeIgniter\Session\Handlers\FileHandler' driver.
INFO - 2025-09-16 11:44:35 --> Session: Class initialized using 'CodeIgniter\Session\Handlers\FileHandler' driver.
INFO - 2025-09-16 11:45:35 --> Session: Class initialized using 'CodeIgniter\Session\Handlers\FileHandler' driver.
INFO - 2025-09-16 11:46:35 --> Session: Class initialized using 'CodeIgniter\Session\Handlers\FileHandler' driver.
INFO - 2025-09-16 11:47:35 --> Session: Class initialized using 'CodeIgniter\Session\Handlers\FileHandler' driver.
INFO - 2025-09-16 11:48:35 --> Session: Class initialized using 'CodeIgniter\Session\Handlers\FileHandler' driver.
INFO - 2025-09-16 11:49:35 --> Session: Class initialized using 'CodeIgniter\Session\Handlers\FileHandler' driver.
INFO - 2025-09-16 11:50:35 --> Session: Class initialized using 'CodeIgniter\Session\Handlers\FileHandler' driver.
INFO - 2025-09-16 11:51:35 --> Session: Class initialized using 'CodeIgniter\Session\Handlers\FileHandler' driver.
INFO - 2025-09-16 11:52:35 --> Session: Class initialized using 'CodeIgniter\Session\Handlers\FileHandler' driver.
INFO - 2025-09-16 11:53:35 --> Session: Class initialized using 'CodeIgniter\Session\Handlers\FileHandler' driver.
INFO - 2025-09-16 11:53:58 --> Session: Class initialized using 'CodeIgniter\Session\Handlers\FileHandler' driver.
INFO - 2025-09-16 11:53:59 --> Session: Class initialized using 'CodeIgniter\Session\Handlers\FileHandler' driver.
INFO - 2025-09-16 11:54:04 --> Session: Class initialized using 'CodeIgniter\Session\Handlers\FileHandler' driver.
INFO - 2025-09-16 11:54:09 --> Session: Class initialized using 'CodeIgniter\Session\Handlers\FileHandler' driver.
INFO - 2025-09-16 11:54:14 --> Session: Class initialized using 'CodeIgniter\Session\Handlers\FileHandler' driver.
INFO - 2025-09-16 11:54:19 --> Session: Class initialized using 'CodeIgniter\Session\Handlers\FileHandler' driver.
DEBUG - 2025-09-16 11:54:20 --> Ruta actual: /Tesina/public/admin
INFO - 2025-09-16 11:54:21 --> Session: Class initialized using 'CodeIgniter\Session\Handlers\FileHandler' driver.
DEBUG - 2025-09-16 11:54:21 --> Datos en sesión: Array
(
    [__ci_last_regenerate] => 1758034235
    [_ci_previous_url] => http://192.168.2.188/Tesina/public/energia/generarPDF/2
    [id_usuario] => 1
    [nombre] => brunito
    [apellido] => barber
    [email] => brunocameille@alumnos.itr3.edu.ar
    [rol] => admin
    [logged_in] => 1
)

DEBUG - 2025-09-16 11:54:23 --> Ruta actual: /Tesina/public/admin/dispositivos
INFO - 2025-09-16 11:54:23 --> Session: Class initialized using 'CodeIgniter\Session\Handlers\FileHandler' driver.
DEBUG - 2025-09-16 11:54:24 --> Datos en sesión: Array
(
    [__ci_last_regenerate] => 1758034235
    [_ci_previous_url] => http://192.168.2.188/Tesina/public/admin
    [id_usuario] => 1
    [nombre] => brunito
    [apellido] => barber
    [email] => brunocameille@alumnos.itr3.edu.ar
    [rol] => admin
    [logged_in] => 1
)

DEBUG - 2025-09-16 11:54:24 --> Buscando usuario ID: 1
DEBUG - 2025-09-16 11:54:24 --> Resultado de la búsqueda: Array
(
    [id_usuario] => 1
    [nombre] => brunito
    [apellido] => barber
    [email] => brunocameille@alumnos.itr3.edu.ar
    [contrasena] => $2y$10$F4xQfULyrVhG1JD8Y21QR.vgn9Fzd257acxjmQqHQ3OYfEqBaAPb6
    [direccion_id] => 0
    [id_rol] => 1
    [created_at] => 2025-04-07 13:37:30
    [updated_at] => 2025-07-24 14:07:31
    [invitado_por] => 
    [estado] => activo
    [token_activacion] => 
)

DEBUG - 2025-09-16 11:54:27 --> Ruta actual: /Tesina/public/energia/dispositivo/2
INFO - 2025-09-16 11:54:27 --> Session: Class initialized using 'CodeIgniter\Session\Handlers\FileHandler' driver.
DEBUG - 2025-09-16 11:54:27 --> Datos en sesión: Array
(
    [__ci_last_regenerate] => 1758034235
    [_ci_previous_url] => http://192.168.2.188/Tesina/public/admin/dispositivos
    [id_usuario] => 1
    [nombre] => brunito
    [apellido] => barber
    [email] => brunocameille@alumnos.itr3.edu.ar
    [rol] => admin
    [logged_in] => 1
)

INFO - 2025-09-16 11:54:30 --> Session: Class initialized using 'CodeIgniter\Session\Handlers\FileHandler' driver.
INFO - 2025-09-16 11:54:34 --> Session: Class initialized using 'CodeIgniter\Session\Handlers\FileHandler' driver.
INFO - 2025-09-16 11:54:39 --> Session: Class initialized using 'CodeIgniter\Session\Handlers\FileHandler' driver.
INFO - 2025-09-16 11:54:44 --> Session: Class initialized using 'CodeIgniter\Session\Handlers\FileHandler' driver.
INFO - 2025-09-16 11:54:49 --> Session: Class initialized using 'CodeIgniter\Session\Handlers\FileHandler' driver.
INFO - 2025-09-16 11:54:54 --> Session: Class initialized using 'CodeIgniter\Session\Handlers\FileHandler' driver.
INFO - 2025-09-16 11:54:59 --> Session: Class initialized using 'CodeIgniter\Session\Handlers\FileHandler' driver.
INFO - 2025-09-16 11:55:03 --> Session: Class initialized using 'CodeIgniter\Session\Handlers\FileHandler' driver.
INFO - 2025-09-16 11:55:08 --> Session: Class initialized using 'CodeIgniter\Session\Handlers\FileHandler' driver.
INFO - 2025-09-16 11:55:13 --> Session: Class initialized using 'CodeIgniter\Session\Handlers\FileHandler' driver.
DEBUG - 2025-09-16 11:55:17 --> Ruta actual: /Tesina/public/energia/generarPDF/2
INFO - 2025-09-16 11:55:17 --> Session: Class initialized using 'CodeIgniter\Session\Handlers\FileHandler' driver.
DEBUG - 2025-09-16 11:55:17 --> Datos en sesión: Array
(
    [__ci_last_regenerate] => 1758034235
    [_ci_previous_url] => http://192.168.2.188/Tesina/public/energia/dispositivo/2
    [id_usuario] => 1
    [nombre] => brunito
    [apellido] => barber
    [email] => brunocameille@alumnos.itr3.edu.ar
    [rol] => admin
    [logged_in] => 1
)

INFO - 2025-09-16 11:55:18 --> Session: Class initialized using 'CodeIgniter\Session\Handlers\FileHandler' driver.
INFO - 2025-09-16 11:55:24 --> Session: Class initialized using 'CodeIgniter\Session\Handlers\FileHandler' driver.
INFO - 2025-09-16 11:55:29 --> Session: Class initialized using 'CodeIgniter\Session\Handlers\FileHandler' driver.
INFO - 2025-09-16 11:55:34 --> Session: Class initialized using 'CodeIgniter\Session\Handlers\FileHandler' driver.
INFO - 2025-09-16 11:55:39 --> Session: Class initialized using 'CodeIgniter\Session\Handlers\FileHandler' driver.
INFO - 2025-09-16 11:55:44 --> Session: Class initialized using 'CodeIgniter\Session\Handlers\FileHandler' driver.
INFO - 2025-09-16 11:55:49 --> Session: Class initialized using 'CodeIgniter\Session\Handlers\FileHandler' driver.
INFO - 2025-09-16 11:55:54 --> Session: Class initialized using 'CodeIgniter\Session\Handlers\FileHandler' driver.
INFO - 2025-09-16 11:55:59 --> Session: Class initialized using 'CodeIgniter\Session\Handlers\FileHandler' driver.
INFO - 2025-09-16 11:56:04 --> Session: Class initialized using 'CodeIgniter\Session\Handlers\FileHandler' driver.
INFO - 2025-09-16 11:56:09 --> Session: Class initialized using 'CodeIgniter\Session\Handlers\FileHandler' driver.
INFO - 2025-09-16 11:56:14 --> Session: Class initialized using 'CodeIgniter\Session\Handlers\FileHandler' driver.
INFO - 2025-09-16 11:56:19 --> Session: Class initialized using 'CodeIgniter\Session\Handlers\FileHandler' driver.
INFO - 2025-09-16 11:56:35 --> Session: Class initialized using 'CodeIgniter\Session\Handlers\FileHandler' driver.
INFO - 2025-09-16 11:57:35 --> Session: Class initialized using 'CodeIgniter\Session\Handlers\FileHandler' driver.
INFO - 2025-09-16 11:58:35 --> Session: Class initialized using 'CodeIgniter\Session\Handlers\FileHandler' driver.
INFO - 2025-09-16 11:59:35 --> Session: Class initialized using 'CodeIgniter\Session\Handlers\FileHandler' driver.
INFO - 2025-09-16 12:00:35 --> Session: Class initialized using 'CodeIgniter\Session\Handlers\FileHandler' driver.
INFO - 2025-09-16 12:01:35 --> Session: Class initialized using 'CodeIgniter\Session\Handlers\FileHandler' driver.
INFO - 2025-09-16 12:02:35 --> Session: Class initialized using 'CodeIgniter\Session\Handlers\FileHandler' driver.
INFO - 2025-09-16 12:03:35 --> Session: Class initialized using 'CodeIgniter\Session\Handlers\FileHandler' driver.
INFO - 2025-09-16 12:04:35 --> Session: Class initialized using 'CodeIgniter\Session\Handlers\FileHandler' driver.
INFO - 2025-09-16 12:05:35 --> Session: Class initialized using 'CodeIgniter\Session\Handlers\FileHandler' driver.
INFO - 2025-09-16 12:06:35 --> Session: Class initialized using 'CodeIgniter\Session\Handlers\FileHandler' driver.
INFO - 2025-09-16 12:07:35 --> Session: Class initialized using 'CodeIgniter\Session\Handlers\FileHandler' driver.
INFO - 2025-09-16 12:08:35 --> Session: Class initialized using 'CodeIgniter\Session\Handlers\FileHandler' driver.
INFO - 2025-09-16 12:09:20 --> Session: Class initialized using 'CodeIgniter\Session\Handlers\FileHandler' driver.
DEBUG - 2025-09-16 12:09:22 --> Ruta actual: /Tesina/public/energia/dispositivo/2
INFO - 2025-09-16 12:09:22 --> Session: Class initialized using 'CodeIgniter\Session\Handlers\FileHandler' driver.
DEBUG - 2025-09-16 12:09:22 --> Datos en sesión: Array
(
    [__ci_last_regenerate] => 1758035255
    [_ci_previous_url] => http://192.168.2.188/Tesina/public/energia/generarPDF/2
    [id_usuario] => 1
    [nombre] => brunito
    [apellido] => barber
    [email] => brunocameille@alumnos.itr3.edu.ar
    [rol] => admin
    [logged_in] => 1
)

INFO - 2025-09-16 12:09:24 --> Session: Class initialized using 'CodeIgniter\Session\Handlers\FileHandler' driver.
INFO - 2025-09-16 12:09:28 --> Session: Class initialized using 'CodeIgniter\Session\Handlers\FileHandler' driver.
DEBUG - 2025-09-16 12:09:29 --> Ruta actual: /Tesina/public/energia/generarPDF/2
INFO - 2025-09-16 12:09:29 --> Session: Class initialized using 'CodeIgniter\Session\Handlers\FileHandler' driver.
DEBUG - 2025-09-16 12:09:29 --> Datos en sesión: Array
(
    [__ci_last_regenerate] => 1758035255
    [_ci_previous_url] => http://192.168.2.188/Tesina/public/energia/dispositivo/2
    [id_usuario] => 1
    [nombre] => brunito
    [apellido] => barber
    [email] => brunocameille@alumnos.itr3.edu.ar
    [rol] => admin
    [logged_in] => 1
)

INFO - 2025-09-16 12:09:33 --> Session: Class initialized using 'CodeIgniter\Session\Handlers\FileHandler' driver.
INFO - 2025-09-16 12:09:38 --> Session: Class initialized using 'CodeIgniter\Session\Handlers\FileHandler' driver.
INFO - 2025-09-16 12:09:43 --> Session: Class initialized using 'CodeIgniter\Session\Handlers\FileHandler' driver.
INFO - 2025-09-16 12:09:48 --> Session: Class initialized using 'CodeIgniter\Session\Handlers\FileHandler' driver.
INFO - 2025-09-16 12:09:53 --> Session: Class initialized using 'CodeIgniter\Session\Handlers\FileHandler' driver.
INFO - 2025-09-16 12:09:58 --> Session: Class initialized using 'CodeIgniter\Session\Handlers\FileHandler' driver.
INFO - 2025-09-16 12:10:03 --> Session: Class initialized using 'CodeIgniter\Session\Handlers\FileHandler' driver.
INFO - 2025-09-16 12:10:08 --> Session: Class initialized using 'CodeIgniter\Session\Handlers\FileHandler' driver.
INFO - 2025-09-16 12:10:13 --> Session: Class initialized using 'CodeIgniter\Session\Handlers\FileHandler' driver.
INFO - 2025-09-16 12:10:18 --> Session: Class initialized using 'CodeIgniter\Session\Handlers\FileHandler' driver.
INFO - 2025-09-16 12:10:23 --> Session: Class initialized using 'CodeIgniter\Session\Handlers\FileHandler' driver.
INFO - 2025-09-16 12:10:28 --> Session: Class initialized using 'CodeIgniter\Session\Handlers\FileHandler' driver.
INFO - 2025-09-16 12:10:35 --> Session: Class initialized using 'CodeIgniter\Session\Handlers\FileHandler' driver.
INFO - 2025-09-16 12:11:35 --> Session: Class initialized using 'CodeIgniter\Session\Handlers\FileHandler' driver.
INFO - 2025-09-16 12:12:35 --> Session: Class initialized using 'CodeIgniter\Session\Handlers\FileHandler' driver.
INFO - 2025-09-16 12:13:35 --> Session: Class initialized using 'CodeIgniter\Session\Handlers\FileHandler' driver.
INFO - 2025-09-16 12:14:35 --> Session: Class initialized using 'CodeIgniter\Session\Handlers\FileHandler' driver.
INFO - 2025-09-16 12:15:35 --> Session: Class initialized using 'CodeIgniter\Session\Handlers\FileHandler' driver.
INFO - 2025-09-16 12:16:35 --> Session: Class initialized using 'CodeIgniter\Session\Handlers\FileHandler' driver.
INFO - 2025-09-16 12:17:35 --> Session: Class initialized using 'CodeIgniter\Session\Handlers\FileHandler' driver.
INFO - 2025-09-16 12:18:39 --> Session: Class initialized using 'CodeIgniter\Session\Handlers\FileHandler' driver.
INFO - 2025-09-16 12:19:35 --> Session: Class initialized using 'CodeIgniter\Session\Handlers\FileHandler' driver.
INFO - 2025-09-16 12:20:35 --> Session: Class initialized using 'CodeIgniter\Session\Handlers\FileHandler' driver.
INFO - 2025-09-16 12:21:35 --> Session: Class initialized using 'CodeIgniter\Session\Handlers\FileHandler' driver.
INFO - 2025-09-16 12:22:35 --> Session: Class initialized using 'CodeIgniter\Session\Handlers\FileHandler' driver.
INFO - 2025-09-16 12:23:35 --> Session: Class initialized using 'CodeIgniter\Session\Handlers\FileHandler' driver.
INFO - 2025-09-16 12:24:35 --> Session: Class initialized using 'CodeIgniter\Session\Handlers\FileHandler' driver.
INFO - 2025-09-16 12:25:35 --> Session: Class initialized using 'CodeIgniter\Session\Handlers\FileHandler' driver.
INFO - 2025-09-16 12:26:35 --> Session: Class initialized using 'CodeIgniter\Session\Handlers\FileHandler' driver.
INFO - 2025-09-16 12:27:35 --> Session: Class initialized using 'CodeIgniter\Session\Handlers\FileHandler' driver.
INFO - 2025-09-16 12:28:35 --> Session: Class initialized using 'CodeIgniter\Session\Handlers\FileHandler' driver.
INFO - 2025-09-16 12:29:35 --> Session: Class initialized using 'CodeIgniter\Session\Handlers\FileHandler' driver.
INFO - 2025-09-16 12:30:35 --> Session: Class initialized using 'CodeIgniter\Session\Handlers\FileHandler' driver.
INFO - 2025-09-16 12:31:35 --> Session: Class initialized using 'CodeIgniter\Session\Handlers\FileHandler' driver.
INFO - 2025-09-16 12:32:35 --> Session: Class initialized using 'CodeIgniter\Session\Handlers\FileHandler' driver.
INFO - 2025-09-16 12:33:35 --> Session: Class initialized using 'CodeIgniter\Session\Handlers\FileHandler' driver.
INFO - 2025-09-16 12:34:35 --> Session: Class initialized using 'CodeIgniter\Session\Handlers\FileHandler' driver.
INFO - 2025-09-16 12:35:35 --> Session: Class initialized using 'CodeIgniter\Session\Handlers\FileHandler' driver.
INFO - 2025-09-16 12:36:35 --> Session: Class initialized using 'CodeIgniter\Session\Handlers\FileHandler' driver.
INFO - 2025-09-16 12:37:35 --> Session: Class initialized using 'CodeIgniter\Session\Handlers\FileHandler' driver.
INFO - 2025-09-16 12:38:35 --> Session: Class initialized using 'CodeIgniter\Session\Handlers\FileHandler' driver.
INFO - 2025-09-16 12:39:35 --> Session: Class initialized using 'CodeIgniter\Session\Handlers\FileHandler' driver.
INFO - 2025-09-16 12:40:35 --> Session: Class initialized using 'CodeIgniter\Session\Handlers\FileHandler' driver.
INFO - 2025-09-16 12:41:35 --> Session: Class initialized using 'CodeIgniter\Session\Handlers\FileHandler' driver.
INFO - 2025-09-16 12:42:35 --> Session: Class initialized using 'CodeIgniter\Session\Handlers\FileHandler' driver.
INFO - 2025-09-16 12:43:35 --> Session: Class initialized using 'CodeIgniter\Session\Handlers\FileHandler' driver.
INFO - 2025-09-16 12:44:35 --> Session: Class initialized using 'CodeIgniter\Session\Handlers\FileHandler' driver.
INFO - 2025-09-16 12:45:35 --> Session: Class initialized using 'CodeIgniter\Session\Handlers\FileHandler' driver.
INFO - 2025-09-16 12:46:01 --> Session: Class initialized using 'CodeIgniter\Session\Handlers\FileHandler' driver.
INFO - 2025-09-16 12:46:03 --> Session: Class initialized using 'CodeIgniter\Session\Handlers\FileHandler' driver.
INFO - 2025-09-16 12:46:08 --> Session: Class initialized using 'CodeIgniter\Session\Handlers\FileHandler' driver.
DEBUG - 2025-09-16 12:46:08 --> Ruta actual: /Tesina/public/energia/generarPDF/2
INFO - 2025-09-16 12:46:08 --> Session: Class initialized using 'CodeIgniter\Session\Handlers\FileHandler' driver.
DEBUG - 2025-09-16 12:46:08 --> Datos en sesión: Array
(
    [__ci_last_regenerate] => 1758037355
    [_ci_previous_url] => http://192.168.2.188/Tesina/public/energia/generarPDF/2
    [id_usuario] => 1
    [nombre] => brunito
    [apellido] => barber
    [email] => brunocameille@alumnos.itr3.edu.ar
    [rol] => admin
    [logged_in] => 1
)

INFO - 2025-09-16 12:46:08 --> PDF: dispositivo=2 mes= rango=2025-09-01 00:00:00 -> 2025-09-30 23:59:59
INFO - 2025-09-16 12:46:08 --> PDF: totalLecturas=0
INFO - 2025-09-16 12:46:08 --> PDF: total_kwh=0 v_prom=0 i_prom=0 p_prom=0
INFO - 2025-09-16 12:46:08 --> PDF: precioKwh=0.15 precioTotal=0
INFO - 2025-09-16 12:46:13 --> Session: Class initialized using 'CodeIgniter\Session\Handlers\FileHandler' driver.
INFO - 2025-09-16 12:46:18 --> Session: Class initialized using 'CodeIgniter\Session\Handlers\FileHandler' driver.
INFO - 2025-09-16 12:46:23 --> Session: Class initialized using 'CodeIgniter\Session\Handlers\FileHandler' driver.
INFO - 2025-09-16 12:46:28 --> Session: Class initialized using 'CodeIgniter\Session\Handlers\FileHandler' driver.
INFO - 2025-09-16 12:46:33 --> Session: Class initialized using 'CodeIgniter\Session\Handlers\FileHandler' driver.
INFO - 2025-09-16 12:46:38 --> Session: Class initialized using 'CodeIgniter\Session\Handlers\FileHandler' driver.
INFO - 2025-09-16 12:46:43 --> Session: Class initialized using 'CodeIgniter\Session\Handlers\FileHandler' driver.
INFO - 2025-09-16 12:46:48 --> Session: Class initialized using 'CodeIgniter\Session\Handlers\FileHandler' driver.
INFO - 2025-09-16 12:46:53 --> Session: Class initialized using 'CodeIgniter\Session\Handlers\FileHandler' driver.
INFO - 2025-09-16 12:46:58 --> Session: Class initialized using 'CodeIgniter\Session\Handlers\FileHandler' driver.
INFO - 2025-09-16 12:47:03 --> Session: Class initialized using 'CodeIgniter\Session\Handlers\FileHandler' driver.
INFO - 2025-09-16 12:47:08 --> Session: Class initialized using 'CodeIgniter\Session\Handlers\FileHandler' driver.
INFO - 2025-09-16 12:47:13 --> Session: Class initialized using 'CodeIgniter\Session\Handlers\FileHandler' driver.
INFO - 2025-09-16 12:47:35 --> Session: Class initialized using 'CodeIgniter\Session\Handlers\FileHandler' driver.
INFO - 2025-09-16 12:48:35 --> Session: Class initialized using 'CodeIgniter\Session\Handlers\FileHandler' driver.
INFO - 2025-09-16 12:49:35 --> Session: Class initialized using 'CodeIgniter\Session\Handlers\FileHandler' driver.
INFO - 2025-09-16 12:50:35 --> Session: Class initialized using 'CodeIgniter\Session\Handlers\FileHandler' driver.
INFO - 2025-09-16 12:51:35 --> Session: Class initialized using 'CodeIgniter\Session\Handlers\FileHandler' driver.
INFO - 2025-09-16 12:51:52 --> Session: Class initialized using 'CodeIgniter\Session\Handlers\FileHandler' driver.
INFO - 2025-09-16 12:51:53 --> Session: Class initialized using 'CodeIgniter\Session\Handlers\FileHandler' driver.
INFO - 2025-09-16 12:51:58 --> Session: Class initialized using 'CodeIgniter\Session\Handlers\FileHandler' driver.
INFO - 2025-09-16 12:52:03 --> Session: Class initialized using 'CodeIgniter\Session\Handlers\FileHandler' driver.
INFO - 2025-09-16 12:52:08 --> Session: Class initialized using 'CodeIgniter\Session\Handlers\FileHandler' driver.
INFO - 2025-09-16 12:52:13 --> Session: Class initialized using 'CodeIgniter\Session\Handlers\FileHandler' driver.
INFO - 2025-09-16 12:52:18 --> Session: Class initialized using 'CodeIgniter\Session\Handlers\FileHandler' driver.
INFO - 2025-09-16 12:52:23 --> Session: Class initialized using 'CodeIgniter\Session\Handlers\FileHandler' driver.
INFO - 2025-09-16 12:52:28 --> Session: Class initialized using 'CodeIgniter\Session\Handlers\FileHandler' driver.
INFO - 2025-09-16 12:52:33 --> Session: Class initialized using 'CodeIgniter\Session\Handlers\FileHandler' driver.
INFO - 2025-09-16 12:52:38 --> Session: Class initialized using 'CodeIgniter\Session\Handlers\FileHandler' driver.
INFO - 2025-09-16 12:52:43 --> Session: Class initialized using 'CodeIgniter\Session\Handlers\FileHandler' driver.
INFO - 2025-09-16 12:52:48 --> Session: Class initialized using 'CodeIgniter\Session\Handlers\FileHandler' driver.
DEBUG - 2025-09-16 12:52:48 --> Ruta actual: /Tesina/public/energia/dispositivo/2
INFO - 2025-09-16 12:52:48 --> Session: Class initialized using 'CodeIgniter\Session\Handlers\FileHandler' driver.
DEBUG - 2025-09-16 12:52:48 --> Datos en sesión: Array
(
    [__ci_last_regenerate] => 1758037715
    [_ci_previous_url] => http://192.168.2.188/Tesina/public/energia/generarPDF/2
    [id_usuario] => 1
    [nombre] => brunito
    [apellido] => barber
    [email] => brunocameille@alumnos.itr3.edu.ar
    [rol] => admin
    [logged_in] => 1
)

INFO - 2025-09-16 12:52:50 --> Session: Class initialized using 'CodeIgniter\Session\Handlers\FileHandler' driver.
INFO - 2025-09-16 12:52:54 --> Session: Class initialized using 'CodeIgniter\Session\Handlers\FileHandler' driver.
INFO - 2025-09-16 12:52:59 --> Session: Class initialized using 'CodeIgniter\Session\Handlers\FileHandler' driver.
INFO - 2025-09-16 12:53:04 --> Session: Class initialized using 'CodeIgniter\Session\Handlers\FileHandler' driver.
INFO - 2025-09-16 12:53:10 --> Session: Class initialized using 'CodeIgniter\Session\Handlers\FileHandler' driver.
INFO - 2025-09-16 12:53:14 --> Session: Class initialized using 'CodeIgniter\Session\Handlers\FileHandler' driver.
INFO - 2025-09-16 12:53:19 --> Session: Class initialized using 'CodeIgniter\Session\Handlers\FileHandler' driver.
INFO - 2025-09-16 12:53:25 --> Session: Class initialized using 'CodeIgniter\Session\Handlers\FileHandler' driver.
INFO - 2025-09-16 12:53:30 --> Session: Class initialized using 'CodeIgniter\Session\Handlers\FileHandler' driver.
INFO - 2025-09-16 12:53:35 --> Session: Class initialized using 'CodeIgniter\Session\Handlers\FileHandler' driver.
INFO - 2025-09-16 12:53:40 --> Session: Class initialized using 'CodeIgniter\Session\Handlers\FileHandler' driver.
DEBUG - 2025-09-16 12:53:41 --> Ruta actual: /Tesina/public/energia/dispositivo/2
INFO - 2025-09-16 12:53:41 --> Session: Class initialized using 'CodeIgniter\Session\Handlers\FileHandler' driver.
DEBUG - 2025-09-16 12:53:41 --> Datos en sesión: Array
(
    [__ci_last_regenerate] => 1758038020
    [_ci_previous_url] => http://192.168.2.188/Tesina/public/energia/dispositivo/2
    [id_usuario] => 1
    [nombre] => brunito
    [apellido] => barber
    [email] => brunocameille@alumnos.itr3.edu.ar
    [rol] => admin
    [logged_in] => 1
)

INFO - 2025-09-16 12:53:43 --> Session: Class initialized using 'CodeIgniter\Session\Handlers\FileHandler' driver.
INFO - 2025-09-16 12:53:47 --> Session: Class initialized using 'CodeIgniter\Session\Handlers\FileHandler' driver.
INFO - 2025-09-16 12:53:52 --> Session: Class initialized using 'CodeIgniter\Session\Handlers\FileHandler' driver.
INFO - 2025-09-16 12:53:57 --> Session: Class initialized using 'CodeIgniter\Session\Handlers\FileHandler' driver.
DEBUG - 2025-09-16 12:54:00 --> Ruta actual: /Tesina/public/energia/generarPDF/2
INFO - 2025-09-16 12:54:00 --> Session: Class initialized using 'CodeIgniter\Session\Handlers\FileHandler' driver.
DEBUG - 2025-09-16 12:54:00 --> Datos en sesión: Array
(
    [__ci_last_regenerate] => 1758038020
    [_ci_previous_url] => http://192.168.2.188/Tesina/public/energia/dispositivo/2
    [id_usuario] => 1
    [nombre] => brunito
    [apellido] => barber
    [email] => brunocameille@alumnos.itr3.edu.ar
    [rol] => admin
    [logged_in] => 1
)

INFO - 2025-09-16 12:54:00 --> PDF: dispositivo=2 mes= rango=2025-09-01 00:00:00 -> 2025-09-30 23:59:59
INFO - 2025-09-16 12:54:00 --> PDF: totalLecturas=0
INFO - 2025-09-16 12:54:00 --> PDF: sin datos en mes actual, fallback a mes=2025-08 rango=2025-08-01 00:00:00 -> 2025-08-31 23:59:59
INFO - 2025-09-16 12:54:00 --> PDF: totalLecturas (fallback)=18
INFO - 2025-09-16 12:54:00 --> PDF: total_kwh=8.8 v_prom=220 i_prom=0.5 p_prom=110
INFO - 2025-09-16 12:54:00 --> PDF: precioKwh=0.15 precioTotal=1.32
INFO - 2025-09-16 12:54:02 --> Session: Class initialized using 'CodeIgniter\Session\Handlers\FileHandler' driver.
INFO - 2025-09-16 12:54:08 --> Session: Class initialized using 'CodeIgniter\Session\Handlers\FileHandler' driver.
INFO - 2025-09-16 12:54:13 --> Session: Class initialized using 'CodeIgniter\Session\Handlers\FileHandler' driver.
INFO - 2025-09-16 12:54:18 --> Session: Class initialized using 'CodeIgniter\Session\Handlers\FileHandler' driver.
INFO - 2025-09-16 12:54:23 --> Session: Class initialized using 'CodeIgniter\Session\Handlers\FileHandler' driver.
INFO - 2025-09-16 12:54:28 --> Session: Class initialized using 'CodeIgniter\Session\Handlers\FileHandler' driver.
INFO - 2025-09-16 12:54:33 --> Session: Class initialized using 'CodeIgniter\Session\Handlers\FileHandler' driver.
INFO - 2025-09-16 12:54:38 --> Session: Class initialized using 'CodeIgniter\Session\Handlers\FileHandler' driver.
INFO - 2025-09-16 12:54:43 --> Session: Class initialized using 'CodeIgniter\Session\Handlers\FileHandler' driver.
INFO - 2025-09-16 12:54:48 --> Session: Class initialized using 'CodeIgniter\Session\Handlers\FileHandler' driver.
INFO - 2025-09-16 12:54:53 --> Session: Class initialized using 'CodeIgniter\Session\Handlers\FileHandler' driver.
INFO - 2025-09-16 12:54:57 --> Session: Class initialized using 'CodeIgniter\Session\Handlers\FileHandler' driver.
DEBUG - 2025-09-16 12:55:00 --> Ruta actual: /Tesina/public/energia/generarPDF/2
INFO - 2025-09-16 12:55:00 --> Session: Class initialized using 'CodeIgniter\Session\Handlers\FileHandler' driver.
DEBUG - 2025-09-16 12:55:00 --> Datos en sesión: Array
(
    [__ci_last_regenerate] => 1758038020
    [_ci_previous_url] => http://192.168.2.188/Tesina/public/energia/generarPDF/2
    [id_usuario] => 1
    [nombre] => brunito
    [apellido] => barber
    [email] => brunocameille@alumnos.itr3.edu.ar
    [rol] => admin
    [logged_in] => 1
)

INFO - 2025-09-16 12:55:00 --> PDF: dispositivo=2 mes= rango=2025-09-01 00:00:00 -> 2025-09-30 23:59:59
INFO - 2025-09-16 12:55:00 --> PDF: totalLecturas=0
INFO - 2025-09-16 12:55:00 --> PDF: sin datos en mes actual, fallback a mes=2025-08 rango=2025-08-01 00:00:00 -> 2025-08-31 23:59:59
INFO - 2025-09-16 12:55:00 --> PDF: totalLecturas (fallback)=18
INFO - 2025-09-16 12:55:00 --> PDF: total_kwh=8.8 v_prom=220 i_prom=0.5 p_prom=110
INFO - 2025-09-16 12:55:00 --> PDF: precioKwh=0.15 precioTotal=1.32
INFO - 2025-09-16 12:55:02 --> Session: Class initialized using 'CodeIgniter\Session\Handlers\FileHandler' driver.
INFO - 2025-09-16 12:55:08 --> Session: Class initialized using 'CodeIgniter\Session\Handlers\FileHandler' driver.
INFO - 2025-09-16 12:55:13 --> Session: Class initialized using 'CodeIgniter\Session\Handlers\FileHandler' driver.
INFO - 2025-09-16 12:55:17 --> Session: Class initialized using 'CodeIgniter\Session\Handlers\FileHandler' driver.
INFO - 2025-09-16 12:55:23 --> Session: Class initialized using 'CodeIgniter\Session\Handlers\FileHandler' driver.
INFO - 2025-09-16 12:55:28 --> Session: Class initialized using 'CodeIgniter\Session\Handlers\FileHandler' driver.
INFO - 2025-09-16 12:55:33 --> Session: Class initialized using 'CodeIgniter\Session\Handlers\FileHandler' driver.
INFO - 2025-09-16 12:55:38 --> Session: Class initialized using 'CodeIgniter\Session\Handlers\FileHandler' driver.
INFO - 2025-09-16 12:55:43 --> Session: Class initialized using 'CodeIgniter\Session\Handlers\FileHandler' driver.
INFO - 2025-09-16 12:55:48 --> Session: Class initialized using 'CodeIgniter\Session\Handlers\FileHandler' driver.
INFO - 2025-09-16 12:55:53 --> Session: Class initialized using 'CodeIgniter\Session\Handlers\FileHandler' driver.
INFO - 2025-09-16 12:55:58 --> Session: Class initialized using 'CodeIgniter\Session\Handlers\FileHandler' driver.
INFO - 2025-09-16 12:56:03 --> Session: Class initialized using 'CodeIgniter\Session\Handlers\FileHandler' driver.
INFO - 2025-09-16 12:56:08 --> Session: Class initialized using 'CodeIgniter\Session\Handlers\FileHandler' driver.
INFO - 2025-09-16 12:56:12 --> Session: Class initialized using 'CodeIgniter\Session\Handlers\FileHandler' driver.
INFO - 2025-09-16 12:56:18 --> Session: Class initialized using 'CodeIgniter\Session\Handlers\FileHandler' driver.
INFO - 2025-09-16 12:56:23 --> Session: Class initialized using 'CodeIgniter\Session\Handlers\FileHandler' driver.
INFO - 2025-09-16 12:56:28 --> Session: Class initialized using 'CodeIgniter\Session\Handlers\FileHandler' driver.
INFO - 2025-09-16 12:56:32 --> Session: Class initialized using 'CodeIgniter\Session\Handlers\FileHandler' driver.
INFO - 2025-09-16 12:56:38 --> Session: Class initialized using 'CodeIgniter\Session\Handlers\FileHandler' driver.
INFO - 2025-09-16 12:56:43 --> Session: Class initialized using 'CodeIgniter\Session\Handlers\FileHandler' driver.
INFO - 2025-09-16 12:56:48 --> Session: Class initialized using 'CodeIgniter\Session\Handlers\FileHandler' driver.
INFO - 2025-09-16 12:56:53 --> Session: Class initialized using 'CodeIgniter\Session\Handlers\FileHandler' driver.
INFO - 2025-09-16 12:56:58 --> Session: Class initialized using 'CodeIgniter\Session\Handlers\FileHandler' driver.
INFO - 2025-09-16 12:57:03 --> Session: Class initialized using 'CodeIgniter\Session\Handlers\FileHandler' driver.
INFO - 2025-09-16 12:57:08 --> Session: Class initialized using 'CodeIgniter\Session\Handlers\FileHandler' driver.
INFO - 2025-09-16 12:57:13 --> Session: Class initialized using 'CodeIgniter\Session\Handlers\FileHandler' driver.
INFO - 2025-09-16 12:57:18 --> Session: Class initialized using 'CodeIgniter\Session\Handlers\FileHandler' driver.
INFO - 2025-09-16 12:57:23 --> Session: Class initialized using 'CodeIgniter\Session\Handlers\FileHandler' driver.
INFO - 2025-09-16 12:57:28 --> Session: Class initialized using 'CodeIgniter\Session\Handlers\FileHandler' driver.
INFO - 2025-09-16 12:57:33 --> Session: Class initialized using 'CodeIgniter\Session\Handlers\FileHandler' driver.
INFO - 2025-09-16 12:57:38 --> Session: Class initialized using 'CodeIgniter\Session\Handlers\FileHandler' driver.
INFO - 2025-09-16 12:57:43 --> Session: Class initialized using 'CodeIgniter\Session\Handlers\FileHandler' driver.
INFO - 2025-09-16 12:57:48 --> Session: Class initialized using 'CodeIgniter\Session\Handlers\FileHandler' driver.
INFO - 2025-09-16 12:57:53 --> Session: Class initialized using 'CodeIgniter\Session\Handlers\FileHandler' driver.
INFO - 2025-09-16 12:57:59 --> Session: Class initialized using 'CodeIgniter\Session\Handlers\FileHandler' driver.
INFO - 2025-09-16 12:58:03 --> Session: Class initialized using 'CodeIgniter\Session\Handlers\FileHandler' driver.
INFO - 2025-09-16 12:58:08 --> Session: Class initialized using 'CodeIgniter\Session\Handlers\FileHandler' driver.
INFO - 2025-09-16 12:58:13 --> Session: Class initialized using 'CodeIgniter\Session\Handlers\FileHandler' driver.
INFO - 2025-09-16 12:58:18 --> Session: Class initialized using 'CodeIgniter\Session\Handlers\FileHandler' driver.
INFO - 2025-09-16 12:58:23 --> Session: Class initialized using 'CodeIgniter\Session\Handlers\FileHandler' driver.
INFO - 2025-09-16 12:58:28 --> Session: Class initialized using 'CodeIgniter\Session\Handlers\FileHandler' driver.
INFO - 2025-09-16 12:58:33 --> Session: Class initialized using 'CodeIgniter\Session\Handlers\FileHandler' driver.
INFO - 2025-09-16 12:58:38 --> Session: Class initialized using 'CodeIgniter\Session\Handlers\FileHandler' driver.
INFO - 2025-09-16 12:58:43 --> Session: Class initialized using 'CodeIgniter\Session\Handlers\FileHandler' driver.
INFO - 2025-09-16 12:58:48 --> Session: Class initialized using 'CodeIgniter\Session\Handlers\FileHandler' driver.
INFO - 2025-09-16 12:58:53 --> Session: Class initialized using 'CodeIgniter\Session\Handlers\FileHandler' driver.
INFO - 2025-09-16 12:58:57 --> Session: Class initialized using 'CodeIgniter\Session\Handlers\FileHandler' driver.
DEBUG - 2025-09-16 12:58:58 --> Ruta actual: /Tesina/public/energia/generarPDF/2
INFO - 2025-09-16 12:58:58 --> Session: Class initialized using 'CodeIgniter\Session\Handlers\FileHandler' driver.
DEBUG - 2025-09-16 12:58:58 --> Datos en sesión: Array
(
    [__ci_last_regenerate] => 1758038323
    [_ci_previous_url] => http://192.168.2.188/Tesina/public/energia/generarPDF/2
    [id_usuario] => 1
    [nombre] => brunito
    [apellido] => barber
    [email] => brunocameille@alumnos.itr3.edu.ar
    [rol] => admin
    [logged_in] => 1
)

INFO - 2025-09-16 12:58:58 --> PDF: dispositivo=2 mes= rango=2025-09-01 00:00:00 -> 2025-09-30 23:59:59
INFO - 2025-09-16 12:58:58 --> PDF: totalLecturas=0
INFO - 2025-09-16 12:58:58 --> PDF: sin datos en mes actual, fallback a mes=2025-08 rango=2025-08-01 00:00:00 -> 2025-08-31 23:59:59
INFO - 2025-09-16 12:58:58 --> PDF: totalLecturas (fallback)=18
INFO - 2025-09-16 12:58:58 --> PDF: total_kwh=8.8 v_prom=220 i_prom=0.5 p_prom=110
INFO - 2025-09-16 12:58:58 --> PDF: precioKwh=0.15 precioTotal=1.32
INFO - 2025-09-16 12:59:03 --> Session: Class initialized using 'CodeIgniter\Session\Handlers\FileHandler' driver.
INFO - 2025-09-16 12:59:08 --> Session: Class initialized using 'CodeIgniter\Session\Handlers\FileHandler' driver.
INFO - 2025-09-16 12:59:13 --> Session: Class initialized using 'CodeIgniter\Session\Handlers\FileHandler' driver.
INFO - 2025-09-16 12:59:18 --> Session: Class initialized using 'CodeIgniter\Session\Handlers\FileHandler' driver.
INFO - 2025-09-16 12:59:23 --> Session: Class initialized using 'CodeIgniter\Session\Handlers\FileHandler' driver.
INFO - 2025-09-16 12:59:28 --> Session: Class initialized using 'CodeIgniter\Session\Handlers\FileHandler' driver.
INFO - 2025-09-16 12:59:33 --> Session: Class initialized using 'CodeIgniter\Session\Handlers\FileHandler' driver.
INFO - 2025-09-16 12:59:38 --> Session: Class initialized using 'CodeIgniter\Session\Handlers\FileHandler' driver.
INFO - 2025-09-16 12:59:43 --> Session: Class initialized using 'CodeIgniter\Session\Handlers\FileHandler' driver.
INFO - 2025-09-16 12:59:48 --> Session: Class initialized using 'CodeIgniter\Session\Handlers\FileHandler' driver.
INFO - 2025-09-16 12:59:53 --> Session: Class initialized using 'CodeIgniter\Session\Handlers\FileHandler' driver.
INFO - 2025-09-16 12:59:58 --> Session: Class initialized using 'CodeIgniter\Session\Handlers\FileHandler' driver.
INFO - 2025-09-16 13:00:03 --> Session: Class initialized using 'CodeIgniter\Session\Handlers\FileHandler' driver.
INFO - 2025-09-16 13:00:08 --> Session: Class initialized using 'CodeIgniter\Session\Handlers\FileHandler' driver.
INFO - 2025-09-16 13:00:35 --> Session: Class initialized using 'CodeIgniter\Session\Handlers\FileHandler' driver.
INFO - 2025-09-16 13:01:35 --> Session: Class initialized using 'CodeIgniter\Session\Handlers\FileHandler' driver.
INFO - 2025-09-16 13:02:24 --> Session: Class initialized using 'CodeIgniter\Session\Handlers\FileHandler' driver.
INFO - 2025-09-16 13:02:28 --> Session: Class initialized using 'CodeIgniter\Session\Handlers\FileHandler' driver.
INFO - 2025-09-16 13:02:33 --> Session: Class initialized using 'CodeIgniter\Session\Handlers\FileHandler' driver.
INFO - 2025-09-16 13:02:37 --> Session: Class initialized using 'CodeIgniter\Session\Handlers\FileHandler' driver.
INFO - 2025-09-16 13:02:42 --> Session: Class initialized using 'CodeIgniter\Session\Handlers\FileHandler' driver.
INFO - 2025-09-16 13:02:47 --> Session: Class initialized using 'CodeIgniter\Session\Handlers\FileHandler' driver.
INFO - 2025-09-16 13:02:52 --> Session: Class initialized using 'CodeIgniter\Session\Handlers\FileHandler' driver.
INFO - 2025-09-16 13:02:57 --> Session: Class initialized using 'CodeIgniter\Session\Handlers\FileHandler' driver.
INFO - 2025-09-16 13:03:02 --> Session: Class initialized using 'CodeIgniter\Session\Handlers\FileHandler' driver.
INFO - 2025-09-16 13:03:08 --> Session: Class initialized using 'CodeIgniter\Session\Handlers\FileHandler' driver.
INFO - 2025-09-16 13:03:13 --> Session: Class initialized using 'CodeIgniter\Session\Handlers\FileHandler' driver.
INFO - 2025-09-16 13:03:18 --> Session: Class initialized using 'CodeIgniter\Session\Handlers\FileHandler' driver.
INFO - 2025-09-16 13:03:23 --> Session: Class initialized using 'CodeIgniter\Session\Handlers\FileHandler' driver.
INFO - 2025-09-16 13:03:28 --> Session: Class initialized using 'CodeIgniter\Session\Handlers\FileHandler' driver.
INFO - 2025-09-16 13:03:33 --> Session: Class initialized using 'CodeIgniter\Session\Handlers\FileHandler' driver.
INFO - 2025-09-16 13:03:38 --> Session: Class initialized using 'CodeIgniter\Session\Handlers\FileHandler' driver.
INFO - 2025-09-16 13:03:43 --> Session: Class initialized using 'CodeIgniter\Session\Handlers\FileHandler' driver.
INFO - 2025-09-16 13:03:48 --> Session: Class initialized using 'CodeIgniter\Session\Handlers\FileHandler' driver.
INFO - 2025-09-16 13:03:53 --> Session: Class initialized using 'CodeIgniter\Session\Handlers\FileHandler' driver.
INFO - 2025-09-16 13:03:58 --> Session: Class initialized using 'CodeIgniter\Session\Handlers\FileHandler' driver.
INFO - 2025-09-16 13:04:03 --> Session: Class initialized using 'CodeIgniter\Session\Handlers\FileHandler' driver.
INFO - 2025-09-16 13:04:08 --> Session: Class initialized using 'CodeIgniter\Session\Handlers\FileHandler' driver.
INFO - 2025-09-16 13:04:12 --> Session: Class initialized using 'CodeIgniter\Session\Handlers\FileHandler' driver.
INFO - 2025-09-16 13:04:18 --> Session: Class initialized using 'CodeIgniter\Session\Handlers\FileHandler' driver.
INFO - 2025-09-16 13:04:23 --> Session: Class initialized using 'CodeIgniter\Session\Handlers\FileHandler' driver.
INFO - 2025-09-16 13:04:27 --> Session: Class initialized using 'CodeIgniter\Session\Handlers\FileHandler' driver.
INFO - 2025-09-16 13:04:33 --> Session: Class initialized using 'CodeIgniter\Session\Handlers\FileHandler' driver.
INFO - 2025-09-16 13:04:38 --> Session: Class initialized using 'CodeIgniter\Session\Handlers\FileHandler' driver.
INFO - 2025-09-16 13:04:43 --> Session: Class initialized using 'CodeIgniter\Session\Handlers\FileHandler' driver.
INFO - 2025-09-16 13:04:48 --> Session: Class initialized using 'CodeIgniter\Session\Handlers\FileHandler' driver.
INFO - 2025-09-16 13:04:53 --> Session: Class initialized using 'CodeIgniter\Session\Handlers\FileHandler' driver.
INFO - 2025-09-16 13:04:58 --> Session: Class initialized using 'CodeIgniter\Session\Handlers\FileHandler' driver.
INFO - 2025-09-16 13:05:03 --> Session: Class initialized using 'CodeIgniter\Session\Handlers\FileHandler' driver.
INFO - 2025-09-16 13:05:08 --> Session: Class initialized using 'CodeIgniter\Session\Handlers\FileHandler' driver.
INFO - 2025-09-16 13:05:13 --> Session: Class initialized using 'CodeIgniter\Session\Handlers\FileHandler' driver.
INFO - 2025-09-16 13:05:18 --> Session: Class initialized using 'CodeIgniter\Session\Handlers\FileHandler' driver.
INFO - 2025-09-16 13:05:23 --> Session: Class initialized using 'CodeIgniter\Session\Handlers\FileHandler' driver.
INFO - 2025-09-16 13:05:28 --> Session: Class initialized using 'CodeIgniter\Session\Handlers\FileHandler' driver.
INFO - 2025-09-16 13:05:33 --> Session: Class initialized using 'CodeIgniter\Session\Handlers\FileHandler' driver.
INFO - 2025-09-16 13:05:38 --> Session: Class initialized using 'CodeIgniter\Session\Handlers\FileHandler' driver.
INFO - 2025-09-16 13:06:36 --> Session: Class initialized using 'CodeIgniter\Session\Handlers\FileHandler' driver.
CRITICAL - 2025-09-16 13:07:17 --> ParseError: syntax error, unexpected token "public"
[Method: GET, Route: energia/getLatestDataByDevice/2]
in APPPATH\Controllers\Energia.php on line 592.
 1 SYSTEMPATH\Autoloader\Autoloader.php(296): CodeIgniter\Autoloader\Autoloader->includeFile('C:\\xampp\\htdocs\\Tesina\\app\\Controllers\\Energia.php')
 2 SYSTEMPATH\Autoloader\Autoloader.php(272): CodeIgniter\Autoloader\Autoloader->loadInNamespace('App\\Controllers\\Energia')
 3 [internal function]: CodeIgniter\Autoloader\Autoloader->loadClass('App\\Controllers\\Energia')
 4 SYSTEMPATH\CodeIgniter.php(887): class_exists('\\App\\Controllers\\Energia', true)
 5 SYSTEMPATH\CodeIgniter.php(496): CodeIgniter\CodeIgniter->startController()
 6 SYSTEMPATH\CodeIgniter.php(355): CodeIgniter\CodeIgniter->handleRequest(null, Object(Config\Cache), false)
 7 SYSTEMPATH\Boot.php(325): CodeIgniter\CodeIgniter->run()
 8 SYSTEMPATH\Boot.php(67): CodeIgniter\Boot::runCodeIgniter(Object(CodeIgniter\CodeIgniter))
 9 FCPATH\index.php(56): CodeIgniter\Boot::bootWeb(Object(Config\Paths))
CRITICAL - 2025-09-16 13:07:17 --> ParseError: syntax error, unexpected token "public"
[Method: GET, Route: energia/getLatestDataByDevice/2]
in APPPATH\Controllers\Energia.php on line 592.
 1 SYSTEMPATH\Autoloader\Autoloader.php(296): CodeIgniter\Autoloader\Autoloader->includeFile('C:\\xampp\\htdocs\\Tesina\\app\\Controllers\\Energia.php')
 2 SYSTEMPATH\Autoloader\Autoloader.php(272): CodeIgniter\Autoloader\Autoloader->loadInNamespace('App\\Controllers\\Energia')
 3 [internal function]: CodeIgniter\Autoloader\Autoloader->loadClass('App\\Controllers\\Energia')
 4 SYSTEMPATH\CodeIgniter.php(887): class_exists('\\App\\Controllers\\Energia', true)
 5 SYSTEMPATH\CodeIgniter.php(496): CodeIgniter\CodeIgniter->startController()
 6 SYSTEMPATH\CodeIgniter.php(355): CodeIgniter\CodeIgniter->handleRequest(null, Object(Config\Cache), false)
 7 SYSTEMPATH\Boot.php(325): CodeIgniter\CodeIgniter->run()
 8 SYSTEMPATH\Boot.php(67): CodeIgniter\Boot::runCodeIgniter(Object(CodeIgniter\CodeIgniter))
 9 FCPATH\index.php(56): CodeIgniter\Boot::bootWeb(Object(Config\Paths))
CRITICAL - 2025-09-16 13:07:23 --> ParseError: syntax error, unexpected token "public"
[Method: GET, Route: energia/getLatestDataByDevice/2]
in APPPATH\Controllers\Energia.php on line 592.
 1 SYSTEMPATH\Autoloader\Autoloader.php(296): CodeIgniter\Autoloader\Autoloader->includeFile('C:\\xampp\\htdocs\\Tesina\\app\\Controllers\\Energia.php')
 2 SYSTEMPATH\Autoloader\Autoloader.php(272): CodeIgniter\Autoloader\Autoloader->loadInNamespace('App\\Controllers\\Energia')
 3 [internal function]: CodeIgniter\Autoloader\Autoloader->loadClass('App\\Controllers\\Energia')
 4 SYSTEMPATH\CodeIgniter.php(887): class_exists('\\App\\Controllers\\Energia', true)
 5 SYSTEMPATH\CodeIgniter.php(496): CodeIgniter\CodeIgniter->startController()
 6 SYSTEMPATH\CodeIgniter.php(355): CodeIgniter\CodeIgniter->handleRequest(null, Object(Config\Cache), false)
 7 SYSTEMPATH\Boot.php(325): CodeIgniter\CodeIgniter->run()
 8 SYSTEMPATH\Boot.php(67): CodeIgniter\Boot::runCodeIgniter(Object(CodeIgniter\CodeIgniter))
 9 FCPATH\index.php(56): CodeIgniter\Boot::bootWeb(Object(Config\Paths))
CRITICAL - 2025-09-16 13:07:28 --> ParseError: syntax error, unexpected token "public"
[Method: GET, Route: energia/getLatestDataByDevice/2]
in APPPATH\Controllers\Energia.php on line 592.
 1 SYSTEMPATH\Autoloader\Autoloader.php(296): CodeIgniter\Autoloader\Autoloader->includeFile('C:\\xampp\\htdocs\\Tesina\\app\\Controllers\\Energia.php')
 2 SYSTEMPATH\Autoloader\Autoloader.php(272): CodeIgniter\Autoloader\Autoloader->loadInNamespace('App\\Controllers\\Energia')
 3 [internal function]: CodeIgniter\Autoloader\Autoloader->loadClass('App\\Controllers\\Energia')
 4 SYSTEMPATH\CodeIgniter.php(887): class_exists('\\App\\Controllers\\Energia', true)
 5 SYSTEMPATH\CodeIgniter.php(496): CodeIgniter\CodeIgniter->startController()
 6 SYSTEMPATH\CodeIgniter.php(355): CodeIgniter\CodeIgniter->handleRequest(null, Object(Config\Cache), false)
 7 SYSTEMPATH\Boot.php(325): CodeIgniter\CodeIgniter->run()
 8 SYSTEMPATH\Boot.php(67): CodeIgniter\Boot::runCodeIgniter(Object(CodeIgniter\CodeIgniter))
 9 FCPATH\index.php(56): CodeIgniter\Boot::bootWeb(Object(Config\Paths))
CRITICAL - 2025-09-16 13:07:33 --> ParseError: syntax error, unexpected token "public"
[Method: GET, Route: energia/getLatestDataByDevice/2]
in APPPATH\Controllers\Energia.php on line 592.
 1 SYSTEMPATH\Autoloader\Autoloader.php(296): CodeIgniter\Autoloader\Autoloader->includeFile('C:\\xampp\\htdocs\\Tesina\\app\\Controllers\\Energia.php')
 2 SYSTEMPATH\Autoloader\Autoloader.php(272): CodeIgniter\Autoloader\Autoloader->loadInNamespace('App\\Controllers\\Energia')
 3 [internal function]: CodeIgniter\Autoloader\Autoloader->loadClass('App\\Controllers\\Energia')
 4 SYSTEMPATH\CodeIgniter.php(887): class_exists('\\App\\Controllers\\Energia', true)
 5 SYSTEMPATH\CodeIgniter.php(496): CodeIgniter\CodeIgniter->startController()
 6 SYSTEMPATH\CodeIgniter.php(355): CodeIgniter\CodeIgniter->handleRequest(null, Object(Config\Cache), false)
 7 SYSTEMPATH\Boot.php(325): CodeIgniter\CodeIgniter->run()
 8 SYSTEMPATH\Boot.php(67): CodeIgniter\Boot::runCodeIgniter(Object(CodeIgniter\CodeIgniter))
 9 FCPATH\index.php(56): CodeIgniter\Boot::bootWeb(Object(Config\Paths))
CRITICAL - 2025-09-16 13:07:38 --> ParseError: syntax error, unexpected token "public"
[Method: GET, Route: energia/getLatestDataByDevice/2]
in APPPATH\Controllers\Energia.php on line 592.
 1 SYSTEMPATH\Autoloader\Autoloader.php(296): CodeIgniter\Autoloader\Autoloader->includeFile('C:\\xampp\\htdocs\\Tesina\\app\\Controllers\\Energia.php')
 2 SYSTEMPATH\Autoloader\Autoloader.php(272): CodeIgniter\Autoloader\Autoloader->loadInNamespace('App\\Controllers\\Energia')
 3 [internal function]: CodeIgniter\Autoloader\Autoloader->loadClass('App\\Controllers\\Energia')
 4 SYSTEMPATH\CodeIgniter.php(887): class_exists('\\App\\Controllers\\Energia', true)
 5 SYSTEMPATH\CodeIgniter.php(496): CodeIgniter\CodeIgniter->startController()
 6 SYSTEMPATH\CodeIgniter.php(355): CodeIgniter\CodeIgniter->handleRequest(null, Object(Config\Cache), false)
 7 SYSTEMPATH\Boot.php(325): CodeIgniter\CodeIgniter->run()
 8 SYSTEMPATH\Boot.php(67): CodeIgniter\Boot::runCodeIgniter(Object(CodeIgniter\CodeIgniter))
 9 FCPATH\index.php(56): CodeIgniter\Boot::bootWeb(Object(Config\Paths))
CRITICAL - 2025-09-16 13:07:43 --> ParseError: syntax error, unexpected token "public"
[Method: GET, Route: energia/getLatestDataByDevice/2]
in APPPATH\Controllers\Energia.php on line 592.
 1 SYSTEMPATH\Autoloader\Autoloader.php(296): CodeIgniter\Autoloader\Autoloader->includeFile('C:\\xampp\\htdocs\\Tesina\\app\\Controllers\\Energia.php')
 2 SYSTEMPATH\Autoloader\Autoloader.php(272): CodeIgniter\Autoloader\Autoloader->loadInNamespace('App\\Controllers\\Energia')
 3 [internal function]: CodeIgniter\Autoloader\Autoloader->loadClass('App\\Controllers\\Energia')
 4 SYSTEMPATH\CodeIgniter.php(887): class_exists('\\App\\Controllers\\Energia', true)
 5 SYSTEMPATH\CodeIgniter.php(496): CodeIgniter\CodeIgniter->startController()
 6 SYSTEMPATH\CodeIgniter.php(355): CodeIgniter\CodeIgniter->handleRequest(null, Object(Config\Cache), false)
 7 SYSTEMPATH\Boot.php(325): CodeIgniter\CodeIgniter->run()
 8 SYSTEMPATH\Boot.php(67): CodeIgniter\Boot::runCodeIgniter(Object(CodeIgniter\CodeIgniter))
 9 FCPATH\index.php(56): CodeIgniter\Boot::bootWeb(Object(Config\Paths))
CRITICAL - 2025-09-16 13:07:48 --> ParseError: syntax error, unexpected token "public"
[Method: GET, Route: energia/getLatestDataByDevice/2]
in APPPATH\Controllers\Energia.php on line 592.
 1 SYSTEMPATH\Autoloader\Autoloader.php(296): CodeIgniter\Autoloader\Autoloader->includeFile('C:\\xampp\\htdocs\\Tesina\\app\\Controllers\\Energia.php')
 2 SYSTEMPATH\Autoloader\Autoloader.php(272): CodeIgniter\Autoloader\Autoloader->loadInNamespace('App\\Controllers\\Energia')
 3 [internal function]: CodeIgniter\Autoloader\Autoloader->loadClass('App\\Controllers\\Energia')
 4 SYSTEMPATH\CodeIgniter.php(887): class_exists('\\App\\Controllers\\Energia', true)
 5 SYSTEMPATH\CodeIgniter.php(496): CodeIgniter\CodeIgniter->startController()
 6 SYSTEMPATH\CodeIgniter.php(355): CodeIgniter\CodeIgniter->handleRequest(null, Object(Config\Cache), false)
 7 SYSTEMPATH\Boot.php(325): CodeIgniter\CodeIgniter->run()
 8 SYSTEMPATH\Boot.php(67): CodeIgniter\Boot::runCodeIgniter(Object(CodeIgniter\CodeIgniter))
 9 FCPATH\index.php(56): CodeIgniter\Boot::bootWeb(Object(Config\Paths))
CRITICAL - 2025-09-16 13:07:53 --> ParseError: syntax error, unexpected token "public"
[Method: GET, Route: energia/getLatestDataByDevice/2]
in APPPATH\Controllers\Energia.php on line 592.
 1 SYSTEMPATH\Autoloader\Autoloader.php(296): CodeIgniter\Autoloader\Autoloader->includeFile('C:\\xampp\\htdocs\\Tesina\\app\\Controllers\\Energia.php')
 2 SYSTEMPATH\Autoloader\Autoloader.php(272): CodeIgniter\Autoloader\Autoloader->loadInNamespace('App\\Controllers\\Energia')
 3 [internal function]: CodeIgniter\Autoloader\Autoloader->loadClass('App\\Controllers\\Energia')
 4 SYSTEMPATH\CodeIgniter.php(887): class_exists('\\App\\Controllers\\Energia', true)
 5 SYSTEMPATH\CodeIgniter.php(496): CodeIgniter\CodeIgniter->startController()
 6 SYSTEMPATH\CodeIgniter.php(355): CodeIgniter\CodeIgniter->handleRequest(null, Object(Config\Cache), false)
 7 SYSTEMPATH\Boot.php(325): CodeIgniter\CodeIgniter->run()
 8 SYSTEMPATH\Boot.php(67): CodeIgniter\Boot::runCodeIgniter(Object(CodeIgniter\CodeIgniter))
 9 FCPATH\index.php(56): CodeIgniter\Boot::bootWeb(Object(Config\Paths))
CRITICAL - 2025-09-16 13:07:58 --> ParseError: syntax error, unexpected token "public"
[Method: GET, Route: energia/getLatestDataByDevice/2]
in APPPATH\Controllers\Energia.php on line 592.
 1 SYSTEMPATH\Autoloader\Autoloader.php(296): CodeIgniter\Autoloader\Autoloader->includeFile('C:\\xampp\\htdocs\\Tesina\\app\\Controllers\\Energia.php')
 2 SYSTEMPATH\Autoloader\Autoloader.php(272): CodeIgniter\Autoloader\Autoloader->loadInNamespace('App\\Controllers\\Energia')
 3 [internal function]: CodeIgniter\Autoloader\Autoloader->loadClass('App\\Controllers\\Energia')
 4 SYSTEMPATH\CodeIgniter.php(887): class_exists('\\App\\Controllers\\Energia', true)
 5 SYSTEMPATH\CodeIgniter.php(496): CodeIgniter\CodeIgniter->startController()
 6 SYSTEMPATH\CodeIgniter.php(355): CodeIgniter\CodeIgniter->handleRequest(null, Object(Config\Cache), false)
 7 SYSTEMPATH\Boot.php(325): CodeIgniter\CodeIgniter->run()
 8 SYSTEMPATH\Boot.php(67): CodeIgniter\Boot::runCodeIgniter(Object(CodeIgniter\CodeIgniter))
 9 FCPATH\index.php(56): CodeIgniter\Boot::bootWeb(Object(Config\Paths))
CRITICAL - 2025-09-16 13:08:02 --> ParseError: syntax error, unexpected token "public"
[Method: GET, Route: energia/getLatestDataByDevice/2]
in APPPATH\Controllers\Energia.php on line 592.
 1 SYSTEMPATH\Autoloader\Autoloader.php(296): CodeIgniter\Autoloader\Autoloader->includeFile('C:\\xampp\\htdocs\\Tesina\\app\\Controllers\\Energia.php')
 2 SYSTEMPATH\Autoloader\Autoloader.php(272): CodeIgniter\Autoloader\Autoloader->loadInNamespace('App\\Controllers\\Energia')
 3 [internal function]: CodeIgniter\Autoloader\Autoloader->loadClass('App\\Controllers\\Energia')
 4 SYSTEMPATH\CodeIgniter.php(887): class_exists('\\App\\Controllers\\Energia', true)
 5 SYSTEMPATH\CodeIgniter.php(496): CodeIgniter\CodeIgniter->startController()
 6 SYSTEMPATH\CodeIgniter.php(355): CodeIgniter\CodeIgniter->handleRequest(null, Object(Config\Cache), false)
 7 SYSTEMPATH\Boot.php(325): CodeIgniter\CodeIgniter->run()
 8 SYSTEMPATH\Boot.php(67): CodeIgniter\Boot::runCodeIgniter(Object(CodeIgniter\CodeIgniter))
 9 FCPATH\index.php(56): CodeIgniter\Boot::bootWeb(Object(Config\Paths))
CRITICAL - 2025-09-16 13:08:08 --> ParseError: syntax error, unexpected token "public"
[Method: GET, Route: energia/getLatestDataByDevice/2]
in APPPATH\Controllers\Energia.php on line 592.
 1 SYSTEMPATH\Autoloader\Autoloader.php(296): CodeIgniter\Autoloader\Autoloader->includeFile('C:\\xampp\\htdocs\\Tesina\\app\\Controllers\\Energia.php')
 2 SYSTEMPATH\Autoloader\Autoloader.php(272): CodeIgniter\Autoloader\Autoloader->loadInNamespace('App\\Controllers\\Energia')
 3 [internal function]: CodeIgniter\Autoloader\Autoloader->loadClass('App\\Controllers\\Energia')
 4 SYSTEMPATH\CodeIgniter.php(887): class_exists('\\App\\Controllers\\Energia', true)
 5 SYSTEMPATH\CodeIgniter.php(496): CodeIgniter\CodeIgniter->startController()
 6 SYSTEMPATH\CodeIgniter.php(355): CodeIgniter\CodeIgniter->handleRequest(null, Object(Config\Cache), false)
 7 SYSTEMPATH\Boot.php(325): CodeIgniter\CodeIgniter->run()
 8 SYSTEMPATH\Boot.php(67): CodeIgniter\Boot::runCodeIgniter(Object(CodeIgniter\CodeIgniter))
 9 FCPATH\index.php(56): CodeIgniter\Boot::bootWeb(Object(Config\Paths))
INFO - 2025-09-16 13:08:13 --> Session: Class initialized using 'CodeIgniter\Session\Handlers\FileHandler' driver.
INFO - 2025-09-16 13:08:18 --> Session: Class initialized using 'CodeIgniter\Session\Handlers\FileHandler' driver.
INFO - 2025-09-16 13:08:23 --> Session: Class initialized using 'CodeIgniter\Session\Handlers\FileHandler' driver.
INFO - 2025-09-16 13:08:28 --> Session: Class initialized using 'CodeIgniter\Session\Handlers\FileHandler' driver.
INFO - 2025-09-16 13:08:33 --> Session: Class initialized using 'CodeIgniter\Session\Handlers\FileHandler' driver.
INFO - 2025-09-16 13:08:38 --> Session: Class initialized using 'CodeIgniter\Session\Handlers\FileHandler' driver.
INFO - 2025-09-16 13:08:43 --> Session: Class initialized using 'CodeIgniter\Session\Handlers\FileHandler' driver.
INFO - 2025-09-16 13:08:48 --> Session: Class initialized using 'CodeIgniter\Session\Handlers\FileHandler' driver.
INFO - 2025-09-16 13:08:52 --> Session: Class initialized using 'CodeIgniter\Session\Handlers\FileHandler' driver.
DEBUG - 2025-09-16 13:08:57 --> Ruta actual: /Tesina/public/energia/generarPDF/2
INFO - 2025-09-16 13:08:57 --> Session: Class initialized using 'CodeIgniter\Session\Handlers\FileHandler' driver.
DEBUG - 2025-09-16 13:08:57 --> Datos en sesión: Array
(
    [__ci_last_regenerate] => 1758038932
    [_ci_previous_url] => http://192.168.2.188/Tesina/public/energia/generarPDF/2
    [id_usuario] => 1
    [nombre] => brunito
    [apellido] => barber
    [email] => brunocameille@alumnos.itr3.edu.ar
    [rol] => admin
    [logged_in] => 1
)

INFO - 2025-09-16 13:08:57 --> PDF: dispositivo=2 mes= rango=2025-09-01 00:00:00 -> 2025-09-30 23:59:59
INFO - 2025-09-16 13:08:57 --> PDF: totalLecturas=0
INFO - 2025-09-16 13:08:57 --> PDF: sin datos en mes actual, fallback a mes=2025-08 rango=2025-08-01 00:00:00 -> 2025-08-31 23:59:59
INFO - 2025-09-16 13:08:57 --> PDF: totalLecturas (fallback)=18
INFO - 2025-09-16 13:08:57 --> PDF: total_kwh=8.8 v_prom=220 i_prom=0.5 p_prom=110
INFO - 2025-09-16 13:08:57 --> PDF: precioKwh=0.15 precioTotal=1.32
INFO - 2025-09-16 13:08:58 --> Session: Class initialized using 'CodeIgniter\Session\Handlers\FileHandler' driver.
INFO - 2025-09-16 13:09:03 --> Session: Class initialized using 'CodeIgniter\Session\Handlers\FileHandler' driver.
INFO - 2025-09-16 13:09:08 --> Session: Class initialized using 'CodeIgniter\Session\Handlers\FileHandler' driver.
INFO - 2025-09-16 13:09:13 --> Session: Class initialized using 'CodeIgniter\Session\Handlers\FileHandler' driver.
INFO - 2025-09-16 13:09:18 --> Session: Class initialized using 'CodeIgniter\Session\Handlers\FileHandler' driver.
INFO - 2025-09-16 13:09:23 --> Session: Class initialized using 'CodeIgniter\Session\Handlers\FileHandler' driver.
INFO - 2025-09-16 13:09:28 --> Session: Class initialized using 'CodeIgniter\Session\Handlers\FileHandler' driver.
INFO - 2025-09-16 13:09:33 --> Session: Class initialized using 'CodeIgniter\Session\Handlers\FileHandler' driver.
INFO - 2025-09-16 13:09:37 --> Session: Class initialized using 'CodeIgniter\Session\Handlers\FileHandler' driver.
INFO - 2025-09-16 13:09:43 --> Session: Class initialized using 'CodeIgniter\Session\Handlers\FileHandler' driver.
INFO - 2025-09-16 13:09:48 --> Session: Class initialized using 'CodeIgniter\Session\Handlers\FileHandler' driver.
INFO - 2025-09-16 13:09:53 --> Session: Class initialized using 'CodeIgniter\Session\Handlers\FileHandler' driver.
INFO - 2025-09-16 13:09:58 --> Session: Class initialized using 'CodeIgniter\Session\Handlers\FileHandler' driver.
INFO - 2025-09-16 13:10:03 --> Session: Class initialized using 'CodeIgniter\Session\Handlers\FileHandler' driver.
INFO - 2025-09-16 13:10:08 --> Session: Class initialized using 'CodeIgniter\Session\Handlers\FileHandler' driver.
INFO - 2025-09-16 13:10:13 --> Session: Class initialized using 'CodeIgniter\Session\Handlers\FileHandler' driver.
INFO - 2025-09-16 13:10:18 --> Session: Class initialized using 'CodeIgniter\Session\Handlers\FileHandler' driver.
INFO - 2025-09-16 13:10:23 --> Session: Class initialized using 'CodeIgniter\Session\Handlers\FileHandler' driver.
INFO - 2025-09-16 13:10:29 --> Session: Class initialized using 'CodeIgniter\Session\Handlers\FileHandler' driver.
INFO - 2025-09-16 13:10:33 --> Session: Class initialized using 'CodeIgniter\Session\Handlers\FileHandler' driver.
INFO - 2025-09-16 13:10:38 --> Session: Class initialized using 'CodeIgniter\Session\Handlers\FileHandler' driver.
INFO - 2025-09-16 13:11:21 --> Session: Class initialized using 'CodeIgniter\Session\Handlers\FileHandler' driver.
INFO - 2025-09-16 13:11:22 --> Session: Class initialized using 'CodeIgniter\Session\Handlers\FileHandler' driver.
INFO - 2025-09-16 13:11:27 --> Session: Class initialized using 'CodeIgniter\Session\Handlers\FileHandler' driver.
DEBUG - 2025-09-16 13:11:28 --> Ruta actual: /Tesina/public/energia/generarPDF/2
INFO - 2025-09-16 13:11:28 --> Session: Class initialized using 'CodeIgniter\Session\Handlers\FileHandler' driver.
DEBUG - 2025-09-16 13:11:28 --> Datos en sesión: Array
(
    [__ci_last_regenerate] => 1758038932
    [_ci_previous_url] => http://192.168.2.188/Tesina/public/energia/generarPDF/2
    [id_usuario] => 1
    [nombre] => brunito
    [apellido] => barber
    [email] => brunocameille@alumnos.itr3.edu.ar
    [rol] => admin
    [logged_in] => 1
)

INFO - 2025-09-16 13:11:28 --> PDF: dispositivo=2 mes= rango=2025-09-01 00:00:00 -> 2025-09-30 23:59:59
INFO - 2025-09-16 13:11:28 --> PDF: totalLecturas=0
INFO - 2025-09-16 13:11:28 --> PDF: sin datos en mes actual, fallback a mes=2025-08 rango=2025-08-01 00:00:00 -> 2025-08-31 23:59:59
INFO - 2025-09-16 13:11:28 --> PDF: totalLecturas (fallback)=18
INFO - 2025-09-16 13:11:28 --> PDF: total_kwh=8.8 v_prom=220 i_prom=0.5 p_prom=110
INFO - 2025-09-16 13:11:28 --> PDF: tarifaParam=NULL tarifaSession=NULL
INFO - 2025-09-16 13:11:28 --> PDF: precioKwh=0.15 precioTotal=1.32
INFO - 2025-09-16 13:11:33 --> Session: Class initialized using 'CodeIgniter\Session\Handlers\FileHandler' driver.
INFO - 2025-09-16 13:11:38 --> Session: Class initialized using 'CodeIgniter\Session\Handlers\FileHandler' driver.
INFO - 2025-09-16 13:11:43 --> Session: Class initialized using 'CodeIgniter\Session\Handlers\FileHandler' driver.
INFO - 2025-09-16 13:11:48 --> Session: Class initialized using 'CodeIgniter\Session\Handlers\FileHandler' driver.
INFO - 2025-09-16 13:11:53 --> Session: Class initialized using 'CodeIgniter\Session\Handlers\FileHandler' driver.
INFO - 2025-09-16 13:11:58 --> Session: Class initialized using 'CodeIgniter\Session\Handlers\FileHandler' driver.
INFO - 2025-09-16 13:12:03 --> Session: Class initialized using 'CodeIgniter\Session\Handlers\FileHandler' driver.
INFO - 2025-09-16 13:12:08 --> Session: Class initialized using 'CodeIgniter\Session\Handlers\FileHandler' driver.
INFO - 2025-09-16 13:12:13 --> Session: Class initialized using 'CodeIgniter\Session\Handlers\FileHandler' driver.
INFO - 2025-09-16 13:12:18 --> Session: Class initialized using 'CodeIgniter\Session\Handlers\FileHandler' driver.
INFO - 2025-09-16 13:12:23 --> Session: Class initialized using 'CodeIgniter\Session\Handlers\FileHandler' driver.
INFO - 2025-09-16 13:12:27 --> Session: Class initialized using 'CodeIgniter\Session\Handlers\FileHandler' driver.
INFO - 2025-09-16 13:12:33 --> Session: Class initialized using 'CodeIgniter\Session\Handlers\FileHandler' driver.
INFO - 2025-09-16 13:12:38 --> Session: Class initialized using 'CodeIgniter\Session\Handlers\FileHandler' driver.
INFO - 2025-09-16 13:12:43 --> Session: Class initialized using 'CodeIgniter\Session\Handlers\FileHandler' driver.
INFO - 2025-09-16 13:12:48 --> Session: Class initialized using 'CodeIgniter\Session\Handlers\FileHandler' driver.
INFO - 2025-09-16 13:12:53 --> Session: Class initialized using 'CodeIgniter\Session\Handlers\FileHandler' driver.
INFO - 2025-09-16 13:12:58 --> Session: Class initialized using 'CodeIgniter\Session\Handlers\FileHandler' driver.
INFO - 2025-09-16 13:13:03 --> Session: Class initialized using 'CodeIgniter\Session\Handlers\FileHandler' driver.
INFO - 2025-09-16 13:13:08 --> Session: Class initialized using 'CodeIgniter\Session\Handlers\FileHandler' driver.
INFO - 2025-09-16 13:13:13 --> Session: Class initialized using 'CodeIgniter\Session\Handlers\FileHandler' driver.
INFO - 2025-09-16 13:13:18 --> Session: Class initialized using 'CodeIgniter\Session\Handlers\FileHandler' driver.
INFO - 2025-09-16 13:13:23 --> Session: Class initialized using 'CodeIgniter\Session\Handlers\FileHandler' driver.
INFO - 2025-09-16 13:13:28 --> Session: Class initialized using 'CodeIgniter\Session\Handlers\FileHandler' driver.
INFO - 2025-09-16 13:13:35 --> Session: Class initialized using 'CodeIgniter\Session\Handlers\FileHandler' driver.
INFO - 2025-09-16 13:14:35 --> Session: Class initialized using 'CodeIgniter\Session\Handlers\FileHandler' driver.
INFO - 2025-09-16 13:15:35 --> Session: Class initialized using 'CodeIgniter\Session\Handlers\FileHandler' driver.
INFO - 2025-09-16 13:15:38 --> Session: Class initialized using 'CodeIgniter\Session\Handlers\FileHandler' driver.
INFO - 2025-09-16 13:15:43 --> Session: Class initialized using 'CodeIgniter\Session\Handlers\FileHandler' driver.
INFO - 2025-09-16 13:15:48 --> Session: Class initialized using 'CodeIgniter\Session\Handlers\FileHandler' driver.
INFO - 2025-09-16 13:15:53 --> Session: Class initialized using 'CodeIgniter\Session\Handlers\FileHandler' driver.
INFO - 2025-09-16 13:15:58 --> Session: Class initialized using 'CodeIgniter\Session\Handlers\FileHandler' driver.
INFO - 2025-09-16 13:16:03 --> Session: Class initialized using 'CodeIgniter\Session\Handlers\FileHandler' driver.
INFO - 2025-09-16 13:16:08 --> Session: Class initialized using 'CodeIgniter\Session\Handlers\FileHandler' driver.
INFO - 2025-09-16 13:16:13 --> Session: Class initialized using 'CodeIgniter\Session\Handlers\FileHandler' driver.
INFO - 2025-09-16 13:16:18 --> Session: Class initialized using 'CodeIgniter\Session\Handlers\FileHandler' driver.
INFO - 2025-09-16 13:16:23 --> Session: Class initialized using 'CodeIgniter\Session\Handlers\FileHandler' driver.
INFO - 2025-09-16 13:16:28 --> Session: Class initialized using 'CodeIgniter\Session\Handlers\FileHandler' driver.
INFO - 2025-09-16 13:16:33 --> Session: Class initialized using 'CodeIgniter\Session\Handlers\FileHandler' driver.
INFO - 2025-09-16 13:16:38 --> Session: Class initialized using 'CodeIgniter\Session\Handlers\FileHandler' driver.
INFO - 2025-09-16 13:16:43 --> Session: Class initialized using 'CodeIgniter\Session\Handlers\FileHandler' driver.
INFO - 2025-09-16 13:16:48 --> Session: Class initialized using 'CodeIgniter\Session\Handlers\FileHandler' driver.
INFO - 2025-09-16 13:16:53 --> Session: Class initialized using 'CodeIgniter\Session\Handlers\FileHandler' driver.
INFO - 2025-09-16 13:16:58 --> Session: Class initialized using 'CodeIgniter\Session\Handlers\FileHandler' driver.
INFO - 2025-09-16 13:17:03 --> Session: Class initialized using 'CodeIgniter\Session\Handlers\FileHandler' driver.
INFO - 2025-09-16 13:17:08 --> Session: Class initialized using 'CodeIgniter\Session\Handlers\FileHandler' driver.
INFO - 2025-09-16 13:17:13 --> Session: Class initialized using 'CodeIgniter\Session\Handlers\FileHandler' driver.
INFO - 2025-09-16 13:17:18 --> Session: Class initialized using 'CodeIgniter\Session\Handlers\FileHandler' driver.
INFO - 2025-09-16 13:17:23 --> Session: Class initialized using 'CodeIgniter\Session\Handlers\FileHandler' driver.
INFO - 2025-09-16 13:17:32 --> Session: Class initialized using 'CodeIgniter\Session\Handlers\FileHandler' driver.
INFO - 2025-09-16 13:17:33 --> Session: Class initialized using 'CodeIgniter\Session\Handlers\FileHandler' driver.
INFO - 2025-09-16 13:17:38 --> Session: Class initialized using 'CodeIgniter\Session\Handlers\FileHandler' driver.
INFO - 2025-09-16 13:17:43 --> Session: Class initialized using 'CodeIgniter\Session\Handlers\FileHandler' driver.
INFO - 2025-09-16 13:17:48 --> Session: Class initialized using 'CodeIgniter\Session\Handlers\FileHandler' driver.
INFO - 2025-09-16 13:17:53 --> Session: Class initialized using 'CodeIgniter\Session\Handlers\FileHandler' driver.
INFO - 2025-09-16 13:17:58 --> Session: Class initialized using 'CodeIgniter\Session\Handlers\FileHandler' driver.
INFO - 2025-09-16 13:18:03 --> Session: Class initialized using 'CodeIgniter\Session\Handlers\FileHandler' driver.
INFO - 2025-09-16 13:18:08 --> Session: Class initialized using 'CodeIgniter\Session\Handlers\FileHandler' driver.
INFO - 2025-09-16 13:18:13 --> Session: Class initialized using 'CodeIgniter\Session\Handlers\FileHandler' driver.
INFO - 2025-09-16 13:18:18 --> Session: Class initialized using 'CodeIgniter\Session\Handlers\FileHandler' driver.
INFO - 2025-09-16 13:18:23 --> Session: Class initialized using 'CodeIgniter\Session\Handlers\FileHandler' driver.
INFO - 2025-09-16 13:18:28 --> Session: Class initialized using 'CodeIgniter\Session\Handlers\FileHandler' driver.
INFO - 2025-09-16 13:18:36 --> Session: Class initialized using 'CodeIgniter\Session\Handlers\FileHandler' driver.
INFO - 2025-09-16 13:19:35 --> Session: Class initialized using 'CodeIgniter\Session\Handlers\FileHandler' driver.
INFO - 2025-09-16 13:20:35 --> Session: Class initialized using 'CodeIgniter\Session\Handlers\FileHandler' driver.
INFO - 2025-09-16 13:20:55 --> Session: Class initialized using 'CodeIgniter\Session\Handlers\FileHandler' driver.
INFO - 2025-09-16 13:20:58 --> Session: Class initialized using 'CodeIgniter\Session\Handlers\FileHandler' driver.
INFO - 2025-09-16 13:21:02 --> Session: Class initialized using 'CodeIgniter\Session\Handlers\FileHandler' driver.
DEBUG - 2025-09-16 13:21:07 --> Ruta actual: /Tesina/public/energia/generarPDF/2
INFO - 2025-09-16 13:21:07 --> Session: Class initialized using 'CodeIgniter\Session\Handlers\FileHandler' driver.
DEBUG - 2025-09-16 13:21:07 --> Datos en sesión: Array
(
    [__ci_last_regenerate] => 1758039635
    [_ci_previous_url] => http://192.168.2.188/Tesina/public/energia/generarPDF/2
    [id_usuario] => 1
    [nombre] => brunito
    [apellido] => barber
    [email] => brunocameille@alumnos.itr3.edu.ar
    [rol] => admin
    [logged_in] => 1
)

INFO - 2025-09-16 13:21:07 --> PDF: dispositivo=2 mes= rango=2025-09-01 00:00:00 -> 2025-09-30 23:59:59
INFO - 2025-09-16 13:21:07 --> PDF: totalLecturas=0
INFO - 2025-09-16 13:21:07 --> PDF: sin datos en mes actual, fallback a mes=2025-08 rango=2025-08-01 00:00:00 -> 2025-08-31 23:59:59
INFO - 2025-09-16 13:21:07 --> PDF: totalLecturas (fallback)=18
INFO - 2025-09-16 13:21:07 --> PDF: total_kwh=8.8 v_prom=220 i_prom=0.5 p_prom=110
DEBUG - 2025-09-16 13:21:07 --> Ruta actual: /Tesina/public/energia/dispositivo/2
INFO - 2025-09-16 13:21:07 --> Session: Class initialized using 'CodeIgniter\Session\Handlers\FileHandler' driver.
DEBUG - 2025-09-16 13:21:07 --> Datos en sesión: Array
(
    [__ci_last_regenerate] => 1758039635
    [_ci_previous_url] => http://192.168.2.188/Tesina/public/energia/generarPDF/2
    [id_usuario] => 1
    [nombre] => brunito
    [apellido] => barber
    [email] => brunocameille@alumnos.itr3.edu.ar
    [rol] => admin
    [logged_in] => 1
)

INFO - 2025-09-16 13:21:08 --> Session: Class initialized using 'CodeIgniter\Session\Handlers\FileHandler' driver.
INFO - 2025-09-16 13:21:09 --> Session: Class initialized using 'CodeIgniter\Session\Handlers\FileHandler' driver.
INFO - 2025-09-16 13:21:13 --> Session: Class initialized using 'CodeIgniter\Session\Handlers\FileHandler' driver.
INFO - 2025-09-16 13:21:13 --> Session: Class initialized using 'CodeIgniter\Session\Handlers\FileHandler' driver.
INFO - 2025-09-16 13:21:18 --> Session: Class initialized using 'CodeIgniter\Session\Handlers\FileHandler' driver.
INFO - 2025-09-16 13:21:19 --> Session: Class initialized using 'CodeIgniter\Session\Handlers\FileHandler' driver.
INFO - 2025-09-16 13:21:23 --> Session: Class initialized using 'CodeIgniter\Session\Handlers\FileHandler' driver.
INFO - 2025-09-16 13:21:24 --> Session: Class initialized using 'CodeIgniter\Session\Handlers\FileHandler' driver.
INFO - 2025-09-16 13:21:28 --> Session: Class initialized using 'CodeIgniter\Session\Handlers\FileHandler' driver.
INFO - 2025-09-16 13:21:29 --> Session: Class initialized using 'CodeIgniter\Session\Handlers\FileHandler' driver.
INFO - 2025-09-16 13:21:33 --> Session: Class initialized using 'CodeIgniter\Session\Handlers\FileHandler' driver.
INFO - 2025-09-16 13:21:34 --> Session: Class initialized using 'CodeIgniter\Session\Handlers\FileHandler' driver.
INFO - 2025-09-16 13:21:38 --> Session: Class initialized using 'CodeIgniter\Session\Handlers\FileHandler' driver.
INFO - 2025-09-16 13:21:39 --> Session: Class initialized using 'CodeIgniter\Session\Handlers\FileHandler' driver.
INFO - 2025-09-16 13:21:43 --> Session: Class initialized using 'CodeIgniter\Session\Handlers\FileHandler' driver.
INFO - 2025-09-16 13:21:44 --> Session: Class initialized using 'CodeIgniter\Session\Handlers\FileHandler' driver.
INFO - 2025-09-16 13:21:48 --> Session: Class initialized using 'CodeIgniter\Session\Handlers\FileHandler' driver.
INFO - 2025-09-16 13:21:50 --> Session: Class initialized using 'CodeIgniter\Session\Handlers\FileHandler' driver.
INFO - 2025-09-16 13:21:51 --> Session: Class initialized using 'CodeIgniter\Session\Handlers\FileHandler' driver.
INFO - 2025-09-16 13:21:52 --> Session: Class initialized using 'CodeIgniter\Session\Handlers\FileHandler' driver.
INFO - 2025-09-16 13:21:52 --> Session: Class initialized using 'CodeIgniter\Session\Handlers\FileHandler' driver.
INFO - 2025-09-16 13:21:52 --> Session: Class initialized using 'CodeIgniter\Session\Handlers\FileHandler' driver.
INFO - 2025-09-16 13:21:52 --> Session: Class initialized using 'CodeIgniter\Session\Handlers\FileHandler' driver.
INFO - 2025-09-16 13:21:53 --> Session: Class initialized using 'CodeIgniter\Session\Handlers\FileHandler' driver.
DEBUG - 2025-09-16 13:21:53 --> Ruta actual: /Tesina/public/energia/generarPDF/2
INFO - 2025-09-16 13:21:53 --> Session: Class initialized using 'CodeIgniter\Session\Handlers\FileHandler' driver.
DEBUG - 2025-09-16 13:21:53 --> Datos en sesión: Array
(
    [__ci_last_regenerate] => 1758039635
    [_ci_previous_url] => http://192.168.2.188/Tesina/public/energia/dispositivo/2
    [id_usuario] => 1
    [nombre] => brunito
    [apellido] => barber
    [email] => brunocameille@alumnos.itr3.edu.ar
    [rol] => admin
    [logged_in] => 1
    [tarifa_kwh] => 2311
)

INFO - 2025-09-16 13:21:53 --> PDF: dispositivo=2 mes= rango=2025-09-01 00:00:00 -> 2025-09-30 23:59:59
INFO - 2025-09-16 13:21:53 --> PDF: totalLecturas=0
INFO - 2025-09-16 13:21:53 --> PDF: sin datos en mes actual, fallback a mes=2025-08 rango=2025-08-01 00:00:00 -> 2025-08-31 23:59:59
INFO - 2025-09-16 13:21:53 --> PDF: totalLecturas (fallback)=18
INFO - 2025-09-16 13:21:53 --> PDF: total_kwh=8.8 v_prom=220 i_prom=0.5 p_prom=110
INFO - 2025-09-16 13:21:53 --> PDF: tarifaParam='2311' tarifaSession=2311.0
INFO - 2025-09-16 13:21:53 --> PDF: precioKwh=2311 precioTotal=20336.8
INFO - 2025-09-16 13:21:55 --> Session: Class initialized using 'CodeIgniter\Session\Handlers\FileHandler' driver.
INFO - 2025-09-16 13:21:58 --> Session: Class initialized using 'CodeIgniter\Session\Handlers\FileHandler' driver.
INFO - 2025-09-16 13:21:59 --> Session: Class initialized using 'CodeIgniter\Session\Handlers\FileHandler' driver.
INFO - 2025-09-16 13:22:03 --> Session: Class initialized using 'CodeIgniter\Session\Handlers\FileHandler' driver.
INFO - 2025-09-16 13:22:05 --> Session: Class initialized using 'CodeIgniter\Session\Handlers\FileHandler' driver.
INFO - 2025-09-16 13:22:09 --> Session: Class initialized using 'CodeIgniter\Session\Handlers\FileHandler' driver.
INFO - 2025-09-16 13:22:14 --> Session: Class initialized using 'CodeIgniter\Session\Handlers\FileHandler' driver.
INFO - 2025-09-16 13:22:19 --> Session: Class initialized using 'CodeIgniter\Session\Handlers\FileHandler' driver.
INFO - 2025-09-16 13:22:23 --> Session: Class initialized using 'CodeIgniter\Session\Handlers\FileHandler' driver.
INFO - 2025-09-16 13:22:29 --> Session: Class initialized using 'CodeIgniter\Session\Handlers\FileHandler' driver.
INFO - 2025-09-16 13:22:33 --> Session: Class initialized using 'CodeIgniter\Session\Handlers\FileHandler' driver.
INFO - 2025-09-16 13:22:35 --> Session: Class initialized using 'CodeIgniter\Session\Handlers\FileHandler' driver.
INFO - 2025-09-16 13:22:38 --> Session: Class initialized using 'CodeIgniter\Session\Handlers\FileHandler' driver.
INFO - 2025-09-16 13:22:43 --> Session: Class initialized using 'CodeIgniter\Session\Handlers\FileHandler' driver.
INFO - 2025-09-16 13:22:48 --> Session: Class initialized using 'CodeIgniter\Session\Handlers\FileHandler' driver.
INFO - 2025-09-16 13:22:50 --> Session: Class initialized using 'CodeIgniter\Session\Handlers\FileHandler' driver.
INFO - 2025-09-16 13:22:50 --> Session: Class initialized using 'CodeIgniter\Session\Handlers\FileHandler' driver.
INFO - 2025-09-16 13:22:50 --> Session: Class initialized using 'CodeIgniter\Session\Handlers\FileHandler' driver.
INFO - 2025-09-16 13:22:53 --> Session: Class initialized using 'CodeIgniter\Session\Handlers\FileHandler' driver.
INFO - 2025-09-16 13:22:53 --> Session: Class initialized using 'CodeIgniter\Session\Handlers\FileHandler' driver.
INFO - 2025-09-16 13:22:53 --> Session: Class initialized using 'CodeIgniter\Session\Handlers\FileHandler' driver.
INFO - 2025-09-16 13:22:53 --> Session: Class initialized using 'CodeIgniter\Session\Handlers\FileHandler' driver.
INFO - 2025-09-16 13:22:55 --> Session: Class initialized using 'CodeIgniter\Session\Handlers\FileHandler' driver.
INFO - 2025-09-16 13:22:55 --> Session: Class initialized using 'CodeIgniter\Session\Handlers\FileHandler' driver.
INFO - 2025-09-16 13:22:55 --> Session: Class initialized using 'CodeIgniter\Session\Handlers\FileHandler' driver.
INFO - 2025-09-16 13:22:55 --> Session: Class initialized using 'CodeIgniter\Session\Handlers\FileHandler' driver.
INFO - 2025-09-16 13:22:55 --> Session: Class initialized using 'CodeIgniter\Session\Handlers\FileHandler' driver.
INFO - 2025-09-16 13:22:58 --> Session: Class initialized using 'CodeIgniter\Session\Handlers\FileHandler' driver.
INFO - 2025-09-16 13:22:58 --> Session: Class initialized using 'CodeIgniter\Session\Handlers\FileHandler' driver.
INFO - 2025-09-16 13:23:03 --> Session: Class initialized using 'CodeIgniter\Session\Handlers\FileHandler' driver.
INFO - 2025-09-16 13:23:08 --> Session: Class initialized using 'CodeIgniter\Session\Handlers\FileHandler' driver.
DEBUG - 2025-09-16 13:23:09 --> Ruta actual: /Tesina/public/energia/generarPDF/2
INFO - 2025-09-16 13:23:09 --> Session: Class initialized using 'CodeIgniter\Session\Handlers\FileHandler' driver.
DEBUG - 2025-09-16 13:23:09 --> Datos en sesión: Array
(
    [__ci_last_regenerate] => 1758039635
    [_ci_previous_url] => http://192.168.2.188/Tesina/public/energia/generarPDF/2?tarifa=2311
    [id_usuario] => 1
    [nombre] => brunito
    [apellido] => barber
    [email] => brunocameille@alumnos.itr3.edu.ar
    [rol] => admin
    [logged_in] => 1
    [tarifa_kwh] => 150
)

INFO - 2025-09-16 13:23:09 --> PDF: dispositivo=2 mes= rango=2025-09-01 00:00:00 -> 2025-09-30 23:59:59
INFO - 2025-09-16 13:23:09 --> PDF: totalLecturas=0
INFO - 2025-09-16 13:23:09 --> PDF: sin datos en mes actual, fallback a mes=2025-08 rango=2025-08-01 00:00:00 -> 2025-08-31 23:59:59
INFO - 2025-09-16 13:23:09 --> PDF: totalLecturas (fallback)=18
INFO - 2025-09-16 13:23:09 --> PDF: total_kwh=8.8 v_prom=220 i_prom=0.5 p_prom=110
INFO - 2025-09-16 13:23:09 --> PDF: tarifaParam='150' tarifaSession=150.0
INFO - 2025-09-16 13:23:09 --> PDF: precioKwh=150 precioTotal=1320
INFO - 2025-09-16 13:23:14 --> Session: Class initialized using 'CodeIgniter\Session\Handlers\FileHandler' driver.
INFO - 2025-09-16 13:23:19 --> Session: Class initialized using 'CodeIgniter\Session\Handlers\FileHandler' driver.
INFO - 2025-09-16 13:23:24 --> Session: Class initialized using 'CodeIgniter\Session\Handlers\FileHandler' driver.
INFO - 2025-09-16 13:23:29 --> Session: Class initialized using 'CodeIgniter\Session\Handlers\FileHandler' driver.
INFO - 2025-09-16 13:23:34 --> Session: Class initialized using 'CodeIgniter\Session\Handlers\FileHandler' driver.
INFO - 2025-09-16 13:23:35 --> Session: Class initialized using 'CodeIgniter\Session\Handlers\FileHandler' driver.
INFO - 2025-09-16 13:23:39 --> Session: Class initialized using 'CodeIgniter\Session\Handlers\FileHandler' driver.
INFO - 2025-09-16 13:23:44 --> Session: Class initialized using 'CodeIgniter\Session\Handlers\FileHandler' driver.
INFO - 2025-09-16 13:23:49 --> Session: Class initialized using 'CodeIgniter\Session\Handlers\FileHandler' driver.
INFO - 2025-09-16 13:23:54 --> Session: Class initialized using 'CodeIgniter\Session\Handlers\FileHandler' driver.
INFO - 2025-09-16 13:23:59 --> Session: Class initialized using 'CodeIgniter\Session\Handlers\FileHandler' driver.
INFO - 2025-09-16 13:24:04 --> Session: Class initialized using 'CodeIgniter\Session\Handlers\FileHandler' driver.
INFO - 2025-09-16 13:24:09 --> Session: Class initialized using 'CodeIgniter\Session\Handlers\FileHandler' driver.
INFO - 2025-09-16 13:24:35 --> Session: Class initialized using 'CodeIgniter\Session\Handlers\FileHandler' driver.
INFO - 2025-09-16 13:24:35 --> Session: Class initialized using 'CodeIgniter\Session\Handlers\FileHandler' driver.
INFO - 2025-09-16 13:25:35 --> Session: Class initialized using 'CodeIgniter\Session\Handlers\FileHandler' driver.
INFO - 2025-09-16 13:25:35 --> Session: Class initialized using 'CodeIgniter\Session\Handlers\FileHandler' driver.
INFO - 2025-09-16 13:26:05 --> Session: Class initialized using 'CodeIgniter\Session\Handlers\FileHandler' driver.
INFO - 2025-09-16 13:26:08 --> Session: Class initialized using 'CodeIgniter\Session\Handlers\FileHandler' driver.
INFO - 2025-09-16 13:26:09 --> Session: Class initialized using 'CodeIgniter\Session\Handlers\FileHandler' driver.
INFO - 2025-09-16 13:26:13 --> Session: Class initialized using 'CodeIgniter\Session\Handlers\FileHandler' driver.
INFO - 2025-09-16 13:26:14 --> Session: Class initialized using 'CodeIgniter\Session\Handlers\FileHandler' driver.
INFO - 2025-09-16 13:26:18 --> Session: Class initialized using 'CodeIgniter\Session\Handlers\FileHandler' driver.
INFO - 2025-09-16 13:26:19 --> Session: Class initialized using 'CodeIgniter\Session\Handlers\FileHandler' driver.
INFO - 2025-09-16 13:26:23 --> Session: Class initialized using 'CodeIgniter\Session\Handlers\FileHandler' driver.
INFO - 2025-09-16 13:26:24 --> Session: Class initialized using 'CodeIgniter\Session\Handlers\FileHandler' driver.
INFO - 2025-09-16 13:26:28 --> Session: Class initialized using 'CodeIgniter\Session\Handlers\FileHandler' driver.
INFO - 2025-09-16 13:26:29 --> Session: Class initialized using 'CodeIgniter\Session\Handlers\FileHandler' driver.
INFO - 2025-09-16 13:26:33 --> Session: Class initialized using 'CodeIgniter\Session\Handlers\FileHandler' driver.
INFO - 2025-09-16 13:26:34 --> Session: Class initialized using 'CodeIgniter\Session\Handlers\FileHandler' driver.
INFO - 2025-09-16 13:26:38 --> Session: Class initialized using 'CodeIgniter\Session\Handlers\FileHandler' driver.
INFO - 2025-09-16 13:26:39 --> Session: Class initialized using 'CodeIgniter\Session\Handlers\FileHandler' driver.
INFO - 2025-09-16 13:26:43 --> Session: Class initialized using 'CodeIgniter\Session\Handlers\FileHandler' driver.
INFO - 2025-09-16 13:26:44 --> Session: Class initialized using 'CodeIgniter\Session\Handlers\FileHandler' driver.
INFO - 2025-09-16 13:26:48 --> Session: Class initialized using 'CodeIgniter\Session\Handlers\FileHandler' driver.
INFO - 2025-09-16 13:26:49 --> Session: Class initialized using 'CodeIgniter\Session\Handlers\FileHandler' driver.
INFO - 2025-09-16 13:26:53 --> Session: Class initialized using 'CodeIgniter\Session\Handlers\FileHandler' driver.
INFO - 2025-09-16 13:26:54 --> Session: Class initialized using 'CodeIgniter\Session\Handlers\FileHandler' driver.
INFO - 2025-09-16 13:26:58 --> Session: Class initialized using 'CodeIgniter\Session\Handlers\FileHandler' driver.
INFO - 2025-09-16 13:26:59 --> Session: Class initialized using 'CodeIgniter\Session\Handlers\FileHandler' driver.
INFO - 2025-09-16 13:27:03 --> Session: Class initialized using 'CodeIgniter\Session\Handlers\FileHandler' driver.
INFO - 2025-09-16 13:27:04 --> Session: Class initialized using 'CodeIgniter\Session\Handlers\FileHandler' driver.
INFO - 2025-09-16 13:27:35 --> Session: Class initialized using 'CodeIgniter\Session\Handlers\FileHandler' driver.
INFO - 2025-09-16 13:27:35 --> Session: Class initialized using 'CodeIgniter\Session\Handlers\FileHandler' driver.
INFO - 2025-09-16 13:28:35 --> Session: Class initialized using 'CodeIgniter\Session\Handlers\FileHandler' driver.
INFO - 2025-09-16 13:28:35 --> Session: Class initialized using 'CodeIgniter\Session\Handlers\FileHandler' driver.
INFO - 2025-09-16 13:29:35 --> Session: Class initialized using 'CodeIgniter\Session\Handlers\FileHandler' driver.
INFO - 2025-09-16 13:29:35 --> Session: Class initialized using 'CodeIgniter\Session\Handlers\FileHandler' driver.
INFO - 2025-09-16 13:29:45 --> Session: Class initialized using 'CodeIgniter\Session\Handlers\FileHandler' driver.
INFO - 2025-09-16 13:29:48 --> Session: Class initialized using 'CodeIgniter\Session\Handlers\FileHandler' driver.
INFO - 2025-09-16 13:29:53 --> Session: Class initialized using 'CodeIgniter\Session\Handlers\FileHandler' driver.
INFO - 2025-09-16 13:29:53 --> Session: Class initialized using 'CodeIgniter\Session\Handlers\FileHandler' driver.
INFO - 2025-09-16 13:29:54 --> Session: Class initialized using 'CodeIgniter\Session\Handlers\FileHandler' driver.
INFO - 2025-09-16 13:29:58 --> Session: Class initialized using 'CodeIgniter\Session\Handlers\FileHandler' driver.
INFO - 2025-09-16 13:29:59 --> Session: Class initialized using 'CodeIgniter\Session\Handlers\FileHandler' driver.
INFO - 2025-09-16 13:30:03 --> Session: Class initialized using 'CodeIgniter\Session\Handlers\FileHandler' driver.
INFO - 2025-09-16 13:30:04 --> Session: Class initialized using 'CodeIgniter\Session\Handlers\FileHandler' driver.
INFO - 2025-09-16 13:30:08 --> Session: Class initialized using 'CodeIgniter\Session\Handlers\FileHandler' driver.
INFO - 2025-09-16 13:30:09 --> Session: Class initialized using 'CodeIgniter\Session\Handlers\FileHandler' driver.
INFO - 2025-09-16 13:30:13 --> Session: Class initialized using 'CodeIgniter\Session\Handlers\FileHandler' driver.
INFO - 2025-09-16 13:30:14 --> Session: Class initialized using 'CodeIgniter\Session\Handlers\FileHandler' driver.
INFO - 2025-09-16 13:30:18 --> Session: Class initialized using 'CodeIgniter\Session\Handlers\FileHandler' driver.
INFO - 2025-09-16 13:30:19 --> Session: Class initialized using 'CodeIgniter\Session\Handlers\FileHandler' driver.
INFO - 2025-09-16 13:30:23 --> Session: Class initialized using 'CodeIgniter\Session\Handlers\FileHandler' driver.
INFO - 2025-09-16 13:30:24 --> Session: Class initialized using 'CodeIgniter\Session\Handlers\FileHandler' driver.
INFO - 2025-09-16 13:30:28 --> Session: Class initialized using 'CodeIgniter\Session\Handlers\FileHandler' driver.
INFO - 2025-09-16 13:30:29 --> Session: Class initialized using 'CodeIgniter\Session\Handlers\FileHandler' driver.
INFO - 2025-09-16 13:30:33 --> Session: Class initialized using 'CodeIgniter\Session\Handlers\FileHandler' driver.
INFO - 2025-09-16 13:30:34 --> Session: Class initialized using 'CodeIgniter\Session\Handlers\FileHandler' driver.
INFO - 2025-09-16 13:30:38 --> Session: Class initialized using 'CodeIgniter\Session\Handlers\FileHandler' driver.
INFO - 2025-09-16 13:30:39 --> Session: Class initialized using 'CodeIgniter\Session\Handlers\FileHandler' driver.
INFO - 2025-09-16 13:30:43 --> Session: Class initialized using 'CodeIgniter\Session\Handlers\FileHandler' driver.
INFO - 2025-09-16 13:30:44 --> Session: Class initialized using 'CodeIgniter\Session\Handlers\FileHandler' driver.
INFO - 2025-09-16 13:30:49 --> Session: Class initialized using 'CodeIgniter\Session\Handlers\FileHandler' driver.
INFO - 2025-09-16 13:30:54 --> Session: Class initialized using 'CodeIgniter\Session\Handlers\FileHandler' driver.
INFO - 2025-09-16 13:31:35 --> Session: Class initialized using 'CodeIgniter\Session\Handlers\FileHandler' driver.
INFO - 2025-09-16 13:31:35 --> Session: Class initialized using 'CodeIgniter\Session\Handlers\FileHandler' driver.
INFO - 2025-09-16 13:32:35 --> Session: Class initialized using 'CodeIgniter\Session\Handlers\FileHandler' driver.
INFO - 2025-09-16 13:32:35 --> Session: Class initialized using 'CodeIgniter\Session\Handlers\FileHandler' driver.
INFO - 2025-09-16 13:33:35 --> Session: Class initialized using 'CodeIgniter\Session\Handlers\FileHandler' driver.
INFO - 2025-09-16 13:33:35 --> Session: Class initialized using 'CodeIgniter\Session\Handlers\FileHandler' driver.
INFO - 2025-09-16 13:34:35 --> Session: Class initialized using 'CodeIgniter\Session\Handlers\FileHandler' driver.
INFO - 2025-09-16 13:34:35 --> Session: Class initialized using 'CodeIgniter\Session\Handlers\FileHandler' driver.
INFO - 2025-09-16 13:35:35 --> Session: Class initialized using 'CodeIgniter\Session\Handlers\FileHandler' driver.
INFO - 2025-09-16 13:35:36 --> Session: Class initialized using 'CodeIgniter\Session\Handlers\FileHandler' driver.
INFO - 2025-09-16 13:36:17 --> Session: Class initialized using 'CodeIgniter\Session\Handlers\FileHandler' driver.
INFO - 2025-09-16 13:36:18 --> Session: Class initialized using 'CodeIgniter\Session\Handlers\FileHandler' driver.
INFO - 2025-09-16 13:36:24 --> Session: Class initialized using 'CodeIgniter\Session\Handlers\FileHandler' driver.
INFO - 2025-09-16 13:36:29 --> Session: Class initialized using 'CodeIgniter\Session\Handlers\FileHandler' driver.
INFO - 2025-09-16 13:36:34 --> Session: Class initialized using 'CodeIgniter\Session\Handlers\FileHandler' driver.
INFO - 2025-09-16 13:36:35 --> Session: Class initialized using 'CodeIgniter\Session\Handlers\FileHandler' driver.
INFO - 2025-09-16 13:36:39 --> Session: Class initialized using 'CodeIgniter\Session\Handlers\FileHandler' driver.
INFO - 2025-09-16 13:36:44 --> Session: Class initialized using 'CodeIgniter\Session\Handlers\FileHandler' driver.
INFO - 2025-09-16 13:36:49 --> Session: Class initialized using 'CodeIgniter\Session\Handlers\FileHandler' driver.
INFO - 2025-09-16 13:36:54 --> Session: Class initialized using 'CodeIgniter\Session\Handlers\FileHandler' driver.
INFO - 2025-09-16 13:36:59 --> Session: Class initialized using 'CodeIgniter\Session\Handlers\FileHandler' driver.
INFO - 2025-09-16 13:37:03 --> Session: Class initialized using 'CodeIgniter\Session\Handlers\FileHandler' driver.
DEBUG - 2025-09-16 13:37:03 --> Ruta actual: /Tesina/public/admin/dispositivos
INFO - 2025-09-16 13:37:03 --> Session: Class initialized using 'CodeIgniter\Session\Handlers\FileHandler' driver.
DEBUG - 2025-09-16 13:37:03 --> Datos en sesión: Array
(
    [__ci_last_regenerate] => 1758040599
    [_ci_previous_url] => http://192.168.2.188/Tesina/public/energia/generarPDF/2?tarifa=150
    [id_usuario] => 1
    [nombre] => brunito
    [apellido] => barber
    [email] => brunocameille@alumnos.itr3.edu.ar
    [rol] => admin
    [logged_in] => 1
    [tarifa_kwh] => 150
)

DEBUG - 2025-09-16 13:37:03 --> Buscando usuario ID: 1
DEBUG - 2025-09-16 13:37:03 --> Resultado de la búsqueda: Array
(
    [id_usuario] => 1
    [nombre] => brunito
    [apellido] => barber
    [email] => brunocameille@alumnos.itr3.edu.ar
    [contrasena] => $2y$10$F4xQfULyrVhG1JD8Y21QR.vgn9Fzd257acxjmQqHQ3OYfEqBaAPb6
    [direccion_id] => 0
    [id_rol] => 1
    [created_at] => 2025-04-07 13:37:30
    [updated_at] => 2025-07-24 14:07:31
    [invitado_por] => 
    [estado] => activo
    [token_activacion] => 
)

INFO - 2025-09-16 13:37:33 --> Session: Class initialized using 'CodeIgniter\Session\Handlers\FileHandler' driver.
INFO - 2025-09-16 13:37:38 --> Session: Class initialized using 'CodeIgniter\Session\Handlers\FileHandler' driver.
INFO - 2025-09-16 13:37:43 --> Session: Class initialized using 'CodeIgniter\Session\Handlers\FileHandler' driver.
INFO - 2025-09-16 13:37:48 --> Session: Class initialized using 'CodeIgniter\Session\Handlers\FileHandler' driver.
INFO - 2025-09-16 13:37:53 --> Session: Class initialized using 'CodeIgniter\Session\Handlers\FileHandler' driver.
INFO - 2025-09-16 13:37:58 --> Session: Class initialized using 'CodeIgniter\Session\Handlers\FileHandler' driver.
INFO - 2025-09-16 13:38:03 --> Session: Class initialized using 'CodeIgniter\Session\Handlers\FileHandler' driver.
INFO - 2025-09-16 13:38:08 --> Session: Class initialized using 'CodeIgniter\Session\Handlers\FileHandler' driver.
INFO - 2025-09-16 13:38:13 --> Session: Class initialized using 'CodeIgniter\Session\Handlers\FileHandler' driver.
INFO - 2025-09-16 13:38:18 --> Session: Class initialized using 'CodeIgniter\Session\Handlers\FileHandler' driver.
INFO - 2025-09-16 13:38:23 --> Session: Class initialized using 'CodeIgniter\Session\Handlers\FileHandler' driver.
INFO - 2025-09-16 13:38:28 --> Session: Class initialized using 'CodeIgniter\Session\Handlers\FileHandler' driver.
INFO - 2025-09-16 13:38:33 --> Session: Class initialized using 'CodeIgniter\Session\Handlers\FileHandler' driver.
INFO - 2025-09-16 13:39:34 --> Session: Class initialized using 'CodeIgniter\Session\Handlers\FileHandler' driver.
INFO - 2025-09-16 13:40:25 --> Session: Class initialized using 'CodeIgniter\Session\Handlers\FileHandler' driver.
DEBUG - 2025-09-16 13:40:27 --> Ruta actual: /Tesina/public/admin/dispositivos
INFO - 2025-09-16 13:40:27 --> Session: Class initialized using 'CodeIgniter\Session\Handlers\FileHandler' driver.
DEBUG - 2025-09-16 13:40:27 --> Datos en sesión: Array
(
    [__ci_last_regenerate] => 1758040599
    [_ci_previous_url] => http://192.168.2.188/Tesina/public/admin/dispositivos
    [id_usuario] => 1
    [nombre] => brunito
    [apellido] => barber
    [email] => brunocameille@alumnos.itr3.edu.ar
    [rol] => admin
    [logged_in] => 1
    [tarifa_kwh] => 150
)

DEBUG - 2025-09-16 13:40:27 --> Buscando usuario ID: 1
DEBUG - 2025-09-16 13:40:27 --> Resultado de la búsqueda: Array
(
    [id_usuario] => 1
    [nombre] => brunito
    [apellido] => barber
    [email] => brunocameille@alumnos.itr3.edu.ar
    [contrasena] => $2y$10$F4xQfULyrVhG1JD8Y21QR.vgn9Fzd257acxjmQqHQ3OYfEqBaAPb6
    [direccion_id] => 0
    [id_rol] => 1
    [created_at] => 2025-04-07 13:37:30
    [updated_at] => 2025-07-24 14:07:31
    [invitado_por] => 
    [estado] => activo
    [token_activacion] => 
)

INFO - 2025-09-16 13:40:28 --> Session: Class initialized using 'CodeIgniter\Session\Handlers\FileHandler' driver.
DEBUG - 2025-09-16 13:40:31 --> Ruta actual: /Tesina/public/admin/dispositivos/detalles/29
INFO - 2025-09-16 13:40:31 --> Session: Class initialized using 'CodeIgniter\Session\Handlers\FileHandler' driver.
DEBUG - 2025-09-16 13:40:31 --> Datos en sesión: Array
(
    [__ci_last_regenerate] => 1758040599
    [_ci_previous_url] => http://192.168.2.188/Tesina/public/admin/dispositivos
    [id_usuario] => 1
    [nombre] => brunito
    [apellido] => barber
    [email] => brunocameille@alumnos.itr3.edu.ar
    [rol] => admin
    [logged_in] => 1
    [tarifa_kwh] => 150
)

INFO - 2025-09-16 13:40:33 --> Session: Class initialized using 'CodeIgniter\Session\Handlers\FileHandler' driver.
INFO - 2025-09-16 13:40:38 --> Session: Class initialized using 'CodeIgniter\Session\Handlers\FileHandler' driver.
DEBUG - 2025-09-16 13:40:42 --> Ruta actual: /Tesina/public/admin/dispositivos
INFO - 2025-09-16 13:40:42 --> Session: Class initialized using 'CodeIgniter\Session\Handlers\FileHandler' driver.
DEBUG - 2025-09-16 13:40:42 --> Datos en sesión: Array
(
    [__ci_last_regenerate] => 1758040599
    [_ci_previous_url] => http://192.168.2.188/Tesina/public/admin/dispositivos
    [id_usuario] => 1
    [nombre] => brunito
    [apellido] => barber
    [email] => brunocameille@alumnos.itr3.edu.ar
    [rol] => admin
    [logged_in] => 1
    [tarifa_kwh] => 150
)

DEBUG - 2025-09-16 13:40:42 --> Buscando usuario ID: 1
DEBUG - 2025-09-16 13:40:42 --> Resultado de la búsqueda: Array
(
    [id_usuario] => 1
    [nombre] => brunito
    [apellido] => barber
    [email] => brunocameille@alumnos.itr3.edu.ar
    [contrasena] => $2y$10$F4xQfULyrVhG1JD8Y21QR.vgn9Fzd257acxjmQqHQ3OYfEqBaAPb6
    [direccion_id] => 0
    [id_rol] => 1
    [created_at] => 2025-04-07 13:37:30
    [updated_at] => 2025-07-24 14:07:31
    [invitado_por] => 
    [estado] => activo
    [token_activacion] => 
)

INFO - 2025-09-16 13:40:43 --> Session: Class initialized using 'CodeIgniter\Session\Handlers\FileHandler' driver.
INFO - 2025-09-16 13:40:48 --> Session: Class initialized using 'CodeIgniter\Session\Handlers\FileHandler' driver.
INFO - 2025-09-16 13:40:53 --> Session: Class initialized using 'CodeIgniter\Session\Handlers\FileHandler' driver.
DEBUG - 2025-09-16 13:40:55 --> Ruta actual: /Tesina/public/admin/dispositivos
INFO - 2025-09-16 13:40:55 --> Session: Class initialized using 'CodeIgniter\Session\Handlers\FileHandler' driver.
DEBUG - 2025-09-16 13:40:55 --> Datos en sesión: Array
(
    [__ci_last_regenerate] => 1758040599
    [_ci_previous_url] => http://192.168.2.188/Tesina/public/admin/dispositivos
    [id_usuario] => 1
    [nombre] => brunito
    [apellido] => barber
    [email] => brunocameille@alumnos.itr3.edu.ar
    [rol] => admin
    [logged_in] => 1
    [tarifa_kwh] => 150
)

DEBUG - 2025-09-16 13:40:55 --> Buscando usuario ID: 1
DEBUG - 2025-09-16 13:40:55 --> Resultado de la búsqueda: Array
(
    [id_usuario] => 1
    [nombre] => brunito
    [apellido] => barber
    [email] => brunocameille@alumnos.itr3.edu.ar
    [contrasena] => $2y$10$F4xQfULyrVhG1JD8Y21QR.vgn9Fzd257acxjmQqHQ3OYfEqBaAPb6
    [direccion_id] => 0
    [id_rol] => 1
    [created_at] => 2025-04-07 13:37:30
    [updated_at] => 2025-07-24 14:07:31
    [invitado_por] => 
    [estado] => activo
    [token_activacion] => 
)

INFO - 2025-09-16 13:40:58 --> Session: Class initialized using 'CodeIgniter\Session\Handlers\FileHandler' driver.
INFO - 2025-09-16 13:41:03 --> Session: Class initialized using 'CodeIgniter\Session\Handlers\FileHandler' driver.
INFO - 2025-09-16 13:41:08 --> Session: Class initialized using 'CodeIgniter\Session\Handlers\FileHandler' driver.
INFO - 2025-09-16 13:41:13 --> Session: Class initialized using 'CodeIgniter\Session\Handlers\FileHandler' driver.
INFO - 2025-09-16 13:41:18 --> Session: Class initialized using 'CodeIgniter\Session\Handlers\FileHandler' driver.
INFO - 2025-09-16 13:41:23 --> Session: Class initialized using 'CodeIgniter\Session\Handlers\FileHandler' driver.
DEBUG - 2025-09-16 13:41:28 --> Ruta actual: /Tesina/public/admin/dispositivos
INFO - 2025-09-16 13:41:28 --> Session: Class initialized using 'CodeIgniter\Session\Handlers\FileHandler' driver.
DEBUG - 2025-09-16 13:41:28 --> Datos en sesión: Array
(
    [__ci_last_regenerate] => 1758040599
    [_ci_previous_url] => http://192.168.2.188/Tesina/public/admin/dispositivos
    [id_usuario] => 1
    [nombre] => brunito
    [apellido] => barber
    [email] => brunocameille@alumnos.itr3.edu.ar
    [rol] => admin
    [logged_in] => 1
    [tarifa_kwh] => 150
)

DEBUG - 2025-09-16 13:41:28 --> Buscando usuario ID: 1
DEBUG - 2025-09-16 13:41:28 --> Resultado de la búsqueda: Array
(
    [id_usuario] => 1
    [nombre] => brunito
    [apellido] => barber
    [email] => brunocameille@alumnos.itr3.edu.ar
    [contrasena] => $2y$10$F4xQfULyrVhG1JD8Y21QR.vgn9Fzd257acxjmQqHQ3OYfEqBaAPb6
    [direccion_id] => 0
    [id_rol] => 1
    [created_at] => 2025-04-07 13:37:30
    [updated_at] => 2025-07-24 14:07:31
    [invitado_por] => 
    [estado] => activo
    [token_activacion] => 
)

DEBUG - 2025-09-16 13:41:34 --> Ruta actual: /Tesina/public/energia/dispositivo/2
INFO - 2025-09-16 13:41:34 --> Session: Class initialized using 'CodeIgniter\Session\Handlers\FileHandler' driver.
DEBUG - 2025-09-16 13:41:34 --> Datos en sesión: Array
(
    [__ci_last_regenerate] => 1758040599
    [_ci_previous_url] => http://192.168.2.188/Tesina/public/admin/dispositivos
    [id_usuario] => 1
    [nombre] => brunito
    [apellido] => barber
    [email] => brunocameille@alumnos.itr3.edu.ar
    [rol] => admin
    [logged_in] => 1
    [tarifa_kwh] => 150
)

INFO - 2025-09-16 13:41:35 --> Session: Class initialized using 'CodeIgniter\Session\Handlers\FileHandler' driver.
INFO - 2025-09-16 13:41:36 --> Session: Class initialized using 'CodeIgniter\Session\Handlers\FileHandler' driver.
INFO - 2025-09-16 13:41:40 --> Session: Class initialized using 'CodeIgniter\Session\Handlers\FileHandler' driver.
DEBUG - 2025-09-16 13:41:55 --> Ruta actual: /Tesina/public/energia/dispositivo/2
INFO - 2025-09-16 13:41:55 --> Session: Class initialized using 'CodeIgniter\Session\Handlers\FileHandler' driver.
DEBUG - 2025-09-16 13:41:55 --> Datos en sesión: Array
(
    [__ci_last_regenerate] => 1758040900
    [_ci_previous_url] => http://192.168.2.188/Tesina/public/energia/dispositivo/2
    [id_usuario] => 1
    [nombre] => brunito
    [apellido] => barber
    [email] => brunocameille@alumnos.itr3.edu.ar
    [rol] => admin
    [logged_in] => 1
    [tarifa_kwh] => 150
)

INFO - 2025-09-16 13:42:35 --> Session: Class initialized using 'CodeIgniter\Session\Handlers\FileHandler' driver.
INFO - 2025-09-16 13:43:35 --> Session: Class initialized using 'CodeIgniter\Session\Handlers\FileHandler' driver.
INFO - 2025-09-16 13:44:35 --> Session: Class initialized using 'CodeIgniter\Session\Handlers\FileHandler' driver.
DEBUG - 2025-09-16 13:44:47 --> Ruta actual: /Tesina/public/admin/dispositivos
INFO - 2025-09-16 13:44:47 --> Session: Class initialized using 'CodeIgniter\Session\Handlers\FileHandler' driver.
DEBUG - 2025-09-16 13:44:47 --> Datos en sesión: Array
(
    [__ci_last_regenerate] => 1758040900
    [_ci_previous_url] => http://192.168.2.188/Tesina/public/energia/dispositivo/2
    [id_usuario] => 1
    [nombre] => brunito
    [apellido] => barber
    [email] => brunocameille@alumnos.itr3.edu.ar
    [rol] => admin
    [logged_in] => 1
    [tarifa_kwh] => 150
)

DEBUG - 2025-09-16 13:44:47 --> Buscando usuario ID: 1
DEBUG - 2025-09-16 13:44:48 --> Resultado de la búsqueda: Array
(
    [id_usuario] => 1
    [nombre] => brunito
    [apellido] => barber
    [email] => brunocameille@alumnos.itr3.edu.ar
    [contrasena] => $2y$10$F4xQfULyrVhG1JD8Y21QR.vgn9Fzd257acxjmQqHQ3OYfEqBaAPb6
    [direccion_id] => 0
    [id_rol] => 1
    [created_at] => 2025-04-07 13:37:30
    [updated_at] => 2025-07-24 14:07:31
    [invitado_por] => 
    [estado] => activo
    [token_activacion] => 
)

DEBUG - 2025-09-16 13:45:15 --> Ruta actual: /Tesina/public/admin/dispositivos/actualizar
INFO - 2025-09-16 13:45:15 --> Session: Class initialized using 'CodeIgniter\Session\Handlers\FileHandler' driver.
DEBUG - 2025-09-16 13:45:15 --> Datos en sesión: Array
(
    [__ci_last_regenerate] => 1758040900
    [_ci_previous_url] => http://192.168.2.188/Tesina/public/admin/dispositivos
    [id_usuario] => 1
    [nombre] => brunito
    [apellido] => barber
    [email] => brunocameille@alumnos.itr3.edu.ar
    [rol] => admin
    [logged_in] => 1
    [tarifa_kwh] => 150
)

DEBUG - 2025-09-16 13:45:15 --> Buscando usuario ID: 1
DEBUG - 2025-09-16 13:45:15 --> Resultado de la búsqueda: Array
(
    [id_usuario] => 1
    [nombre] => brunito
    [apellido] => barber
    [email] => brunocameille@alumnos.itr3.edu.ar
    [contrasena] => $2y$10$F4xQfULyrVhG1JD8Y21QR.vgn9Fzd257acxjmQqHQ3OYfEqBaAPb6
    [direccion_id] => 0
    [id_rol] => 1
    [created_at] => 2025-04-07 13:37:30
    [updated_at] => 2025-07-24 14:07:31
    [invitado_por] => 
    [estado] => activo
    [token_activacion] => 
)

DEBUG - 2025-09-16 13:45:16 --> Ruta actual: /Tesina/public/admin/dispositivos
INFO - 2025-09-16 13:45:16 --> Session: Class initialized using 'CodeIgniter\Session\Handlers\FileHandler' driver.
DEBUG - 2025-09-16 13:45:16 --> Datos en sesión: Array
(
    [__ci_last_regenerate] => 1758040900
    [_ci_previous_url] => http://192.168.2.188/Tesina/public/admin/dispositivos
    [id_usuario] => 1
    [nombre] => brunito
    [apellido] => barber
    [email] => brunocameille@alumnos.itr3.edu.ar
    [rol] => admin
    [logged_in] => 1
    [tarifa_kwh] => 150
)

DEBUG - 2025-09-16 13:45:16 --> Buscando usuario ID: 1
DEBUG - 2025-09-16 13:45:16 --> Resultado de la búsqueda: Array
(
    [id_usuario] => 1
    [nombre] => brunito
    [apellido] => barber
    [email] => brunocameille@alumnos.itr3.edu.ar
    [contrasena] => $2y$10$F4xQfULyrVhG1JD8Y21QR.vgn9Fzd257acxjmQqHQ3OYfEqBaAPb6
    [direccion_id] => 0
    [id_rol] => 1
    [created_at] => 2025-04-07 13:37:30
    [updated_at] => 2025-07-24 14:07:31
    [invitado_por] => 
    [estado] => activo
    [token_activacion] => 
)

INFO - 2025-09-16 13:45:35 --> Session: Class initialized using 'CodeIgniter\Session\Handlers\FileHandler' driver.
DEBUG - 2025-09-16 13:46:32 --> Ruta actual: /Tesina/public/dispositivo/control/2
INFO - 2025-09-16 13:46:32 --> Session: Class initialized using 'CodeIgniter\Session\Handlers\FileHandler' driver.
DEBUG - 2025-09-16 13:46:32 --> Datos en sesión: Array
(
    [__ci_last_regenerate] => 1758040900
    [_ci_previous_url] => http://192.168.2.188/Tesina/public/admin/dispositivos
    [id_usuario] => 1
    [nombre] => brunito
    [apellido] => barber
    [email] => brunocameille@alumnos.itr3.edu.ar
    [rol] => admin
    [logged_in] => 1
    [tarifa_kwh] => 150
)

INFO - 2025-09-16 13:46:35 --> Session: Class initialized using 'CodeIgniter\Session\Handlers\FileHandler' driver.
DEBUG - 2025-09-16 13:46:36 --> Ruta actual: /Tesina/public/admin/dispositivos
INFO - 2025-09-16 13:46:36 --> Session: Class initialized using 'CodeIgniter\Session\Handlers\FileHandler' driver.
DEBUG - 2025-09-16 13:46:36 --> Datos en sesión: Array
(
    [__ci_last_regenerate] => 1758040900
    [_ci_previous_url] => http://192.168.2.188/Tesina/public/dispositivo/control/2
    [id_usuario] => 1
    [nombre] => brunito
    [apellido] => barber
    [email] => brunocameille@alumnos.itr3.edu.ar
    [rol] => admin
    [logged_in] => 1
    [tarifa_kwh] => 150
)

DEBUG - 2025-09-16 13:46:36 --> Buscando usuario ID: 1
DEBUG - 2025-09-16 13:46:36 --> Resultado de la búsqueda: Array
(
    [id_usuario] => 1
    [nombre] => brunito
    [apellido] => barber
    [email] => brunocameille@alumnos.itr3.edu.ar
    [contrasena] => $2y$10$F4xQfULyrVhG1JD8Y21QR.vgn9Fzd257acxjmQqHQ3OYfEqBaAPb6
    [direccion_id] => 0
    [id_rol] => 1
    [created_at] => 2025-04-07 13:37:30
    [updated_at] => 2025-07-24 14:07:31
    [invitado_por] => 
    [estado] => activo
    [token_activacion] => 
)

DEBUG - 2025-09-16 13:47:00 --> Ruta actual: /Tesina/public/admin/dispositivos
INFO - 2025-09-16 13:47:00 --> Session: Class initialized using 'CodeIgniter\Session\Handlers\FileHandler' driver.
DEBUG - 2025-09-16 13:47:00 --> Datos en sesión: Array
(
    [__ci_last_regenerate] => 1758041220
    [_ci_previous_url] => http://192.168.2.188/Tesina/public/admin/dispositivos
    [id_usuario] => 1
    [nombre] => brunito
    [apellido] => barber
    [email] => brunocameille@alumnos.itr3.edu.ar
    [rol] => admin
    [logged_in] => 1
    [tarifa_kwh] => 150
)

DEBUG - 2025-09-16 13:47:00 --> Buscando usuario ID: 1
DEBUG - 2025-09-16 13:47:00 --> Resultado de la búsqueda: Array
(
    [id_usuario] => 1
    [nombre] => brunito
    [apellido] => barber
    [email] => brunocameille@alumnos.itr3.edu.ar
    [contrasena] => $2y$10$F4xQfULyrVhG1JD8Y21QR.vgn9Fzd257acxjmQqHQ3OYfEqBaAPb6
    [direccion_id] => 0
    [id_rol] => 1
    [created_at] => 2025-04-07 13:37:30
    [updated_at] => 2025-07-24 14:07:31
    [invitado_por] => 
    [estado] => activo
    [token_activacion] => 
)

DEBUG - 2025-09-16 13:47:25 --> Ruta actual: /Tesina/public/admin/dispositivos/actualizar
INFO - 2025-09-16 13:47:25 --> Session: Class initialized using 'CodeIgniter\Session\Handlers\FileHandler' driver.
DEBUG - 2025-09-16 13:47:25 --> Datos en sesión: Array
(
    [__ci_last_regenerate] => 1758041220
    [_ci_previous_url] => http://192.168.2.188/Tesina/public/admin/dispositivos
    [id_usuario] => 1
    [nombre] => brunito
    [apellido] => barber
    [email] => brunocameille@alumnos.itr3.edu.ar
    [rol] => admin
    [logged_in] => 1
    [tarifa_kwh] => 150
)

DEBUG - 2025-09-16 13:47:25 --> Buscando usuario ID: 1
DEBUG - 2025-09-16 13:47:25 --> Resultado de la búsqueda: Array
(
    [id_usuario] => 1
    [nombre] => brunito
    [apellido] => barber
    [email] => brunocameille@alumnos.itr3.edu.ar
    [contrasena] => $2y$10$F4xQfULyrVhG1JD8Y21QR.vgn9Fzd257acxjmQqHQ3OYfEqBaAPb6
    [direccion_id] => 0
    [id_rol] => 1
    [created_at] => 2025-04-07 13:37:30
    [updated_at] => 2025-07-24 14:07:31
    [invitado_por] => 
    [estado] => activo
    [token_activacion] => 
)

DEBUG - 2025-09-16 13:47:26 --> Ruta actual: /Tesina/public/admin/dispositivos
INFO - 2025-09-16 13:47:26 --> Session: Class initialized using 'CodeIgniter\Session\Handlers\FileHandler' driver.
DEBUG - 2025-09-16 13:47:26 --> Datos en sesión: Array
(
    [__ci_last_regenerate] => 1758041220
    [_ci_previous_url] => http://192.168.2.188/Tesina/public/admin/dispositivos
    [id_usuario] => 1
    [nombre] => brunito
    [apellido] => barber
    [email] => brunocameille@alumnos.itr3.edu.ar
    [rol] => admin
    [logged_in] => 1
    [tarifa_kwh] => 150
)

DEBUG - 2025-09-16 13:47:26 --> Buscando usuario ID: 1
DEBUG - 2025-09-16 13:47:26 --> Resultado de la búsqueda: Array
(
    [id_usuario] => 1
    [nombre] => brunito
    [apellido] => barber
    [email] => brunocameille@alumnos.itr3.edu.ar
    [contrasena] => $2y$10$F4xQfULyrVhG1JD8Y21QR.vgn9Fzd257acxjmQqHQ3OYfEqBaAPb6
    [direccion_id] => 0
    [id_rol] => 1
    [created_at] => 2025-04-07 13:37:30
    [updated_at] => 2025-07-24 14:07:31
    [invitado_por] => 
    [estado] => activo
    [token_activacion] => 
)

INFO - 2025-09-16 13:47:35 --> Session: Class initialized using 'CodeIgniter\Session\Handlers\FileHandler' driver.
INFO - 2025-09-16 13:48:35 --> Session: Class initialized using 'CodeIgniter\Session\Handlers\FileHandler' driver.
