INFO - 2025-09-29 21:33:15 --> Session: Class initialized using 'CodeIgniter\Session\Handlers\FileHandler' driver.
INFO - 2025-09-29 21:33:37 --> Session: Class initialized using 'CodeIgniter\Session\Handlers\FileHandler' driver.
INFO - 2025-09-29 21:33:40 --> Session: Class initialized using 'CodeIgniter\Session\Handlers\FileHandler' driver.
INFO - 2025-09-29 21:33:45 --> Session: Class initialized using 'CodeIgniter\Session\Handlers\FileHandler' driver.
INFO - 2025-09-29 21:33:50 --> Session: Class initialized using 'CodeIgniter\Session\Handlers\FileHandler' driver.
INFO - 2025-09-29 21:33:55 --> Session: Class initialized using 'CodeIgniter\Session\Handlers\FileHandler' driver.
INFO - 2025-09-29 21:34:08 --> Session: Class initialized using 'CodeIgniter\Session\Handlers\FileHandler' driver.
INFO - 2025-09-29 21:34:10 --> Session: Class initialized using 'CodeIgniter\Session\Handlers\FileHandler' driver.
INFO - 2025-09-29 21:34:15 --> Session: Class initialized using 'CodeIgniter\Session\Handlers\FileHandler' driver.
INFO - 2025-09-29 21:34:20 --> Session: Class initialized using 'CodeIgniter\Session\Handlers\FileHandler' driver.
INFO - 2025-09-29 21:34:24 --> Session: Class initialized using 'CodeIgniter\Session\Handlers\FileHandler' driver.
INFO - 2025-09-29 21:34:45 --> Session: Class initialized using 'CodeIgniter\Session\Handlers\FileHandler' driver.
DEBUG - 2025-09-29 21:34:45 --> Intento de inicio de sesión para email: brunocameille@alumnos.itr3.edu.ar
DEBUG - 2025-09-29 21:34:45 --> Longitud de la contraseña ingresada: 17
DEBUG - 2025-09-29 21:34:45 --> Usuario encontrado: {"id":"1","email":"brunocameille@alumnos.itr3.edu.ar","estado":"activo","rol":"1"}
DEBUG - 2025-09-29 21:34:45 --> Resultado de verificación de contraseña: true
DEBUG - 2025-09-29 21:34:45 --> Hash almacenado en la base de datos: $2y$10$F4xQfULyrVhG1JD8Y21QR.vgn9Fzd257acxjmQqHQ3OYfEqBaAPb6
DEBUG - 2025-09-29 21:34:45 --> Inicio de sesión exitoso para usuario: brunocameille@alumnos.itr3.edu.ar
DEBUG - 2025-09-29 21:34:45 --> Datos de sesión guardados: {"id_usuario":"1","nombre":"brunito","apellido":"barber","email":"brunocameille@alumnos.itr3.edu.ar","rol":"admin","logged_in":true}
DEBUG - 2025-09-29 21:34:45 --> Ruta actual: /Tesina/public/admin
INFO - 2025-09-29 21:34:45 --> Session: Class initialized using 'CodeIgniter\Session\Handlers\FileHandler' driver.
DEBUG - 2025-09-29 21:34:45 --> Datos en sesión: Array
(
    [__ci_last_regenerate] => 1759192395
    [_ci_previous_url] => http://192.168.0.138/Tesina/public/autenticacion/login
    [id_usuario] => 1
    [nombre] => brunito
    [apellido] => barber
    [email] => brunocameille@alumnos.itr3.edu.ar
    [rol] => admin
    [logged_in] => 1
)

DEBUG - 2025-09-29 21:34:47 --> Ruta actual: /Tesina/public/admin/dispositivos
INFO - 2025-09-29 21:34:47 --> Session: Class initialized using 'CodeIgniter\Session\Handlers\FileHandler' driver.
DEBUG - 2025-09-29 21:34:47 --> Datos en sesión: Array
(
    [__ci_last_regenerate] => 1759192395
    [_ci_previous_url] => http://192.168.0.138/Tesina/public/admin
    [id_usuario] => 1
    [nombre] => brunito
    [apellido] => barber
    [email] => brunocameille@alumnos.itr3.edu.ar
    [rol] => admin
    [logged_in] => 1
)

DEBUG - 2025-09-29 21:34:47 --> Buscando usuario ID: 1
DEBUG - 2025-09-29 21:34:47 --> Resultado de la búsqueda: Array
(
    [id_usuario] => 1
    [nombre] => brunito
    [apellido] => barber
    [email] => brunocameille@alumnos.itr3.edu.ar
    [contrasena] => $2y$10$F4xQfULyrVhG1JD8Y21QR.vgn9Fzd257acxjmQqHQ3OYfEqBaAPb6
    [direccion_id] => 0
    [id_rol] => 1
    [created_at] => 2025-04-07 13:37:30
    [updated_at] => 2025-07-24 14:07:31
    [invitado_por] => 
    [estado] => activo
    [token_activacion] => 
)

DEBUG - 2025-09-29 21:34:49 --> Ruta actual: /Tesina/public/energia/dispositivo/2
INFO - 2025-09-29 21:34:49 --> Session: Class initialized using 'CodeIgniter\Session\Handlers\FileHandler' driver.
DEBUG - 2025-09-29 21:34:49 --> Datos en sesión: Array
(
    [__ci_last_regenerate] => 1759192395
    [_ci_previous_url] => http://192.168.0.138/Tesina/public/admin/dispositivos
    [id_usuario] => 1
    [nombre] => brunito
    [apellido] => barber
    [email] => brunocameille@alumnos.itr3.edu.ar
    [rol] => admin
    [logged_in] => 1
)

INFO - 2025-09-29 21:34:51 --> Session: Class initialized using 'CodeIgniter\Session\Handlers\FileHandler' driver.
INFO - 2025-09-29 21:34:55 --> Session: Class initialized using 'CodeIgniter\Session\Handlers\FileHandler' driver.
INFO - 2025-09-29 21:35:00 --> Session: Class initialized using 'CodeIgniter\Session\Handlers\FileHandler' driver.
INFO - 2025-09-29 21:35:05 --> Session: Class initialized using 'CodeIgniter\Session\Handlers\FileHandler' driver.
INFO - 2025-09-29 21:35:10 --> Session: Class initialized using 'CodeIgniter\Session\Handlers\FileHandler' driver.
INFO - 2025-09-29 21:35:15 --> Session: Class initialized using 'CodeIgniter\Session\Handlers\FileHandler' driver.
INFO - 2025-09-29 21:35:20 --> Session: Class initialized using 'CodeIgniter\Session\Handlers\FileHandler' driver.
INFO - 2025-09-29 21:37:17 --> Session: Class initialized using 'CodeIgniter\Session\Handlers\FileHandler' driver.
DEBUG - 2025-09-29 21:37:17 --> Intento de inicio de sesión para email: brunocameille@alumnos.itr3.edu.ar
DEBUG - 2025-09-29 21:37:17 --> Longitud de la contraseña ingresada: 17
DEBUG - 2025-09-29 21:37:17 --> Usuario encontrado: {"id":"1","email":"brunocameille@alumnos.itr3.edu.ar","estado":"activo","rol":"1"}
DEBUG - 2025-09-29 21:37:17 --> Resultado de verificación de contraseña: true
DEBUG - 2025-09-29 21:37:17 --> Hash almacenado en la base de datos: $2y$10$F4xQfULyrVhG1JD8Y21QR.vgn9Fzd257acxjmQqHQ3OYfEqBaAPb6
DEBUG - 2025-09-29 21:37:17 --> Inicio de sesión exitoso para usuario: brunocameille@alumnos.itr3.edu.ar
DEBUG - 2025-09-29 21:37:17 --> Datos de sesión guardados: {"id_usuario":"1","nombre":"brunito","apellido":"barber","email":"brunocameille@alumnos.itr3.edu.ar","rol":"admin","logged_in":true}
DEBUG - 2025-09-29 21:37:17 --> Ruta actual: /Tesina/public/admin
INFO - 2025-09-29 21:37:17 --> Session: Class initialized using 'CodeIgniter\Session\Handlers\FileHandler' driver.
DEBUG - 2025-09-29 21:37:17 --> Datos en sesión: Array
(
    [__ci_last_regenerate] => 1759192395
    [_ci_previous_url] => http://192.168.0.138/Tesina/public/energia/dispositivo/2
    [id_usuario] => 1
    [nombre] => brunito
    [apellido] => barber
    [email] => brunocameille@alumnos.itr3.edu.ar
    [rol] => admin
    [logged_in] => 1
)

DEBUG - 2025-09-29 21:37:18 --> Ruta actual: /Tesina/public/admin/dispositivos
INFO - 2025-09-29 21:37:18 --> Session: Class initialized using 'CodeIgniter\Session\Handlers\FileHandler' driver.
DEBUG - 2025-09-29 21:37:18 --> Datos en sesión: Array
(
    [__ci_last_regenerate] => 1759192395
    [_ci_previous_url] => http://192.168.0.138/Tesina/public/admin
    [id_usuario] => 1
    [nombre] => brunito
    [apellido] => barber
    [email] => brunocameille@alumnos.itr3.edu.ar
    [rol] => admin
    [logged_in] => 1
)

DEBUG - 2025-09-29 21:37:18 --> Buscando usuario ID: 1
DEBUG - 2025-09-29 21:37:18 --> Resultado de la búsqueda: Array
(
    [id_usuario] => 1
    [nombre] => brunito
    [apellido] => barber
    [email] => brunocameille@alumnos.itr3.edu.ar
    [contrasena] => $2y$10$F4xQfULyrVhG1JD8Y21QR.vgn9Fzd257acxjmQqHQ3OYfEqBaAPb6
    [direccion_id] => 0
    [id_rol] => 1
    [created_at] => 2025-04-07 13:37:30
    [updated_at] => 2025-07-24 14:07:31
    [invitado_por] => 
    [estado] => activo
    [token_activacion] => 
)

DEBUG - 2025-09-29 21:37:20 --> Ruta actual: /Tesina/public/energia/dispositivo/2
INFO - 2025-09-29 21:37:20 --> Session: Class initialized using 'CodeIgniter\Session\Handlers\FileHandler' driver.
DEBUG - 2025-09-29 21:37:20 --> Datos en sesión: Array
(
    [__ci_last_regenerate] => 1759192395
    [_ci_previous_url] => http://192.168.0.138/Tesina/public/admin/dispositivos
    [id_usuario] => 1
    [nombre] => brunito
    [apellido] => barber
    [email] => brunocameille@alumnos.itr3.edu.ar
    [rol] => admin
    [logged_in] => 1
)

INFO - 2025-09-29 21:37:21 --> Session: Class initialized using 'CodeIgniter\Session\Handlers\FileHandler' driver.
INFO - 2025-09-29 21:37:25 --> Session: Class initialized using 'CodeIgniter\Session\Handlers\FileHandler' driver.
INFO - 2025-09-29 21:37:30 --> Session: Class initialized using 'CodeIgniter\Session\Handlers\FileHandler' driver.
INFO - 2025-09-29 21:37:35 --> Session: Class initialized using 'CodeIgniter\Session\Handlers\FileHandler' driver.
INFO - 2025-09-29 21:37:40 --> Session: Class initialized using 'CodeIgniter\Session\Handlers\FileHandler' driver.
INFO - 2025-09-29 21:37:45 --> Session: Class initialized using 'CodeIgniter\Session\Handlers\FileHandler' driver.
INFO - 2025-09-29 21:37:50 --> Session: Class initialized using 'CodeIgniter\Session\Handlers\FileHandler' driver.
INFO - 2025-09-29 21:37:55 --> Session: Class initialized using 'CodeIgniter\Session\Handlers\FileHandler' driver.
INFO - 2025-09-29 21:38:00 --> Session: Class initialized using 'CodeIgniter\Session\Handlers\FileHandler' driver.
INFO - 2025-09-29 21:38:05 --> Session: Class initialized using 'CodeIgniter\Session\Handlers\FileHandler' driver.
INFO - 2025-09-29 21:38:10 --> Session: Class initialized using 'CodeIgniter\Session\Handlers\FileHandler' driver.
DEBUG - 2025-09-29 21:38:14 --> Ruta actual: /Tesina/public/energia/dispositivo/2
INFO - 2025-09-29 21:38:14 --> Session: Class initialized using 'CodeIgniter\Session\Handlers\FileHandler' driver.
DEBUG - 2025-09-29 21:38:14 --> Datos en sesión: Array
(
    [__ci_last_regenerate] => 1759192395
    [_ci_previous_url] => http://192.168.0.138/Tesina/public/energia/dispositivo/2
    [id_usuario] => 1
    [nombre] => brunito
    [apellido] => barber
    [email] => brunocameille@alumnos.itr3.edu.ar
    [rol] => admin
    [logged_in] => 1
)

INFO - 2025-09-29 21:38:15 --> Session: Class initialized using 'CodeIgniter\Session\Handlers\FileHandler' driver.
INFO - 2025-09-29 21:38:16 --> Session: Class initialized using 'CodeIgniter\Session\Handlers\FileHandler' driver.
INFO - 2025-09-29 21:38:19 --> Session: Class initialized using 'CodeIgniter\Session\Handlers\FileHandler' driver.
INFO - 2025-09-29 21:38:19 --> Session: Class initialized using 'CodeIgniter\Session\Handlers\FileHandler' driver.
INFO - 2025-09-29 21:38:24 --> Session: Class initialized using 'CodeIgniter\Session\Handlers\FileHandler' driver.
INFO - 2025-09-29 21:38:29 --> Session: Class initialized using 'CodeIgniter\Session\Handlers\FileHandler' driver.
INFO - 2025-09-29 21:38:34 --> Session: Class initialized using 'CodeIgniter\Session\Handlers\FileHandler' driver.
INFO - 2025-09-29 21:38:39 --> Session: Class initialized using 'CodeIgniter\Session\Handlers\FileHandler' driver.
INFO - 2025-09-29 21:38:44 --> Session: Class initialized using 'CodeIgniter\Session\Handlers\FileHandler' driver.
INFO - 2025-09-29 21:38:49 --> Session: Class initialized using 'CodeIgniter\Session\Handlers\FileHandler' driver.
INFO - 2025-09-29 21:38:54 --> Session: Class initialized using 'CodeIgniter\Session\Handlers\FileHandler' driver.
INFO - 2025-09-29 21:38:59 --> Session: Class initialized using 'CodeIgniter\Session\Handlers\FileHandler' driver.
INFO - 2025-09-29 21:39:04 --> Session: Class initialized using 'CodeIgniter\Session\Handlers\FileHandler' driver.
INFO - 2025-09-29 21:39:09 --> Session: Class initialized using 'CodeIgniter\Session\Handlers\FileHandler' driver.
INFO - 2025-09-29 21:39:10 --> Session: Class initialized using 'CodeIgniter\Session\Handlers\FileHandler' driver.
INFO - 2025-09-29 21:39:13 --> Session: Class initialized using 'CodeIgniter\Session\Handlers\FileHandler' driver.
INFO - 2025-09-29 21:39:14 --> Session: Class initialized using 'CodeIgniter\Session\Handlers\FileHandler' driver.
INFO - 2025-09-29 21:39:16 --> Session: Class initialized using 'CodeIgniter\Session\Handlers\FileHandler' driver.
INFO - 2025-09-29 21:39:19 --> Session: Class initialized using 'CodeIgniter\Session\Handlers\FileHandler' driver.
INFO - 2025-09-29 21:39:19 --> Session: Class initialized using 'CodeIgniter\Session\Handlers\FileHandler' driver.
INFO - 2025-09-29 21:39:22 --> Session: Class initialized using 'CodeIgniter\Session\Handlers\FileHandler' driver.
INFO - 2025-09-29 21:39:24 --> Session: Class initialized using 'CodeIgniter\Session\Handlers\FileHandler' driver.
INFO - 2025-09-29 21:39:24 --> Session: Class initialized using 'CodeIgniter\Session\Handlers\FileHandler' driver.
INFO - 2025-09-29 21:39:28 --> Session: Class initialized using 'CodeIgniter\Session\Handlers\FileHandler' driver.
INFO - 2025-09-29 21:39:29 --> Session: Class initialized using 'CodeIgniter\Session\Handlers\FileHandler' driver.
INFO - 2025-09-29 21:39:30 --> Session: Class initialized using 'CodeIgniter\Session\Handlers\FileHandler' driver.
INFO - 2025-09-29 21:39:33 --> Session: Class initialized using 'CodeIgniter\Session\Handlers\FileHandler' driver.
INFO - 2025-09-29 21:39:34 --> Session: Class initialized using 'CodeIgniter\Session\Handlers\FileHandler' driver.
INFO - 2025-09-29 21:39:35 --> Session: Class initialized using 'CodeIgniter\Session\Handlers\FileHandler' driver.
INFO - 2025-09-29 21:39:38 --> Session: Class initialized using 'CodeIgniter\Session\Handlers\FileHandler' driver.
INFO - 2025-09-29 21:39:39 --> Session: Class initialized using 'CodeIgniter\Session\Handlers\FileHandler' driver.
INFO - 2025-09-29 21:39:41 --> Session: Class initialized using 'CodeIgniter\Session\Handlers\FileHandler' driver.
INFO - 2025-09-29 21:39:43 --> Session: Class initialized using 'CodeIgniter\Session\Handlers\FileHandler' driver.
INFO - 2025-09-29 21:39:44 --> Session: Class initialized using 'CodeIgniter\Session\Handlers\FileHandler' driver.
INFO - 2025-09-29 21:39:46 --> Session: Class initialized using 'CodeIgniter\Session\Handlers\FileHandler' driver.
INFO - 2025-09-29 21:39:48 --> Session: Class initialized using 'CodeIgniter\Session\Handlers\FileHandler' driver.
INFO - 2025-09-29 21:39:49 --> Session: Class initialized using 'CodeIgniter\Session\Handlers\FileHandler' driver.
INFO - 2025-09-29 21:39:51 --> Session: Class initialized using 'CodeIgniter\Session\Handlers\FileHandler' driver.
INFO - 2025-09-29 21:39:54 --> Session: Class initialized using 'CodeIgniter\Session\Handlers\FileHandler' driver.
INFO - 2025-09-29 21:39:54 --> Session: Class initialized using 'CodeIgniter\Session\Handlers\FileHandler' driver.
INFO - 2025-09-29 21:39:56 --> Session: Class initialized using 'CodeIgniter\Session\Handlers\FileHandler' driver.
INFO - 2025-09-29 21:39:58 --> Session: Class initialized using 'CodeIgniter\Session\Handlers\FileHandler' driver.
INFO - 2025-09-29 21:39:59 --> Session: Class initialized using 'CodeIgniter\Session\Handlers\FileHandler' driver.
INFO - 2025-09-29 21:40:01 --> Session: Class initialized using 'CodeIgniter\Session\Handlers\FileHandler' driver.
INFO - 2025-09-29 21:40:04 --> Session: Class initialized using 'CodeIgniter\Session\Handlers\FileHandler' driver.
INFO - 2025-09-29 21:40:04 --> Session: Class initialized using 'CodeIgniter\Session\Handlers\FileHandler' driver.
INFO - 2025-09-29 21:40:06 --> Session: Class initialized using 'CodeIgniter\Session\Handlers\FileHandler' driver.
INFO - 2025-09-29 21:40:09 --> Session: Class initialized using 'CodeIgniter\Session\Handlers\FileHandler' driver.
INFO - 2025-09-29 21:40:09 --> Session: Class initialized using 'CodeIgniter\Session\Handlers\FileHandler' driver.
INFO - 2025-09-29 21:40:11 --> Session: Class initialized using 'CodeIgniter\Session\Handlers\FileHandler' driver.
INFO - 2025-09-29 21:40:13 --> Session: Class initialized using 'CodeIgniter\Session\Handlers\FileHandler' driver.
INFO - 2025-09-29 21:40:14 --> Session: Class initialized using 'CodeIgniter\Session\Handlers\FileHandler' driver.
INFO - 2025-09-29 21:40:16 --> Session: Class initialized using 'CodeIgniter\Session\Handlers\FileHandler' driver.
INFO - 2025-09-29 21:40:19 --> Session: Class initialized using 'CodeIgniter\Session\Handlers\FileHandler' driver.
INFO - 2025-09-29 21:40:19 --> Session: Class initialized using 'CodeIgniter\Session\Handlers\FileHandler' driver.
INFO - 2025-09-29 21:40:21 --> Session: Class initialized using 'CodeIgniter\Session\Handlers\FileHandler' driver.
INFO - 2025-09-29 21:40:24 --> Session: Class initialized using 'CodeIgniter\Session\Handlers\FileHandler' driver.
INFO - 2025-09-29 21:40:24 --> Session: Class initialized using 'CodeIgniter\Session\Handlers\FileHandler' driver.
INFO - 2025-09-29 21:40:26 --> Session: Class initialized using 'CodeIgniter\Session\Handlers\FileHandler' driver.
INFO - 2025-09-29 21:40:29 --> Session: Class initialized using 'CodeIgniter\Session\Handlers\FileHandler' driver.
INFO - 2025-09-29 21:40:29 --> Session: Class initialized using 'CodeIgniter\Session\Handlers\FileHandler' driver.
INFO - 2025-09-29 21:40:31 --> Session: Class initialized using 'CodeIgniter\Session\Handlers\FileHandler' driver.
INFO - 2025-09-29 21:40:34 --> Session: Class initialized using 'CodeIgniter\Session\Handlers\FileHandler' driver.
INFO - 2025-09-29 21:40:35 --> Session: Class initialized using 'CodeIgniter\Session\Handlers\FileHandler' driver.
INFO - 2025-09-29 21:40:38 --> Session: Class initialized using 'CodeIgniter\Session\Handlers\FileHandler' driver.
INFO - 2025-09-29 21:40:40 --> Session: Class initialized using 'CodeIgniter\Session\Handlers\FileHandler' driver.
INFO - 2025-09-29 21:40:42 --> Session: Class initialized using 'CodeIgniter\Session\Handlers\FileHandler' driver.
INFO - 2025-09-29 21:40:44 --> Session: Class initialized using 'CodeIgniter\Session\Handlers\FileHandler' driver.
INFO - 2025-09-29 21:40:45 --> Session: Class initialized using 'CodeIgniter\Session\Handlers\FileHandler' driver.
INFO - 2025-09-29 21:40:47 --> Session: Class initialized using 'CodeIgniter\Session\Handlers\FileHandler' driver.
INFO - 2025-09-29 21:40:49 --> Session: Class initialized using 'CodeIgniter\Session\Handlers\FileHandler' driver.
INFO - 2025-09-29 21:40:50 --> Session: Class initialized using 'CodeIgniter\Session\Handlers\FileHandler' driver.
INFO - 2025-09-29 21:40:54 --> Session: Class initialized using 'CodeIgniter\Session\Handlers\FileHandler' driver.
INFO - 2025-09-29 21:40:55 --> Session: Class initialized using 'CodeIgniter\Session\Handlers\FileHandler' driver.
INFO - 2025-09-29 21:40:58 --> Session: Class initialized using 'CodeIgniter\Session\Handlers\FileHandler' driver.
INFO - 2025-09-29 21:41:00 --> Session: Class initialized using 'CodeIgniter\Session\Handlers\FileHandler' driver.
DEBUG - 2025-09-29 21:41:01 --> Ruta actual: /Tesina/public/energia/dispositivo/2
INFO - 2025-09-29 21:41:01 --> Session: Class initialized using 'CodeIgniter\Session\Handlers\FileHandler' driver.
DEBUG - 2025-09-29 21:41:01 --> Datos en sesión: Array
(
    [__ci_last_regenerate] => 1759192699
    [_ci_previous_url] => http://192.168.0.138/Tesina/public/energia/dispositivo/2
    [id_usuario] => 1
    [nombre] => brunito
    [apellido] => barber
    [email] => brunocameille@alumnos.itr3.edu.ar
    [rol] => admin
    [logged_in] => 1
)

INFO - 2025-09-29 21:41:02 --> Session: Class initialized using 'CodeIgniter\Session\Handlers\FileHandler' driver.
INFO - 2025-09-29 21:41:03 --> Session: Class initialized using 'CodeIgniter\Session\Handlers\FileHandler' driver.
INFO - 2025-09-29 21:41:05 --> Session: Class initialized using 'CodeIgniter\Session\Handlers\FileHandler' driver.
INFO - 2025-09-29 21:41:06 --> Session: Class initialized using 'CodeIgniter\Session\Handlers\FileHandler' driver.
INFO - 2025-09-29 21:41:08 --> Session: Class initialized using 'CodeIgniter\Session\Handlers\FileHandler' driver.
INFO - 2025-09-29 21:41:10 --> Session: Class initialized using 'CodeIgniter\Session\Handlers\FileHandler' driver.
INFO - 2025-09-29 21:41:11 --> Session: Class initialized using 'CodeIgniter\Session\Handlers\FileHandler' driver.
INFO - 2025-09-29 21:41:13 --> Session: Class initialized using 'CodeIgniter\Session\Handlers\FileHandler' driver.
INFO - 2025-09-29 21:41:15 --> Session: Class initialized using 'CodeIgniter\Session\Handlers\FileHandler' driver.
INFO - 2025-09-29 21:41:16 --> Session: Class initialized using 'CodeIgniter\Session\Handlers\FileHandler' driver.
DEBUG - 2025-09-29 21:41:17 --> Ruta actual: /Tesina/public/energia/dispositivo/2
INFO - 2025-09-29 21:41:17 --> Session: Class initialized using 'CodeIgniter\Session\Handlers\FileHandler' driver.
DEBUG - 2025-09-29 21:41:17 --> Datos en sesión: Array
(
    [__ci_last_regenerate] => 1759192699
    [_ci_previous_url] => http://192.168.0.138/Tesina/public/energia/dispositivo/2
    [id_usuario] => 1
    [nombre] => brunito
    [apellido] => barber
    [email] => brunocameille@alumnos.itr3.edu.ar
    [rol] => admin
    [logged_in] => 1
)

INFO - 2025-09-29 21:41:19 --> Session: Class initialized using 'CodeIgniter\Session\Handlers\FileHandler' driver.
INFO - 2025-09-29 21:41:19 --> Session: Class initialized using 'CodeIgniter\Session\Handlers\FileHandler' driver.
INFO - 2025-09-29 21:41:21 --> Session: Class initialized using 'CodeIgniter\Session\Handlers\FileHandler' driver.
INFO - 2025-09-29 21:41:23 --> Session: Class initialized using 'CodeIgniter\Session\Handlers\FileHandler' driver.
INFO - 2025-09-29 21:41:23 --> Session: Class initialized using 'CodeIgniter\Session\Handlers\FileHandler' driver.
INFO - 2025-09-29 21:41:26 --> Session: Class initialized using 'CodeIgniter\Session\Handlers\FileHandler' driver.
INFO - 2025-09-29 21:41:28 --> Session: Class initialized using 'CodeIgniter\Session\Handlers\FileHandler' driver.
INFO - 2025-09-29 21:41:28 --> Session: Class initialized using 'CodeIgniter\Session\Handlers\FileHandler' driver.
INFO - 2025-09-29 21:41:31 --> Session: Class initialized using 'CodeIgniter\Session\Handlers\FileHandler' driver.
INFO - 2025-09-29 21:41:33 --> Session: Class initialized using 'CodeIgniter\Session\Handlers\FileHandler' driver.
INFO - 2025-09-29 21:41:34 --> Session: Class initialized using 'CodeIgniter\Session\Handlers\FileHandler' driver.
INFO - 2025-09-29 21:41:36 --> Session: Class initialized using 'CodeIgniter\Session\Handlers\FileHandler' driver.
INFO - 2025-09-29 21:41:38 --> Session: Class initialized using 'CodeIgniter\Session\Handlers\FileHandler' driver.
INFO - 2025-09-29 21:41:38 --> Session: Class initialized using 'CodeIgniter\Session\Handlers\FileHandler' driver.
INFO - 2025-09-29 21:41:41 --> Session: Class initialized using 'CodeIgniter\Session\Handlers\FileHandler' driver.
INFO - 2025-09-29 21:41:43 --> Session: Class initialized using 'CodeIgniter\Session\Handlers\FileHandler' driver.
DEBUG - 2025-09-29 21:41:44 --> Ruta actual: /Tesina/public/energia/dispositivo/2
INFO - 2025-09-29 21:41:44 --> Session: Class initialized using 'CodeIgniter\Session\Handlers\FileHandler' driver.
DEBUG - 2025-09-29 21:41:44 --> Datos en sesión: Array
(
    [__ci_last_regenerate] => 1759192699
    [_ci_previous_url] => http://192.168.0.138/Tesina/public/energia/dispositivo/2
    [id_usuario] => 1
    [nombre] => brunito
    [apellido] => barber
    [email] => brunocameille@alumnos.itr3.edu.ar
    [rol] => admin
    [logged_in] => 1
)

INFO - 2025-09-29 21:41:46 --> Session: Class initialized using 'CodeIgniter\Session\Handlers\FileHandler' driver.
INFO - 2025-09-29 21:41:46 --> Session: Class initialized using 'CodeIgniter\Session\Handlers\FileHandler' driver.
INFO - 2025-09-29 21:41:48 --> Session: Class initialized using 'CodeIgniter\Session\Handlers\FileHandler' driver.
INFO - 2025-09-29 21:41:50 --> Session: Class initialized using 'CodeIgniter\Session\Handlers\FileHandler' driver.
INFO - 2025-09-29 21:41:51 --> Session: Class initialized using 'CodeIgniter\Session\Handlers\FileHandler' driver.
INFO - 2025-09-29 21:41:54 --> Session: Class initialized using 'CodeIgniter\Session\Handlers\FileHandler' driver.
INFO - 2025-09-29 21:41:55 --> Session: Class initialized using 'CodeIgniter\Session\Handlers\FileHandler' driver.
INFO - 2025-09-29 21:41:57 --> Session: Class initialized using 'CodeIgniter\Session\Handlers\FileHandler' driver.
DEBUG - 2025-09-29 21:41:57 --> Ruta actual: /Tesina/public/energia/actualizarLimite
INFO - 2025-09-29 21:41:57 --> Session: Class initialized using 'CodeIgniter\Session\Handlers\FileHandler' driver.
DEBUG - 2025-09-29 21:41:57 --> Datos en sesión: Array
(
    [__ci_last_regenerate] => 1759192699
    [_ci_previous_url] => http://192.168.0.138/Tesina/public/energia/dispositivo/2
    [id_usuario] => 1
    [nombre] => brunito
    [apellido] => barber
    [email] => brunocameille@alumnos.itr3.edu.ar
    [rol] => admin
    [logged_in] => 1
)

INFO - 2025-09-29 21:42:00 --> Session: Class initialized using 'CodeIgniter\Session\Handlers\FileHandler' driver.
INFO - 2025-09-29 21:42:02 --> Session: Class initialized using 'CodeIgniter\Session\Handlers\FileHandler' driver.
INFO - 2025-09-29 21:42:03 --> Session: Class initialized using 'CodeIgniter\Session\Handlers\FileHandler' driver.
INFO - 2025-09-29 21:42:05 --> Session: Class initialized using 'CodeIgniter\Session\Handlers\FileHandler' driver.
INFO - 2025-09-29 21:42:06 --> Session: Class initialized using 'CodeIgniter\Session\Handlers\FileHandler' driver.
INFO - 2025-09-29 21:42:08 --> Session: Class initialized using 'CodeIgniter\Session\Handlers\FileHandler' driver.
INFO - 2025-09-29 21:42:10 --> Session: Class initialized using 'CodeIgniter\Session\Handlers\FileHandler' driver.
INFO - 2025-09-29 21:42:11 --> Session: Class initialized using 'CodeIgniter\Session\Handlers\FileHandler' driver.
INFO - 2025-09-29 21:42:13 --> Session: Class initialized using 'CodeIgniter\Session\Handlers\FileHandler' driver.
INFO - 2025-09-29 21:42:15 --> Session: Class initialized using 'CodeIgniter\Session\Handlers\FileHandler' driver.
INFO - 2025-09-29 21:42:16 --> Session: Class initialized using 'CodeIgniter\Session\Handlers\FileHandler' driver.
INFO - 2025-09-29 21:42:18 --> Session: Class initialized using 'CodeIgniter\Session\Handlers\FileHandler' driver.
INFO - 2025-09-29 21:42:20 --> Session: Class initialized using 'CodeIgniter\Session\Handlers\FileHandler' driver.
INFO - 2025-09-29 21:42:20 --> Session: Class initialized using 'CodeIgniter\Session\Handlers\FileHandler' driver.
INFO - 2025-09-29 21:42:23 --> Session: Class initialized using 'CodeIgniter\Session\Handlers\FileHandler' driver.
INFO - 2025-09-29 21:42:25 --> Session: Class initialized using 'CodeIgniter\Session\Handlers\FileHandler' driver.
INFO - 2025-09-29 21:42:25 --> Session: Class initialized using 'CodeIgniter\Session\Handlers\FileHandler' driver.
INFO - 2025-09-29 21:42:28 --> Session: Class initialized using 'CodeIgniter\Session\Handlers\FileHandler' driver.
INFO - 2025-09-29 21:42:30 --> Session: Class initialized using 'CodeIgniter\Session\Handlers\FileHandler' driver.
INFO - 2025-09-29 21:42:31 --> Session: Class initialized using 'CodeIgniter\Session\Handlers\FileHandler' driver.
INFO - 2025-09-29 21:42:33 --> Session: Class initialized using 'CodeIgniter\Session\Handlers\FileHandler' driver.
INFO - 2025-09-29 21:42:35 --> Session: Class initialized using 'CodeIgniter\Session\Handlers\FileHandler' driver.
INFO - 2025-09-29 21:42:36 --> Session: Class initialized using 'CodeIgniter\Session\Handlers\FileHandler' driver.
INFO - 2025-09-29 21:42:38 --> Session: Class initialized using 'CodeIgniter\Session\Handlers\FileHandler' driver.
INFO - 2025-09-29 21:42:40 --> Session: Class initialized using 'CodeIgniter\Session\Handlers\FileHandler' driver.
INFO - 2025-09-29 21:42:45 --> Session: Class initialized using 'CodeIgniter\Session\Handlers\FileHandler' driver.
INFO - 2025-09-29 21:42:45 --> Session: Class initialized using 'CodeIgniter\Session\Handlers\FileHandler' driver.
INFO - 2025-09-29 21:42:50 --> Session: Class initialized using 'CodeIgniter\Session\Handlers\FileHandler' driver.
INFO - 2025-09-29 21:42:55 --> Session: Class initialized using 'CodeIgniter\Session\Handlers\FileHandler' driver.
INFO - 2025-09-29 21:42:55 --> Session: Class initialized using 'CodeIgniter\Session\Handlers\FileHandler' driver.
INFO - 2025-09-29 21:42:58 --> Session: Class initialized using 'CodeIgniter\Session\Handlers\FileHandler' driver.
INFO - 2025-09-29 21:43:00 --> Session: Class initialized using 'CodeIgniter\Session\Handlers\FileHandler' driver.
INFO - 2025-09-29 21:43:01 --> Session: Class initialized using 'CodeIgniter\Session\Handlers\FileHandler' driver.
INFO - 2025-09-29 21:43:04 --> Session: Class initialized using 'CodeIgniter\Session\Handlers\FileHandler' driver.
INFO - 2025-09-29 21:43:05 --> Session: Class initialized using 'CodeIgniter\Session\Handlers\FileHandler' driver.
INFO - 2025-09-29 21:43:06 --> Session: Class initialized using 'CodeIgniter\Session\Handlers\FileHandler' driver.
INFO - 2025-09-29 21:43:09 --> Session: Class initialized using 'CodeIgniter\Session\Handlers\FileHandler' driver.
INFO - 2025-09-29 21:43:10 --> Session: Class initialized using 'CodeIgniter\Session\Handlers\FileHandler' driver.
INFO - 2025-09-29 21:43:12 --> Session: Class initialized using 'CodeIgniter\Session\Handlers\FileHandler' driver.
INFO - 2025-09-29 21:43:14 --> Session: Class initialized using 'CodeIgniter\Session\Handlers\FileHandler' driver.
INFO - 2025-09-29 21:43:15 --> Session: Class initialized using 'CodeIgniter\Session\Handlers\FileHandler' driver.
INFO - 2025-09-29 21:43:17 --> Session: Class initialized using 'CodeIgniter\Session\Handlers\FileHandler' driver.
INFO - 2025-09-29 21:43:19 --> Session: Class initialized using 'CodeIgniter\Session\Handlers\FileHandler' driver.
INFO - 2025-09-29 21:43:20 --> Session: Class initialized using 'CodeIgniter\Session\Handlers\FileHandler' driver.
INFO - 2025-09-29 21:43:22 --> Session: Class initialized using 'CodeIgniter\Session\Handlers\FileHandler' driver.
INFO - 2025-09-29 21:43:25 --> Session: Class initialized using 'CodeIgniter\Session\Handlers\FileHandler' driver.
INFO - 2025-09-29 21:43:28 --> Session: Class initialized using 'CodeIgniter\Session\Handlers\FileHandler' driver.
INFO - 2025-09-29 21:43:30 --> Session: Class initialized using 'CodeIgniter\Session\Handlers\FileHandler' driver.
INFO - 2025-09-29 21:43:46 --> Session: Class initialized using 'CodeIgniter\Session\Handlers\FileHandler' driver.
INFO - 2025-09-29 21:44:27 --> Session: Class initialized using 'CodeIgniter\Session\Handlers\FileHandler' driver.
INFO - 2025-09-29 21:44:30 --> Session: Class initialized using 'CodeIgniter\Session\Handlers\FileHandler' driver.
INFO - 2025-09-29 21:44:32 --> Session: Class initialized using 'CodeIgniter\Session\Handlers\FileHandler' driver.
INFO - 2025-09-29 21:44:34 --> Session: Class initialized using 'CodeIgniter\Session\Handlers\FileHandler' driver.
INFO - 2025-09-29 21:44:37 --> Session: Class initialized using 'CodeIgniter\Session\Handlers\FileHandler' driver.
INFO - 2025-09-29 21:44:39 --> Session: Class initialized using 'CodeIgniter\Session\Handlers\FileHandler' driver.
INFO - 2025-09-29 21:44:43 --> Session: Class initialized using 'CodeIgniter\Session\Handlers\FileHandler' driver.
INFO - 2025-09-29 21:44:45 --> Session: Class initialized using 'CodeIgniter\Session\Handlers\FileHandler' driver.
INFO - 2025-09-29 21:44:46 --> Session: Class initialized using 'CodeIgniter\Session\Handlers\FileHandler' driver.
INFO - 2025-09-29 21:44:49 --> Session: Class initialized using 'CodeIgniter\Session\Handlers\FileHandler' driver.
INFO - 2025-09-29 21:44:52 --> Session: Class initialized using 'CodeIgniter\Session\Handlers\FileHandler' driver.
INFO - 2025-09-29 21:44:54 --> Session: Class initialized using 'CodeIgniter\Session\Handlers\FileHandler' driver.
INFO - 2025-09-29 21:44:57 --> Session: Class initialized using 'CodeIgniter\Session\Handlers\FileHandler' driver.
INFO - 2025-09-29 21:44:59 --> Session: Class initialized using 'CodeIgniter\Session\Handlers\FileHandler' driver.
INFO - 2025-09-29 21:45:05 --> Session: Class initialized using 'CodeIgniter\Session\Handlers\FileHandler' driver.
INFO - 2025-09-29 21:45:08 --> Session: Class initialized using 'CodeIgniter\Session\Handlers\FileHandler' driver.
INFO - 2025-09-29 21:45:16 --> Session: Class initialized using 'CodeIgniter\Session\Handlers\FileHandler' driver.
INFO - 2025-09-29 21:45:20 --> Session: Class initialized using 'CodeIgniter\Session\Handlers\FileHandler' driver.
INFO - 2025-09-29 21:45:24 --> Session: Class initialized using 'CodeIgniter\Session\Handlers\FileHandler' driver.
INFO - 2025-09-29 21:45:29 --> Session: Class initialized using 'CodeIgniter\Session\Handlers\FileHandler' driver.
INFO - 2025-09-29 21:45:32 --> Session: Class initialized using 'CodeIgniter\Session\Handlers\FileHandler' driver.
INFO - 2025-09-29 21:45:34 --> Session: Class initialized using 'CodeIgniter\Session\Handlers\FileHandler' driver.
INFO - 2025-09-29 21:45:36 --> Session: Class initialized using 'CodeIgniter\Session\Handlers\FileHandler' driver.
INFO - 2025-09-29 21:45:37 --> Session: Class initialized using 'CodeIgniter\Session\Handlers\FileHandler' driver.
INFO - 2025-09-29 21:45:41 --> Session: Class initialized using 'CodeIgniter\Session\Handlers\FileHandler' driver.
INFO - 2025-09-29 21:45:42 --> Session: Class initialized using 'CodeIgniter\Session\Handlers\FileHandler' driver.
INFO - 2025-09-29 21:45:46 --> Session: Class initialized using 'CodeIgniter\Session\Handlers\FileHandler' driver.
INFO - 2025-09-29 21:45:59 --> Session: Class initialized using 'CodeIgniter\Session\Handlers\FileHandler' driver.
INFO - 2025-09-29 21:46:00 --> Session: Class initialized using 'CodeIgniter\Session\Handlers\FileHandler' driver.
INFO - 2025-09-29 21:46:02 --> Session: Class initialized using 'CodeIgniter\Session\Handlers\FileHandler' driver.
INFO - 2025-09-29 21:46:03 --> Session: Class initialized using 'CodeIgniter\Session\Handlers\FileHandler' driver.
INFO - 2025-09-29 21:46:05 --> Session: Class initialized using 'CodeIgniter\Session\Handlers\FileHandler' driver.
INFO - 2025-09-29 21:46:06 --> Session: Class initialized using 'CodeIgniter\Session\Handlers\FileHandler' driver.
INFO - 2025-09-29 21:46:09 --> Session: Class initialized using 'CodeIgniter\Session\Handlers\FileHandler' driver.
INFO - 2025-09-29 21:46:10 --> Session: Class initialized using 'CodeIgniter\Session\Handlers\FileHandler' driver.
INFO - 2025-09-29 21:46:28 --> Session: Class initialized using 'CodeIgniter\Session\Handlers\FileHandler' driver.
INFO - 2025-09-29 21:46:29 --> Session: Class initialized using 'CodeIgniter\Session\Handlers\FileHandler' driver.
INFO - 2025-09-29 21:46:31 --> Session: Class initialized using 'CodeIgniter\Session\Handlers\FileHandler' driver.
INFO - 2025-09-29 21:46:46 --> Session: Class initialized using 'CodeIgniter\Session\Handlers\FileHandler' driver.
INFO - 2025-09-29 21:46:56 --> Session: Class initialized using 'CodeIgniter\Session\Handlers\FileHandler' driver.
INFO - 2025-09-29 21:46:59 --> Session: Class initialized using 'CodeIgniter\Session\Handlers\FileHandler' driver.
INFO - 2025-09-29 21:46:59 --> Límite obtenido (general): 2.0000 kWh, IP: 192.168.0.232
INFO - 2025-09-29 21:47:00 --> Session: Class initialized using 'CodeIgniter\Session\Handlers\FileHandler' driver.
INFO - 2025-09-29 21:47:02 --> Session: Class initialized using 'CodeIgniter\Session\Handlers\FileHandler' driver.
INFO - 2025-09-29 21:47:02 --> Límite obtenido (general): 2.0000 kWh, IP: 192.168.0.232
INFO - 2025-09-29 21:47:04 --> Session: Class initialized using 'CodeIgniter\Session\Handlers\FileHandler' driver.
INFO - 2025-09-29 21:47:11 --> Session: Class initialized using 'CodeIgniter\Session\Handlers\FileHandler' driver.
INFO - 2025-09-29 21:47:11 --> Límite obtenido (general): 2.0000 kWh, IP: 192.168.0.232
INFO - 2025-09-29 21:47:12 --> Session: Class initialized using 'CodeIgniter\Session\Handlers\FileHandler' driver.
INFO - 2025-09-29 21:47:14 --> Session: Class initialized using 'CodeIgniter\Session\Handlers\FileHandler' driver.
INFO - 2025-09-29 21:47:14 --> Límite obtenido (general): 2.0000 kWh, IP: 192.168.0.232
INFO - 2025-09-29 21:47:32 --> Session: Class initialized using 'CodeIgniter\Session\Handlers\FileHandler' driver.
INFO - 2025-09-29 21:47:34 --> Session: Class initialized using 'CodeIgniter\Session\Handlers\FileHandler' driver.
INFO - 2025-09-29 21:47:34 --> Límite obtenido (general): 2.0000 kWh, IP: 192.168.0.232
INFO - 2025-09-29 21:47:35 --> Session: Class initialized using 'CodeIgniter\Session\Handlers\FileHandler' driver.
INFO - 2025-09-29 21:47:36 --> Session: Class initialized using 'CodeIgniter\Session\Handlers\FileHandler' driver.
INFO - 2025-09-29 21:47:36 --> Límite obtenido (general): 2.0000 kWh, IP: 192.168.0.232
INFO - 2025-09-29 21:47:37 --> Session: Class initialized using 'CodeIgniter\Session\Handlers\FileHandler' driver.
INFO - 2025-09-29 21:47:39 --> Session: Class initialized using 'CodeIgniter\Session\Handlers\FileHandler' driver.
INFO - 2025-09-29 21:47:39 --> Límite obtenido (general): 2.0000 kWh, IP: 192.168.0.232
INFO - 2025-09-29 21:47:42 --> Session: Class initialized using 'CodeIgniter\Session\Handlers\FileHandler' driver.
INFO - 2025-09-29 21:47:43 --> Session: Class initialized using 'CodeIgniter\Session\Handlers\FileHandler' driver.
INFO - 2025-09-29 21:47:43 --> Límite obtenido (general): 2.0000 kWh, IP: 192.168.0.232
INFO - 2025-09-29 21:47:44 --> Session: Class initialized using 'CodeIgniter\Session\Handlers\FileHandler' driver.
INFO - 2025-09-29 21:47:46 --> Session: Class initialized using 'CodeIgniter\Session\Handlers\FileHandler' driver.
INFO - 2025-09-29 21:47:46 --> Límite obtenido (general): 2.0000 kWh, IP: 192.168.0.232
INFO - 2025-09-29 21:47:46 --> Session: Class initialized using 'CodeIgniter\Session\Handlers\FileHandler' driver.
INFO - 2025-09-29 21:47:47 --> Session: Class initialized using 'CodeIgniter\Session\Handlers\FileHandler' driver.
INFO - 2025-09-29 21:47:49 --> Session: Class initialized using 'CodeIgniter\Session\Handlers\FileHandler' driver.
INFO - 2025-09-29 21:47:49 --> Límite obtenido (general): 2.0000 kWh, IP: 192.168.0.232
INFO - 2025-09-29 21:47:50 --> Session: Class initialized using 'CodeIgniter\Session\Handlers\FileHandler' driver.
INFO - 2025-09-29 21:47:51 --> Session: Class initialized using 'CodeIgniter\Session\Handlers\FileHandler' driver.
INFO - 2025-09-29 21:47:52 --> Límite obtenido (general): 2.0000 kWh, IP: 192.168.0.232
INFO - 2025-09-29 21:47:53 --> Session: Class initialized using 'CodeIgniter\Session\Handlers\FileHandler' driver.
INFO - 2025-09-29 21:47:54 --> Session: Class initialized using 'CodeIgniter\Session\Handlers\FileHandler' driver.
INFO - 2025-09-29 21:47:54 --> Límite obtenido (general): 2.0000 kWh, IP: 192.168.0.232
INFO - 2025-09-29 21:47:56 --> Session: Class initialized using 'CodeIgniter\Session\Handlers\FileHandler' driver.
INFO - 2025-09-29 21:47:57 --> Session: Class initialized using 'CodeIgniter\Session\Handlers\FileHandler' driver.
INFO - 2025-09-29 21:47:57 --> Límite obtenido (general): 2.0000 kWh, IP: 192.168.0.232
INFO - 2025-09-29 21:48:00 --> Session: Class initialized using 'CodeIgniter\Session\Handlers\FileHandler' driver.
INFO - 2025-09-29 21:48:02 --> Session: Class initialized using 'CodeIgniter\Session\Handlers\FileHandler' driver.
INFO - 2025-09-29 21:48:02 --> Límite obtenido (general): 2.0000 kWh, IP: 192.168.0.232
INFO - 2025-09-29 21:48:03 --> Session: Class initialized using 'CodeIgniter\Session\Handlers\FileHandler' driver.
INFO - 2025-09-29 21:48:09 --> Session: Class initialized using 'CodeIgniter\Session\Handlers\FileHandler' driver.
INFO - 2025-09-29 21:48:09 --> Límite obtenido (general): 2.0000 kWh, IP: 192.168.0.232
INFO - 2025-09-29 21:48:10 --> Session: Class initialized using 'CodeIgniter\Session\Handlers\FileHandler' driver.
INFO - 2025-09-29 21:48:12 --> Session: Class initialized using 'CodeIgniter\Session\Handlers\FileHandler' driver.
INFO - 2025-09-29 21:48:12 --> Límite obtenido (general): 2.0000 kWh, IP: 192.168.0.232
INFO - 2025-09-29 21:48:13 --> Session: Class initialized using 'CodeIgniter\Session\Handlers\FileHandler' driver.
INFO - 2025-09-29 21:48:15 --> Session: Class initialized using 'CodeIgniter\Session\Handlers\FileHandler' driver.
INFO - 2025-09-29 21:48:15 --> Límite obtenido (general): 2.0000 kWh, IP: 192.168.0.232
INFO - 2025-09-29 21:48:16 --> Session: Class initialized using 'CodeIgniter\Session\Handlers\FileHandler' driver.
INFO - 2025-09-29 21:48:18 --> Session: Class initialized using 'CodeIgniter\Session\Handlers\FileHandler' driver.
INFO - 2025-09-29 21:48:18 --> Límite obtenido (general): 2.0000 kWh, IP: 192.168.0.232
INFO - 2025-09-29 21:48:19 --> Session: Class initialized using 'CodeIgniter\Session\Handlers\FileHandler' driver.
INFO - 2025-09-29 21:48:20 --> Session: Class initialized using 'CodeIgniter\Session\Handlers\FileHandler' driver.
INFO - 2025-09-29 21:48:20 --> Límite obtenido (general): 2.0000 kWh, IP: 192.168.0.232
INFO - 2025-09-29 21:48:21 --> Session: Class initialized using 'CodeIgniter\Session\Handlers\FileHandler' driver.
INFO - 2025-09-29 21:48:38 --> Session: Class initialized using 'CodeIgniter\Session\Handlers\FileHandler' driver.
INFO - 2025-09-29 21:48:38 --> Límite obtenido (general): 2.0000 kWh, IP: 192.168.0.232
INFO - 2025-09-29 21:48:39 --> Session: Class initialized using 'CodeIgniter\Session\Handlers\FileHandler' driver.
INFO - 2025-09-29 21:48:41 --> Session: Class initialized using 'CodeIgniter\Session\Handlers\FileHandler' driver.
INFO - 2025-09-29 21:48:41 --> Límite obtenido (general): 2.0000 kWh, IP: 192.168.0.232
INFO - 2025-09-29 21:48:42 --> Session: Class initialized using 'CodeIgniter\Session\Handlers\FileHandler' driver.
INFO - 2025-09-29 21:48:44 --> Session: Class initialized using 'CodeIgniter\Session\Handlers\FileHandler' driver.
INFO - 2025-09-29 21:48:44 --> Límite obtenido (general): 2.0000 kWh, IP: 192.168.0.232
INFO - 2025-09-29 21:48:45 --> Session: Class initialized using 'CodeIgniter\Session\Handlers\FileHandler' driver.
INFO - 2025-09-29 21:48:47 --> Session: Class initialized using 'CodeIgniter\Session\Handlers\FileHandler' driver.
INFO - 2025-09-29 21:48:50 --> Session: Class initialized using 'CodeIgniter\Session\Handlers\FileHandler' driver.
INFO - 2025-09-29 21:48:50 --> Límite obtenido (general): 2.0000 kWh, IP: 192.168.0.232
INFO - 2025-09-29 21:48:51 --> Session: Class initialized using 'CodeIgniter\Session\Handlers\FileHandler' driver.
INFO - 2025-09-29 21:48:53 --> Session: Class initialized using 'CodeIgniter\Session\Handlers\FileHandler' driver.
INFO - 2025-09-29 21:48:53 --> Límite obtenido (general): 2.0000 kWh, IP: 192.168.0.232
INFO - 2025-09-29 21:48:54 --> Session: Class initialized using 'CodeIgniter\Session\Handlers\FileHandler' driver.
INFO - 2025-09-29 21:48:55 --> Session: Class initialized using 'CodeIgniter\Session\Handlers\FileHandler' driver.
INFO - 2025-09-29 21:48:55 --> Límite obtenido (general): 2.0000 kWh, IP: 192.168.0.232
INFO - 2025-09-29 21:48:57 --> Session: Class initialized using 'CodeIgniter\Session\Handlers\FileHandler' driver.
INFO - 2025-09-29 21:48:58 --> Session: Class initialized using 'CodeIgniter\Session\Handlers\FileHandler' driver.
INFO - 2025-09-29 21:48:58 --> Límite obtenido (general): 2.0000 kWh, IP: 192.168.0.232
INFO - 2025-09-29 21:48:59 --> Session: Class initialized using 'CodeIgniter\Session\Handlers\FileHandler' driver.
INFO - 2025-09-29 21:49:01 --> Session: Class initialized using 'CodeIgniter\Session\Handlers\FileHandler' driver.
INFO - 2025-09-29 21:49:01 --> Límite obtenido (general): 2.0000 kWh, IP: 192.168.0.232
INFO - 2025-09-29 21:49:02 --> Session: Class initialized using 'CodeIgniter\Session\Handlers\FileHandler' driver.
INFO - 2025-09-29 21:49:04 --> Session: Class initialized using 'CodeIgniter\Session\Handlers\FileHandler' driver.
INFO - 2025-09-29 21:49:04 --> Límite obtenido (general): 2.0000 kWh, IP: 192.168.0.232
INFO - 2025-09-29 21:49:05 --> Session: Class initialized using 'CodeIgniter\Session\Handlers\FileHandler' driver.
INFO - 2025-09-29 21:49:07 --> Session: Class initialized using 'CodeIgniter\Session\Handlers\FileHandler' driver.
INFO - 2025-09-29 21:49:07 --> Límite obtenido (general): 2.0000 kWh, IP: 192.168.0.232
INFO - 2025-09-29 21:49:08 --> Session: Class initialized using 'CodeIgniter\Session\Handlers\FileHandler' driver.
INFO - 2025-09-29 21:49:09 --> Session: Class initialized using 'CodeIgniter\Session\Handlers\FileHandler' driver.
INFO - 2025-09-29 21:49:09 --> Límite obtenido (general): 2.0000 kWh, IP: 192.168.0.232
INFO - 2025-09-29 21:49:11 --> Session: Class initialized using 'CodeIgniter\Session\Handlers\FileHandler' driver.
INFO - 2025-09-29 21:49:12 --> Session: Class initialized using 'CodeIgniter\Session\Handlers\FileHandler' driver.
INFO - 2025-09-29 21:49:12 --> Límite obtenido (general): 2.0000 kWh, IP: 192.168.0.232
INFO - 2025-09-29 21:49:13 --> Session: Class initialized using 'CodeIgniter\Session\Handlers\FileHandler' driver.
INFO - 2025-09-29 21:49:15 --> Session: Class initialized using 'CodeIgniter\Session\Handlers\FileHandler' driver.
INFO - 2025-09-29 21:49:15 --> Límite obtenido (general): 2.0000 kWh, IP: 192.168.0.232
INFO - 2025-09-29 21:49:16 --> Session: Class initialized using 'CodeIgniter\Session\Handlers\FileHandler' driver.
INFO - 2025-09-29 21:49:18 --> Session: Class initialized using 'CodeIgniter\Session\Handlers\FileHandler' driver.
INFO - 2025-09-29 21:49:18 --> Límite obtenido (general): 2.0000 kWh, IP: 192.168.0.232
INFO - 2025-09-29 21:49:19 --> Session: Class initialized using 'CodeIgniter\Session\Handlers\FileHandler' driver.
INFO - 2025-09-29 21:49:20 --> Session: Class initialized using 'CodeIgniter\Session\Handlers\FileHandler' driver.
INFO - 2025-09-29 21:49:20 --> Límite obtenido (general): 2.0000 kWh, IP: 192.168.0.232
INFO - 2025-09-29 21:49:22 --> Session: Class initialized using 'CodeIgniter\Session\Handlers\FileHandler' driver.
INFO - 2025-09-29 21:49:23 --> Session: Class initialized using 'CodeIgniter\Session\Handlers\FileHandler' driver.
INFO - 2025-09-29 21:49:23 --> Límite obtenido (general): 2.0000 kWh, IP: 192.168.0.232
INFO - 2025-09-29 21:49:24 --> Session: Class initialized using 'CodeIgniter\Session\Handlers\FileHandler' driver.
INFO - 2025-09-29 21:49:26 --> Session: Class initialized using 'CodeIgniter\Session\Handlers\FileHandler' driver.
INFO - 2025-09-29 21:49:26 --> Límite obtenido (general): 2.0000 kWh, IP: 192.168.0.232
INFO - 2025-09-29 21:49:27 --> Session: Class initialized using 'CodeIgniter\Session\Handlers\FileHandler' driver.
INFO - 2025-09-29 21:49:29 --> Session: Class initialized using 'CodeIgniter\Session\Handlers\FileHandler' driver.
INFO - 2025-09-29 21:49:29 --> Límite obtenido (general): 2.0000 kWh, IP: 192.168.0.232
INFO - 2025-09-29 21:49:30 --> Session: Class initialized using 'CodeIgniter\Session\Handlers\FileHandler' driver.
INFO - 2025-09-29 21:49:31 --> Session: Class initialized using 'CodeIgniter\Session\Handlers\FileHandler' driver.
INFO - 2025-09-29 21:49:31 --> Límite obtenido (general): 2.0000 kWh, IP: 192.168.0.232
INFO - 2025-09-29 21:49:32 --> Session: Class initialized using 'CodeIgniter\Session\Handlers\FileHandler' driver.
INFO - 2025-09-29 21:49:34 --> Session: Class initialized using 'CodeIgniter\Session\Handlers\FileHandler' driver.
INFO - 2025-09-29 21:49:34 --> Límite obtenido (general): 2.0000 kWh, IP: 192.168.0.232
INFO - 2025-09-29 21:49:35 --> Session: Class initialized using 'CodeIgniter\Session\Handlers\FileHandler' driver.
INFO - 2025-09-29 21:49:37 --> Session: Class initialized using 'CodeIgniter\Session\Handlers\FileHandler' driver.
INFO - 2025-09-29 21:49:37 --> Límite obtenido (general): 2.0000 kWh, IP: 192.168.0.232
INFO - 2025-09-29 21:49:38 --> Session: Class initialized using 'CodeIgniter\Session\Handlers\FileHandler' driver.
INFO - 2025-09-29 21:49:40 --> Session: Class initialized using 'CodeIgniter\Session\Handlers\FileHandler' driver.
INFO - 2025-09-29 21:49:40 --> Límite obtenido (general): 2.0000 kWh, IP: 192.168.0.232
INFO - 2025-09-29 21:49:41 --> Session: Class initialized using 'CodeIgniter\Session\Handlers\FileHandler' driver.
INFO - 2025-09-29 21:49:43 --> Session: Class initialized using 'CodeIgniter\Session\Handlers\FileHandler' driver.
INFO - 2025-09-29 21:49:43 --> Límite obtenido (general): 2.0000 kWh, IP: 192.168.0.232
INFO - 2025-09-29 21:49:44 --> Session: Class initialized using 'CodeIgniter\Session\Handlers\FileHandler' driver.
INFO - 2025-09-29 21:49:46 --> Session: Class initialized using 'CodeIgniter\Session\Handlers\FileHandler' driver.
INFO - 2025-09-29 21:49:46 --> Límite obtenido (general): 2.0000 kWh, IP: 192.168.0.232
INFO - 2025-09-29 21:49:46 --> Session: Class initialized using 'CodeIgniter\Session\Handlers\FileHandler' driver.
INFO - 2025-09-29 21:49:47 --> Session: Class initialized using 'CodeIgniter\Session\Handlers\FileHandler' driver.
DEBUG - 2025-09-29 21:49:48 --> Ruta actual: /Tesina/public/energia/dispositivo/2
INFO - 2025-09-29 21:49:48 --> Session: Class initialized using 'CodeIgniter\Session\Handlers\FileHandler' driver.
DEBUG - 2025-09-29 21:49:48 --> Datos en sesión: Array
(
    [__ci_last_regenerate] => 1759193327
    [_ci_previous_url] => http://192.168.0.138/Tesina/public/energia/dispositivo/2
    [id_usuario] => 1
    [nombre] => brunito
    [apellido] => barber
    [email] => brunocameille@alumnos.itr3.edu.ar
    [rol] => admin
    [logged_in] => 1
)

INFO - 2025-09-29 21:49:50 --> Session: Class initialized using 'CodeIgniter\Session\Handlers\FileHandler' driver.
INFO - 2025-09-29 21:49:50 --> Session: Class initialized using 'CodeIgniter\Session\Handlers\FileHandler' driver.
INFO - 2025-09-29 21:49:50 --> Límite obtenido (general): 2.0000 kWh, IP: 192.168.0.232
INFO - 2025-09-29 21:49:51 --> Session: Class initialized using 'CodeIgniter\Session\Handlers\FileHandler' driver.
INFO - 2025-09-29 21:49:53 --> Session: Class initialized using 'CodeIgniter\Session\Handlers\FileHandler' driver.
INFO - 2025-09-29 21:49:53 --> Límite obtenido (general): 2.0000 kWh, IP: 192.168.0.232
INFO - 2025-09-29 21:49:54 --> Session: Class initialized using 'CodeIgniter\Session\Handlers\FileHandler' driver.
INFO - 2025-09-29 21:49:54 --> Session: Class initialized using 'CodeIgniter\Session\Handlers\FileHandler' driver.
INFO - 2025-09-29 21:49:56 --> Session: Class initialized using 'CodeIgniter\Session\Handlers\FileHandler' driver.
INFO - 2025-09-29 21:49:56 --> Límite obtenido (general): 2.0000 kWh, IP: 192.168.0.232
INFO - 2025-09-29 21:49:57 --> Session: Class initialized using 'CodeIgniter\Session\Handlers\FileHandler' driver.
INFO - 2025-09-29 21:49:58 --> Session: Class initialized using 'CodeIgniter\Session\Handlers\FileHandler' driver.
INFO - 2025-09-29 21:49:58 --> Límite obtenido (general): 2.0000 kWh, IP: 192.168.0.232
INFO - 2025-09-29 21:49:59 --> Session: Class initialized using 'CodeIgniter\Session\Handlers\FileHandler' driver.
INFO - 2025-09-29 21:49:59 --> Session: Class initialized using 'CodeIgniter\Session\Handlers\FileHandler' driver.
INFO - 2025-09-29 21:50:01 --> Session: Class initialized using 'CodeIgniter\Session\Handlers\FileHandler' driver.
INFO - 2025-09-29 21:50:01 --> Límite obtenido (general): 2.0000 kWh, IP: 192.168.0.232
INFO - 2025-09-29 21:50:02 --> Session: Class initialized using 'CodeIgniter\Session\Handlers\FileHandler' driver.
INFO - 2025-09-29 21:50:04 --> Session: Class initialized using 'CodeIgniter\Session\Handlers\FileHandler' driver.
INFO - 2025-09-29 21:50:04 --> Session: Class initialized using 'CodeIgniter\Session\Handlers\FileHandler' driver.
INFO - 2025-09-29 21:50:04 --> Límite obtenido (general): 2.0000 kWh, IP: 192.168.0.232
INFO - 2025-09-29 21:50:05 --> Session: Class initialized using 'CodeIgniter\Session\Handlers\FileHandler' driver.
INFO - 2025-09-29 21:50:07 --> Session: Class initialized using 'CodeIgniter\Session\Handlers\FileHandler' driver.
INFO - 2025-09-29 21:50:07 --> Límite obtenido (general): 2.0000 kWh, IP: 192.168.0.232
INFO - 2025-09-29 21:50:08 --> Session: Class initialized using 'CodeIgniter\Session\Handlers\FileHandler' driver.
INFO - 2025-09-29 21:50:09 --> Session: Class initialized using 'CodeIgniter\Session\Handlers\FileHandler' driver.
INFO - 2025-09-29 21:50:10 --> Session: Class initialized using 'CodeIgniter\Session\Handlers\FileHandler' driver.
INFO - 2025-09-29 21:50:10 --> Límite obtenido (general): 2.0000 kWh, IP: 192.168.0.232
INFO - 2025-09-29 21:50:11 --> Session: Class initialized using 'CodeIgniter\Session\Handlers\FileHandler' driver.
INFO - 2025-09-29 21:50:12 --> Session: Class initialized using 'CodeIgniter\Session\Handlers\FileHandler' driver.
INFO - 2025-09-29 21:50:12 --> Límite obtenido (general): 2.0000 kWh, IP: 192.168.0.232
INFO - 2025-09-29 21:50:13 --> Session: Class initialized using 'CodeIgniter\Session\Handlers\FileHandler' driver.
INFO - 2025-09-29 21:50:14 --> Session: Class initialized using 'CodeIgniter\Session\Handlers\FileHandler' driver.
INFO - 2025-09-29 21:50:15 --> Session: Class initialized using 'CodeIgniter\Session\Handlers\FileHandler' driver.
INFO - 2025-09-29 21:50:15 --> Límite obtenido (general): 2.0000 kWh, IP: 192.168.0.232
INFO - 2025-09-29 21:50:16 --> Session: Class initialized using 'CodeIgniter\Session\Handlers\FileHandler' driver.
INFO - 2025-09-29 21:50:18 --> Session: Class initialized using 'CodeIgniter\Session\Handlers\FileHandler' driver.
INFO - 2025-09-29 21:50:18 --> Límite obtenido (general): 2.0000 kWh, IP: 192.168.0.232
INFO - 2025-09-29 21:50:19 --> Session: Class initialized using 'CodeIgniter\Session\Handlers\FileHandler' driver.
INFO - 2025-09-29 21:50:19 --> Session: Class initialized using 'CodeIgniter\Session\Handlers\FileHandler' driver.
INFO - 2025-09-29 21:50:21 --> Session: Class initialized using 'CodeIgniter\Session\Handlers\FileHandler' driver.
INFO - 2025-09-29 21:50:21 --> Límite obtenido (general): 2.0000 kWh, IP: 192.168.0.232
INFO - 2025-09-29 21:50:22 --> Session: Class initialized using 'CodeIgniter\Session\Handlers\FileHandler' driver.
INFO - 2025-09-29 21:50:23 --> Session: Class initialized using 'CodeIgniter\Session\Handlers\FileHandler' driver.
INFO - 2025-09-29 21:50:23 --> Límite obtenido (general): 2.0000 kWh, IP: 192.168.0.232
INFO - 2025-09-29 21:50:24 --> Session: Class initialized using 'CodeIgniter\Session\Handlers\FileHandler' driver.
INFO - 2025-09-29 21:50:24 --> Session: Class initialized using 'CodeIgniter\Session\Handlers\FileHandler' driver.
INFO - 2025-09-29 21:50:26 --> Session: Class initialized using 'CodeIgniter\Session\Handlers\FileHandler' driver.
INFO - 2025-09-29 21:50:26 --> Límite obtenido (general): 2.0000 kWh, IP: 192.168.0.232
INFO - 2025-09-29 21:50:27 --> Session: Class initialized using 'CodeIgniter\Session\Handlers\FileHandler' driver.
INFO - 2025-09-29 21:50:29 --> Session: Class initialized using 'CodeIgniter\Session\Handlers\FileHandler' driver.
INFO - 2025-09-29 21:50:29 --> Session: Class initialized using 'CodeIgniter\Session\Handlers\FileHandler' driver.
INFO - 2025-09-29 21:50:29 --> Límite obtenido (general): 2.0000 kWh, IP: 192.168.0.232
DEBUG - 2025-09-29 21:50:29 --> Ruta actual: /Tesina/public/energia/actualizarLimite
INFO - 2025-09-29 21:50:29 --> Session: Class initialized using 'CodeIgniter\Session\Handlers\FileHandler' driver.
DEBUG - 2025-09-29 21:50:29 --> Datos en sesión: Array
(
    [__ci_last_regenerate] => 1759193327
    [_ci_previous_url] => http://192.168.0.138/Tesina/public/energia/dispositivo/2
    [id_usuario] => 1
    [nombre] => brunito
    [apellido] => barber
    [email] => brunocameille@alumnos.itr3.edu.ar
    [rol] => admin
    [logged_in] => 1
)

INFO - 2025-09-29 21:50:30 --> Session: Class initialized using 'CodeIgniter\Session\Handlers\FileHandler' driver.
INFO - 2025-09-29 21:50:32 --> Session: Class initialized using 'CodeIgniter\Session\Handlers\FileHandler' driver.
INFO - 2025-09-29 21:50:32 --> Límite obtenido (general): 5.0000 kWh, IP: 192.168.0.232
INFO - 2025-09-29 21:50:33 --> Session: Class initialized using 'CodeIgniter\Session\Handlers\FileHandler' driver.
INFO - 2025-09-29 21:50:34 --> Session: Class initialized using 'CodeIgniter\Session\Handlers\FileHandler' driver.
INFO - 2025-09-29 21:50:34 --> Límite obtenido (general): 5.0000 kWh, IP: 192.168.0.232
INFO - 2025-09-29 21:50:35 --> Session: Class initialized using 'CodeIgniter\Session\Handlers\FileHandler' driver.
INFO - 2025-09-29 21:50:35 --> Session: Class initialized using 'CodeIgniter\Session\Handlers\FileHandler' driver.
INFO - 2025-09-29 21:50:37 --> Session: Class initialized using 'CodeIgniter\Session\Handlers\FileHandler' driver.
INFO - 2025-09-29 21:50:37 --> Límite obtenido (general): 5.0000 kWh, IP: 192.168.0.232
INFO - 2025-09-29 21:50:38 --> Session: Class initialized using 'CodeIgniter\Session\Handlers\FileHandler' driver.
INFO - 2025-09-29 21:50:39 --> Session: Class initialized using 'CodeIgniter\Session\Handlers\FileHandler' driver.
INFO - 2025-09-29 21:50:40 --> Session: Class initialized using 'CodeIgniter\Session\Handlers\FileHandler' driver.
INFO - 2025-09-29 21:50:40 --> Límite obtenido (general): 5.0000 kWh, IP: 192.168.0.232
INFO - 2025-09-29 21:50:41 --> Session: Class initialized using 'CodeIgniter\Session\Handlers\FileHandler' driver.
INFO - 2025-09-29 21:50:43 --> Session: Class initialized using 'CodeIgniter\Session\Handlers\FileHandler' driver.
INFO - 2025-09-29 21:50:43 --> Límite obtenido (general): 5.0000 kWh, IP: 192.168.0.232
INFO - 2025-09-29 21:50:44 --> Session: Class initialized using 'CodeIgniter\Session\Handlers\FileHandler' driver.
INFO - 2025-09-29 21:50:46 --> Session: Class initialized using 'CodeIgniter\Session\Handlers\FileHandler' driver.
INFO - 2025-09-29 21:50:47 --> Session: Class initialized using 'CodeIgniter\Session\Handlers\FileHandler' driver.
INFO - 2025-09-29 21:50:47 --> Límite obtenido (general): 5.0000 kWh, IP: 192.168.0.232
INFO - 2025-09-29 21:50:48 --> Session: Class initialized using 'CodeIgniter\Session\Handlers\FileHandler' driver.
INFO - 2025-09-29 21:50:49 --> Session: Class initialized using 'CodeIgniter\Session\Handlers\FileHandler' driver.
INFO - 2025-09-29 21:50:50 --> Session: Class initialized using 'CodeIgniter\Session\Handlers\FileHandler' driver.
INFO - 2025-09-29 21:50:50 --> Límite obtenido (general): 5.0000 kWh, IP: 192.168.0.232
INFO - 2025-09-29 21:50:51 --> Session: Class initialized using 'CodeIgniter\Session\Handlers\FileHandler' driver.
INFO - 2025-09-29 21:50:53 --> Session: Class initialized using 'CodeIgniter\Session\Handlers\FileHandler' driver.
INFO - 2025-09-29 21:50:53 --> Límite obtenido (general): 5.0000 kWh, IP: 192.168.0.232
INFO - 2025-09-29 21:50:54 --> Session: Class initialized using 'CodeIgniter\Session\Handlers\FileHandler' driver.
INFO - 2025-09-29 21:50:54 --> Session: Class initialized using 'CodeIgniter\Session\Handlers\FileHandler' driver.
INFO - 2025-09-29 21:50:56 --> Session: Class initialized using 'CodeIgniter\Session\Handlers\FileHandler' driver.
INFO - 2025-09-29 21:50:56 --> Límite obtenido (general): 5.0000 kWh, IP: 192.168.0.232
INFO - 2025-09-29 21:50:57 --> Session: Class initialized using 'CodeIgniter\Session\Handlers\FileHandler' driver.
INFO - 2025-09-29 21:50:58 --> Session: Class initialized using 'CodeIgniter\Session\Handlers\FileHandler' driver.
INFO - 2025-09-29 21:50:59 --> Límite obtenido (general): 5.0000 kWh, IP: 192.168.0.232
INFO - 2025-09-29 21:50:59 --> Session: Class initialized using 'CodeIgniter\Session\Handlers\FileHandler' driver.
INFO - 2025-09-29 21:51:00 --> Session: Class initialized using 'CodeIgniter\Session\Handlers\FileHandler' driver.
INFO - 2025-09-29 21:51:01 --> Session: Class initialized using 'CodeIgniter\Session\Handlers\FileHandler' driver.
INFO - 2025-09-29 21:51:01 --> Límite obtenido (general): 5.0000 kWh, IP: 192.168.0.232
INFO - 2025-09-29 21:51:02 --> Session: Class initialized using 'CodeIgniter\Session\Handlers\FileHandler' driver.
INFO - 2025-09-29 21:51:04 --> Session: Class initialized using 'CodeIgniter\Session\Handlers\FileHandler' driver.
INFO - 2025-09-29 21:51:04 --> Session: Class initialized using 'CodeIgniter\Session\Handlers\FileHandler' driver.
INFO - 2025-09-29 21:51:04 --> Límite obtenido (general): 5.0000 kWh, IP: 192.168.0.232
INFO - 2025-09-29 21:51:05 --> Session: Class initialized using 'CodeIgniter\Session\Handlers\FileHandler' driver.
DEBUG - 2025-09-29 21:51:07 --> Ruta actual: /Tesina/public/energia/actualizarLimite
INFO - 2025-09-29 21:51:07 --> Session: Class initialized using 'CodeIgniter\Session\Handlers\FileHandler' driver.
DEBUG - 2025-09-29 21:51:07 --> Datos en sesión: Array
(
    [__ci_last_regenerate] => 1759193327
    [_ci_previous_url] => http://192.168.0.138/Tesina/public/energia/dispositivo/2
    [id_usuario] => 1
    [nombre] => brunito
    [apellido] => barber
    [email] => brunocameille@alumnos.itr3.edu.ar
    [rol] => admin
    [logged_in] => 1
)

INFO - 2025-09-29 21:51:07 --> Session: Class initialized using 'CodeIgniter\Session\Handlers\FileHandler' driver.
INFO - 2025-09-29 21:51:07 --> Límite obtenido (general): 5.0000 kWh, IP: 192.168.0.232
INFO - 2025-09-29 21:51:09 --> Session: Class initialized using 'CodeIgniter\Session\Handlers\FileHandler' driver.
DEBUG - 2025-09-29 21:51:09 --> Buscando usuario ID: 1
DEBUG - 2025-09-29 21:51:09 --> Resultado de la búsqueda: Array
(
    [id_usuario] => 1
    [nombre] => brunito
    [apellido] => barber
    [email] => brunocameille@alumnos.itr3.edu.ar
    [contrasena] => $2y$10$F4xQfULyrVhG1JD8Y21QR.vgn9Fzd257acxjmQqHQ3OYfEqBaAPb6
    [direccion_id] => 0
    [id_rol] => 1
    [created_at] => 2025-04-07 13:37:30
    [updated_at] => 2025-07-24 14:07:31
    [invitado_por] => 
    [estado] => activo
    [token_activacion] => 
)

INFO - 2025-09-29 21:51:12 --> Session: Class initialized using 'CodeIgniter\Session\Handlers\FileHandler' driver.
DEBUG - 2025-09-29 21:51:12 --> Buscando usuario ID: 1
DEBUG - 2025-09-29 21:51:12 --> Resultado de la búsqueda: Array
(
    [id_usuario] => 1
    [nombre] => brunito
    [apellido] => barber
    [email] => brunocameille@alumnos.itr3.edu.ar
    [contrasena] => $2y$10$F4xQfULyrVhG1JD8Y21QR.vgn9Fzd257acxjmQqHQ3OYfEqBaAPb6
    [direccion_id] => 0
    [id_rol] => 1
    [created_at] => 2025-04-07 13:37:30
    [updated_at] => 2025-07-24 14:07:31
    [invitado_por] => 
    [estado] => activo
    [token_activacion] => 
)

INFO - 2025-09-29 21:51:16 --> Session: Class initialized using 'CodeIgniter\Session\Handlers\FileHandler' driver.
INFO - 2025-09-29 21:51:16 --> Límite obtenido (general): 0.0030 kWh, IP: 192.168.0.232
INFO - 2025-09-29 21:51:17 --> Session: Class initialized using 'CodeIgniter\Session\Handlers\FileHandler' driver.
INFO - 2025-09-29 21:51:17 --> Session: Class initialized using 'CodeIgniter\Session\Handlers\FileHandler' driver.
INFO - 2025-09-29 21:51:19 --> Session: Class initialized using 'CodeIgniter\Session\Handlers\FileHandler' driver.
INFO - 2025-09-29 21:51:21 --> Session: Class initialized using 'CodeIgniter\Session\Handlers\FileHandler' driver.
INFO - 2025-09-29 21:51:21 --> Límite obtenido (general): 0.0030 kWh, IP: 192.168.0.232
INFO - 2025-09-29 21:51:22 --> Session: Class initialized using 'CodeIgniter\Session\Handlers\FileHandler' driver.
INFO - 2025-09-29 21:51:24 --> Session: Class initialized using 'CodeIgniter\Session\Handlers\FileHandler' driver.
INFO - 2025-09-29 21:51:26 --> Session: Class initialized using 'CodeIgniter\Session\Handlers\FileHandler' driver.
INFO - 2025-09-29 21:51:26 --> Límite obtenido (general): 0.0030 kWh, IP: 192.168.0.232
INFO - 2025-09-29 21:51:27 --> Session: Class initialized using 'CodeIgniter\Session\Handlers\FileHandler' driver.
INFO - 2025-09-29 21:51:29 --> Session: Class initialized using 'CodeIgniter\Session\Handlers\FileHandler' driver.
INFO - 2025-09-29 21:51:34 --> Session: Class initialized using 'CodeIgniter\Session\Handlers\FileHandler' driver.
INFO - 2025-09-29 21:51:39 --> Session: Class initialized using 'CodeIgniter\Session\Handlers\FileHandler' driver.
INFO - 2025-09-29 21:51:44 --> Session: Class initialized using 'CodeIgniter\Session\Handlers\FileHandler' driver.
INFO - 2025-09-29 21:51:49 --> Session: Class initialized using 'CodeIgniter\Session\Handlers\FileHandler' driver.
INFO - 2025-09-29 21:51:54 --> Session: Class initialized using 'CodeIgniter\Session\Handlers\FileHandler' driver.
INFO - 2025-09-29 21:51:59 --> Session: Class initialized using 'CodeIgniter\Session\Handlers\FileHandler' driver.
INFO - 2025-09-29 21:52:04 --> Session: Class initialized using 'CodeIgniter\Session\Handlers\FileHandler' driver.
INFO - 2025-09-29 21:52:09 --> Session: Class initialized using 'CodeIgniter\Session\Handlers\FileHandler' driver.
INFO - 2025-09-29 21:52:14 --> Session: Class initialized using 'CodeIgniter\Session\Handlers\FileHandler' driver.
INFO - 2025-09-29 21:52:19 --> Session: Class initialized using 'CodeIgniter\Session\Handlers\FileHandler' driver.
INFO - 2025-09-29 21:52:24 --> Session: Class initialized using 'CodeIgniter\Session\Handlers\FileHandler' driver.
INFO - 2025-09-29 21:52:27 --> Session: Class initialized using 'CodeIgniter\Session\Handlers\FileHandler' driver.
INFO - 2025-09-29 21:52:27 --> Límite obtenido (general): 0.0030 kWh, IP: 192.168.0.232
INFO - 2025-09-29 21:52:28 --> Session: Class initialized using 'CodeIgniter\Session\Handlers\FileHandler' driver.
INFO - 2025-09-29 21:52:29 --> Session: Class initialized using 'CodeIgniter\Session\Handlers\FileHandler' driver.
INFO - 2025-09-29 21:52:30 --> Session: Class initialized using 'CodeIgniter\Session\Handlers\FileHandler' driver.
INFO - 2025-09-29 21:52:30 --> Límite obtenido (general): 0.0030 kWh, IP: 192.168.0.232
INFO - 2025-09-29 21:52:31 --> Session: Class initialized using 'CodeIgniter\Session\Handlers\FileHandler' driver.
INFO - 2025-09-29 21:52:34 --> Session: Class initialized using 'CodeIgniter\Session\Handlers\FileHandler' driver.
INFO - 2025-09-29 21:52:39 --> Session: Class initialized using 'CodeIgniter\Session\Handlers\FileHandler' driver.
INFO - 2025-09-29 21:52:40 --> Session: Class initialized using 'CodeIgniter\Session\Handlers\FileHandler' driver.
INFO - 2025-09-29 21:52:40 --> Límite obtenido (general): 0.0030 kWh, IP: 192.168.0.232
INFO - 2025-09-29 21:52:41 --> Session: Class initialized using 'CodeIgniter\Session\Handlers\FileHandler' driver.
INFO - 2025-09-29 21:52:43 --> Session: Class initialized using 'CodeIgniter\Session\Handlers\FileHandler' driver.
INFO - 2025-09-29 21:52:43 --> Límite obtenido (general): 0.0030 kWh, IP: 192.168.0.232
INFO - 2025-09-29 21:52:44 --> Session: Class initialized using 'CodeIgniter\Session\Handlers\FileHandler' driver.
INFO - 2025-09-29 21:52:44 --> Session: Class initialized using 'CodeIgniter\Session\Handlers\FileHandler' driver.
INFO - 2025-09-29 21:52:45 --> Session: Class initialized using 'CodeIgniter\Session\Handlers\FileHandler' driver.
INFO - 2025-09-29 21:52:45 --> Límite obtenido (general): 0.0030 kWh, IP: 192.168.0.232
INFO - 2025-09-29 21:52:46 --> Session: Class initialized using 'CodeIgniter\Session\Handlers\FileHandler' driver.
INFO - 2025-09-29 21:52:48 --> Session: Class initialized using 'CodeIgniter\Session\Handlers\FileHandler' driver.
INFO - 2025-09-29 21:52:48 --> Límite obtenido (general): 0.0030 kWh, IP: 192.168.0.232
INFO - 2025-09-29 21:52:49 --> Session: Class initialized using 'CodeIgniter\Session\Handlers\FileHandler' driver.
INFO - 2025-09-29 21:52:49 --> Session: Class initialized using 'CodeIgniter\Session\Handlers\FileHandler' driver.
INFO - 2025-09-29 21:52:51 --> Session: Class initialized using 'CodeIgniter\Session\Handlers\FileHandler' driver.
INFO - 2025-09-29 21:52:51 --> Límite obtenido (general): 0.0030 kWh, IP: 192.168.0.232
INFO - 2025-09-29 21:52:52 --> Session: Class initialized using 'CodeIgniter\Session\Handlers\FileHandler' driver.
DEBUG - 2025-09-29 21:52:52 --> Ruta actual: /Tesina/public/energia/actualizarLimite
INFO - 2025-09-29 21:52:52 --> Session: Class initialized using 'CodeIgniter\Session\Handlers\FileHandler' driver.
DEBUG - 2025-09-29 21:52:52 --> Datos en sesión: Array
(
    [__ci_last_regenerate] => 1759193327
    [_ci_previous_url] => http://192.168.0.138/Tesina/public/energia/dispositivo/2
    [id_usuario] => 1
    [nombre] => brunito
    [apellido] => barber
    [email] => brunocameille@alumnos.itr3.edu.ar
    [rol] => admin
    [logged_in] => 1
)

INFO - 2025-09-29 21:52:54 --> Session: Class initialized using 'CodeIgniter\Session\Handlers\FileHandler' driver.
INFO - 2025-09-29 21:52:54 --> Límite obtenido (general): 0.0040 kWh, IP: 192.168.0.232
INFO - 2025-09-29 21:52:55 --> Session: Class initialized using 'CodeIgniter\Session\Handlers\FileHandler' driver.
INFO - 2025-09-29 21:52:57 --> Session: Class initialized using 'CodeIgniter\Session\Handlers\FileHandler' driver.
INFO - 2025-09-29 21:52:57 --> Límite obtenido (general): 0.0040 kWh, IP: 192.168.0.232
INFO - 2025-09-29 21:52:58 --> Session: Class initialized using 'CodeIgniter\Session\Handlers\FileHandler' driver.
INFO - 2025-09-29 21:52:58 --> Session: Class initialized using 'CodeIgniter\Session\Handlers\FileHandler' driver.
INFO - 2025-09-29 21:52:59 --> Session: Class initialized using 'CodeIgniter\Session\Handlers\FileHandler' driver.
INFO - 2025-09-29 21:53:01 --> Session: Class initialized using 'CodeIgniter\Session\Handlers\FileHandler' driver.
INFO - 2025-09-29 21:53:01 --> Límite obtenido (general): 0.0040 kWh, IP: 192.168.0.232
INFO - 2025-09-29 21:53:02 --> Session: Class initialized using 'CodeIgniter\Session\Handlers\FileHandler' driver.
INFO - 2025-09-29 21:53:04 --> Session: Class initialized using 'CodeIgniter\Session\Handlers\FileHandler' driver.
INFO - 2025-09-29 21:53:04 --> Límite obtenido (general): 0.0040 kWh, IP: 192.168.0.232
INFO - 2025-09-29 21:53:04 --> Session: Class initialized using 'CodeIgniter\Session\Handlers\FileHandler' driver.
INFO - 2025-09-29 21:53:05 --> Session: Class initialized using 'CodeIgniter\Session\Handlers\FileHandler' driver.
INFO - 2025-09-29 21:53:06 --> Session: Class initialized using 'CodeIgniter\Session\Handlers\FileHandler' driver.
INFO - 2025-09-29 21:53:06 --> Límite obtenido (general): 0.0040 kWh, IP: 192.168.0.232
INFO - 2025-09-29 21:53:08 --> Session: Class initialized using 'CodeIgniter\Session\Handlers\FileHandler' driver.
INFO - 2025-09-29 21:53:09 --> Session: Class initialized using 'CodeIgniter\Session\Handlers\FileHandler' driver.
INFO - 2025-09-29 21:53:09 --> Session: Class initialized using 'CodeIgniter\Session\Handlers\FileHandler' driver.
INFO - 2025-09-29 21:53:09 --> Límite obtenido (general): 0.0040 kWh, IP: 192.168.0.232
INFO - 2025-09-29 21:53:11 --> Session: Class initialized using 'CodeIgniter\Session\Handlers\FileHandler' driver.
INFO - 2025-09-29 21:53:12 --> Session: Class initialized using 'CodeIgniter\Session\Handlers\FileHandler' driver.
INFO - 2025-09-29 21:53:12 --> Límite obtenido (general): 0.0040 kWh, IP: 192.168.0.232
INFO - 2025-09-29 21:53:13 --> Session: Class initialized using 'CodeIgniter\Session\Handlers\FileHandler' driver.
INFO - 2025-09-29 21:53:14 --> Session: Class initialized using 'CodeIgniter\Session\Handlers\FileHandler' driver.
INFO - 2025-09-29 21:53:15 --> Session: Class initialized using 'CodeIgniter\Session\Handlers\FileHandler' driver.
INFO - 2025-09-29 21:53:15 --> Límite obtenido (general): 0.0040 kWh, IP: 192.168.0.232
INFO - 2025-09-29 21:53:17 --> Session: Class initialized using 'CodeIgniter\Session\Handlers\FileHandler' driver.
INFO - 2025-09-29 21:53:19 --> Session: Class initialized using 'CodeIgniter\Session\Handlers\FileHandler' driver.
INFO - 2025-09-29 21:53:24 --> Session: Class initialized using 'CodeIgniter\Session\Handlers\FileHandler' driver.
INFO - 2025-09-29 21:53:29 --> Session: Class initialized using 'CodeIgniter\Session\Handlers\FileHandler' driver.
INFO - 2025-09-29 21:53:34 --> Session: Class initialized using 'CodeIgniter\Session\Handlers\FileHandler' driver.
INFO - 2025-09-29 21:53:39 --> Session: Class initialized using 'CodeIgniter\Session\Handlers\FileHandler' driver.
INFO - 2025-09-29 21:53:44 --> Session: Class initialized using 'CodeIgniter\Session\Handlers\FileHandler' driver.
INFO - 2025-09-29 21:53:49 --> Session: Class initialized using 'CodeIgniter\Session\Handlers\FileHandler' driver.
INFO - 2025-09-29 21:53:53 --> Session: Class initialized using 'CodeIgniter\Session\Handlers\FileHandler' driver.
INFO - 2025-09-29 21:53:53 --> Límite obtenido (general): 0.0040 kWh, IP: 192.168.0.232
INFO - 2025-09-29 21:53:54 --> Session: Class initialized using 'CodeIgniter\Session\Handlers\FileHandler' driver.
INFO - 2025-09-29 21:53:55 --> Session: Class initialized using 'CodeIgniter\Session\Handlers\FileHandler' driver.
INFO - 2025-09-29 21:53:57 --> Session: Class initialized using 'CodeIgniter\Session\Handlers\FileHandler' driver.
INFO - 2025-09-29 21:53:57 --> Límite obtenido (general): 0.0040 kWh, IP: 192.168.0.232
INFO - 2025-09-29 21:53:58 --> Session: Class initialized using 'CodeIgniter\Session\Handlers\FileHandler' driver.
INFO - 2025-09-29 21:53:59 --> Session: Class initialized using 'CodeIgniter\Session\Handlers\FileHandler' driver.
INFO - 2025-09-29 21:53:59 --> Session: Class initialized using 'CodeIgniter\Session\Handlers\FileHandler' driver.
INFO - 2025-09-29 21:53:59 --> Límite obtenido (general): 0.0040 kWh, IP: 192.168.0.232
INFO - 2025-09-29 21:54:01 --> Session: Class initialized using 'CodeIgniter\Session\Handlers\FileHandler' driver.
DEBUG - 2025-09-29 21:54:01 --> Ruta actual: /Tesina/public/energia/dispositivo/2
INFO - 2025-09-29 21:54:01 --> Session: Class initialized using 'CodeIgniter\Session\Handlers\FileHandler' driver.
DEBUG - 2025-09-29 21:54:01 --> Datos en sesión: Array
(
    [__ci_last_regenerate] => 1759193629
    [_ci_previous_url] => http://192.168.0.138/Tesina/public/energia/dispositivo/2
    [id_usuario] => 1
    [nombre] => brunito
    [apellido] => barber
    [email] => brunocameille@alumnos.itr3.edu.ar
    [rol] => admin
    [logged_in] => 1
)

INFO - 2025-09-29 21:54:02 --> Session: Class initialized using 'CodeIgniter\Session\Handlers\FileHandler' driver.
INFO - 2025-09-29 21:54:02 --> Session: Class initialized using 'CodeIgniter\Session\Handlers\FileHandler' driver.
INFO - 2025-09-29 21:54:02 --> Límite obtenido (general): 0.0040 kWh, IP: 192.168.0.232
INFO - 2025-09-29 21:54:03 --> Session: Class initialized using 'CodeIgniter\Session\Handlers\FileHandler' driver.
INFO - 2025-09-29 21:54:05 --> Session: Class initialized using 'CodeIgniter\Session\Handlers\FileHandler' driver.
INFO - 2025-09-29 21:54:05 --> Límite obtenido (general): 0.0040 kWh, IP: 192.168.0.232
INFO - 2025-09-29 21:54:06 --> Session: Class initialized using 'CodeIgniter\Session\Handlers\FileHandler' driver.
INFO - 2025-09-29 21:54:06 --> Session: Class initialized using 'CodeIgniter\Session\Handlers\FileHandler' driver.
INFO - 2025-09-29 21:54:08 --> Session: Class initialized using 'CodeIgniter\Session\Handlers\FileHandler' driver.
INFO - 2025-09-29 21:54:08 --> Límite obtenido (general): 0.0040 kWh, IP: 192.168.0.232
INFO - 2025-09-29 21:54:09 --> Session: Class initialized using 'CodeIgniter\Session\Handlers\FileHandler' driver.
INFO - 2025-09-29 21:54:11 --> Session: Class initialized using 'CodeIgniter\Session\Handlers\FileHandler' driver.
DEBUG - 2025-09-29 21:54:12 --> Ruta actual: /Tesina/public/energia/actualizarLimite
INFO - 2025-09-29 21:54:12 --> Session: Class initialized using 'CodeIgniter\Session\Handlers\FileHandler' driver.
DEBUG - 2025-09-29 21:54:12 --> Datos en sesión: Array
(
    [__ci_last_regenerate] => 1759193629
    [_ci_previous_url] => http://192.168.0.138/Tesina/public/energia/dispositivo/2
    [id_usuario] => 1
    [nombre] => brunito
    [apellido] => barber
    [email] => brunocameille@alumnos.itr3.edu.ar
    [rol] => admin
    [logged_in] => 1
)

INFO - 2025-09-29 21:54:12 --> Session: Class initialized using 'CodeIgniter\Session\Handlers\FileHandler' driver.
INFO - 2025-09-29 21:54:12 --> Límite obtenido (general): 0.0030 kWh, IP: 192.168.0.232
INFO - 2025-09-29 21:54:13 --> Session: Class initialized using 'CodeIgniter\Session\Handlers\FileHandler' driver.
INFO - 2025-09-29 21:54:15 --> Session: Class initialized using 'CodeIgniter\Session\Handlers\FileHandler' driver.
INFO - 2025-09-29 21:54:15 --> Límite obtenido (general): 0.0030 kWh, IP: 192.168.0.232
INFO - 2025-09-29 21:54:16 --> Session: Class initialized using 'CodeIgniter\Session\Handlers\FileHandler' driver.
INFO - 2025-09-29 21:54:17 --> Session: Class initialized using 'CodeIgniter\Session\Handlers\FileHandler' driver.
INFO - 2025-09-29 21:54:18 --> Session: Class initialized using 'CodeIgniter\Session\Handlers\FileHandler' driver.
INFO - 2025-09-29 21:54:18 --> Límite obtenido (general): 0.0030 kWh, IP: 192.168.0.232
INFO - 2025-09-29 21:54:19 --> Session: Class initialized using 'CodeIgniter\Session\Handlers\FileHandler' driver.
INFO - 2025-09-29 21:54:20 --> Session: Class initialized using 'CodeIgniter\Session\Handlers\FileHandler' driver.
INFO - 2025-09-29 21:54:20 --> Límite obtenido (general): 0.0030 kWh, IP: 192.168.0.232
INFO - 2025-09-29 21:54:21 --> Session: Class initialized using 'CodeIgniter\Session\Handlers\FileHandler' driver.
INFO - 2025-09-29 21:54:21 --> Session: Class initialized using 'CodeIgniter\Session\Handlers\FileHandler' driver.
DEBUG - 2025-09-29 21:54:22 --> Ruta actual: /Tesina/public/energia/dispositivo/2
INFO - 2025-09-29 21:54:22 --> Session: Class initialized using 'CodeIgniter\Session\Handlers\FileHandler' driver.
DEBUG - 2025-09-29 21:54:22 --> Datos en sesión: Array
(
    [__ci_last_regenerate] => 1759193629
    [_ci_previous_url] => http://192.168.0.138/Tesina/public/energia/dispositivo/2
    [id_usuario] => 1
    [nombre] => brunito
    [apellido] => barber
    [email] => brunocameille@alumnos.itr3.edu.ar
    [rol] => admin
    [logged_in] => 1
)

INFO - 2025-09-29 21:54:23 --> Session: Class initialized using 'CodeIgniter\Session\Handlers\FileHandler' driver.
INFO - 2025-09-29 21:54:23 --> Session: Class initialized using 'CodeIgniter\Session\Handlers\FileHandler' driver.
INFO - 2025-09-29 21:54:23 --> Límite obtenido (general): 0.0030 kWh, IP: 192.168.0.232
INFO - 2025-09-29 21:54:25 --> Session: Class initialized using 'CodeIgniter\Session\Handlers\FileHandler' driver.
INFO - 2025-09-29 21:54:26 --> Session: Class initialized using 'CodeIgniter\Session\Handlers\FileHandler' driver.
INFO - 2025-09-29 21:54:26 --> Límite obtenido (general): 0.0030 kWh, IP: 192.168.0.232
INFO - 2025-09-29 21:54:27 --> Session: Class initialized using 'CodeIgniter\Session\Handlers\FileHandler' driver.
INFO - 2025-09-29 21:54:28 --> Session: Class initialized using 'CodeIgniter\Session\Handlers\FileHandler' driver.
INFO - 2025-09-29 21:54:30 --> Session: Class initialized using 'CodeIgniter\Session\Handlers\FileHandler' driver.
INFO - 2025-09-29 21:54:30 --> Límite obtenido (general): 0.0030 kWh, IP: 192.168.0.232
INFO - 2025-09-29 21:54:31 --> Session: Class initialized using 'CodeIgniter\Session\Handlers\FileHandler' driver.
DEBUG - 2025-09-29 21:54:31 --> Buscando usuario ID: 1
DEBUG - 2025-09-29 21:54:31 --> Resultado de la búsqueda: Array
(
    [id_usuario] => 1
    [nombre] => brunito
    [apellido] => barber
    [email] => brunocameille@alumnos.itr3.edu.ar
    [contrasena] => $2y$10$F4xQfULyrVhG1JD8Y21QR.vgn9Fzd257acxjmQqHQ3OYfEqBaAPb6
    [direccion_id] => 0
    [id_rol] => 1
    [created_at] => 2025-04-07 13:37:30
    [updated_at] => 2025-07-24 14:07:31
    [invitado_por] => 
    [estado] => activo
    [token_activacion] => 
)

INFO - 2025-09-29 21:54:32 --> Session: Class initialized using 'CodeIgniter\Session\Handlers\FileHandler' driver.
INFO - 2025-09-29 21:54:37 --> Session: Class initialized using 'CodeIgniter\Session\Handlers\FileHandler' driver.
INFO - 2025-09-29 21:54:40 --> Session: Class initialized using 'CodeIgniter\Session\Handlers\FileHandler' driver.
INFO - 2025-09-29 21:54:40 --> Límite obtenido (general): 0.0030 kWh, IP: 192.168.0.232
INFO - 2025-09-29 21:54:41 --> Session: Class initialized using 'CodeIgniter\Session\Handlers\FileHandler' driver.
INFO - 2025-09-29 21:54:42 --> Session: Class initialized using 'CodeIgniter\Session\Handlers\FileHandler' driver.
INFO - 2025-09-29 21:54:44 --> Session: Class initialized using 'CodeIgniter\Session\Handlers\FileHandler' driver.
INFO - 2025-09-29 21:54:44 --> Límite obtenido (general): 0.0030 kWh, IP: 192.168.0.232
INFO - 2025-09-29 21:54:45 --> Session: Class initialized using 'CodeIgniter\Session\Handlers\FileHandler' driver.
INFO - 2025-09-29 21:54:47 --> Session: Class initialized using 'CodeIgniter\Session\Handlers\FileHandler' driver.
INFO - 2025-09-29 21:54:49 --> Session: Class initialized using 'CodeIgniter\Session\Handlers\FileHandler' driver.
INFO - 2025-09-29 21:54:49 --> Límite obtenido (general): 0.0030 kWh, IP: 192.168.0.232
INFO - 2025-09-29 21:54:50 --> Session: Class initialized using 'CodeIgniter\Session\Handlers\FileHandler' driver.
INFO - 2025-09-29 21:54:52 --> Session: Class initialized using 'CodeIgniter\Session\Handlers\FileHandler' driver.
INFO - 2025-09-29 21:54:53 --> Session: Class initialized using 'CodeIgniter\Session\Handlers\FileHandler' driver.
INFO - 2025-09-29 21:54:53 --> Límite obtenido (general): 0.0030 kWh, IP: 192.168.0.232
INFO - 2025-09-29 21:54:54 --> Session: Class initialized using 'CodeIgniter\Session\Handlers\FileHandler' driver.
INFO - 2025-09-29 21:54:57 --> Session: Class initialized using 'CodeIgniter\Session\Handlers\FileHandler' driver.
INFO - 2025-09-29 21:54:58 --> Session: Class initialized using 'CodeIgniter\Session\Handlers\FileHandler' driver.
INFO - 2025-09-29 21:54:59 --> Límite obtenido (general): 0.0030 kWh, IP: 192.168.0.232
INFO - 2025-09-29 21:55:00 --> Session: Class initialized using 'CodeIgniter\Session\Handlers\FileHandler' driver.
INFO - 2025-09-29 21:55:02 --> Session: Class initialized using 'CodeIgniter\Session\Handlers\FileHandler' driver.
INFO - 2025-09-29 21:55:03 --> Session: Class initialized using 'CodeIgniter\Session\Handlers\FileHandler' driver.
INFO - 2025-09-29 21:55:03 --> Límite obtenido (general): 0.0030 kWh, IP: 192.168.0.232
INFO - 2025-09-29 21:55:04 --> Session: Class initialized using 'CodeIgniter\Session\Handlers\FileHandler' driver.
INFO - 2025-09-29 21:55:07 --> Session: Class initialized using 'CodeIgniter\Session\Handlers\FileHandler' driver.
INFO - 2025-09-29 21:55:07 --> Session: Class initialized using 'CodeIgniter\Session\Handlers\FileHandler' driver.
INFO - 2025-09-29 21:55:07 --> Límite obtenido (general): 0.0030 kWh, IP: 192.168.0.232
INFO - 2025-09-29 21:55:08 --> Session: Class initialized using 'CodeIgniter\Session\Handlers\FileHandler' driver.
INFO - 2025-09-29 21:55:12 --> Session: Class initialized using 'CodeIgniter\Session\Handlers\FileHandler' driver.
INFO - 2025-09-29 21:55:12 --> Límite obtenido (general): 0.0030 kWh, IP: 192.168.0.232
INFO - 2025-09-29 21:55:12 --> Session: Class initialized using 'CodeIgniter\Session\Handlers\FileHandler' driver.
INFO - 2025-09-29 21:55:13 --> Session: Class initialized using 'CodeIgniter\Session\Handlers\FileHandler' driver.
INFO - 2025-09-29 21:55:16 --> Session: Class initialized using 'CodeIgniter\Session\Handlers\FileHandler' driver.
INFO - 2025-09-29 21:55:16 --> Límite obtenido (general): 0.0030 kWh, IP: 192.168.0.232
INFO - 2025-09-29 21:55:17 --> Session: Class initialized using 'CodeIgniter\Session\Handlers\FileHandler' driver.
INFO - 2025-09-29 21:55:17 --> Session: Class initialized using 'CodeIgniter\Session\Handlers\FileHandler' driver.
INFO - 2025-09-29 21:55:21 --> Session: Class initialized using 'CodeIgniter\Session\Handlers\FileHandler' driver.
INFO - 2025-09-29 21:55:21 --> Límite obtenido (general): 0.0030 kWh, IP: 192.168.0.232
INFO - 2025-09-29 21:55:22 --> Session: Class initialized using 'CodeIgniter\Session\Handlers\FileHandler' driver.
INFO - 2025-09-29 21:55:22 --> Session: Class initialized using 'CodeIgniter\Session\Handlers\FileHandler' driver.
INFO - 2025-09-29 21:55:27 --> Session: Class initialized using 'CodeIgniter\Session\Handlers\FileHandler' driver.
INFO - 2025-09-29 21:55:32 --> Session: Class initialized using 'CodeIgniter\Session\Handlers\FileHandler' driver.
INFO - 2025-09-29 21:55:37 --> Session: Class initialized using 'CodeIgniter\Session\Handlers\FileHandler' driver.
INFO - 2025-09-29 21:55:37 --> Límite obtenido (general): 0.0030 kWh, IP: 192.168.0.232
INFO - 2025-09-29 21:55:37 --> Session: Class initialized using 'CodeIgniter\Session\Handlers\FileHandler' driver.
INFO - 2025-09-29 21:55:38 --> Session: Class initialized using 'CodeIgniter\Session\Handlers\FileHandler' driver.
INFO - 2025-09-29 21:55:40 --> Session: Class initialized using 'CodeIgniter\Session\Handlers\FileHandler' driver.
INFO - 2025-09-29 21:55:40 --> Límite obtenido (general): 0.0030 kWh, IP: 192.168.0.232
INFO - 2025-09-29 21:55:41 --> Session: Class initialized using 'CodeIgniter\Session\Handlers\FileHandler' driver.
INFO - 2025-09-29 21:55:42 --> Session: Class initialized using 'CodeIgniter\Session\Handlers\FileHandler' driver.
INFO - 2025-09-29 21:55:43 --> Session: Class initialized using 'CodeIgniter\Session\Handlers\FileHandler' driver.
INFO - 2025-09-29 21:55:43 --> Límite obtenido (general): 0.0030 kWh, IP: 192.168.0.232
INFO - 2025-09-29 21:55:44 --> Session: Class initialized using 'CodeIgniter\Session\Handlers\FileHandler' driver.
INFO - 2025-09-29 21:55:46 --> Session: Class initialized using 'CodeIgniter\Session\Handlers\FileHandler' driver.
INFO - 2025-09-29 21:55:46 --> Límite obtenido (general): 0.0030 kWh, IP: 192.168.0.232
INFO - 2025-09-29 21:55:47 --> Session: Class initialized using 'CodeIgniter\Session\Handlers\FileHandler' driver.
INFO - 2025-09-29 21:55:47 --> Session: Class initialized using 'CodeIgniter\Session\Handlers\FileHandler' driver.
INFO - 2025-09-29 21:55:48 --> Session: Class initialized using 'CodeIgniter\Session\Handlers\FileHandler' driver.
INFO - 2025-09-29 21:55:48 --> Límite obtenido (general): 0.0030 kWh, IP: 192.168.0.232
INFO - 2025-09-29 21:55:49 --> Session: Class initialized using 'CodeIgniter\Session\Handlers\FileHandler' driver.
DEBUG - 2025-09-29 21:55:50 --> Ruta actual: /Tesina/public/energia/dispositivo/2
INFO - 2025-09-29 21:55:50 --> Session: Class initialized using 'CodeIgniter\Session\Handlers\FileHandler' driver.
DEBUG - 2025-09-29 21:55:50 --> Datos en sesión: Array
(
    [__ci_last_regenerate] => 1759193629
    [_ci_previous_url] => http://192.168.0.138/Tesina/public/energia/dispositivo/2
    [id_usuario] => 1
    [nombre] => brunito
    [apellido] => barber
    [email] => brunocameille@alumnos.itr3.edu.ar
    [rol] => admin
    [logged_in] => 1
)

INFO - 2025-09-29 21:55:51 --> Session: Class initialized using 'CodeIgniter\Session\Handlers\FileHandler' driver.
INFO - 2025-09-29 21:55:51 --> Límite obtenido (general): 0.0030 kWh, IP: 192.168.0.232
INFO - 2025-09-29 21:55:52 --> Session: Class initialized using 'CodeIgniter\Session\Handlers\FileHandler' driver.
INFO - 2025-09-29 21:55:52 --> Session: Class initialized using 'CodeIgniter\Session\Handlers\FileHandler' driver.
INFO - 2025-09-29 21:55:54 --> Session: Class initialized using 'CodeIgniter\Session\Handlers\FileHandler' driver.
INFO - 2025-09-29 21:55:54 --> Límite obtenido (general): 0.0030 kWh, IP: 192.168.0.232
INFO - 2025-09-29 21:55:55 --> Session: Class initialized using 'CodeIgniter\Session\Handlers\FileHandler' driver.
INFO - 2025-09-29 21:55:56 --> Session: Class initialized using 'CodeIgniter\Session\Handlers\FileHandler' driver.
INFO - 2025-09-29 21:55:57 --> Session: Class initialized using 'CodeIgniter\Session\Handlers\FileHandler' driver.
INFO - 2025-09-29 21:55:57 --> Límite obtenido (general): 0.0030 kWh, IP: 192.168.0.232
INFO - 2025-09-29 21:55:59 --> Session: Class initialized using 'CodeIgniter\Session\Handlers\FileHandler' driver.
INFO - 2025-09-29 21:56:01 --> Session: Class initialized using 'CodeIgniter\Session\Handlers\FileHandler' driver.
INFO - 2025-09-29 21:56:01 --> Session: Class initialized using 'CodeIgniter\Session\Handlers\FileHandler' driver.
INFO - 2025-09-29 21:56:01 --> Límite obtenido (general): 0.0030 kWh, IP: 192.168.0.232
INFO - 2025-09-29 21:56:02 --> Session: Class initialized using 'CodeIgniter\Session\Handlers\FileHandler' driver.
INFO - 2025-09-29 21:56:04 --> Session: Class initialized using 'CodeIgniter\Session\Handlers\FileHandler' driver.
INFO - 2025-09-29 21:56:04 --> Límite obtenido (general): 0.0030 kWh, IP: 192.168.0.232
INFO - 2025-09-29 21:56:05 --> Session: Class initialized using 'CodeIgniter\Session\Handlers\FileHandler' driver.
INFO - 2025-09-29 21:56:06 --> Session: Class initialized using 'CodeIgniter\Session\Handlers\FileHandler' driver.
INFO - 2025-09-29 21:56:06 --> Session: Class initialized using 'CodeIgniter\Session\Handlers\FileHandler' driver.
INFO - 2025-09-29 21:56:06 --> Límite obtenido (general): 0.0030 kWh, IP: 192.168.0.232
INFO - 2025-09-29 21:56:07 --> Session: Class initialized using 'CodeIgniter\Session\Handlers\FileHandler' driver.
INFO - 2025-09-29 21:56:09 --> Session: Class initialized using 'CodeIgniter\Session\Handlers\FileHandler' driver.
INFO - 2025-09-29 21:56:09 --> Límite obtenido (general): 0.0030 kWh, IP: 192.168.0.232
INFO - 2025-09-29 21:56:10 --> Session: Class initialized using 'CodeIgniter\Session\Handlers\FileHandler' driver.
DEBUG - 2025-09-29 21:56:10 --> Ruta actual: /Tesina/public/energia/actualizarLimite
INFO - 2025-09-29 21:56:10 --> Session: Class initialized using 'CodeIgniter\Session\Handlers\FileHandler' driver.
DEBUG - 2025-09-29 21:56:10 --> Datos en sesión: Array
(
    [__ci_last_regenerate] => 1759193629
    [_ci_previous_url] => http://192.168.0.138/Tesina/public/energia/dispositivo/2
    [id_usuario] => 1
    [nombre] => brunito
    [apellido] => barber
    [email] => brunocameille@alumnos.itr3.edu.ar
    [rol] => admin
    [logged_in] => 1
)

INFO - 2025-09-29 21:56:13 --> Session: Class initialized using 'CodeIgniter\Session\Handlers\FileHandler' driver.
INFO - 2025-09-29 21:56:13 --> Límite obtenido (general): 0.0040 kWh, IP: 192.168.0.232
INFO - 2025-09-29 21:56:14 --> Session: Class initialized using 'CodeIgniter\Session\Handlers\FileHandler' driver.
INFO - 2025-09-29 21:56:15 --> Session: Class initialized using 'CodeIgniter\Session\Handlers\FileHandler' driver.
INFO - 2025-09-29 21:56:16 --> Session: Class initialized using 'CodeIgniter\Session\Handlers\FileHandler' driver.
INFO - 2025-09-29 21:56:21 --> Session: Class initialized using 'CodeIgniter\Session\Handlers\FileHandler' driver.
INFO - 2025-09-29 21:56:26 --> Session: Class initialized using 'CodeIgniter\Session\Handlers\FileHandler' driver.
INFO - 2025-09-29 21:56:31 --> Session: Class initialized using 'CodeIgniter\Session\Handlers\FileHandler' driver.
DEBUG - 2025-09-29 21:56:31 --> Ruta actual: /Tesina/public/energia/actualizarLimite
INFO - 2025-09-29 21:56:31 --> Session: Class initialized using 'CodeIgniter\Session\Handlers\FileHandler' driver.
DEBUG - 2025-09-29 21:56:31 --> Datos en sesión: Array
(
    [__ci_last_regenerate] => 1759193629
    [_ci_previous_url] => http://192.168.0.138/Tesina/public/energia/dispositivo/2
    [id_usuario] => 1
    [nombre] => brunito
    [apellido] => barber
    [email] => brunocameille@alumnos.itr3.edu.ar
    [rol] => admin
    [logged_in] => 1
)

INFO - 2025-09-29 21:56:33 --> Session: Class initialized using 'CodeIgniter\Session\Handlers\FileHandler' driver.
INFO - 2025-09-29 21:56:33 --> Límite obtenido (general): 0.0030 kWh, IP: 192.168.0.232
INFO - 2025-09-29 21:56:34 --> Session: Class initialized using 'CodeIgniter\Session\Handlers\FileHandler' driver.
INFO - 2025-09-29 21:56:36 --> Session: Class initialized using 'CodeIgniter\Session\Handlers\FileHandler' driver.
INFO - 2025-09-29 21:56:36 --> Límite obtenido (general): 0.0030 kWh, IP: 192.168.0.232
INFO - 2025-09-29 21:56:36 --> Session: Class initialized using 'CodeIgniter\Session\Handlers\FileHandler' driver.
INFO - 2025-09-29 21:56:37 --> Session: Class initialized using 'CodeIgniter\Session\Handlers\FileHandler' driver.
INFO - 2025-09-29 21:56:38 --> Session: Class initialized using 'CodeIgniter\Session\Handlers\FileHandler' driver.
INFO - 2025-09-29 21:56:38 --> Límite obtenido (general): 0.0030 kWh, IP: 192.168.0.232
INFO - 2025-09-29 21:56:39 --> Session: Class initialized using 'CodeIgniter\Session\Handlers\FileHandler' driver.
INFO - 2025-09-29 21:56:41 --> Session: Class initialized using 'CodeIgniter\Session\Handlers\FileHandler' driver.
INFO - 2025-09-29 21:56:41 --> Session: Class initialized using 'CodeIgniter\Session\Handlers\FileHandler' driver.
INFO - 2025-09-29 21:56:41 --> Límite obtenido (general): 0.0030 kWh, IP: 192.168.0.232
INFO - 2025-09-29 21:56:42 --> Session: Class initialized using 'CodeIgniter\Session\Handlers\FileHandler' driver.
INFO - 2025-09-29 21:56:44 --> Session: Class initialized using 'CodeIgniter\Session\Handlers\FileHandler' driver.
INFO - 2025-09-29 21:56:44 --> Límite obtenido (general): 0.0030 kWh, IP: 192.168.0.232
INFO - 2025-09-29 21:56:45 --> Session: Class initialized using 'CodeIgniter\Session\Handlers\FileHandler' driver.
INFO - 2025-09-29 21:56:46 --> Session: Class initialized using 'CodeIgniter\Session\Handlers\FileHandler' driver.
INFO - 2025-09-29 21:56:47 --> Session: Class initialized using 'CodeIgniter\Session\Handlers\FileHandler' driver.
INFO - 2025-09-29 21:56:47 --> Límite obtenido (general): 0.0030 kWh, IP: 192.168.0.232
INFO - 2025-09-29 21:56:48 --> Session: Class initialized using 'CodeIgniter\Session\Handlers\FileHandler' driver.
INFO - 2025-09-29 21:56:50 --> Session: Class initialized using 'CodeIgniter\Session\Handlers\FileHandler' driver.
INFO - 2025-09-29 21:56:50 --> Límite obtenido (general): 0.0030 kWh, IP: 192.168.0.232
INFO - 2025-09-29 21:56:51 --> Session: Class initialized using 'CodeIgniter\Session\Handlers\FileHandler' driver.
INFO - 2025-09-29 21:56:51 --> Session: Class initialized using 'CodeIgniter\Session\Handlers\FileHandler' driver.
INFO - 2025-09-29 21:56:52 --> Session: Class initialized using 'CodeIgniter\Session\Handlers\FileHandler' driver.
INFO - 2025-09-29 21:56:52 --> Límite obtenido (general): 0.0030 kWh, IP: 192.168.0.232
INFO - 2025-09-29 21:56:53 --> Session: Class initialized using 'CodeIgniter\Session\Handlers\FileHandler' driver.
INFO - 2025-09-29 21:56:55 --> Session: Class initialized using 'CodeIgniter\Session\Handlers\FileHandler' driver.
INFO - 2025-09-29 21:56:55 --> Límite obtenido (general): 0.0030 kWh, IP: 192.168.0.232
INFO - 2025-09-29 21:56:56 --> Session: Class initialized using 'CodeIgniter\Session\Handlers\FileHandler' driver.
INFO - 2025-09-29 21:56:56 --> Session: Class initialized using 'CodeIgniter\Session\Handlers\FileHandler' driver.
INFO - 2025-09-29 21:56:58 --> Session: Class initialized using 'CodeIgniter\Session\Handlers\FileHandler' driver.
INFO - 2025-09-29 21:56:58 --> Límite obtenido (general): 0.0030 kWh, IP: 192.168.0.232
INFO - 2025-09-29 21:56:59 --> Session: Class initialized using 'CodeIgniter\Session\Handlers\FileHandler' driver.
INFO - 2025-09-29 21:57:00 --> Session: Class initialized using 'CodeIgniter\Session\Handlers\FileHandler' driver.
INFO - 2025-09-29 21:57:01 --> Límite obtenido (general): 0.0030 kWh, IP: 192.168.0.232
INFO - 2025-09-29 21:57:01 --> Session: Class initialized using 'CodeIgniter\Session\Handlers\FileHandler' driver.
INFO - 2025-09-29 21:57:02 --> Session: Class initialized using 'CodeIgniter\Session\Handlers\FileHandler' driver.
DEBUG - 2025-09-29 21:57:02 --> Buscando usuario ID: 1
DEBUG - 2025-09-29 21:57:02 --> Resultado de la búsqueda: Array
(
    [id_usuario] => 1
    [nombre] => brunito
    [apellido] => barber
    [email] => brunocameille@alumnos.itr3.edu.ar
    [contrasena] => $2y$10$F4xQfULyrVhG1JD8Y21QR.vgn9Fzd257acxjmQqHQ3OYfEqBaAPb6
    [direccion_id] => 0
    [id_rol] => 1
    [created_at] => 2025-04-07 13:37:30
    [updated_at] => 2025-07-24 14:07:31
    [invitado_por] => 
    [estado] => activo
    [token_activacion] => 
)

INFO - 2025-09-29 21:57:06 --> Session: Class initialized using 'CodeIgniter\Session\Handlers\FileHandler' driver.
INFO - 2025-09-29 21:57:09 --> Session: Class initialized using 'CodeIgniter\Session\Handlers\FileHandler' driver.
INFO - 2025-09-29 21:57:09 --> Límite obtenido (general): 0.0030 kWh, IP: 192.168.0.232
INFO - 2025-09-29 21:57:10 --> Session: Class initialized using 'CodeIgniter\Session\Handlers\FileHandler' driver.
INFO - 2025-09-29 21:57:11 --> Session: Class initialized using 'CodeIgniter\Session\Handlers\FileHandler' driver.
INFO - 2025-09-29 21:57:13 --> Session: Class initialized using 'CodeIgniter\Session\Handlers\FileHandler' driver.
INFO - 2025-09-29 21:57:13 --> Límite obtenido (general): 0.0030 kWh, IP: 192.168.0.232
INFO - 2025-09-29 21:57:14 --> Session: Class initialized using 'CodeIgniter\Session\Handlers\FileHandler' driver.
INFO - 2025-09-29 21:57:16 --> Session: Class initialized using 'CodeIgniter\Session\Handlers\FileHandler' driver.
INFO - 2025-09-29 21:57:17 --> Session: Class initialized using 'CodeIgniter\Session\Handlers\FileHandler' driver.
INFO - 2025-09-29 21:57:17 --> Límite obtenido (general): 0.0030 kWh, IP: 192.168.0.232
INFO - 2025-09-29 21:57:18 --> Session: Class initialized using 'CodeIgniter\Session\Handlers\FileHandler' driver.
INFO - 2025-09-29 21:57:21 --> Session: Class initialized using 'CodeIgniter\Session\Handlers\FileHandler' driver.
INFO - 2025-09-29 21:57:22 --> Session: Class initialized using 'CodeIgniter\Session\Handlers\FileHandler' driver.
INFO - 2025-09-29 21:57:22 --> Límite obtenido (general): 0.0030 kWh, IP: 192.168.0.232
INFO - 2025-09-29 21:57:23 --> Session: Class initialized using 'CodeIgniter\Session\Handlers\FileHandler' driver.
INFO - 2025-09-29 21:57:26 --> Session: Class initialized using 'CodeIgniter\Session\Handlers\FileHandler' driver.
INFO - 2025-09-29 21:57:26 --> Session: Class initialized using 'CodeIgniter\Session\Handlers\FileHandler' driver.
INFO - 2025-09-29 21:57:26 --> Límite obtenido (general): 0.0030 kWh, IP: 192.168.0.232
INFO - 2025-09-29 21:57:27 --> Session: Class initialized using 'CodeIgniter\Session\Handlers\FileHandler' driver.
INFO - 2025-09-29 21:57:30 --> Session: Class initialized using 'CodeIgniter\Session\Handlers\FileHandler' driver.
INFO - 2025-09-29 21:57:30 --> Límite obtenido (general): 0.0030 kWh, IP: 192.168.0.232
INFO - 2025-09-29 21:57:31 --> Session: Class initialized using 'CodeIgniter\Session\Handlers\FileHandler' driver.
INFO - 2025-09-29 21:57:31 --> Session: Class initialized using 'CodeIgniter\Session\Handlers\FileHandler' driver.
INFO - 2025-09-29 21:57:34 --> Session: Class initialized using 'CodeIgniter\Session\Handlers\FileHandler' driver.
INFO - 2025-09-29 21:57:34 --> Límite obtenido (general): 0.0030 kWh, IP: 192.168.0.232
INFO - 2025-09-29 21:57:35 --> Session: Class initialized using 'CodeIgniter\Session\Handlers\FileHandler' driver.
INFO - 2025-09-29 21:57:36 --> Session: Class initialized using 'CodeIgniter\Session\Handlers\FileHandler' driver.
INFO - 2025-09-29 21:57:39 --> Session: Class initialized using 'CodeIgniter\Session\Handlers\FileHandler' driver.
INFO - 2025-09-29 21:57:39 --> Límite obtenido (general): 0.0030 kWh, IP: 192.168.0.232
INFO - 2025-09-29 21:57:40 --> Session: Class initialized using 'CodeIgniter\Session\Handlers\FileHandler' driver.
INFO - 2025-09-29 21:57:41 --> Session: Class initialized using 'CodeIgniter\Session\Handlers\FileHandler' driver.
INFO - 2025-09-29 21:57:43 --> Session: Class initialized using 'CodeIgniter\Session\Handlers\FileHandler' driver.
INFO - 2025-09-29 21:57:43 --> Límite obtenido (general): 0.0030 kWh, IP: 192.168.0.232
INFO - 2025-09-29 21:57:44 --> Session: Class initialized using 'CodeIgniter\Session\Handlers\FileHandler' driver.
INFO - 2025-09-29 21:57:46 --> Session: Class initialized using 'CodeIgniter\Session\Handlers\FileHandler' driver.
INFO - 2025-09-29 21:57:48 --> Session: Class initialized using 'CodeIgniter\Session\Handlers\FileHandler' driver.
INFO - 2025-09-29 21:57:49 --> Límite obtenido (general): 0.0030 kWh, IP: 192.168.0.232
INFO - 2025-09-29 21:57:50 --> Session: Class initialized using 'CodeIgniter\Session\Handlers\FileHandler' driver.
INFO - 2025-09-29 21:57:51 --> Session: Class initialized using 'CodeIgniter\Session\Handlers\FileHandler' driver.
INFO - 2025-09-29 21:57:53 --> Session: Class initialized using 'CodeIgniter\Session\Handlers\FileHandler' driver.
INFO - 2025-09-29 21:57:53 --> Límite obtenido (general): 0.0030 kWh, IP: 192.168.0.232
INFO - 2025-09-29 21:57:54 --> Session: Class initialized using 'CodeIgniter\Session\Handlers\FileHandler' driver.
INFO - 2025-09-29 21:57:56 --> Session: Class initialized using 'CodeIgniter\Session\Handlers\FileHandler' driver.
INFO - 2025-09-29 21:57:57 --> Session: Class initialized using 'CodeIgniter\Session\Handlers\FileHandler' driver.
INFO - 2025-09-29 21:57:57 --> Límite obtenido (general): 0.0030 kWh, IP: 192.168.0.232
INFO - 2025-09-29 21:57:58 --> Session: Class initialized using 'CodeIgniter\Session\Handlers\FileHandler' driver.
INFO - 2025-09-29 21:58:01 --> Session: Class initialized using 'CodeIgniter\Session\Handlers\FileHandler' driver.
INFO - 2025-09-29 21:58:03 --> Session: Class initialized using 'CodeIgniter\Session\Handlers\FileHandler' driver.
INFO - 2025-09-29 21:58:03 --> Límite obtenido (general): 0.0030 kWh, IP: 192.168.0.232
INFO - 2025-09-29 21:58:06 --> Session: Class initialized using 'CodeIgniter\Session\Handlers\FileHandler' driver.
INFO - 2025-09-29 21:58:11 --> Session: Class initialized using 'CodeIgniter\Session\Handlers\FileHandler' driver.
INFO - 2025-09-29 21:58:16 --> Session: Class initialized using 'CodeIgniter\Session\Handlers\FileHandler' driver.
INFO - 2025-09-29 21:58:21 --> Session: Class initialized using 'CodeIgniter\Session\Handlers\FileHandler' driver.
INFO - 2025-09-29 21:58:26 --> Session: Class initialized using 'CodeIgniter\Session\Handlers\FileHandler' driver.
INFO - 2025-09-29 21:58:26 --> Session: Class initialized using 'CodeIgniter\Session\Handlers\FileHandler' driver.
INFO - 2025-09-29 21:58:26 --> Límite obtenido (general): 0.0030 kWh, IP: 192.168.0.232
INFO - 2025-09-29 21:58:28 --> Session: Class initialized using 'CodeIgniter\Session\Handlers\FileHandler' driver.
DEBUG - 2025-09-29 21:58:30 --> Ruta actual: /Tesina/public/energia/actualizarLimite
INFO - 2025-09-29 21:58:30 --> Session: Class initialized using 'CodeIgniter\Session\Handlers\FileHandler' driver.
DEBUG - 2025-09-29 21:58:30 --> Datos en sesión: Array
(
    [__ci_last_regenerate] => 1759193629
    [_ci_previous_url] => http://192.168.0.138/Tesina/public/energia/dispositivo/2
    [id_usuario] => 1
    [nombre] => brunito
    [apellido] => barber
    [email] => brunocameille@alumnos.itr3.edu.ar
    [rol] => admin
    [logged_in] => 1
)

INFO - 2025-09-29 21:58:30 --> Session: Class initialized using 'CodeIgniter\Session\Handlers\FileHandler' driver.
INFO - 2025-09-29 21:58:30 --> Límite obtenido (general): 0.0030 kWh, IP: 192.168.0.232
INFO - 2025-09-29 21:58:31 --> Session: Class initialized using 'CodeIgniter\Session\Handlers\FileHandler' driver.
INFO - 2025-09-29 21:58:33 --> Session: Class initialized using 'CodeIgniter\Session\Handlers\FileHandler' driver.
INFO - 2025-09-29 21:58:33 --> Límite obtenido (general): 0.0030 kWh, IP: 192.168.0.232
INFO - 2025-09-29 21:58:35 --> Session: Class initialized using 'CodeIgniter\Session\Handlers\FileHandler' driver.
INFO - 2025-09-29 21:58:35 --> Session: Class initialized using 'CodeIgniter\Session\Handlers\FileHandler' driver.
INFO - 2025-09-29 21:58:36 --> Session: Class initialized using 'CodeIgniter\Session\Handlers\FileHandler' driver.
INFO - 2025-09-29 21:58:38 --> Session: Class initialized using 'CodeIgniter\Session\Handlers\FileHandler' driver.
INFO - 2025-09-29 21:58:38 --> Límite obtenido (general): 0.0030 kWh, IP: 192.168.0.232
INFO - 2025-09-29 21:58:39 --> Session: Class initialized using 'CodeIgniter\Session\Handlers\FileHandler' driver.
INFO - 2025-09-29 21:58:41 --> Session: Class initialized using 'CodeIgniter\Session\Handlers\FileHandler' driver.
INFO - 2025-09-29 21:58:46 --> Session: Class initialized using 'CodeIgniter\Session\Handlers\FileHandler' driver.
INFO - 2025-09-29 21:58:46 --> Session: Class initialized using 'CodeIgniter\Session\Handlers\FileHandler' driver.
INFO - 2025-09-29 21:58:46 --> Límite obtenido (general): 0.0030 kWh, IP: 192.168.0.232
INFO - 2025-09-29 21:58:48 --> Session: Class initialized using 'CodeIgniter\Session\Handlers\FileHandler' driver.
INFO - 2025-09-29 21:58:50 --> Session: Class initialized using 'CodeIgniter\Session\Handlers\FileHandler' driver.
INFO - 2025-09-29 21:58:50 --> Límite obtenido (general): 0.0030 kWh, IP: 192.168.0.232
INFO - 2025-09-29 21:58:51 --> Session: Class initialized using 'CodeIgniter\Session\Handlers\FileHandler' driver.
INFO - 2025-09-29 21:58:51 --> Session: Class initialized using 'CodeIgniter\Session\Handlers\FileHandler' driver.
INFO - 2025-09-29 21:58:52 --> Session: Class initialized using 'CodeIgniter\Session\Handlers\FileHandler' driver.
INFO - 2025-09-29 21:58:52 --> Límite obtenido (general): 0.0030 kWh, IP: 192.168.0.232
INFO - 2025-09-29 21:58:54 --> Session: Class initialized using 'CodeIgniter\Session\Handlers\FileHandler' driver.
INFO - 2025-09-29 21:58:55 --> Session: Class initialized using 'CodeIgniter\Session\Handlers\FileHandler' driver.
INFO - 2025-09-29 21:58:55 --> Límite obtenido (general): 0.0030 kWh, IP: 192.168.0.232
INFO - 2025-09-29 21:58:56 --> Session: Class initialized using 'CodeIgniter\Session\Handlers\FileHandler' driver.
INFO - 2025-09-29 21:58:56 --> Session: Class initialized using 'CodeIgniter\Session\Handlers\FileHandler' driver.
INFO - 2025-09-29 21:58:58 --> Session: Class initialized using 'CodeIgniter\Session\Handlers\FileHandler' driver.
INFO - 2025-09-29 21:58:58 --> Límite obtenido (general): 0.0030 kWh, IP: 192.168.0.232
INFO - 2025-09-29 21:58:59 --> Session: Class initialized using 'CodeIgniter\Session\Handlers\FileHandler' driver.
INFO - 2025-09-29 21:59:01 --> Session: Class initialized using 'CodeIgniter\Session\Handlers\FileHandler' driver.
INFO - 2025-09-29 21:59:01 --> Session: Class initialized using 'CodeIgniter\Session\Handlers\FileHandler' driver.
INFO - 2025-09-29 21:59:01 --> Límite obtenido (general): 0.0030 kWh, IP: 192.168.0.232
INFO - 2025-09-29 21:59:02 --> Session: Class initialized using 'CodeIgniter\Session\Handlers\FileHandler' driver.
INFO - 2025-09-29 21:59:04 --> Session: Class initialized using 'CodeIgniter\Session\Handlers\FileHandler' driver.
INFO - 2025-09-29 21:59:04 --> Límite obtenido (general): 0.0030 kWh, IP: 192.168.0.232
INFO - 2025-09-29 21:59:05 --> Session: Class initialized using 'CodeIgniter\Session\Handlers\FileHandler' driver.
INFO - 2025-09-29 21:59:06 --> Session: Class initialized using 'CodeIgniter\Session\Handlers\FileHandler' driver.
INFO - 2025-09-29 21:59:06 --> Session: Class initialized using 'CodeIgniter\Session\Handlers\FileHandler' driver.
INFO - 2025-09-29 21:59:06 --> Límite obtenido (general): 0.0030 kWh, IP: 192.168.0.232
INFO - 2025-09-29 21:59:07 --> Session: Class initialized using 'CodeIgniter\Session\Handlers\FileHandler' driver.
DEBUG - 2025-09-29 21:59:07 --> Buscando usuario ID: 1
DEBUG - 2025-09-29 21:59:07 --> Resultado de la búsqueda: Array
(
    [id_usuario] => 1
    [nombre] => brunito
    [apellido] => barber
    [email] => brunocameille@alumnos.itr3.edu.ar
    [contrasena] => $2y$10$F4xQfULyrVhG1JD8Y21QR.vgn9Fzd257acxjmQqHQ3OYfEqBaAPb6
    [direccion_id] => 0
    [id_rol] => 1
    [created_at] => 2025-04-07 13:37:30
    [updated_at] => 2025-07-24 14:07:31
    [invitado_por] => 
    [estado] => activo
    [token_activacion] => 
)

INFO - 2025-09-29 21:59:11 --> Session: Class initialized using 'CodeIgniter\Session\Handlers\FileHandler' driver.
INFO - 2025-09-29 21:59:14 --> Session: Class initialized using 'CodeIgniter\Session\Handlers\FileHandler' driver.
INFO - 2025-09-29 21:59:14 --> Límite obtenido (general): 0.0030 kWh, IP: 192.168.0.232
INFO - 2025-09-29 21:59:16 --> Session: Class initialized using 'CodeIgniter\Session\Handlers\FileHandler' driver.
INFO - 2025-09-29 21:59:16 --> Session: Class initialized using 'CodeIgniter\Session\Handlers\FileHandler' driver.
INFO - 2025-09-29 21:59:20 --> Session: Class initialized using 'CodeIgniter\Session\Handlers\FileHandler' driver.
INFO - 2025-09-29 21:59:20 --> Límite obtenido (general): 0.0030 kWh, IP: 192.168.0.232
INFO - 2025-09-29 21:59:21 --> Session: Class initialized using 'CodeIgniter\Session\Handlers\FileHandler' driver.
INFO - 2025-09-29 21:59:21 --> Session: Class initialized using 'CodeIgniter\Session\Handlers\FileHandler' driver.
INFO - 2025-09-29 21:59:24 --> Session: Class initialized using 'CodeIgniter\Session\Handlers\FileHandler' driver.
INFO - 2025-09-29 21:59:24 --> Límite obtenido (general): 0.0030 kWh, IP: 192.168.0.232
INFO - 2025-09-29 21:59:25 --> Session: Class initialized using 'CodeIgniter\Session\Handlers\FileHandler' driver.
INFO - 2025-09-29 21:59:26 --> Session: Class initialized using 'CodeIgniter\Session\Handlers\FileHandler' driver.
INFO - 2025-09-29 21:59:29 --> Session: Class initialized using 'CodeIgniter\Session\Handlers\FileHandler' driver.
INFO - 2025-09-29 21:59:29 --> Límite obtenido (general): 0.0030 kWh, IP: 192.168.0.232
INFO - 2025-09-29 21:59:30 --> Session: Class initialized using 'CodeIgniter\Session\Handlers\FileHandler' driver.
INFO - 2025-09-29 21:59:31 --> Session: Class initialized using 'CodeIgniter\Session\Handlers\FileHandler' driver.
INFO - 2025-09-29 21:59:33 --> Session: Class initialized using 'CodeIgniter\Session\Handlers\FileHandler' driver.
INFO - 2025-09-29 21:59:33 --> Límite obtenido (general): 0.0030 kWh, IP: 192.168.0.232
INFO - 2025-09-29 21:59:34 --> Session: Class initialized using 'CodeIgniter\Session\Handlers\FileHandler' driver.
INFO - 2025-09-29 21:59:36 --> Session: Class initialized using 'CodeIgniter\Session\Handlers\FileHandler' driver.
INFO - 2025-09-29 21:59:37 --> Session: Class initialized using 'CodeIgniter\Session\Handlers\FileHandler' driver.
INFO - 2025-09-29 21:59:38 --> Límite obtenido (general): 0.0030 kWh, IP: 192.168.0.232
INFO - 2025-09-29 21:59:39 --> Session: Class initialized using 'CodeIgniter\Session\Handlers\FileHandler' driver.
INFO - 2025-09-29 21:59:41 --> Session: Class initialized using 'CodeIgniter\Session\Handlers\FileHandler' driver.
INFO - 2025-09-29 21:59:42 --> Session: Class initialized using 'CodeIgniter\Session\Handlers\FileHandler' driver.
INFO - 2025-09-29 21:59:42 --> Límite obtenido (general): 0.0030 kWh, IP: 192.168.0.232
INFO - 2025-09-29 21:59:44 --> Session: Class initialized using 'CodeIgniter\Session\Handlers\FileHandler' driver.
INFO - 2025-09-29 21:59:46 --> Session: Class initialized using 'CodeIgniter\Session\Handlers\FileHandler' driver.
INFO - 2025-09-29 21:59:50 --> Session: Class initialized using 'CodeIgniter\Session\Handlers\FileHandler' driver.
INFO - 2025-09-29 21:59:50 --> Límite obtenido (general): 0.0030 kWh, IP: 192.168.0.232
INFO - 2025-09-29 21:59:51 --> Session: Class initialized using 'CodeIgniter\Session\Handlers\FileHandler' driver.
INFO - 2025-09-29 21:59:52 --> Session: Class initialized using 'CodeIgniter\Session\Handlers\FileHandler' driver.
INFO - 2025-09-29 21:59:56 --> Session: Class initialized using 'CodeIgniter\Session\Handlers\FileHandler' driver.
INFO - 2025-09-29 21:59:56 --> Session: Class initialized using 'CodeIgniter\Session\Handlers\FileHandler' driver.
INFO - 2025-09-29 21:59:56 --> Límite obtenido (general): 0.0030 kWh, IP: 192.168.0.232
INFO - 2025-09-29 21:59:57 --> Session: Class initialized using 'CodeIgniter\Session\Handlers\FileHandler' driver.
INFO - 2025-09-29 22:00:00 --> Session: Class initialized using 'CodeIgniter\Session\Handlers\FileHandler' driver.
INFO - 2025-09-29 22:00:00 --> Límite obtenido (general): 0.0030 kWh, IP: 192.168.0.232
INFO - 2025-09-29 22:00:01 --> Session: Class initialized using 'CodeIgniter\Session\Handlers\FileHandler' driver.
INFO - 2025-09-29 22:00:01 --> Session: Class initialized using 'CodeIgniter\Session\Handlers\FileHandler' driver.
INFO - 2025-09-29 22:00:05 --> Session: Class initialized using 'CodeIgniter\Session\Handlers\FileHandler' driver.
INFO - 2025-09-29 22:00:05 --> Límite obtenido (general): 0.0030 kWh, IP: 192.168.0.232
INFO - 2025-09-29 22:00:06 --> Session: Class initialized using 'CodeIgniter\Session\Handlers\FileHandler' driver.
INFO - 2025-09-29 22:00:07 --> Session: Class initialized using 'CodeIgniter\Session\Handlers\FileHandler' driver.
INFO - 2025-09-29 22:00:10 --> Session: Class initialized using 'CodeIgniter\Session\Handlers\FileHandler' driver.
INFO - 2025-09-29 22:00:10 --> Límite obtenido (general): 0.0030 kWh, IP: 192.168.0.232
INFO - 2025-09-29 22:00:11 --> Session: Class initialized using 'CodeIgniter\Session\Handlers\FileHandler' driver.
INFO - 2025-09-29 22:00:11 --> Session: Class initialized using 'CodeIgniter\Session\Handlers\FileHandler' driver.
INFO - 2025-09-29 22:00:14 --> Session: Class initialized using 'CodeIgniter\Session\Handlers\FileHandler' driver.
INFO - 2025-09-29 22:00:14 --> Límite obtenido (general): 0.0030 kWh, IP: 192.168.0.232
INFO - 2025-09-29 22:00:15 --> Session: Class initialized using 'CodeIgniter\Session\Handlers\FileHandler' driver.
INFO - 2025-09-29 22:00:16 --> Session: Class initialized using 'CodeIgniter\Session\Handlers\FileHandler' driver.
INFO - 2025-09-29 22:00:18 --> Session: Class initialized using 'CodeIgniter\Session\Handlers\FileHandler' driver.
INFO - 2025-09-29 22:00:18 --> Límite obtenido (general): 0.0030 kWh, IP: 192.168.0.232
INFO - 2025-09-29 22:00:19 --> Session: Class initialized using 'CodeIgniter\Session\Handlers\FileHandler' driver.
INFO - 2025-09-29 22:00:21 --> Session: Class initialized using 'CodeIgniter\Session\Handlers\FileHandler' driver.
INFO - 2025-09-29 22:00:22 --> Session: Class initialized using 'CodeIgniter\Session\Handlers\FileHandler' driver.
INFO - 2025-09-29 22:00:22 --> Límite obtenido (general): 0.0030 kWh, IP: 192.168.0.232
INFO - 2025-09-29 22:00:24 --> Session: Class initialized using 'CodeIgniter\Session\Handlers\FileHandler' driver.
INFO - 2025-09-29 22:00:26 --> Session: Class initialized using 'CodeIgniter\Session\Handlers\FileHandler' driver.
INFO - 2025-09-29 22:00:27 --> Session: Class initialized using 'CodeIgniter\Session\Handlers\FileHandler' driver.
INFO - 2025-09-29 22:00:27 --> Límite obtenido (general): 0.0030 kWh, IP: 192.168.0.232
INFO - 2025-09-29 22:00:28 --> Session: Class initialized using 'CodeIgniter\Session\Handlers\FileHandler' driver.
INFO - 2025-09-29 22:00:31 --> Session: Class initialized using 'CodeIgniter\Session\Handlers\FileHandler' driver.
INFO - 2025-09-29 22:00:31 --> Session: Class initialized using 'CodeIgniter\Session\Handlers\FileHandler' driver.
INFO - 2025-09-29 22:00:31 --> Límite obtenido (general): 0.0030 kWh, IP: 192.168.0.232
INFO - 2025-09-29 22:00:33 --> Session: Class initialized using 'CodeIgniter\Session\Handlers\FileHandler' driver.
INFO - 2025-09-29 22:00:36 --> Session: Class initialized using 'CodeIgniter\Session\Handlers\FileHandler' driver.
INFO - 2025-09-29 22:00:36 --> Session: Class initialized using 'CodeIgniter\Session\Handlers\FileHandler' driver.
INFO - 2025-09-29 22:00:36 --> Límite obtenido (general): 0.0030 kWh, IP: 192.168.0.232
INFO - 2025-09-29 22:00:37 --> Session: Class initialized using 'CodeIgniter\Session\Handlers\FileHandler' driver.
INFO - 2025-09-29 22:00:40 --> Session: Class initialized using 'CodeIgniter\Session\Handlers\FileHandler' driver.
INFO - 2025-09-29 22:00:40 --> Límite obtenido (general): 0.0030 kWh, IP: 192.168.0.232
INFO - 2025-09-29 22:00:41 --> Session: Class initialized using 'CodeIgniter\Session\Handlers\FileHandler' driver.
INFO - 2025-09-29 22:00:41 --> Session: Class initialized using 'CodeIgniter\Session\Handlers\FileHandler' driver.
INFO - 2025-09-29 22:00:44 --> Session: Class initialized using 'CodeIgniter\Session\Handlers\FileHandler' driver.
INFO - 2025-09-29 22:00:44 --> Límite obtenido (general): 0.0030 kWh, IP: 192.168.0.232
INFO - 2025-09-29 22:00:45 --> Session: Class initialized using 'CodeIgniter\Session\Handlers\FileHandler' driver.
INFO - 2025-09-29 22:00:46 --> Session: Class initialized using 'CodeIgniter\Session\Handlers\FileHandler' driver.
INFO - 2025-09-29 22:00:49 --> Session: Class initialized using 'CodeIgniter\Session\Handlers\FileHandler' driver.
INFO - 2025-09-29 22:00:49 --> Límite obtenido (general): 0.0030 kWh, IP: 192.168.0.232
INFO - 2025-09-29 22:00:50 --> Session: Class initialized using 'CodeIgniter\Session\Handlers\FileHandler' driver.
INFO - 2025-09-29 22:00:51 --> Session: Class initialized using 'CodeIgniter\Session\Handlers\FileHandler' driver.
INFO - 2025-09-29 22:00:53 --> Session: Class initialized using 'CodeIgniter\Session\Handlers\FileHandler' driver.
INFO - 2025-09-29 22:00:53 --> Límite obtenido (general): 0.0030 kWh, IP: 192.168.0.232
INFO - 2025-09-29 22:00:54 --> Session: Class initialized using 'CodeIgniter\Session\Handlers\FileHandler' driver.
INFO - 2025-09-29 22:00:56 --> Session: Class initialized using 'CodeIgniter\Session\Handlers\FileHandler' driver.
INFO - 2025-09-29 22:00:58 --> Session: Class initialized using 'CodeIgniter\Session\Handlers\FileHandler' driver.
INFO - 2025-09-29 22:00:58 --> Límite obtenido (general): 0.0030 kWh, IP: 192.168.0.232
INFO - 2025-09-29 22:01:00 --> Session: Class initialized using 'CodeIgniter\Session\Handlers\FileHandler' driver.
INFO - 2025-09-29 22:01:01 --> Session: Class initialized using 'CodeIgniter\Session\Handlers\FileHandler' driver.
INFO - 2025-09-29 22:01:03 --> Session: Class initialized using 'CodeIgniter\Session\Handlers\FileHandler' driver.
INFO - 2025-09-29 22:01:03 --> Límite obtenido (general): 0.0030 kWh, IP: 192.168.0.232
INFO - 2025-09-29 22:01:04 --> Session: Class initialized using 'CodeIgniter\Session\Handlers\FileHandler' driver.
INFO - 2025-09-29 22:01:05 --> Session: Class initialized using 'CodeIgniter\Session\Handlers\FileHandler' driver.
INFO - 2025-09-29 22:01:06 --> Session: Class initialized using 'CodeIgniter\Session\Handlers\FileHandler' driver.
INFO - 2025-09-29 22:01:07 --> Session: Class initialized using 'CodeIgniter\Session\Handlers\FileHandler' driver.
INFO - 2025-09-29 22:01:07 --> Límite obtenido (general): 0.0030 kWh, IP: 192.168.0.232
INFO - 2025-09-29 22:01:08 --> Session: Class initialized using 'CodeIgniter\Session\Handlers\FileHandler' driver.
INFO - 2025-09-29 22:01:09 --> Session: Class initialized using 'CodeIgniter\Session\Handlers\FileHandler' driver.
INFO - 2025-09-29 22:01:10 --> Session: Class initialized using 'CodeIgniter\Session\Handlers\FileHandler' driver.
INFO - 2025-09-29 22:01:10 --> Session: Class initialized using 'CodeIgniter\Session\Handlers\FileHandler' driver.
INFO - 2025-09-29 22:01:11 --> Session: Class initialized using 'CodeIgniter\Session\Handlers\FileHandler' driver.
INFO - 2025-09-29 22:01:12 --> Session: Class initialized using 'CodeIgniter\Session\Handlers\FileHandler' driver.
INFO - 2025-09-29 22:01:12 --> Session: Class initialized using 'CodeIgniter\Session\Handlers\FileHandler' driver.
INFO - 2025-09-29 22:01:12 --> Session: Class initialized using 'CodeIgniter\Session\Handlers\FileHandler' driver.
INFO - 2025-09-29 22:01:12 --> Límite obtenido (general): 0.0030 kWh, IP: 192.168.0.232
INFO - 2025-09-29 22:01:13 --> Session: Class initialized using 'CodeIgniter\Session\Handlers\FileHandler' driver.
INFO - 2025-09-29 22:01:16 --> Session: Class initialized using 'CodeIgniter\Session\Handlers\FileHandler' driver.
INFO - 2025-09-29 22:01:17 --> Session: Class initialized using 'CodeIgniter\Session\Handlers\FileHandler' driver.
INFO - 2025-09-29 22:01:17 --> Límite obtenido (general): 0.0030 kWh, IP: 192.168.0.232
INFO - 2025-09-29 22:01:17 --> Session: Class initialized using 'CodeIgniter\Session\Handlers\FileHandler' driver.
INFO - 2025-09-29 22:01:18 --> Session: Class initialized using 'CodeIgniter\Session\Handlers\FileHandler' driver.
INFO - 2025-09-29 22:01:21 --> Session: Class initialized using 'CodeIgniter\Session\Handlers\FileHandler' driver.
INFO - 2025-09-29 22:01:21 --> Session: Class initialized using 'CodeIgniter\Session\Handlers\FileHandler' driver.
INFO - 2025-09-29 22:01:21 --> Límite obtenido (general): 0.0030 kWh, IP: 192.168.0.232
INFO - 2025-09-29 22:01:22 --> Session: Class initialized using 'CodeIgniter\Session\Handlers\FileHandler' driver.
INFO - 2025-09-29 22:01:26 --> Session: Class initialized using 'CodeIgniter\Session\Handlers\FileHandler' driver.
INFO - 2025-09-29 22:01:26 --> Session: Class initialized using 'CodeIgniter\Session\Handlers\FileHandler' driver.
INFO - 2025-09-29 22:01:26 --> Límite obtenido (general): 0.0030 kWh, IP: 192.168.0.232
INFO - 2025-09-29 22:01:27 --> Session: Class initialized using 'CodeIgniter\Session\Handlers\FileHandler' driver.
INFO - 2025-09-29 22:01:30 --> Session: Class initialized using 'CodeIgniter\Session\Handlers\FileHandler' driver.
INFO - 2025-09-29 22:01:30 --> Límite obtenido (general): 0.0030 kWh, IP: 192.168.0.232
INFO - 2025-09-29 22:01:31 --> Session: Class initialized using 'CodeIgniter\Session\Handlers\FileHandler' driver.
DEBUG - 2025-09-29 22:01:31 --> Ruta actual: /Tesina/public/energia/generarPDF/2
INFO - 2025-09-29 22:01:32 --> Session: Class initialized using 'CodeIgniter\Session\Handlers\FileHandler' driver.
DEBUG - 2025-09-29 22:01:32 --> Datos en sesión: Array
(
    [__ci_last_regenerate] => 1759193931
    [_ci_previous_url] => http://192.168.0.138/Tesina/public/energia/dispositivo/2
    [id_usuario] => 1
    [nombre] => brunito
    [apellido] => barber
    [email] => brunocameille@alumnos.itr3.edu.ar
    [rol] => admin
    [logged_in] => 1
    [tarifa_kwh] => 500
)

INFO - 2025-09-29 22:01:32 --> PDF: dispositivo=2 mes= rango=2025-09-01 00:00:00 -> 2025-09-30 23:59:59
INFO - 2025-09-29 22:01:32 --> PDF: totalLecturas=309
INFO - 2025-09-29 22:01:32 --> PDF: total_kwh=2.572 v_prom=107.94666666667 i_prom=2.076442394822 p_prom=442.96514563107
INFO - 2025-09-29 22:01:32 --> PDF: tarifaParam='500' tarifaSession=500.0
INFO - 2025-09-29 22:01:32 --> PDF: precioKwh=500 precioTotal=1286
INFO - 2025-09-29 22:01:32 --> Session: Class initialized using 'CodeIgniter\Session\Handlers\FileHandler' driver.
CRITICAL - 2025-09-29 22:01:32 --> Exception: The PHP GD extension is required, but is not installed.
[Method: GET, Route: energia/generarPDF/2]
in VENDORPATH\dompdf\dompdf\lib\Cpdf.php on line 6091.
 1 VENDORPATH\dompdf\dompdf\src\Adapter\CPDF.php(672): Dompdf\Cpdf->addPngFromFile('C:\\Users\\balex\\AppData\\Local\\Temp\\ca_4D1.tmp', 222.64, 620.3742519685039, 150.0, 150.0)
 2 VENDORPATH\dompdf\dompdf\src\Renderer\Image.php(63): Dompdf\Adapter\CPDF->image('C:\\Users\\balex\\AppData\\Local\\Temp\\ca_4D1.tmp', 222.64, 71.51574803149606, 150.0, 150.0, 'normal')
 3 VENDORPATH\dompdf\dompdf\src\Renderer.php(305): Dompdf\Renderer\Image->render(Object(Dompdf\FrameDecorator\Image))
 4 VENDORPATH\dompdf\dompdf\src\Renderer.php(140): Dompdf\Renderer->_render_frame('image', Object(Dompdf\FrameDecorator\Image))
 5 VENDORPATH\dompdf\dompdf\src\Renderer.php(207): Dompdf\Renderer->render(Object(Dompdf\FrameDecorator\Image))
 6 VENDORPATH\dompdf\dompdf\src\Renderer.php(207): Dompdf\Renderer->render(Object(Dompdf\FrameDecorator\Block))
 7 VENDORPATH\dompdf\dompdf\src\Renderer.php(207): Dompdf\Renderer->render(Object(Dompdf\FrameDecorator\Block))
 8 VENDORPATH\dompdf\dompdf\src\FrameReflower\Page.php(149): Dompdf\Renderer->render(Object(Dompdf\FrameDecorator\Block))
 9 VENDORPATH\dompdf\dompdf\src\FrameDecorator\AbstractFrameDecorator.php(905): Dompdf\FrameReflower\Page->reflow(null)
10 VENDORPATH\dompdf\dompdf\src\Dompdf.php(808): Dompdf\FrameDecorator\AbstractFrameDecorator->reflow()
11 APPPATH\Controllers\Energia.php(563): Dompdf\Dompdf->render()
12 SYSTEMPATH\CodeIgniter.php(933): App\Controllers\Energia->generarPDF('2')
13 SYSTEMPATH\CodeIgniter.php(509): CodeIgniter\CodeIgniter->runController(Object(App\Controllers\Energia))
14 SYSTEMPATH\CodeIgniter.php(355): CodeIgniter\CodeIgniter->handleRequest(null, Object(Config\Cache), false)
15 SYSTEMPATH\Boot.php(325): CodeIgniter\CodeIgniter->run()
16 SYSTEMPATH\Boot.php(67): CodeIgniter\Boot::runCodeIgniter(Object(CodeIgniter\CodeIgniter))
17 FCPATH\index.php(56): CodeIgniter\Boot::bootWeb(Object(Config\Paths))
INFO - 2025-09-29 22:01:36 --> Session: Class initialized using 'CodeIgniter\Session\Handlers\FileHandler' driver.
INFO - 2025-09-29 22:01:36 --> Límite obtenido (general): 0.0030 kWh, IP: 192.168.0.232
INFO - 2025-09-29 22:01:37 --> Session: Class initialized using 'CodeIgniter\Session\Handlers\FileHandler' driver.
CRITICAL - 2025-09-29 22:01:39 --> ErrorException: Allowed memory size of 536870912 bytes exhausted (tried to allocate 257953792 bytes)
【Previous Exception】
Exception
The PHP GD extension is required, but is not installed.
#0 C:\xampp\htdocs\Tesina\vendor\dompdf\dompdf\src\Adapter\CPDF.php(672): Dompdf\Cpdf->addPngFromFile('C:\\Users\\balex\\...', 222.64, 620.3742519685, 150.0, 150.0)
#1 C:\xampp\htdocs\Tesina\vendor\dompdf\dompdf\src\Renderer\Image.php(63): Dompdf\Adapter\CPDF->image('C:\\Users\\balex\\...', 222.64, 71.515748031496, 150.0, 150.0, 'normal')
#2 C:\xampp\htdocs\Tesina\vendor\dompdf\dompdf\src\Renderer.php(305): Dompdf\Renderer\Image->render(Object(Dompdf\FrameDecorator\Image))
#3 C:\xampp\htdocs\Tesina\vendor\dompdf\dompdf\src\Renderer.php(140): Dompdf\Renderer->_render_frame('image', Object(Dompdf\FrameDecorator\Image))
#4 C:\xampp\htdocs\Tesina\vendor\dompdf\dompdf\src\Renderer.php(207): Dompdf\Renderer->render(Object(Dompdf\FrameDecorator\Image))
#5 C:\xampp\htdocs\Tesina\vendor\dompdf\dompdf\src\Renderer.php(207): Dompdf\Renderer->render(Object(Dompdf\FrameDecorator\Block))
#6 C:\xampp\htdocs\Tesina\vendor\dompdf\dompdf\src\Renderer.php(207): Dompdf\Renderer->render(Object(Dompdf\FrameDecorator\Block))
#7 C:\xampp\htdocs\Tesina\vendor\dompdf\dompdf\src\FrameReflower\Page.php(149): Dompdf\Renderer->render(Object(Dompdf\FrameDecorator\Block))
#8 C:\xampp\htdocs\Tesina\vendor\dompdf\dompdf\src\FrameDecorator\AbstractFrameDecorator.php(905): Dompdf\FrameReflower\Page->reflow(NULL)
#9 C:\xampp\htdocs\Tesina\vendor\dompdf\dompdf\src\Dompdf.php(808): Dompdf\FrameDecorator\AbstractFrameDecorator->reflow()
#10 C:\xampp\htdocs\Tesina\app\Controllers\Energia.php(563): Dompdf\Dompdf->render()
#11 C:\xampp\htdocs\Tesina\system\CodeIgniter.php(933): App\Controllers\Energia->generarPDF('2')
#12 C:\xampp\htdocs\Tesina\system\CodeIgniter.php(509): CodeIgniter\CodeIgniter->runController(Object(App\Controllers\Energia))
#13 C:\xampp\htdocs\Tesina\system\CodeIgniter.php(355): CodeIgniter\CodeIgniter->handleRequest(NULL, Object(Config\Cache), false)
#14 C:\xampp\htdocs\Tesina\system\Boot.php(325): CodeIgniter\CodeIgniter->run()
#15 C:\xampp\htdocs\Tesina\system\Boot.php(67): CodeIgniter\Boot::runCodeIgniter(Object(CodeIgniter\CodeIgniter))
#16 C:\xampp\htdocs\Tesina\public\index.php(56): CodeIgniter\Boot::bootWeb(Object(Config\Paths))
#17 {main}
[Method: GET, Route: energia/generarPDF/2]
in APPPATH\Views\errors\html\error_exception.php on line 132.
 1 [internal function]: CodeIgniter\Debug\Exceptions->shutdownHandler()
INFO - 2025-09-29 22:01:39 --> Session: Class initialized using 'CodeIgniter\Session\Handlers\FileHandler' driver.
INFO - 2025-09-29 22:01:40 --> Session: Class initialized using 'CodeIgniter\Session\Handlers\FileHandler' driver.
INFO - 2025-09-29 22:01:40 --> Límite obtenido (general): 0.0030 kWh, IP: 192.168.0.232
INFO - 2025-09-29 22:01:41 --> Session: Class initialized using 'CodeIgniter\Session\Handlers\FileHandler' driver.
INFO - 2025-09-29 22:01:41 --> Session: Class initialized using 'CodeIgniter\Session\Handlers\FileHandler' driver.
INFO - 2025-09-29 22:01:45 --> Session: Class initialized using 'CodeIgniter\Session\Handlers\FileHandler' driver.
INFO - 2025-09-29 22:01:45 --> Límite obtenido (general): 0.0030 kWh, IP: 192.168.0.232
INFO - 2025-09-29 22:01:46 --> Session: Class initialized using 'CodeIgniter\Session\Handlers\FileHandler' driver.
INFO - 2025-09-29 22:01:46 --> Session: Class initialized using 'CodeIgniter\Session\Handlers\FileHandler' driver.
INFO - 2025-09-29 22:01:49 --> Session: Class initialized using 'CodeIgniter\Session\Handlers\FileHandler' driver.
INFO - 2025-09-29 22:01:49 --> Límite obtenido (general): 0.0030 kWh, IP: 192.168.0.232
INFO - 2025-09-29 22:01:50 --> Session: Class initialized using 'CodeIgniter\Session\Handlers\FileHandler' driver.
INFO - 2025-09-29 22:01:51 --> Session: Class initialized using 'CodeIgniter\Session\Handlers\FileHandler' driver.
INFO - 2025-09-29 22:01:53 --> Session: Class initialized using 'CodeIgniter\Session\Handlers\FileHandler' driver.
INFO - 2025-09-29 22:01:53 --> Límite obtenido (general): 0.0030 kWh, IP: 192.168.0.232
INFO - 2025-09-29 22:01:55 --> Session: Class initialized using 'CodeIgniter\Session\Handlers\FileHandler' driver.
INFO - 2025-09-29 22:01:56 --> Session: Class initialized using 'CodeIgniter\Session\Handlers\FileHandler' driver.
INFO - 2025-09-29 22:01:58 --> Session: Class initialized using 'CodeIgniter\Session\Handlers\FileHandler' driver.
INFO - 2025-09-29 22:01:58 --> Límite obtenido (general): 0.0030 kWh, IP: 192.168.0.232
INFO - 2025-09-29 22:02:00 --> Session: Class initialized using 'CodeIgniter\Session\Handlers\FileHandler' driver.
INFO - 2025-09-29 22:02:01 --> Session: Class initialized using 'CodeIgniter\Session\Handlers\FileHandler' driver.
INFO - 2025-09-29 22:02:03 --> Session: Class initialized using 'CodeIgniter\Session\Handlers\FileHandler' driver.
INFO - 2025-09-29 22:02:03 --> Límite obtenido (general): 0.0030 kWh, IP: 192.168.0.232
INFO - 2025-09-29 22:02:04 --> Session: Class initialized using 'CodeIgniter\Session\Handlers\FileHandler' driver.
INFO - 2025-09-29 22:02:06 --> Session: Class initialized using 'CodeIgniter\Session\Handlers\FileHandler' driver.
INFO - 2025-09-29 22:02:07 --> Session: Class initialized using 'CodeIgniter\Session\Handlers\FileHandler' driver.
INFO - 2025-09-29 22:02:07 --> Límite obtenido (general): 0.0030 kWh, IP: 192.168.0.232
INFO - 2025-09-29 22:02:08 --> Session: Class initialized using 'CodeIgniter\Session\Handlers\FileHandler' driver.
INFO - 2025-09-29 22:02:11 --> Session: Class initialized using 'CodeIgniter\Session\Handlers\FileHandler' driver.
INFO - 2025-09-29 22:02:11 --> Session: Class initialized using 'CodeIgniter\Session\Handlers\FileHandler' driver.
INFO - 2025-09-29 22:02:12 --> Límite obtenido (general): 0.0030 kWh, IP: 192.168.0.232
INFO - 2025-09-29 22:02:13 --> Session: Class initialized using 'CodeIgniter\Session\Handlers\FileHandler' driver.
INFO - 2025-09-29 22:02:16 --> Session: Class initialized using 'CodeIgniter\Session\Handlers\FileHandler' driver.
INFO - 2025-09-29 22:02:16 --> Session: Class initialized using 'CodeIgniter\Session\Handlers\FileHandler' driver.
INFO - 2025-09-29 22:02:16 --> Límite obtenido (general): 0.0030 kWh, IP: 192.168.0.232
INFO - 2025-09-29 22:02:17 --> Session: Class initialized using 'CodeIgniter\Session\Handlers\FileHandler' driver.
INFO - 2025-09-29 22:02:20 --> Session: Class initialized using 'CodeIgniter\Session\Handlers\FileHandler' driver.
INFO - 2025-09-29 22:02:20 --> Límite obtenido (general): 0.0030 kWh, IP: 192.168.0.232
INFO - 2025-09-29 22:02:21 --> Session: Class initialized using 'CodeIgniter\Session\Handlers\FileHandler' driver.
INFO - 2025-09-29 22:02:21 --> Session: Class initialized using 'CodeIgniter\Session\Handlers\FileHandler' driver.
INFO - 2025-09-29 22:02:24 --> Session: Class initialized using 'CodeIgniter\Session\Handlers\FileHandler' driver.
INFO - 2025-09-29 22:02:24 --> Límite obtenido (general): 0.0030 kWh, IP: 192.168.0.232
INFO - 2025-09-29 22:02:25 --> Session: Class initialized using 'CodeIgniter\Session\Handlers\FileHandler' driver.
INFO - 2025-09-29 22:02:26 --> Session: Class initialized using 'CodeIgniter\Session\Handlers\FileHandler' driver.
INFO - 2025-09-29 22:02:27 --> Session: Class initialized using 'CodeIgniter\Session\Handlers\FileHandler' driver.
INFO - 2025-09-29 22:02:31 --> Session: Class initialized using 'CodeIgniter\Session\Handlers\FileHandler' driver.
INFO - 2025-09-29 22:02:31 --> Session: Class initialized using 'CodeIgniter\Session\Handlers\FileHandler' driver.
INFO - 2025-09-29 22:02:31 --> Límite obtenido (general): 0.0030 kWh, IP: 192.168.0.232
INFO - 2025-09-29 22:02:32 --> Session: Class initialized using 'CodeIgniter\Session\Handlers\FileHandler' driver.
INFO - 2025-09-29 22:02:35 --> Session: Class initialized using 'CodeIgniter\Session\Handlers\FileHandler' driver.
INFO - 2025-09-29 22:02:35 --> Límite obtenido (general): 0.0030 kWh, IP: 192.168.0.232
INFO - 2025-09-29 22:02:35 --> Session: Class initialized using 'CodeIgniter\Session\Handlers\FileHandler' driver.
INFO - 2025-09-29 22:02:37 --> Session: Class initialized using 'CodeIgniter\Session\Handlers\FileHandler' driver.
INFO - 2025-09-29 22:02:37 --> Session: Class initialized using 'CodeIgniter\Session\Handlers\FileHandler' driver.
INFO - 2025-09-29 22:02:40 --> Session: Class initialized using 'CodeIgniter\Session\Handlers\FileHandler' driver.
INFO - 2025-09-29 22:02:40 --> Límite obtenido (general): 0.0030 kWh, IP: 192.168.0.232
INFO - 2025-09-29 22:02:41 --> Session: Class initialized using 'CodeIgniter\Session\Handlers\FileHandler' driver.
INFO - 2025-09-29 22:02:41 --> Session: Class initialized using 'CodeIgniter\Session\Handlers\FileHandler' driver.
INFO - 2025-09-29 22:02:44 --> Session: Class initialized using 'CodeIgniter\Session\Handlers\FileHandler' driver.
INFO - 2025-09-29 22:02:44 --> Límite obtenido (general): 0.0030 kWh, IP: 192.168.0.232
INFO - 2025-09-29 22:02:46 --> Session: Class initialized using 'CodeIgniter\Session\Handlers\FileHandler' driver.
INFO - 2025-09-29 22:02:46 --> Session: Class initialized using 'CodeIgniter\Session\Handlers\FileHandler' driver.
INFO - 2025-09-29 22:02:48 --> Session: Class initialized using 'CodeIgniter\Session\Handlers\FileHandler' driver.
DEBUG - 2025-09-29 22:02:48 --> Intento de inicio de sesión para email: brunocameille@alumnos.itr3.edu.ar
DEBUG - 2025-09-29 22:02:48 --> Longitud de la contraseña ingresada: 17
DEBUG - 2025-09-29 22:02:48 --> Usuario encontrado: {"id":"1","email":"brunocameille@alumnos.itr3.edu.ar","estado":"activo","rol":"1"}
DEBUG - 2025-09-29 22:02:48 --> Resultado de verificación de contraseña: true
DEBUG - 2025-09-29 22:02:48 --> Hash almacenado en la base de datos: $2y$10$F4xQfULyrVhG1JD8Y21QR.vgn9Fzd257acxjmQqHQ3OYfEqBaAPb6
DEBUG - 2025-09-29 22:02:48 --> Inicio de sesión exitoso para usuario: brunocameille@alumnos.itr3.edu.ar
DEBUG - 2025-09-29 22:02:48 --> Datos de sesión guardados: {"id_usuario":"1","nombre":"brunito","apellido":"barber","email":"brunocameille@alumnos.itr3.edu.ar","rol":"admin","logged_in":true}
DEBUG - 2025-09-29 22:02:48 --> Ruta actual: /Tesina/public/admin
INFO - 2025-09-29 22:02:48 --> Session: Class initialized using 'CodeIgniter\Session\Handlers\FileHandler' driver.
DEBUG - 2025-09-29 22:02:48 --> Datos en sesión: Array
(
    [__ci_last_regenerate] => 1759194147
    [_ci_previous_url] => http://192.168.0.138/Tesina/public/autenticacion/login
    [id_usuario] => 1
    [nombre] => brunito
    [apellido] => barber
    [email] => brunocameille@alumnos.itr3.edu.ar
    [rol] => admin
    [logged_in] => 1
)

INFO - 2025-09-29 22:02:50 --> Session: Class initialized using 'CodeIgniter\Session\Handlers\FileHandler' driver.
INFO - 2025-09-29 22:02:50 --> Límite obtenido (general): 0.0030 kWh, IP: 192.168.0.232
INFO - 2025-09-29 22:02:51 --> Session: Class initialized using 'CodeIgniter\Session\Handlers\FileHandler' driver.
INFO - 2025-09-29 22:02:51 --> Session: Class initialized using 'CodeIgniter\Session\Handlers\FileHandler' driver.
DEBUG - 2025-09-29 22:02:53 --> Ruta actual: /Tesina/public/admin/dispositivos
INFO - 2025-09-29 22:02:53 --> Session: Class initialized using 'CodeIgniter\Session\Handlers\FileHandler' driver.
DEBUG - 2025-09-29 22:02:53 --> Datos en sesión: Array
(
    [__ci_last_regenerate] => 1759194147
    [_ci_previous_url] => http://192.168.0.138/Tesina/public/admin
    [id_usuario] => 1
    [nombre] => brunito
    [apellido] => barber
    [email] => brunocameille@alumnos.itr3.edu.ar
    [rol] => admin
    [logged_in] => 1
)

DEBUG - 2025-09-29 22:02:53 --> Buscando usuario ID: 1
DEBUG - 2025-09-29 22:02:53 --> Resultado de la búsqueda: Array
(
    [id_usuario] => 1
    [nombre] => brunito
    [apellido] => barber
    [email] => brunocameille@alumnos.itr3.edu.ar
    [contrasena] => $2y$10$F4xQfULyrVhG1JD8Y21QR.vgn9Fzd257acxjmQqHQ3OYfEqBaAPb6
    [direccion_id] => 0
    [id_rol] => 1
    [created_at] => 2025-04-07 13:37:30
    [updated_at] => 2025-07-24 14:07:31
    [invitado_por] => 
    [estado] => activo
    [token_activacion] => 
)

INFO - 2025-09-29 22:02:55 --> Session: Class initialized using 'CodeIgniter\Session\Handlers\FileHandler' driver.
INFO - 2025-09-29 22:02:55 --> Límite obtenido (general): 0.0030 kWh, IP: 192.168.0.232
INFO - 2025-09-29 22:02:56 --> Session: Class initialized using 'CodeIgniter\Session\Handlers\FileHandler' driver.
DEBUG - 2025-09-29 22:02:56 --> Ruta actual: /Tesina/public/energia/dispositivo/2
INFO - 2025-09-29 22:02:56 --> Session: Class initialized using 'CodeIgniter\Session\Handlers\FileHandler' driver.
DEBUG - 2025-09-29 22:02:56 --> Datos en sesión: Array
(
    [__ci_last_regenerate] => 1759194147
    [_ci_previous_url] => http://192.168.0.138/Tesina/public/admin/dispositivos
    [id_usuario] => 1
    [nombre] => brunito
    [apellido] => barber
    [email] => brunocameille@alumnos.itr3.edu.ar
    [rol] => admin
    [logged_in] => 1
)

INFO - 2025-09-29 22:02:56 --> Session: Class initialized using 'CodeIgniter\Session\Handlers\FileHandler' driver.
INFO - 2025-09-29 22:02:58 --> Session: Class initialized using 'CodeIgniter\Session\Handlers\FileHandler' driver.
INFO - 2025-09-29 22:02:59 --> Session: Class initialized using 'CodeIgniter\Session\Handlers\FileHandler' driver.
INFO - 2025-09-29 22:02:59 --> Límite obtenido (general): 0.0030 kWh, IP: 192.168.0.232
INFO - 2025-09-29 22:03:01 --> Session: Class initialized using 'CodeIgniter\Session\Handlers\FileHandler' driver.
INFO - 2025-09-29 22:03:01 --> Session: Class initialized using 'CodeIgniter\Session\Handlers\FileHandler' driver.
INFO - 2025-09-29 22:03:02 --> Session: Class initialized using 'CodeIgniter\Session\Handlers\FileHandler' driver.
INFO - 2025-09-29 22:03:04 --> Session: Class initialized using 'CodeIgniter\Session\Handlers\FileHandler' driver.
INFO - 2025-09-29 22:03:04 --> Límite obtenido (general): 0.0030 kWh, IP: 192.168.0.232
INFO - 2025-09-29 22:03:05 --> Session: Class initialized using 'CodeIgniter\Session\Handlers\FileHandler' driver.
INFO - 2025-09-29 22:03:06 --> Session: Class initialized using 'CodeIgniter\Session\Handlers\FileHandler' driver.
INFO - 2025-09-29 22:03:07 --> Session: Class initialized using 'CodeIgniter\Session\Handlers\FileHandler' driver.
INFO - 2025-09-29 22:03:11 --> Session: Class initialized using 'CodeIgniter\Session\Handlers\FileHandler' driver.
INFO - 2025-09-29 22:03:12 --> Session: Class initialized using 'CodeIgniter\Session\Handlers\FileHandler' driver.
INFO - 2025-09-29 22:03:16 --> Session: Class initialized using 'CodeIgniter\Session\Handlers\FileHandler' driver.
INFO - 2025-09-29 22:03:16 --> Session: Class initialized using 'CodeIgniter\Session\Handlers\FileHandler' driver.
INFO - 2025-09-29 22:03:16 --> Session: Class initialized using 'CodeIgniter\Session\Handlers\FileHandler' driver.
INFO - 2025-09-29 22:03:17 --> Session: Class initialized using 'CodeIgniter\Session\Handlers\FileHandler' driver.
INFO - 2025-09-29 22:03:17 --> Session: Class initialized using 'CodeIgniter\Session\Handlers\FileHandler' driver.
INFO - 2025-09-29 22:03:18 --> Session: Class initialized using 'CodeIgniter\Session\Handlers\FileHandler' driver.
INFO - 2025-09-29 22:03:18 --> Session: Class initialized using 'CodeIgniter\Session\Handlers\FileHandler' driver.
DEBUG - 2025-09-29 22:03:20 --> Ruta actual: /Tesina/public/energia/generarPDF/2
INFO - 2025-09-29 22:03:20 --> Session: Class initialized using 'CodeIgniter\Session\Handlers\FileHandler' driver.
DEBUG - 2025-09-29 22:03:20 --> Datos en sesión: Array
(
    [__ci_last_regenerate] => 1759194147
    [_ci_previous_url] => http://192.168.0.138/Tesina/public/energia/dispositivo/2
    [id_usuario] => 1
    [nombre] => brunito
    [apellido] => barber
    [email] => brunocameille@alumnos.itr3.edu.ar
    [rol] => admin
    [logged_in] => 1
    [tarifa_kwh] => 6003
)

INFO - 2025-09-29 22:03:20 --> PDF: dispositivo=2 mes= rango=2025-09-01 00:00:00 -> 2025-09-30 23:59:59
INFO - 2025-09-29 22:03:20 --> PDF: totalLecturas=330
INFO - 2025-09-29 22:03:20 --> PDF: total_kwh=2.7486 v_prom=107.91933333333 i_prom=2.0975857575758 p_prom=446.23896969697
INFO - 2025-09-29 22:03:20 --> PDF: tarifaParam='6003' tarifaSession=6003.0
INFO - 2025-09-29 22:03:20 --> PDF: precioKwh=6003 precioTotal=16499.8458
CRITICAL - 2025-09-29 22:03:20 --> Exception: The PHP GD extension is required, but is not installed.
[Method: GET, Route: energia/generarPDF/2]
in VENDORPATH\dompdf\dompdf\lib\Cpdf.php on line 6091.
 1 VENDORPATH\dompdf\dompdf\src\Adapter\CPDF.php(672): Dompdf\Cpdf->addPngFromFile('C:\\Users\\balex\\AppData\\Local\\Temp\\ca_A92B.tmp', 222.64, 620.3742519685039, 150.0, 150.0)
 2 VENDORPATH\dompdf\dompdf\src\Renderer\Image.php(63): Dompdf\Adapter\CPDF->image('C:\\Users\\balex\\AppData\\Local\\Temp\\ca_A92B.tmp', 222.64, 71.51574803149606, 150.0, 150.0, 'normal')
 3 VENDORPATH\dompdf\dompdf\src\Renderer.php(305): Dompdf\Renderer\Image->render(Object(Dompdf\FrameDecorator\Image))
 4 VENDORPATH\dompdf\dompdf\src\Renderer.php(140): Dompdf\Renderer->_render_frame('image', Object(Dompdf\FrameDecorator\Image))
 5 VENDORPATH\dompdf\dompdf\src\Renderer.php(207): Dompdf\Renderer->render(Object(Dompdf\FrameDecorator\Image))
 6 VENDORPATH\dompdf\dompdf\src\Renderer.php(207): Dompdf\Renderer->render(Object(Dompdf\FrameDecorator\Block))
 7 VENDORPATH\dompdf\dompdf\src\Renderer.php(207): Dompdf\Renderer->render(Object(Dompdf\FrameDecorator\Block))
 8 VENDORPATH\dompdf\dompdf\src\FrameReflower\Page.php(149): Dompdf\Renderer->render(Object(Dompdf\FrameDecorator\Block))
 9 VENDORPATH\dompdf\dompdf\src\FrameDecorator\AbstractFrameDecorator.php(905): Dompdf\FrameReflower\Page->reflow(null)
10 VENDORPATH\dompdf\dompdf\src\Dompdf.php(808): Dompdf\FrameDecorator\AbstractFrameDecorator->reflow()
11 APPPATH\Controllers\Energia.php(563): Dompdf\Dompdf->render()
12 SYSTEMPATH\CodeIgniter.php(933): App\Controllers\Energia->generarPDF('2')
13 SYSTEMPATH\CodeIgniter.php(509): CodeIgniter\CodeIgniter->runController(Object(App\Controllers\Energia))
14 SYSTEMPATH\CodeIgniter.php(355): CodeIgniter\CodeIgniter->handleRequest(null, Object(Config\Cache), false)
15 SYSTEMPATH\Boot.php(325): CodeIgniter\CodeIgniter->run()
16 SYSTEMPATH\Boot.php(67): CodeIgniter\Boot::runCodeIgniter(Object(CodeIgniter\CodeIgniter))
17 FCPATH\index.php(56): CodeIgniter\Boot::bootWeb(Object(Config\Paths))
INFO - 2025-09-29 22:03:21 --> Session: Class initialized using 'CodeIgniter\Session\Handlers\FileHandler' driver.
INFO - 2025-09-29 22:03:26 --> Session: Class initialized using 'CodeIgniter\Session\Handlers\FileHandler' driver.
CRITICAL - 2025-09-29 22:03:28 --> ErrorException: Allowed memory size of 536870912 bytes exhausted (tried to allocate 257953792 bytes)
【Previous Exception】
Exception
The PHP GD extension is required, but is not installed.
#0 C:\xampp\htdocs\Tesina\vendor\dompdf\dompdf\src\Adapter\CPDF.php(672): Dompdf\Cpdf->addPngFromFile('C:\\Users\\balex\\...', 222.64, 620.3742519685, 150.0, 150.0)
#1 C:\xampp\htdocs\Tesina\vendor\dompdf\dompdf\src\Renderer\Image.php(63): Dompdf\Adapter\CPDF->image('C:\\Users\\balex\\...', 222.64, 71.515748031496, 150.0, 150.0, 'normal')
#2 C:\xampp\htdocs\Tesina\vendor\dompdf\dompdf\src\Renderer.php(305): Dompdf\Renderer\Image->render(Object(Dompdf\FrameDecorator\Image))
#3 C:\xampp\htdocs\Tesina\vendor\dompdf\dompdf\src\Renderer.php(140): Dompdf\Renderer->_render_frame('image', Object(Dompdf\FrameDecorator\Image))
#4 C:\xampp\htdocs\Tesina\vendor\dompdf\dompdf\src\Renderer.php(207): Dompdf\Renderer->render(Object(Dompdf\FrameDecorator\Image))
#5 C:\xampp\htdocs\Tesina\vendor\dompdf\dompdf\src\Renderer.php(207): Dompdf\Renderer->render(Object(Dompdf\FrameDecorator\Block))
#6 C:\xampp\htdocs\Tesina\vendor\dompdf\dompdf\src\Renderer.php(207): Dompdf\Renderer->render(Object(Dompdf\FrameDecorator\Block))
#7 C:\xampp\htdocs\Tesina\vendor\dompdf\dompdf\src\FrameReflower\Page.php(149): Dompdf\Renderer->render(Object(Dompdf\FrameDecorator\Block))
#8 C:\xampp\htdocs\Tesina\vendor\dompdf\dompdf\src\FrameDecorator\AbstractFrameDecorator.php(905): Dompdf\FrameReflower\Page->reflow(NULL)
#9 C:\xampp\htdocs\Tesina\vendor\dompdf\dompdf\src\Dompdf.php(808): Dompdf\FrameDecorator\AbstractFrameDecorator->reflow()
#10 C:\xampp\htdocs\Tesina\app\Controllers\Energia.php(563): Dompdf\Dompdf->render()
#11 C:\xampp\htdocs\Tesina\system\CodeIgniter.php(933): App\Controllers\Energia->generarPDF('2')
#12 C:\xampp\htdocs\Tesina\system\CodeIgniter.php(509): CodeIgniter\CodeIgniter->runController(Object(App\Controllers\Energia))
#13 C:\xampp\htdocs\Tesina\system\CodeIgniter.php(355): CodeIgniter\CodeIgniter->handleRequest(NULL, Object(Config\Cache), false)
#14 C:\xampp\htdocs\Tesina\system\Boot.php(325): CodeIgniter\CodeIgniter->run()
#15 C:\xampp\htdocs\Tesina\system\Boot.php(67): CodeIgniter\Boot::runCodeIgniter(Object(CodeIgniter\CodeIgniter))
#16 C:\xampp\htdocs\Tesina\public\index.php(56): CodeIgniter\Boot::bootWeb(Object(Config\Paths))
#17 {main}
[Method: GET, Route: energia/generarPDF/2]
in APPPATH\Views\errors\html\error_exception.php on line 132.
 1 [internal function]: CodeIgniter\Debug\Exceptions->shutdownHandler()
INFO - 2025-09-29 22:03:28 --> Session: Class initialized using 'CodeIgniter\Session\Handlers\FileHandler' driver.
INFO - 2025-09-29 22:03:30 --> Session: Class initialized using 'CodeIgniter\Session\Handlers\FileHandler' driver.
INFO - 2025-09-29 22:03:31 --> Session: Class initialized using 'CodeIgniter\Session\Handlers\FileHandler' driver.
INFO - 2025-09-29 22:03:31 --> Session: Class initialized using 'CodeIgniter\Session\Handlers\FileHandler' driver.
INFO - 2025-09-29 22:03:31 --> Límite obtenido (general): 0.0030 kWh, IP: 192.168.0.232
INFO - 2025-09-29 22:03:32 --> Session: Class initialized using 'CodeIgniter\Session\Handlers\FileHandler' driver.
INFO - 2025-09-29 22:03:32 --> Session: Class initialized using 'CodeIgniter\Session\Handlers\FileHandler' driver.
INFO - 2025-09-29 22:03:35 --> Session: Class initialized using 'CodeIgniter\Session\Handlers\FileHandler' driver.
INFO - 2025-09-29 22:03:35 --> Límite obtenido (general): 0.0030 kWh, IP: 192.168.0.232
INFO - 2025-09-29 22:03:36 --> Session: Class initialized using 'CodeIgniter\Session\Handlers\FileHandler' driver.
INFO - 2025-09-29 22:03:36 --> Session: Class initialized using 'CodeIgniter\Session\Handlers\FileHandler' driver.
INFO - 2025-09-29 22:03:38 --> Session: Class initialized using 'CodeIgniter\Session\Handlers\FileHandler' driver.
INFO - 2025-09-29 22:03:39 --> Session: Class initialized using 'CodeIgniter\Session\Handlers\FileHandler' driver.
INFO - 2025-09-29 22:03:39 --> Límite obtenido (general): 0.0030 kWh, IP: 192.168.0.232
INFO - 2025-09-29 22:03:40 --> Session: Class initialized using 'CodeIgniter\Session\Handlers\FileHandler' driver.
INFO - 2025-09-29 22:03:40 --> Session: Class initialized using 'CodeIgniter\Session\Handlers\FileHandler' driver.
INFO - 2025-09-29 22:03:44 --> Session: Class initialized using 'CodeIgniter\Session\Handlers\FileHandler' driver.
INFO - 2025-09-29 22:03:44 --> Session: Class initialized using 'CodeIgniter\Session\Handlers\FileHandler' driver.
INFO - 2025-09-29 22:03:44 --> Límite obtenido (general): 0.0030 kWh, IP: 192.168.0.232
INFO - 2025-09-29 22:03:45 --> Session: Class initialized using 'CodeIgniter\Session\Handlers\FileHandler' driver.
INFO - 2025-09-29 22:03:46 --> Session: Class initialized using 'CodeIgniter\Session\Handlers\FileHandler' driver.
INFO - 2025-09-29 22:03:49 --> Session: Class initialized using 'CodeIgniter\Session\Handlers\FileHandler' driver.
INFO - 2025-09-29 22:03:49 --> Límite obtenido (general): 0.0030 kWh, IP: 192.168.0.232
INFO - 2025-09-29 22:03:50 --> Session: Class initialized using 'CodeIgniter\Session\Handlers\FileHandler' driver.
INFO - 2025-09-29 22:03:50 --> Session: Class initialized using 'CodeIgniter\Session\Handlers\FileHandler' driver.
INFO - 2025-09-29 22:03:51 --> Session: Class initialized using 'CodeIgniter\Session\Handlers\FileHandler' driver.
INFO - 2025-09-29 22:03:53 --> Session: Class initialized using 'CodeIgniter\Session\Handlers\FileHandler' driver.
INFO - 2025-09-29 22:03:53 --> Límite obtenido (general): 0.0030 kWh, IP: 192.168.0.232
INFO - 2025-09-29 22:03:54 --> Session: Class initialized using 'CodeIgniter\Session\Handlers\FileHandler' driver.
INFO - 2025-09-29 22:03:56 --> Session: Class initialized using 'CodeIgniter\Session\Handlers\FileHandler' driver.
INFO - 2025-09-29 22:03:56 --> Session: Class initialized using 'CodeIgniter\Session\Handlers\FileHandler' driver.
INFO - 2025-09-29 22:03:57 --> Session: Class initialized using 'CodeIgniter\Session\Handlers\FileHandler' driver.
INFO - 2025-09-29 22:03:57 --> Límite obtenido (general): 0.0030 kWh, IP: 192.168.0.232
INFO - 2025-09-29 22:03:59 --> Session: Class initialized using 'CodeIgniter\Session\Handlers\FileHandler' driver.
INFO - 2025-09-29 22:04:01 --> Session: Class initialized using 'CodeIgniter\Session\Handlers\FileHandler' driver.
INFO - 2025-09-29 22:04:02 --> Session: Class initialized using 'CodeIgniter\Session\Handlers\FileHandler' driver.
INFO - 2025-09-29 22:04:03 --> Session: Class initialized using 'CodeIgniter\Session\Handlers\FileHandler' driver.
INFO - 2025-09-29 22:04:03 --> Límite obtenido (general): 0.0030 kWh, IP: 192.168.0.232
INFO - 2025-09-29 22:04:04 --> Session: Class initialized using 'CodeIgniter\Session\Handlers\FileHandler' driver.
INFO - 2025-09-29 22:04:06 --> Session: Class initialized using 'CodeIgniter\Session\Handlers\FileHandler' driver.
INFO - 2025-09-29 22:04:07 --> Session: Class initialized using 'CodeIgniter\Session\Handlers\FileHandler' driver.
INFO - 2025-09-29 22:04:07 --> Límite obtenido (general): 0.0030 kWh, IP: 192.168.0.232
INFO - 2025-09-29 22:04:08 --> Session: Class initialized using 'CodeIgniter\Session\Handlers\FileHandler' driver.
INFO - 2025-09-29 22:04:11 --> Session: Class initialized using 'CodeIgniter\Session\Handlers\FileHandler' driver.
INFO - 2025-09-29 22:04:11 --> Session: Class initialized using 'CodeIgniter\Session\Handlers\FileHandler' driver.
INFO - 2025-09-29 22:04:11 --> Límite obtenido (general): 0.0030 kWh, IP: 192.168.0.232
INFO - 2025-09-29 22:04:13 --> Session: Class initialized using 'CodeIgniter\Session\Handlers\FileHandler' driver.
INFO - 2025-09-29 22:04:16 --> Session: Class initialized using 'CodeIgniter\Session\Handlers\FileHandler' driver.
INFO - 2025-09-29 22:04:16 --> Session: Class initialized using 'CodeIgniter\Session\Handlers\FileHandler' driver.
INFO - 2025-09-29 22:04:16 --> Límite obtenido (general): 0.0030 kWh, IP: 192.168.0.232
INFO - 2025-09-29 22:04:17 --> Session: Class initialized using 'CodeIgniter\Session\Handlers\FileHandler' driver.
INFO - 2025-09-29 22:04:20 --> Session: Class initialized using 'CodeIgniter\Session\Handlers\FileHandler' driver.
INFO - 2025-09-29 22:04:20 --> Límite obtenido (general): 0.0030 kWh, IP: 192.168.0.232
INFO - 2025-09-29 22:04:21 --> Session: Class initialized using 'CodeIgniter\Session\Handlers\FileHandler' driver.
INFO - 2025-09-29 22:04:21 --> Session: Class initialized using 'CodeIgniter\Session\Handlers\FileHandler' driver.
INFO - 2025-09-29 22:04:24 --> Session: Class initialized using 'CodeIgniter\Session\Handlers\FileHandler' driver.
INFO - 2025-09-29 22:04:24 --> Límite obtenido (general): 0.0030 kWh, IP: 192.168.0.232
INFO - 2025-09-29 22:04:25 --> Session: Class initialized using 'CodeIgniter\Session\Handlers\FileHandler' driver.
INFO - 2025-09-29 22:04:26 --> Session: Class initialized using 'CodeIgniter\Session\Handlers\FileHandler' driver.
INFO - 2025-09-29 22:04:28 --> Session: Class initialized using 'CodeIgniter\Session\Handlers\FileHandler' driver.
INFO - 2025-09-29 22:04:29 --> Límite obtenido (general): 0.0030 kWh, IP: 192.168.0.232
INFO - 2025-09-29 22:04:30 --> Session: Class initialized using 'CodeIgniter\Session\Handlers\FileHandler' driver.
INFO - 2025-09-29 22:04:31 --> Session: Class initialized using 'CodeIgniter\Session\Handlers\FileHandler' driver.
INFO - 2025-09-29 22:04:32 --> Session: Class initialized using 'CodeIgniter\Session\Handlers\FileHandler' driver.
INFO - 2025-09-29 22:04:32 --> Límite obtenido (general): 0.0030 kWh, IP: 192.168.0.138
INFO - 2025-09-29 22:04:33 --> Session: Class initialized using 'CodeIgniter\Session\Handlers\FileHandler' driver.
INFO - 2025-09-29 22:04:33 --> Límite obtenido (general): 0.0030 kWh, IP: 192.168.0.232
INFO - 2025-09-29 22:04:34 --> Session: Class initialized using 'CodeIgniter\Session\Handlers\FileHandler' driver.
INFO - 2025-09-29 22:04:35 --> Session: Class initialized using 'CodeIgniter\Session\Handlers\FileHandler' driver.
INFO - 2025-09-29 22:04:35 --> Límite obtenido (general): 0.0030 kWh, IP: 192.168.0.138
INFO - 2025-09-29 22:04:36 --> Session: Class initialized using 'CodeIgniter\Session\Handlers\FileHandler' driver.
INFO - 2025-09-29 22:04:37 --> Session: Class initialized using 'CodeIgniter\Session\Handlers\FileHandler' driver.
INFO - 2025-09-29 22:04:37 --> Límite obtenido (general): 0.0030 kWh, IP: 192.168.0.232
INFO - 2025-09-29 22:04:38 --> Session: Class initialized using 'CodeIgniter\Session\Handlers\FileHandler' driver.
DEBUG - 2025-09-29 22:04:40 --> Ruta actual: /Tesina/public/energia/generarPDF/2
INFO - 2025-09-29 22:04:40 --> Session: Class initialized using 'CodeIgniter\Session\Handlers\FileHandler' driver.
DEBUG - 2025-09-29 22:04:40 --> Datos en sesión: Array
(
    [__ci_last_regenerate] => 1759194236
    [_ci_previous_url] => http://192.168.0.138/Tesina/public/energia/dispositivo/2
    [id_usuario] => 1
    [nombre] => brunito
    [apellido] => barber
    [email] => brunocameille@alumnos.itr3.edu.ar
    [rol] => admin
    [logged_in] => 1
    [tarifa_kwh] => 500
)

INFO - 2025-09-29 22:04:40 --> PDF: dispositivo=2 mes= rango=2025-09-01 00:00:00 -> 2025-09-30 23:59:59
INFO - 2025-09-29 22:04:40 --> PDF: totalLecturas=346
INFO - 2025-09-29 22:04:40 --> PDF: total_kwh=2.9221 v_prom=107.75393063584 i_prom=2.1062910404624 p_prom=447.665
INFO - 2025-09-29 22:04:40 --> PDF: tarifaParam='500' tarifaSession=500.0
INFO - 2025-09-29 22:04:40 --> PDF: precioKwh=500 precioTotal=1461.05
CRITICAL - 2025-09-29 22:04:40 --> Exception: The PHP GD extension is required, but is not installed.
[Method: GET, Route: energia/generarPDF/2]
in VENDORPATH\dompdf\dompdf\lib\Cpdf.php on line 6091.
 1 VENDORPATH\dompdf\dompdf\src\Adapter\CPDF.php(672): Dompdf\Cpdf->addPngFromFile('C:\\Users\\balex\\AppData\\Local\\Temp\\ca_E2C5.tmp', 222.64, 620.3742519685039, 150.0, 150.0)
 2 VENDORPATH\dompdf\dompdf\src\Renderer\Image.php(63): Dompdf\Adapter\CPDF->image('C:\\Users\\balex\\AppData\\Local\\Temp\\ca_E2C5.tmp', 222.64, 71.51574803149606, 150.0, 150.0, 'normal')
 3 VENDORPATH\dompdf\dompdf\src\Renderer.php(305): Dompdf\Renderer\Image->render(Object(Dompdf\FrameDecorator\Image))
 4 VENDORPATH\dompdf\dompdf\src\Renderer.php(140): Dompdf\Renderer->_render_frame('image', Object(Dompdf\FrameDecorator\Image))
 5 VENDORPATH\dompdf\dompdf\src\Renderer.php(207): Dompdf\Renderer->render(Object(Dompdf\FrameDecorator\Image))
 6 VENDORPATH\dompdf\dompdf\src\Renderer.php(207): Dompdf\Renderer->render(Object(Dompdf\FrameDecorator\Block))
 7 VENDORPATH\dompdf\dompdf\src\Renderer.php(207): Dompdf\Renderer->render(Object(Dompdf\FrameDecorator\Block))
 8 VENDORPATH\dompdf\dompdf\src\FrameReflower\Page.php(149): Dompdf\Renderer->render(Object(Dompdf\FrameDecorator\Block))
 9 VENDORPATH\dompdf\dompdf\src\FrameDecorator\AbstractFrameDecorator.php(905): Dompdf\FrameReflower\Page->reflow(null)
10 VENDORPATH\dompdf\dompdf\src\Dompdf.php(808): Dompdf\FrameDecorator\AbstractFrameDecorator->reflow()
11 APPPATH\Controllers\Energia.php(563): Dompdf\Dompdf->render()
12 SYSTEMPATH\CodeIgniter.php(933): App\Controllers\Energia->generarPDF('2')
13 SYSTEMPATH\CodeIgniter.php(509): CodeIgniter\CodeIgniter->runController(Object(App\Controllers\Energia))
14 SYSTEMPATH\CodeIgniter.php(355): CodeIgniter\CodeIgniter->handleRequest(null, Object(Config\Cache), false)
15 SYSTEMPATH\Boot.php(325): CodeIgniter\CodeIgniter->run()
16 SYSTEMPATH\Boot.php(67): CodeIgniter\Boot::runCodeIgniter(Object(CodeIgniter\CodeIgniter))
17 FCPATH\index.php(56): CodeIgniter\Boot::bootWeb(Object(Config\Paths))
INFO - 2025-09-29 22:04:41 --> Session: Class initialized using 'CodeIgniter\Session\Handlers\FileHandler' driver.
INFO - 2025-09-29 22:04:42 --> Límite obtenido (general): 0.0030 kWh, IP: 192.168.0.232
INFO - 2025-09-29 22:04:43 --> Session: Class initialized using 'CodeIgniter\Session\Handlers\FileHandler' driver.
INFO - 2025-09-29 22:04:46 --> Session: Class initialized using 'CodeIgniter\Session\Handlers\FileHandler' driver.
INFO - 2025-09-29 22:04:46 --> Límite obtenido (general): 0.0030 kWh, IP: 192.168.0.232
CRITICAL - 2025-09-29 22:04:47 --> ErrorException: Allowed memory size of 536870912 bytes exhausted (tried to allocate 257953792 bytes)
【Previous Exception】
Exception
The PHP GD extension is required, but is not installed.
#0 C:\xampp\htdocs\Tesina\vendor\dompdf\dompdf\src\Adapter\CPDF.php(672): Dompdf\Cpdf->addPngFromFile('C:\\Users\\balex\\...', 222.64, 620.3742519685, 150.0, 150.0)
#1 C:\xampp\htdocs\Tesina\vendor\dompdf\dompdf\src\Renderer\Image.php(63): Dompdf\Adapter\CPDF->image('C:\\Users\\balex\\...', 222.64, 71.515748031496, 150.0, 150.0, 'normal')
#2 C:\xampp\htdocs\Tesina\vendor\dompdf\dompdf\src\Renderer.php(305): Dompdf\Renderer\Image->render(Object(Dompdf\FrameDecorator\Image))
#3 C:\xampp\htdocs\Tesina\vendor\dompdf\dompdf\src\Renderer.php(140): Dompdf\Renderer->_render_frame('image', Object(Dompdf\FrameDecorator\Image))
#4 C:\xampp\htdocs\Tesina\vendor\dompdf\dompdf\src\Renderer.php(207): Dompdf\Renderer->render(Object(Dompdf\FrameDecorator\Image))
#5 C:\xampp\htdocs\Tesina\vendor\dompdf\dompdf\src\Renderer.php(207): Dompdf\Renderer->render(Object(Dompdf\FrameDecorator\Block))
#6 C:\xampp\htdocs\Tesina\vendor\dompdf\dompdf\src\Renderer.php(207): Dompdf\Renderer->render(Object(Dompdf\FrameDecorator\Block))
#7 C:\xampp\htdocs\Tesina\vendor\dompdf\dompdf\src\FrameReflower\Page.php(149): Dompdf\Renderer->render(Object(Dompdf\FrameDecorator\Block))
#8 C:\xampp\htdocs\Tesina\vendor\dompdf\dompdf\src\FrameDecorator\AbstractFrameDecorator.php(905): Dompdf\FrameReflower\Page->reflow(NULL)
#9 C:\xampp\htdocs\Tesina\vendor\dompdf\dompdf\src\Dompdf.php(808): Dompdf\FrameDecorator\AbstractFrameDecorator->reflow()
#10 C:\xampp\htdocs\Tesina\app\Controllers\Energia.php(563): Dompdf\Dompdf->render()
#11 C:\xampp\htdocs\Tesina\system\CodeIgniter.php(933): App\Controllers\Energia->generarPDF('2')
#12 C:\xampp\htdocs\Tesina\system\CodeIgniter.php(509): CodeIgniter\CodeIgniter->runController(Object(App\Controllers\Energia))
#13 C:\xampp\htdocs\Tesina\system\CodeIgniter.php(355): CodeIgniter\CodeIgniter->handleRequest(NULL, Object(Config\Cache), false)
#14 C:\xampp\htdocs\Tesina\system\Boot.php(325): CodeIgniter\CodeIgniter->run()
#15 C:\xampp\htdocs\Tesina\system\Boot.php(67): CodeIgniter\Boot::runCodeIgniter(Object(CodeIgniter\CodeIgniter))
#16 C:\xampp\htdocs\Tesina\public\index.php(56): CodeIgniter\Boot::bootWeb(Object(Config\Paths))
#17 {main}
[Method: GET, Route: energia/generarPDF/2]
in APPPATH\Views\errors\html\error_exception.php on line 132.
 1 [internal function]: CodeIgniter\Debug\Exceptions->shutdownHandler()
INFO - 2025-09-29 22:04:47 --> Session: Class initialized using 'CodeIgniter\Session\Handlers\FileHandler' driver.
INFO - 2025-09-29 22:04:48 --> Session: Class initialized using 'CodeIgniter\Session\Handlers\FileHandler' driver.
INFO - 2025-09-29 22:04:51 --> Session: Class initialized using 'CodeIgniter\Session\Handlers\FileHandler' driver.
INFO - 2025-09-29 22:04:54 --> Session: Class initialized using 'CodeIgniter\Session\Handlers\FileHandler' driver.
INFO - 2025-09-29 22:04:56 --> Session: Class initialized using 'CodeIgniter\Session\Handlers\FileHandler' driver.
INFO - 2025-09-29 22:04:57 --> Session: Class initialized using 'CodeIgniter\Session\Handlers\FileHandler' driver.
INFO - 2025-09-29 22:04:57 --> Límite obtenido (general): 0.0030 kWh, IP: 192.168.0.232
INFO - 2025-09-29 22:05:00 --> Session: Class initialized using 'CodeIgniter\Session\Handlers\FileHandler' driver.
INFO - 2025-09-29 22:05:01 --> Session: Class initialized using 'CodeIgniter\Session\Handlers\FileHandler' driver.
INFO - 2025-09-29 22:05:03 --> Session: Class initialized using 'CodeIgniter\Session\Handlers\FileHandler' driver.
INFO - 2025-09-29 22:05:03 --> Límite obtenido (general): 0.0030 kWh, IP: 192.168.0.232
INFO - 2025-09-29 22:05:04 --> Session: Class initialized using 'CodeIgniter\Session\Handlers\FileHandler' driver.
INFO - 2025-09-29 22:05:06 --> Session: Class initialized using 'CodeIgniter\Session\Handlers\FileHandler' driver.
INFO - 2025-09-29 22:05:08 --> Session: Class initialized using 'CodeIgniter\Session\Handlers\FileHandler' driver.
INFO - 2025-09-29 22:05:08 --> Límite obtenido (general): 0.0030 kWh, IP: 192.168.0.232
INFO - 2025-09-29 22:05:09 --> Session: Class initialized using 'CodeIgniter\Session\Handlers\FileHandler' driver.
INFO - 2025-09-29 22:05:11 --> Session: Class initialized using 'CodeIgniter\Session\Handlers\FileHandler' driver.
INFO - 2025-09-29 22:05:12 --> Session: Class initialized using 'CodeIgniter\Session\Handlers\FileHandler' driver.
INFO - 2025-09-29 22:05:12 --> Límite obtenido (general): 0.0030 kWh, IP: 192.168.0.232
INFO - 2025-09-29 22:05:13 --> Session: Class initialized using 'CodeIgniter\Session\Handlers\FileHandler' driver.
INFO - 2025-09-29 22:05:16 --> Session: Class initialized using 'CodeIgniter\Session\Handlers\FileHandler' driver.
INFO - 2025-09-29 22:05:17 --> Session: Class initialized using 'CodeIgniter\Session\Handlers\FileHandler' driver.
INFO - 2025-09-29 22:05:17 --> Límite obtenido (general): 0.0030 kWh, IP: 192.168.0.232
INFO - 2025-09-29 22:05:18 --> Session: Class initialized using 'CodeIgniter\Session\Handlers\FileHandler' driver.
INFO - 2025-09-29 22:05:21 --> Session: Class initialized using 'CodeIgniter\Session\Handlers\FileHandler' driver.
INFO - 2025-09-29 22:05:21 --> Límite obtenido (general): 0.0030 kWh, IP: 192.168.0.232
INFO - 2025-09-29 22:05:21 --> Session: Class initialized using 'CodeIgniter\Session\Handlers\FileHandler' driver.
INFO - 2025-09-29 22:05:22 --> Session: Class initialized using 'CodeIgniter\Session\Handlers\FileHandler' driver.
INFO - 2025-09-29 22:05:25 --> Session: Class initialized using 'CodeIgniter\Session\Handlers\FileHandler' driver.
INFO - 2025-09-29 22:05:25 --> Límite obtenido (general): 0.0030 kWh, IP: 192.168.0.232
INFO - 2025-09-29 22:05:26 --> Session: Class initialized using 'CodeIgniter\Session\Handlers\FileHandler' driver.
INFO - 2025-09-29 22:05:26 --> Session: Class initialized using 'CodeIgniter\Session\Handlers\FileHandler' driver.
INFO - 2025-09-29 22:05:29 --> Session: Class initialized using 'CodeIgniter\Session\Handlers\FileHandler' driver.
INFO - 2025-09-29 22:05:30 --> Límite obtenido (general): 0.0030 kWh, IP: 192.168.0.232
INFO - 2025-09-29 22:05:31 --> Session: Class initialized using 'CodeIgniter\Session\Handlers\FileHandler' driver.
INFO - 2025-09-29 22:05:31 --> Session: Class initialized using 'CodeIgniter\Session\Handlers\FileHandler' driver.
INFO - 2025-09-29 22:05:34 --> Session: Class initialized using 'CodeIgniter\Session\Handlers\FileHandler' driver.
INFO - 2025-09-29 22:05:34 --> Límite obtenido (general): 0.0030 kWh, IP: 192.168.0.232
INFO - 2025-09-29 22:05:35 --> Session: Class initialized using 'CodeIgniter\Session\Handlers\FileHandler' driver.
INFO - 2025-09-29 22:05:36 --> Session: Class initialized using 'CodeIgniter\Session\Handlers\FileHandler' driver.
INFO - 2025-09-29 22:05:38 --> Session: Class initialized using 'CodeIgniter\Session\Handlers\FileHandler' driver.
INFO - 2025-09-29 22:05:38 --> Límite obtenido (general): 0.0030 kWh, IP: 192.168.0.232
INFO - 2025-09-29 22:05:39 --> Session: Class initialized using 'CodeIgniter\Session\Handlers\FileHandler' driver.
INFO - 2025-09-29 22:05:41 --> Session: Class initialized using 'CodeIgniter\Session\Handlers\FileHandler' driver.
INFO - 2025-09-29 22:05:42 --> Session: Class initialized using 'CodeIgniter\Session\Handlers\FileHandler' driver.
INFO - 2025-09-29 22:05:42 --> Límite obtenido (general): 0.0030 kWh, IP: 192.168.0.232
INFO - 2025-09-29 22:05:43 --> Session: Class initialized using 'CodeIgniter\Session\Handlers\FileHandler' driver.
INFO - 2025-09-29 22:05:46 --> Session: Class initialized using 'CodeIgniter\Session\Handlers\FileHandler' driver.
INFO - 2025-09-29 22:05:48 --> Session: Class initialized using 'CodeIgniter\Session\Handlers\FileHandler' driver.
INFO - 2025-09-29 22:05:48 --> Límite obtenido (general): 0.0030 kWh, IP: 192.168.0.232
INFO - 2025-09-29 22:05:49 --> Session: Class initialized using 'CodeIgniter\Session\Handlers\FileHandler' driver.
INFO - 2025-09-29 22:05:51 --> Session: Class initialized using 'CodeIgniter\Session\Handlers\FileHandler' driver.
INFO - 2025-09-29 22:05:52 --> Session: Class initialized using 'CodeIgniter\Session\Handlers\FileHandler' driver.
INFO - 2025-09-29 22:05:52 --> Límite obtenido (general): 0.0030 kWh, IP: 192.168.0.232
INFO - 2025-09-29 22:05:53 --> Session: Class initialized using 'CodeIgniter\Session\Handlers\FileHandler' driver.
INFO - 2025-09-29 22:05:56 --> Session: Class initialized using 'CodeIgniter\Session\Handlers\FileHandler' driver.
INFO - 2025-09-29 22:05:56 --> Session: Class initialized using 'CodeIgniter\Session\Handlers\FileHandler' driver.
INFO - 2025-09-29 22:05:56 --> Límite obtenido (general): 0.0030 kWh, IP: 192.168.0.232
INFO - 2025-09-29 22:05:57 --> Session: Class initialized using 'CodeIgniter\Session\Handlers\FileHandler' driver.
INFO - 2025-09-29 22:06:01 --> Session: Class initialized using 'CodeIgniter\Session\Handlers\FileHandler' driver.
INFO - 2025-09-29 22:06:01 --> Límite obtenido (general): 0.0030 kWh, IP: 192.168.0.232
INFO - 2025-09-29 22:06:02 --> Session: Class initialized using 'CodeIgniter\Session\Handlers\FileHandler' driver.
INFO - 2025-09-29 22:06:05 --> Session: Class initialized using 'CodeIgniter\Session\Handlers\FileHandler' driver.
INFO - 2025-09-29 22:06:05 --> Límite obtenido (general): 0.0030 kWh, IP: 192.168.0.232
INFO - 2025-09-29 22:06:06 --> Session: Class initialized using 'CodeIgniter\Session\Handlers\FileHandler' driver.
INFO - 2025-09-29 22:06:09 --> Session: Class initialized using 'CodeIgniter\Session\Handlers\FileHandler' driver.
INFO - 2025-09-29 22:06:09 --> Límite obtenido (general): 0.0030 kWh, IP: 192.168.0.232
INFO - 2025-09-29 22:06:10 --> Session: Class initialized using 'CodeIgniter\Session\Handlers\FileHandler' driver.
INFO - 2025-09-29 22:06:13 --> Session: Class initialized using 'CodeIgniter\Session\Handlers\FileHandler' driver.
INFO - 2025-09-29 22:06:13 --> Límite obtenido (general): 0.0030 kWh, IP: 192.168.0.232
INFO - 2025-09-29 22:06:15 --> Session: Class initialized using 'CodeIgniter\Session\Handlers\FileHandler' driver.
INFO - 2025-09-29 22:06:18 --> Session: Class initialized using 'CodeIgniter\Session\Handlers\FileHandler' driver.
INFO - 2025-09-29 22:06:18 --> Límite obtenido (general): 0.0030 kWh, IP: 192.168.0.232
INFO - 2025-09-29 22:06:46 --> Session: Class initialized using 'CodeIgniter\Session\Handlers\FileHandler' driver.
INFO - 2025-09-29 22:07:46 --> Session: Class initialized using 'CodeIgniter\Session\Handlers\FileHandler' driver.
INFO - 2025-09-29 22:08:46 --> Session: Class initialized using 'CodeIgniter\Session\Handlers\FileHandler' driver.
INFO - 2025-09-29 22:09:46 --> Session: Class initialized using 'CodeIgniter\Session\Handlers\FileHandler' driver.
INFO - 2025-09-29 22:10:17 --> Session: Class initialized using 'CodeIgniter\Session\Handlers\FileHandler' driver.
INFO - 2025-09-29 22:10:20 --> Session: Class initialized using 'CodeIgniter\Session\Handlers\FileHandler' driver.
INFO - 2025-09-29 22:10:24 --> Session: Class initialized using 'CodeIgniter\Session\Handlers\FileHandler' driver.
INFO - 2025-09-29 22:10:24 --> Session: Class initialized using 'CodeIgniter\Session\Handlers\FileHandler' driver.
INFO - 2025-09-29 22:10:25 --> Session: Class initialized using 'CodeIgniter\Session\Handlers\FileHandler' driver.
INFO - 2025-09-29 22:10:25 --> Session: Class initialized using 'CodeIgniter\Session\Handlers\FileHandler' driver.
INFO - 2025-09-29 22:10:25 --> Session: Class initialized using 'CodeIgniter\Session\Handlers\FileHandler' driver.
INFO - 2025-09-29 22:10:26 --> Session: Class initialized using 'CodeIgniter\Session\Handlers\FileHandler' driver.
INFO - 2025-09-29 22:10:27 --> Session: Class initialized using 'CodeIgniter\Session\Handlers\FileHandler' driver.
DEBUG - 2025-09-29 22:10:28 --> Ruta actual: /Tesina/public/energia/generarPDF/2
INFO - 2025-09-29 22:10:28 --> Session: Class initialized using 'CodeIgniter\Session\Handlers\FileHandler' driver.
DEBUG - 2025-09-29 22:10:28 --> Datos en sesión: Array
(
    [__ci_last_regenerate] => 1759194586
    [_ci_previous_url] => http://192.168.0.138/Tesina/public/energia/dispositivo/2
    [id_usuario] => 1
    [nombre] => brunito
    [apellido] => barber
    [email] => brunocameille@alumnos.itr3.edu.ar
    [rol] => admin
    [logged_in] => 1
    [tarifa_kwh] => 820
)

INFO - 2025-09-29 22:10:28 --> PDF: dispositivo=2 mes= rango=2025-09-01 00:00:00 -> 2025-09-30 23:59:59
INFO - 2025-09-29 22:10:28 --> PDF: totalLecturas=366
INFO - 2025-09-29 22:10:28 --> PDF: total_kwh=3.1868 v_prom=107.54087431694 i_prom=2.1168081967213 p_prom=449.29333333333
INFO - 2025-09-29 22:10:28 --> PDF: tarifaParam='820' tarifaSession=820.0
INFO - 2025-09-29 22:10:28 --> PDF: precioKwh=820 precioTotal=2613.176
INFO - 2025-09-29 22:10:30 --> Session: Class initialized using 'CodeIgniter\Session\Handlers\FileHandler' driver.
INFO - 2025-09-29 22:10:36 --> Session: Class initialized using 'CodeIgniter\Session\Handlers\FileHandler' driver.
INFO - 2025-09-29 22:10:41 --> Session: Class initialized using 'CodeIgniter\Session\Handlers\FileHandler' driver.
INFO - 2025-09-29 22:10:46 --> Session: Class initialized using 'CodeIgniter\Session\Handlers\FileHandler' driver.
INFO - 2025-09-29 22:10:51 --> Session: Class initialized using 'CodeIgniter\Session\Handlers\FileHandler' driver.
INFO - 2025-09-29 22:10:56 --> Session: Class initialized using 'CodeIgniter\Session\Handlers\FileHandler' driver.
INFO - 2025-09-29 22:11:01 --> Session: Class initialized using 'CodeIgniter\Session\Handlers\FileHandler' driver.
INFO - 2025-09-29 22:11:06 --> Session: Class initialized using 'CodeIgniter\Session\Handlers\FileHandler' driver.
INFO - 2025-09-29 22:11:11 --> Session: Class initialized using 'CodeIgniter\Session\Handlers\FileHandler' driver.
INFO - 2025-09-29 22:11:16 --> Session: Class initialized using 'CodeIgniter\Session\Handlers\FileHandler' driver.
INFO - 2025-09-29 22:11:21 --> Session: Class initialized using 'CodeIgniter\Session\Handlers\FileHandler' driver.
INFO - 2025-09-29 22:11:26 --> Session: Class initialized using 'CodeIgniter\Session\Handlers\FileHandler' driver.
INFO - 2025-09-29 22:11:31 --> Session: Class initialized using 'CodeIgniter\Session\Handlers\FileHandler' driver.
INFO - 2025-09-29 22:11:46 --> Session: Class initialized using 'CodeIgniter\Session\Handlers\FileHandler' driver.
INFO - 2025-09-29 22:12:46 --> Session: Class initialized using 'CodeIgniter\Session\Handlers\FileHandler' driver.
INFO - 2025-09-29 22:13:46 --> Session: Class initialized using 'CodeIgniter\Session\Handlers\FileHandler' driver.
INFO - 2025-09-29 22:14:46 --> Session: Class initialized using 'CodeIgniter\Session\Handlers\FileHandler' driver.
INFO - 2025-09-29 22:15:00 --> Session: Class initialized using 'CodeIgniter\Session\Handlers\FileHandler' driver.
INFO - 2025-09-29 22:15:06 --> Session: Class initialized using 'CodeIgniter\Session\Handlers\FileHandler' driver.
INFO - 2025-09-29 22:15:10 --> Session: Class initialized using 'CodeIgniter\Session\Handlers\FileHandler' driver.
INFO - 2025-09-29 22:15:16 --> Session: Class initialized using 'CodeIgniter\Session\Handlers\FileHandler' driver.
INFO - 2025-09-29 22:15:21 --> Session: Class initialized using 'CodeIgniter\Session\Handlers\FileHandler' driver.
INFO - 2025-09-29 22:15:26 --> Session: Class initialized using 'CodeIgniter\Session\Handlers\FileHandler' driver.
INFO - 2025-09-29 22:15:31 --> Session: Class initialized using 'CodeIgniter\Session\Handlers\FileHandler' driver.
INFO - 2025-09-29 22:15:36 --> Session: Class initialized using 'CodeIgniter\Session\Handlers\FileHandler' driver.
INFO - 2025-09-29 22:15:41 --> Session: Class initialized using 'CodeIgniter\Session\Handlers\FileHandler' driver.
INFO - 2025-09-29 22:15:46 --> Session: Class initialized using 'CodeIgniter\Session\Handlers\FileHandler' driver.
INFO - 2025-09-29 22:15:51 --> Session: Class initialized using 'CodeIgniter\Session\Handlers\FileHandler' driver.
INFO - 2025-09-29 22:15:56 --> Session: Class initialized using 'CodeIgniter\Session\Handlers\FileHandler' driver.
INFO - 2025-09-29 22:16:01 --> Session: Class initialized using 'CodeIgniter\Session\Handlers\FileHandler' driver.
INFO - 2025-09-29 22:16:06 --> Session: Class initialized using 'CodeIgniter\Session\Handlers\FileHandler' driver.
INFO - 2025-09-29 22:16:11 --> Session: Class initialized using 'CodeIgniter\Session\Handlers\FileHandler' driver.
INFO - 2025-09-29 22:16:16 --> Session: Class initialized using 'CodeIgniter\Session\Handlers\FileHandler' driver.
INFO - 2025-09-29 22:16:21 --> Session: Class initialized using 'CodeIgniter\Session\Handlers\FileHandler' driver.
INFO - 2025-09-29 22:16:26 --> Session: Class initialized using 'CodeIgniter\Session\Handlers\FileHandler' driver.
INFO - 2025-09-29 22:16:31 --> Session: Class initialized using 'CodeIgniter\Session\Handlers\FileHandler' driver.
INFO - 2025-09-29 22:16:36 --> Session: Class initialized using 'CodeIgniter\Session\Handlers\FileHandler' driver.
INFO - 2025-09-29 22:16:41 --> Session: Class initialized using 'CodeIgniter\Session\Handlers\FileHandler' driver.
INFO - 2025-09-29 22:16:46 --> Session: Class initialized using 'CodeIgniter\Session\Handlers\FileHandler' driver.
INFO - 2025-09-29 22:16:51 --> Session: Class initialized using 'CodeIgniter\Session\Handlers\FileHandler' driver.
INFO - 2025-09-29 22:16:56 --> Session: Class initialized using 'CodeIgniter\Session\Handlers\FileHandler' driver.
INFO - 2025-09-29 22:17:01 --> Session: Class initialized using 'CodeIgniter\Session\Handlers\FileHandler' driver.
INFO - 2025-09-29 22:17:06 --> Session: Class initialized using 'CodeIgniter\Session\Handlers\FileHandler' driver.
INFO - 2025-09-29 22:17:11 --> Session: Class initialized using 'CodeIgniter\Session\Handlers\FileHandler' driver.
INFO - 2025-09-29 22:17:16 --> Session: Class initialized using 'CodeIgniter\Session\Handlers\FileHandler' driver.
INFO - 2025-09-29 22:17:21 --> Session: Class initialized using 'CodeIgniter\Session\Handlers\FileHandler' driver.
INFO - 2025-09-29 22:17:26 --> Session: Class initialized using 'CodeIgniter\Session\Handlers\FileHandler' driver.
INFO - 2025-09-29 22:17:31 --> Session: Class initialized using 'CodeIgniter\Session\Handlers\FileHandler' driver.
INFO - 2025-09-29 22:17:36 --> Session: Class initialized using 'CodeIgniter\Session\Handlers\FileHandler' driver.
INFO - 2025-09-29 22:17:41 --> Session: Class initialized using 'CodeIgniter\Session\Handlers\FileHandler' driver.
INFO - 2025-09-29 22:17:46 --> Session: Class initialized using 'CodeIgniter\Session\Handlers\FileHandler' driver.
INFO - 2025-09-29 22:17:51 --> Session: Class initialized using 'CodeIgniter\Session\Handlers\FileHandler' driver.
INFO - 2025-09-29 22:17:56 --> Session: Class initialized using 'CodeIgniter\Session\Handlers\FileHandler' driver.
INFO - 2025-09-29 22:18:46 --> Session: Class initialized using 'CodeIgniter\Session\Handlers\FileHandler' driver.
INFO - 2025-09-29 22:19:25 --> Session: Class initialized using 'CodeIgniter\Session\Handlers\FileHandler' driver.
INFO - 2025-09-29 22:19:26 --> Session: Class initialized using 'CodeIgniter\Session\Handlers\FileHandler' driver.
INFO - 2025-09-29 22:19:31 --> Session: Class initialized using 'CodeIgniter\Session\Handlers\FileHandler' driver.
INFO - 2025-09-29 22:19:36 --> Session: Class initialized using 'CodeIgniter\Session\Handlers\FileHandler' driver.
INFO - 2025-09-29 22:19:41 --> Session: Class initialized using 'CodeIgniter\Session\Handlers\FileHandler' driver.
INFO - 2025-09-29 22:19:46 --> Session: Class initialized using 'CodeIgniter\Session\Handlers\FileHandler' driver.
INFO - 2025-09-29 22:19:51 --> Session: Class initialized using 'CodeIgniter\Session\Handlers\FileHandler' driver.
INFO - 2025-09-29 22:19:56 --> Session: Class initialized using 'CodeIgniter\Session\Handlers\FileHandler' driver.
INFO - 2025-09-29 22:20:01 --> Session: Class initialized using 'CodeIgniter\Session\Handlers\FileHandler' driver.
INFO - 2025-09-29 22:20:06 --> Session: Class initialized using 'CodeIgniter\Session\Handlers\FileHandler' driver.
INFO - 2025-09-29 22:20:11 --> Session: Class initialized using 'CodeIgniter\Session\Handlers\FileHandler' driver.
INFO - 2025-09-29 22:20:16 --> Session: Class initialized using 'CodeIgniter\Session\Handlers\FileHandler' driver.
INFO - 2025-09-29 22:20:21 --> Session: Class initialized using 'CodeIgniter\Session\Handlers\FileHandler' driver.
INFO - 2025-09-29 22:20:46 --> Session: Class initialized using 'CodeIgniter\Session\Handlers\FileHandler' driver.
INFO - 2025-09-29 22:21:46 --> Session: Class initialized using 'CodeIgniter\Session\Handlers\FileHandler' driver.
INFO - 2025-09-29 22:22:46 --> Session: Class initialized using 'CodeIgniter\Session\Handlers\FileHandler' driver.
INFO - 2025-09-29 22:23:46 --> Session: Class initialized using 'CodeIgniter\Session\Handlers\FileHandler' driver.
INFO - 2025-09-29 22:24:46 --> Session: Class initialized using 'CodeIgniter\Session\Handlers\FileHandler' driver.
INFO - 2025-09-29 22:25:46 --> Session: Class initialized using 'CodeIgniter\Session\Handlers\FileHandler' driver.
INFO - 2025-09-29 22:26:46 --> Session: Class initialized using 'CodeIgniter\Session\Handlers\FileHandler' driver.
INFO - 2025-09-29 22:27:46 --> Session: Class initialized using 'CodeIgniter\Session\Handlers\FileHandler' driver.
INFO - 2025-09-29 22:28:37 --> Session: Class initialized using 'CodeIgniter\Session\Handlers\FileHandler' driver.
DEBUG - 2025-09-29 22:28:38 --> Ruta actual: /Tesina/public/energia/dispositivo/2
INFO - 2025-09-29 22:28:39 --> Session: Class initialized using 'CodeIgniter\Session\Handlers\FileHandler' driver.
DEBUG - 2025-09-29 22:28:39 --> Datos en sesión: Array
(
    [__ci_last_regenerate] => 1759195546
    [_ci_previous_url] => http://192.168.0.138/Tesina/public/energia/generarPDF/2?tarifa=820
    [id_usuario] => 1
    [nombre] => brunito
    [apellido] => barber
    [email] => brunocameille@alumnos.itr3.edu.ar
    [rol] => admin
    [logged_in] => 1
    [tarifa_kwh] => 820
)

INFO - 2025-09-29 22:28:41 --> Session: Class initialized using 'CodeIgniter\Session\Handlers\FileHandler' driver.
INFO - 2025-09-29 22:28:45 --> Session: Class initialized using 'CodeIgniter\Session\Handlers\FileHandler' driver.
INFO - 2025-09-29 22:28:50 --> Session: Class initialized using 'CodeIgniter\Session\Handlers\FileHandler' driver.
INFO - 2025-09-29 22:28:55 --> Session: Class initialized using 'CodeIgniter\Session\Handlers\FileHandler' driver.
INFO - 2025-09-29 22:29:00 --> Session: Class initialized using 'CodeIgniter\Session\Handlers\FileHandler' driver.
INFO - 2025-09-29 23:14:32 --> Session: Class initialized using 'CodeIgniter\Session\Handlers\FileHandler' driver.
DEBUG - 2025-09-29 23:14:34 --> Buscando usuario ID: 1
DEBUG - 2025-09-29 23:14:34 --> Resultado de la búsqueda: Array
(
    [id_usuario] => 1
    [nombre] => brunito
    [apellido] => barber
    [email] => brunocameille@alumnos.itr3.edu.ar
    [contrasena] => $2y$10$F4xQfULyrVhG1JD8Y21QR.vgn9Fzd257acxjmQqHQ3OYfEqBaAPb6
    [direccion_id] => 0
    [id_rol] => 1
    [created_at] => 2025-04-07 13:37:30
    [updated_at] => 2025-07-24 14:07:31
    [invitado_por] => 
    [estado] => activo
    [token_activacion] => 
)

INFO - 2025-09-29 23:14:39 --> Session: Class initialized using 'CodeIgniter\Session\Handlers\FileHandler' driver.
INFO - 2025-09-29 23:14:41 --> Session: Class initialized using 'CodeIgniter\Session\Handlers\FileHandler' driver.
INFO - 2025-09-29 23:14:44 --> Session: Class initialized using 'CodeIgniter\Session\Handlers\FileHandler' driver.
INFO - 2025-09-29 23:14:50 --> Session: Class initialized using 'CodeIgniter\Session\Handlers\FileHandler' driver.
INFO - 2025-09-29 23:14:54 --> Session: Class initialized using 'CodeIgniter\Session\Handlers\FileHandler' driver.
INFO - 2025-09-29 23:14:56 --> Session: Class initialized using 'CodeIgniter\Session\Handlers\FileHandler' driver.
INFO - 2025-09-29 23:15:00 --> Session: Class initialized using 'CodeIgniter\Session\Handlers\FileHandler' driver.
INFO - 2025-09-29 23:15:02 --> Session: Class initialized using 'CodeIgniter\Session\Handlers\FileHandler' driver.
INFO - 2025-09-29 23:15:04 --> Session: Class initialized using 'CodeIgniter\Session\Handlers\FileHandler' driver.
INFO - 2025-09-29 23:15:09 --> Session: Class initialized using 'CodeIgniter\Session\Handlers\FileHandler' driver.
INFO - 2025-09-29 23:15:14 --> Session: Class initialized using 'CodeIgniter\Session\Handlers\FileHandler' driver.
INFO - 2025-09-29 23:15:19 --> Session: Class initialized using 'CodeIgniter\Session\Handlers\FileHandler' driver.
INFO - 2025-09-29 23:15:24 --> Session: Class initialized using 'CodeIgniter\Session\Handlers\FileHandler' driver.
INFO - 2025-09-29 23:15:26 --> Session: Class initialized using 'CodeIgniter\Session\Handlers\FileHandler' driver.
INFO - 2025-09-29 23:15:29 --> Session: Class initialized using 'CodeIgniter\Session\Handlers\FileHandler' driver.
INFO - 2025-09-29 23:15:35 --> Session: Class initialized using 'CodeIgniter\Session\Handlers\FileHandler' driver.
INFO - 2025-09-29 23:15:39 --> Session: Class initialized using 'CodeIgniter\Session\Handlers\FileHandler' driver.
INFO - 2025-09-29 23:15:44 --> Session: Class initialized using 'CodeIgniter\Session\Handlers\FileHandler' driver.
INFO - 2025-09-29 23:15:50 --> Session: Class initialized using 'CodeIgniter\Session\Handlers\FileHandler' driver.
INFO - 2025-09-29 23:15:54 --> Session: Class initialized using 'CodeIgniter\Session\Handlers\FileHandler' driver.
INFO - 2025-09-29 23:16:00 --> Session: Class initialized using 'CodeIgniter\Session\Handlers\FileHandler' driver.
INFO - 2025-09-29 23:16:05 --> Session: Class initialized using 'CodeIgniter\Session\Handlers\FileHandler' driver.
INFO - 2025-09-29 23:16:10 --> Session: Class initialized using 'CodeIgniter\Session\Handlers\FileHandler' driver.
INFO - 2025-09-29 23:16:15 --> Session: Class initialized using 'CodeIgniter\Session\Handlers\FileHandler' driver.
INFO - 2025-09-29 23:16:20 --> Session: Class initialized using 'CodeIgniter\Session\Handlers\FileHandler' driver.
INFO - 2025-09-29 23:16:23 --> Session: Class initialized using 'CodeIgniter\Session\Handlers\FileHandler' driver.
INFO - 2025-09-29 23:16:24 --> Session: Class initialized using 'CodeIgniter\Session\Handlers\FileHandler' driver.
INFO - 2025-09-29 23:16:25 --> Session: Class initialized using 'CodeIgniter\Session\Handlers\FileHandler' driver.
INFO - 2025-09-29 23:16:26 --> Session: Class initialized using 'CodeIgniter\Session\Handlers\FileHandler' driver.
INFO - 2025-09-29 23:16:29 --> Session: Class initialized using 'CodeIgniter\Session\Handlers\FileHandler' driver.
INFO - 2025-09-29 23:16:30 --> Session: Class initialized using 'CodeIgniter\Session\Handlers\FileHandler' driver.
INFO - 2025-09-29 23:16:31 --> Session: Class initialized using 'CodeIgniter\Session\Handlers\FileHandler' driver.
INFO - 2025-09-29 23:16:35 --> Session: Class initialized using 'CodeIgniter\Session\Handlers\FileHandler' driver.
INFO - 2025-09-29 23:16:40 --> Session: Class initialized using 'CodeIgniter\Session\Handlers\FileHandler' driver.
INFO - 2025-09-29 23:16:45 --> Session: Class initialized using 'CodeIgniter\Session\Handlers\FileHandler' driver.
INFO - 2025-09-29 23:16:50 --> Session: Class initialized using 'CodeIgniter\Session\Handlers\FileHandler' driver.
INFO - 2025-09-29 23:16:55 --> Session: Class initialized using 'CodeIgniter\Session\Handlers\FileHandler' driver.
INFO - 2025-09-29 23:17:00 --> Session: Class initialized using 'CodeIgniter\Session\Handlers\FileHandler' driver.
INFO - 2025-09-29 23:17:05 --> Session: Class initialized using 'CodeIgniter\Session\Handlers\FileHandler' driver.
INFO - 2025-09-29 23:17:10 --> Session: Class initialized using 'CodeIgniter\Session\Handlers\FileHandler' driver.
INFO - 2025-09-29 23:17:14 --> Session: Class initialized using 'CodeIgniter\Session\Handlers\FileHandler' driver.
INFO - 2025-09-29 23:17:20 --> Session: Class initialized using 'CodeIgniter\Session\Handlers\FileHandler' driver.
INFO - 2025-09-29 23:17:25 --> Session: Class initialized using 'CodeIgniter\Session\Handlers\FileHandler' driver.
INFO - 2025-09-29 23:17:30 --> Session: Class initialized using 'CodeIgniter\Session\Handlers\FileHandler' driver.
INFO - 2025-09-29 23:17:35 --> Session: Class initialized using 'CodeIgniter\Session\Handlers\FileHandler' driver.
INFO - 2025-09-29 23:17:40 --> Session: Class initialized using 'CodeIgniter\Session\Handlers\FileHandler' driver.
INFO - 2025-09-29 23:17:45 --> Session: Class initialized using 'CodeIgniter\Session\Handlers\FileHandler' driver.
INFO - 2025-09-29 23:17:50 --> Session: Class initialized using 'CodeIgniter\Session\Handlers\FileHandler' driver.
INFO - 2025-09-29 23:17:55 --> Session: Class initialized using 'CodeIgniter\Session\Handlers\FileHandler' driver.
INFO - 2025-09-29 23:18:00 --> Session: Class initialized using 'CodeIgniter\Session\Handlers\FileHandler' driver.
INFO - 2025-09-29 23:18:05 --> Session: Class initialized using 'CodeIgniter\Session\Handlers\FileHandler' driver.
INFO - 2025-09-29 23:18:10 --> Session: Class initialized using 'CodeIgniter\Session\Handlers\FileHandler' driver.
INFO - 2025-09-29 23:18:15 --> Session: Class initialized using 'CodeIgniter\Session\Handlers\FileHandler' driver.
INFO - 2025-09-29 23:18:20 --> Session: Class initialized using 'CodeIgniter\Session\Handlers\FileHandler' driver.
INFO - 2025-09-29 23:18:25 --> Session: Class initialized using 'CodeIgniter\Session\Handlers\FileHandler' driver.
INFO - 2025-09-29 23:18:30 --> Session: Class initialized using 'CodeIgniter\Session\Handlers\FileHandler' driver.
INFO - 2025-09-29 23:18:35 --> Session: Class initialized using 'CodeIgniter\Session\Handlers\FileHandler' driver.
INFO - 2025-09-29 23:18:40 --> Session: Class initialized using 'CodeIgniter\Session\Handlers\FileHandler' driver.
INFO - 2025-09-29 23:18:45 --> Session: Class initialized using 'CodeIgniter\Session\Handlers\FileHandler' driver.
INFO - 2025-09-29 23:18:50 --> Session: Class initialized using 'CodeIgniter\Session\Handlers\FileHandler' driver.
INFO - 2025-09-29 23:18:55 --> Session: Class initialized using 'CodeIgniter\Session\Handlers\FileHandler' driver.
INFO - 2025-09-29 23:19:00 --> Session: Class initialized using 'CodeIgniter\Session\Handlers\FileHandler' driver.
INFO - 2025-09-29 23:19:05 --> Session: Class initialized using 'CodeIgniter\Session\Handlers\FileHandler' driver.
INFO - 2025-09-29 23:19:10 --> Session: Class initialized using 'CodeIgniter\Session\Handlers\FileHandler' driver.
INFO - 2025-09-29 23:19:15 --> Session: Class initialized using 'CodeIgniter\Session\Handlers\FileHandler' driver.
INFO - 2025-09-29 23:19:20 --> Session: Class initialized using 'CodeIgniter\Session\Handlers\FileHandler' driver.
INFO - 2025-09-29 23:19:25 --> Session: Class initialized using 'CodeIgniter\Session\Handlers\FileHandler' driver.
INFO - 2025-09-29 23:19:30 --> Session: Class initialized using 'CodeIgniter\Session\Handlers\FileHandler' driver.
INFO - 2025-09-29 23:19:35 --> Session: Class initialized using 'CodeIgniter\Session\Handlers\FileHandler' driver.
INFO - 2025-09-29 23:19:40 --> Session: Class initialized using 'CodeIgniter\Session\Handlers\FileHandler' driver.
INFO - 2025-09-29 23:19:45 --> Session: Class initialized using 'CodeIgniter\Session\Handlers\FileHandler' driver.
INFO - 2025-09-29 23:19:50 --> Session: Class initialized using 'CodeIgniter\Session\Handlers\FileHandler' driver.
INFO - 2025-09-29 23:19:55 --> Session: Class initialized using 'CodeIgniter\Session\Handlers\FileHandler' driver.
INFO - 2025-09-29 23:20:00 --> Session: Class initialized using 'CodeIgniter\Session\Handlers\FileHandler' driver.
INFO - 2025-09-29 23:20:05 --> Session: Class initialized using 'CodeIgniter\Session\Handlers\FileHandler' driver.
INFO - 2025-09-29 23:20:10 --> Session: Class initialized using 'CodeIgniter\Session\Handlers\FileHandler' driver.
INFO - 2025-09-29 23:20:15 --> Session: Class initialized using 'CodeIgniter\Session\Handlers\FileHandler' driver.
INFO - 2025-09-29 23:20:20 --> Session: Class initialized using 'CodeIgniter\Session\Handlers\FileHandler' driver.
INFO - 2025-09-29 23:20:25 --> Session: Class initialized using 'CodeIgniter\Session\Handlers\FileHandler' driver.
INFO - 2025-09-29 23:20:30 --> Session: Class initialized using 'CodeIgniter\Session\Handlers\FileHandler' driver.
INFO - 2025-09-29 23:20:35 --> Session: Class initialized using 'CodeIgniter\Session\Handlers\FileHandler' driver.
INFO - 2025-09-29 23:20:40 --> Session: Class initialized using 'CodeIgniter\Session\Handlers\FileHandler' driver.
INFO - 2025-09-29 23:20:45 --> Session: Class initialized using 'CodeIgniter\Session\Handlers\FileHandler' driver.
INFO - 2025-09-29 23:20:50 --> Session: Class initialized using 'CodeIgniter\Session\Handlers\FileHandler' driver.
INFO - 2025-09-29 23:20:55 --> Session: Class initialized using 'CodeIgniter\Session\Handlers\FileHandler' driver.
INFO - 2025-09-29 23:21:00 --> Session: Class initialized using 'CodeIgniter\Session\Handlers\FileHandler' driver.
INFO - 2025-09-29 23:21:05 --> Session: Class initialized using 'CodeIgniter\Session\Handlers\FileHandler' driver.
INFO - 2025-09-29 23:21:10 --> Session: Class initialized using 'CodeIgniter\Session\Handlers\FileHandler' driver.
INFO - 2025-09-29 23:21:15 --> Session: Class initialized using 'CodeIgniter\Session\Handlers\FileHandler' driver.
INFO - 2025-09-29 23:21:20 --> Session: Class initialized using 'CodeIgniter\Session\Handlers\FileHandler' driver.
INFO - 2025-09-29 23:21:25 --> Session: Class initialized using 'CodeIgniter\Session\Handlers\FileHandler' driver.
INFO - 2025-09-29 23:21:30 --> Session: Class initialized using 'CodeIgniter\Session\Handlers\FileHandler' driver.
INFO - 2025-09-29 23:21:35 --> Session: Class initialized using 'CodeIgniter\Session\Handlers\FileHandler' driver.
INFO - 2025-09-29 23:21:40 --> Session: Class initialized using 'CodeIgniter\Session\Handlers\FileHandler' driver.
INFO - 2025-09-29 23:21:45 --> Session: Class initialized using 'CodeIgniter\Session\Handlers\FileHandler' driver.
INFO - 2025-09-29 23:21:50 --> Session: Class initialized using 'CodeIgniter\Session\Handlers\FileHandler' driver.
INFO - 2025-09-29 23:21:55 --> Session: Class initialized using 'CodeIgniter\Session\Handlers\FileHandler' driver.
INFO - 2025-09-29 23:22:00 --> Session: Class initialized using 'CodeIgniter\Session\Handlers\FileHandler' driver.
INFO - 2025-09-29 23:22:05 --> Session: Class initialized using 'CodeIgniter\Session\Handlers\FileHandler' driver.
INFO - 2025-09-29 23:22:10 --> Session: Class initialized using 'CodeIgniter\Session\Handlers\FileHandler' driver.
INFO - 2025-09-29 23:22:15 --> Session: Class initialized using 'CodeIgniter\Session\Handlers\FileHandler' driver.
INFO - 2025-09-29 23:22:20 --> Session: Class initialized using 'CodeIgniter\Session\Handlers\FileHandler' driver.
INFO - 2025-09-29 23:22:25 --> Session: Class initialized using 'CodeIgniter\Session\Handlers\FileHandler' driver.
INFO - 2025-09-29 23:22:30 --> Session: Class initialized using 'CodeIgniter\Session\Handlers\FileHandler' driver.
INFO - 2025-09-29 23:22:35 --> Session: Class initialized using 'CodeIgniter\Session\Handlers\FileHandler' driver.
INFO - 2025-09-29 23:22:40 --> Session: Class initialized using 'CodeIgniter\Session\Handlers\FileHandler' driver.
INFO - 2025-09-29 23:22:45 --> Session: Class initialized using 'CodeIgniter\Session\Handlers\FileHandler' driver.
INFO - 2025-09-29 23:22:50 --> Session: Class initialized using 'CodeIgniter\Session\Handlers\FileHandler' driver.
INFO - 2025-09-29 23:22:55 --> Session: Class initialized using 'CodeIgniter\Session\Handlers\FileHandler' driver.
INFO - 2025-09-29 23:23:00 --> Session: Class initialized using 'CodeIgniter\Session\Handlers\FileHandler' driver.
INFO - 2025-09-29 23:23:05 --> Session: Class initialized using 'CodeIgniter\Session\Handlers\FileHandler' driver.
INFO - 2025-09-29 23:23:10 --> Session: Class initialized using 'CodeIgniter\Session\Handlers\FileHandler' driver.
INFO - 2025-09-29 23:23:15 --> Session: Class initialized using 'CodeIgniter\Session\Handlers\FileHandler' driver.
INFO - 2025-09-29 23:23:20 --> Session: Class initialized using 'CodeIgniter\Session\Handlers\FileHandler' driver.
INFO - 2025-09-29 23:23:25 --> Session: Class initialized using 'CodeIgniter\Session\Handlers\FileHandler' driver.
INFO - 2025-09-29 23:23:30 --> Session: Class initialized using 'CodeIgniter\Session\Handlers\FileHandler' driver.
INFO - 2025-09-29 23:23:35 --> Session: Class initialized using 'CodeIgniter\Session\Handlers\FileHandler' driver.
INFO - 2025-09-29 23:23:40 --> Session: Class initialized using 'CodeIgniter\Session\Handlers\FileHandler' driver.
INFO - 2025-09-29 23:23:45 --> Session: Class initialized using 'CodeIgniter\Session\Handlers\FileHandler' driver.
INFO - 2025-09-29 23:23:50 --> Session: Class initialized using 'CodeIgniter\Session\Handlers\FileHandler' driver.
INFO - 2025-09-29 23:23:55 --> Session: Class initialized using 'CodeIgniter\Session\Handlers\FileHandler' driver.
INFO - 2025-09-29 23:24:00 --> Session: Class initialized using 'CodeIgniter\Session\Handlers\FileHandler' driver.
INFO - 2025-09-29 23:24:05 --> Session: Class initialized using 'CodeIgniter\Session\Handlers\FileHandler' driver.
INFO - 2025-09-29 23:24:10 --> Session: Class initialized using 'CodeIgniter\Session\Handlers\FileHandler' driver.
INFO - 2025-09-29 23:24:15 --> Session: Class initialized using 'CodeIgniter\Session\Handlers\FileHandler' driver.
INFO - 2025-09-29 23:24:20 --> Session: Class initialized using 'CodeIgniter\Session\Handlers\FileHandler' driver.
INFO - 2025-09-29 23:24:25 --> Session: Class initialized using 'CodeIgniter\Session\Handlers\FileHandler' driver.
INFO - 2025-09-29 23:24:46 --> Session: Class initialized using 'CodeIgniter\Session\Handlers\FileHandler' driver.
INFO - 2025-09-29 23:25:46 --> Session: Class initialized using 'CodeIgniter\Session\Handlers\FileHandler' driver.
INFO - 2025-09-29 23:26:46 --> Session: Class initialized using 'CodeIgniter\Session\Handlers\FileHandler' driver.
INFO - 2025-09-29 23:27:46 --> Session: Class initialized using 'CodeIgniter\Session\Handlers\FileHandler' driver.
INFO - 2025-09-29 23:28:46 --> Session: Class initialized using 'CodeIgniter\Session\Handlers\FileHandler' driver.
INFO - 2025-09-29 23:29:42 --> Session: Class initialized using 'CodeIgniter\Session\Handlers\FileHandler' driver.
INFO - 2025-09-29 23:29:45 --> Session: Class initialized using 'CodeIgniter\Session\Handlers\FileHandler' driver.
INFO - 2025-09-29 23:29:48 --> Session: Class initialized using 'CodeIgniter\Session\Handlers\FileHandler' driver.
INFO - 2025-09-29 23:29:48 --> Session: Class initialized using 'CodeIgniter\Session\Handlers\FileHandler' driver.
INFO - 2025-09-29 23:29:48 --> Session: Class initialized using 'CodeIgniter\Session\Handlers\FileHandler' driver.
INFO - 2025-09-29 23:29:49 --> Session: Class initialized using 'CodeIgniter\Session\Handlers\FileHandler' driver.
INFO - 2025-09-29 23:29:50 --> Session: Class initialized using 'CodeIgniter\Session\Handlers\FileHandler' driver.
DEBUG - 2025-09-29 23:29:52 --> Ruta actual: /Tesina/public/energia/generarPDF/2
INFO - 2025-09-29 23:29:52 --> Session: Class initialized using 'CodeIgniter\Session\Handlers\FileHandler' driver.
DEBUG - 2025-09-29 23:29:52 --> Datos en sesión: Array
(
    [__ci_last_regenerate] => 1759199388
    [_ci_previous_url] => http://192.168.0.138/Tesina/public/energia/dispositivo/2
    [id_usuario] => 1
    [nombre] => brunito
    [apellido] => barber
    [email] => brunocameille@alumnos.itr3.edu.ar
    [rol] => admin
    [logged_in] => 1
    [tarifa_kwh] => 215
)

INFO - 2025-09-29 23:29:52 --> PDF: dispositivo=2 mes= rango=2025-09-01 00:00:00 -> 2025-09-30 23:59:59
INFO - 2025-09-29 23:29:52 --> PDF: totalLecturas=366
INFO - 2025-09-29 23:29:52 --> PDF: total_kwh=3.1868 v_prom=107.54087431694 i_prom=2.1168081967213 p_prom=449.29333333333
INFO - 2025-09-29 23:29:52 --> PDF: tarifaParam='215' tarifaSession=215.0
INFO - 2025-09-29 23:29:52 --> PDF: precioKwh=215 precioTotal=685.162
ERROR - 2025-09-29 23:29:52 --> Error generando PDF: The PHP GD extension is required, but is not installed.
DEBUG - 2025-09-29 23:29:53 --> Ruta actual: /Tesina/public/energia/dispositivo/2
INFO - 2025-09-29 23:29:53 --> Session: Class initialized using 'CodeIgniter\Session\Handlers\FileHandler' driver.
DEBUG - 2025-09-29 23:29:53 --> Datos en sesión: Array
(
    [__ci_last_regenerate] => 1759199388
    [_ci_previous_url] => http://192.168.0.138/Tesina/public/energia/dispositivo/2
    [id_usuario] => 1
    [nombre] => brunito
    [apellido] => barber
    [email] => brunocameille@alumnos.itr3.edu.ar
    [rol] => admin
    [logged_in] => 1
    [tarifa_kwh] => 215
)

INFO - 2025-09-29 23:29:54 --> Session: Class initialized using 'CodeIgniter\Session\Handlers\FileHandler' driver.
INFO - 2025-09-29 23:29:56 --> Session: Class initialized using 'CodeIgniter\Session\Handlers\FileHandler' driver.
INFO - 2025-09-29 23:29:58 --> Session: Class initialized using 'CodeIgniter\Session\Handlers\FileHandler' driver.
INFO - 2025-09-29 23:30:00 --> Session: Class initialized using 'CodeIgniter\Session\Handlers\FileHandler' driver.
DEBUG - 2025-09-29 23:30:04 --> Ruta actual: /Tesina/public/energia/generarPDF/2
INFO - 2025-09-29 23:30:04 --> Session: Class initialized using 'CodeIgniter\Session\Handlers\FileHandler' driver.
DEBUG - 2025-09-29 23:30:04 --> Datos en sesión: Array
(
    [__ci_last_regenerate] => 1759199388
    [_ci_previous_url] => http://192.168.0.138/Tesina/public/energia/dispositivo/2
    [id_usuario] => 1
    [nombre] => brunito
    [apellido] => barber
    [email] => brunocameille@alumnos.itr3.edu.ar
    [rol] => admin
    [logged_in] => 1
    [tarifa_kwh] => 215
)

INFO - 2025-09-29 23:30:04 --> PDF: dispositivo=2 mes= rango=2025-09-01 00:00:00 -> 2025-09-30 23:59:59
INFO - 2025-09-29 23:30:04 --> PDF: totalLecturas=366
INFO - 2025-09-29 23:30:04 --> PDF: total_kwh=3.1868 v_prom=107.54087431694 i_prom=2.1168081967213 p_prom=449.29333333333
INFO - 2025-09-29 23:30:04 --> PDF: tarifaParam='215' tarifaSession=215.0
INFO - 2025-09-29 23:30:04 --> PDF: precioKwh=215 precioTotal=685.162
ERROR - 2025-09-29 23:30:04 --> Error generando PDF: The PHP GD extension is required, but is not installed.
DEBUG - 2025-09-29 23:30:05 --> Ruta actual: /Tesina/public/energia/dispositivo/2
INFO - 2025-09-29 23:30:05 --> Session: Class initialized using 'CodeIgniter\Session\Handlers\FileHandler' driver.
DEBUG - 2025-09-29 23:30:05 --> Datos en sesión: Array
(
    [__ci_last_regenerate] => 1759199388
    [_ci_previous_url] => http://192.168.0.138/Tesina/public/energia/dispositivo/2
    [id_usuario] => 1
    [nombre] => brunito
    [apellido] => barber
    [email] => brunocameille@alumnos.itr3.edu.ar
    [rol] => admin
    [logged_in] => 1
    [tarifa_kwh] => 215
)

INFO - 2025-09-29 23:30:05 --> Session: Class initialized using 'CodeIgniter\Session\Handlers\FileHandler' driver.
INFO - 2025-09-29 23:30:10 --> Session: Class initialized using 'CodeIgniter\Session\Handlers\FileHandler' driver.
INFO - 2025-09-29 23:30:15 --> Session: Class initialized using 'CodeIgniter\Session\Handlers\FileHandler' driver.
INFO - 2025-09-29 23:30:20 --> Session: Class initialized using 'CodeIgniter\Session\Handlers\FileHandler' driver.
INFO - 2025-09-29 23:30:25 --> Session: Class initialized using 'CodeIgniter\Session\Handlers\FileHandler' driver.
INFO - 2025-09-29 23:30:30 --> Session: Class initialized using 'CodeIgniter\Session\Handlers\FileHandler' driver.
INFO - 2025-09-29 23:30:35 --> Session: Class initialized using 'CodeIgniter\Session\Handlers\FileHandler' driver.
INFO - 2025-09-29 23:30:40 --> Session: Class initialized using 'CodeIgniter\Session\Handlers\FileHandler' driver.
INFO - 2025-09-29 23:30:45 --> Session: Class initialized using 'CodeIgniter\Session\Handlers\FileHandler' driver.
INFO - 2025-09-29 23:30:50 --> Session: Class initialized using 'CodeIgniter\Session\Handlers\FileHandler' driver.
INFO - 2025-09-29 23:30:55 --> Session: Class initialized using 'CodeIgniter\Session\Handlers\FileHandler' driver.
INFO - 2025-09-29 23:31:00 --> Session: Class initialized using 'CodeIgniter\Session\Handlers\FileHandler' driver.
INFO - 2025-09-29 23:31:05 --> Session: Class initialized using 'CodeIgniter\Session\Handlers\FileHandler' driver.
INFO - 2025-09-29 23:31:10 --> Session: Class initialized using 'CodeIgniter\Session\Handlers\FileHandler' driver.
INFO - 2025-09-29 23:31:46 --> Session: Class initialized using 'CodeIgniter\Session\Handlers\FileHandler' driver.
INFO - 2025-09-29 23:32:46 --> Session: Class initialized using 'CodeIgniter\Session\Handlers\FileHandler' driver.
INFO - 2025-09-29 23:33:46 --> Session: Class initialized using 'CodeIgniter\Session\Handlers\FileHandler' driver.
DEBUG - 2025-09-29 23:33:49 --> Ruta actual: /Tesina/public/energia/dispositivo/2
INFO - 2025-09-29 23:33:49 --> Session: Class initialized using 'CodeIgniter\Session\Handlers\FileHandler' driver.
DEBUG - 2025-09-29 23:33:49 --> Datos en sesión: Array
(
    [__ci_last_regenerate] => 1759199388
    [_ci_previous_url] => http://192.168.0.138/Tesina/public/energia/dispositivo/2
    [id_usuario] => 1
    [nombre] => brunito
    [apellido] => barber
    [email] => brunocameille@alumnos.itr3.edu.ar
    [rol] => admin
    [logged_in] => 1
    [tarifa_kwh] => 215
)

INFO - 2025-09-29 23:33:51 --> Session: Class initialized using 'CodeIgniter\Session\Handlers\FileHandler' driver.
INFO - 2025-09-29 23:33:52 --> Session: Class initialized using 'CodeIgniter\Session\Handlers\FileHandler' driver.
INFO - 2025-09-29 23:33:52 --> Session: Class initialized using 'CodeIgniter\Session\Handlers\FileHandler' driver.
INFO - 2025-09-29 23:33:52 --> Session: Class initialized using 'CodeIgniter\Session\Handlers\FileHandler' driver.
INFO - 2025-09-29 23:33:52 --> Session: Class initialized using 'CodeIgniter\Session\Handlers\FileHandler' driver.
INFO - 2025-09-29 23:33:53 --> Session: Class initialized using 'CodeIgniter\Session\Handlers\FileHandler' driver.
DEBUG - 2025-09-29 23:33:54 --> Ruta actual: /Tesina/public/energia/generarPDF/2
INFO - 2025-09-29 23:33:54 --> Session: Class initialized using 'CodeIgniter\Session\Handlers\FileHandler' driver.
DEBUG - 2025-09-29 23:33:54 --> Datos en sesión: Array
(
    [__ci_last_regenerate] => 1759199388
    [_ci_previous_url] => http://192.168.0.138/Tesina/public/energia/dispositivo/2
    [id_usuario] => 1
    [nombre] => brunito
    [apellido] => barber
    [email] => brunocameille@alumnos.itr3.edu.ar
    [rol] => admin
    [logged_in] => 1
    [tarifa_kwh] => 5565
)

INFO - 2025-09-29 23:33:55 --> Session: Class initialized using 'CodeIgniter\Session\Handlers\FileHandler' driver.
INFO - 2025-09-29 23:34:00 --> Session: Class initialized using 'CodeIgniter\Session\Handlers\FileHandler' driver.
INFO - 2025-09-29 23:34:05 --> Session: Class initialized using 'CodeIgniter\Session\Handlers\FileHandler' driver.
INFO - 2025-09-29 23:34:10 --> Session: Class initialized using 'CodeIgniter\Session\Handlers\FileHandler' driver.
INFO - 2025-09-29 23:34:15 --> Session: Class initialized using 'CodeIgniter\Session\Handlers\FileHandler' driver.
INFO - 2025-09-29 23:34:20 --> Session: Class initialized using 'CodeIgniter\Session\Handlers\FileHandler' driver.
INFO - 2025-09-29 23:34:25 --> Session: Class initialized using 'CodeIgniter\Session\Handlers\FileHandler' driver.
INFO - 2025-09-29 23:34:30 --> Session: Class initialized using 'CodeIgniter\Session\Handlers\FileHandler' driver.
INFO - 2025-09-29 23:34:35 --> Session: Class initialized using 'CodeIgniter\Session\Handlers\FileHandler' driver.
INFO - 2025-09-29 23:34:40 --> Session: Class initialized using 'CodeIgniter\Session\Handlers\FileHandler' driver.
INFO - 2025-09-29 23:34:45 --> Session: Class initialized using 'CodeIgniter\Session\Handlers\FileHandler' driver.
INFO - 2025-09-29 23:34:50 --> Session: Class initialized using 'CodeIgniter\Session\Handlers\FileHandler' driver.
INFO - 2025-09-29 23:34:55 --> Session: Class initialized using 'CodeIgniter\Session\Handlers\FileHandler' driver.
INFO - 2025-09-29 23:35:46 --> Session: Class initialized using 'CodeIgniter\Session\Handlers\FileHandler' driver.
INFO - 2025-09-29 23:36:46 --> Session: Class initialized using 'CodeIgniter\Session\Handlers\FileHandler' driver.
INFO - 2025-09-29 23:37:46 --> Session: Class initialized using 'CodeIgniter\Session\Handlers\FileHandler' driver.
INFO - 2025-09-29 23:38:31 --> Session: Class initialized using 'CodeIgniter\Session\Handlers\FileHandler' driver.
INFO - 2025-09-29 23:38:35 --> Session: Class initialized using 'CodeIgniter\Session\Handlers\FileHandler' driver.
INFO - 2025-09-29 23:38:38 --> Session: Class initialized using 'CodeIgniter\Session\Handlers\FileHandler' driver.
INFO - 2025-09-29 23:38:38 --> Session: Class initialized using 'CodeIgniter\Session\Handlers\FileHandler' driver.
INFO - 2025-09-29 23:38:38 --> Session: Class initialized using 'CodeIgniter\Session\Handlers\FileHandler' driver.
INFO - 2025-09-29 23:38:38 --> Session: Class initialized using 'CodeIgniter\Session\Handlers\FileHandler' driver.
INFO - 2025-09-29 23:38:38 --> Session: Class initialized using 'CodeIgniter\Session\Handlers\FileHandler' driver.
INFO - 2025-09-29 23:38:39 --> Session: Class initialized using 'CodeIgniter\Session\Handlers\FileHandler' driver.
INFO - 2025-09-29 23:38:40 --> Session: Class initialized using 'CodeIgniter\Session\Handlers\FileHandler' driver.
DEBUG - 2025-09-29 23:38:40 --> Ruta actual: /Tesina/public/energia/generarPDF/2
INFO - 2025-09-29 23:38:41 --> Session: Class initialized using 'CodeIgniter\Session\Handlers\FileHandler' driver.
DEBUG - 2025-09-29 23:38:41 --> Datos en sesión: Array
(
    [__ci_last_regenerate] => 1759199690
    [_ci_previous_url] => http://192.168.0.138/Tesina/public/energia/generarPDF/2?tarifa=5565
    [id_usuario] => 1
    [nombre] => brunito
    [apellido] => barber
    [email] => brunocameille@alumnos.itr3.edu.ar
    [rol] => admin
    [logged_in] => 1
    [tarifa_kwh] => 63355
)

INFO - 2025-09-29 23:38:45 --> Session: Class initialized using 'CodeIgniter\Session\Handlers\FileHandler' driver.
INFO - 2025-09-29 23:38:50 --> Session: Class initialized using 'CodeIgniter\Session\Handlers\FileHandler' driver.
INFO - 2025-09-29 23:38:55 --> Session: Class initialized using 'CodeIgniter\Session\Handlers\FileHandler' driver.
INFO - 2025-09-29 23:39:00 --> Session: Class initialized using 'CodeIgniter\Session\Handlers\FileHandler' driver.
INFO - 2025-09-29 23:39:05 --> Session: Class initialized using 'CodeIgniter\Session\Handlers\FileHandler' driver.
INFO - 2025-09-29 23:39:10 --> Session: Class initialized using 'CodeIgniter\Session\Handlers\FileHandler' driver.
INFO - 2025-09-29 23:39:15 --> Session: Class initialized using 'CodeIgniter\Session\Handlers\FileHandler' driver.
INFO - 2025-09-29 23:39:20 --> Session: Class initialized using 'CodeIgniter\Session\Handlers\FileHandler' driver.
INFO - 2025-09-29 23:39:25 --> Session: Class initialized using 'CodeIgniter\Session\Handlers\FileHandler' driver.
INFO - 2025-09-29 23:39:30 --> Session: Class initialized using 'CodeIgniter\Session\Handlers\FileHandler' driver.
INFO - 2025-09-29 23:39:35 --> Session: Class initialized using 'CodeIgniter\Session\Handlers\FileHandler' driver.
INFO - 2025-09-29 23:39:40 --> Session: Class initialized using 'CodeIgniter\Session\Handlers\FileHandler' driver.
INFO - 2025-09-29 23:39:45 --> Session: Class initialized using 'CodeIgniter\Session\Handlers\FileHandler' driver.
INFO - 2025-09-29 23:39:50 --> Session: Class initialized using 'CodeIgniter\Session\Handlers\FileHandler' driver.
INFO - 2025-09-29 23:39:55 --> Session: Class initialized using 'CodeIgniter\Session\Handlers\FileHandler' driver.
INFO - 2025-09-29 23:40:00 --> Session: Class initialized using 'CodeIgniter\Session\Handlers\FileHandler' driver.
INFO - 2025-09-29 23:40:05 --> Session: Class initialized using 'CodeIgniter\Session\Handlers\FileHandler' driver.
INFO - 2025-09-29 23:40:10 --> Session: Class initialized using 'CodeIgniter\Session\Handlers\FileHandler' driver.
INFO - 2025-09-29 23:40:15 --> Session: Class initialized using 'CodeIgniter\Session\Handlers\FileHandler' driver.
INFO - 2025-09-29 23:40:20 --> Session: Class initialized using 'CodeIgniter\Session\Handlers\FileHandler' driver.
INFO - 2025-09-29 23:40:46 --> Session: Class initialized using 'CodeIgniter\Session\Handlers\FileHandler' driver.
INFO - 2025-09-29 23:41:46 --> Session: Class initialized using 'CodeIgniter\Session\Handlers\FileHandler' driver.
INFO - 2025-09-29 23:41:50 --> Session: Class initialized using 'CodeIgniter\Session\Handlers\FileHandler' driver.
DEBUG - 2025-09-29 23:41:53 --> Ruta actual: /Tesina/public/energia/generarPDF/2
INFO - 2025-09-29 23:41:53 --> Session: Class initialized using 'CodeIgniter\Session\Handlers\FileHandler' driver.
DEBUG - 2025-09-29 23:41:53 --> Datos en sesión: Array
(
    [__ci_last_regenerate] => 1759199995
    [_ci_previous_url] => http://192.168.0.138/Tesina/public/energia/generarPDF/2?tarifa=63355
    [id_usuario] => 1
    [nombre] => brunito
    [apellido] => barber
    [email] => brunocameille@alumnos.itr3.edu.ar
    [rol] => admin
    [logged_in] => 1
    [tarifa_kwh] => 63355
)

INFO - 2025-09-29 23:41:55 --> Session: Class initialized using 'CodeIgniter\Session\Handlers\FileHandler' driver.
INFO - 2025-09-29 23:42:00 --> Session: Class initialized using 'CodeIgniter\Session\Handlers\FileHandler' driver.
INFO - 2025-09-29 23:42:05 --> Session: Class initialized using 'CodeIgniter\Session\Handlers\FileHandler' driver.
INFO - 2025-09-29 23:42:10 --> Session: Class initialized using 'CodeIgniter\Session\Handlers\FileHandler' driver.
INFO - 2025-09-29 23:42:15 --> Session: Class initialized using 'CodeIgniter\Session\Handlers\FileHandler' driver.
INFO - 2025-09-29 23:42:20 --> Session: Class initialized using 'CodeIgniter\Session\Handlers\FileHandler' driver.
INFO - 2025-09-29 23:42:25 --> Session: Class initialized using 'CodeIgniter\Session\Handlers\FileHandler' driver.
INFO - 2025-09-29 23:42:30 --> Session: Class initialized using 'CodeIgniter\Session\Handlers\FileHandler' driver.
INFO - 2025-09-29 23:42:35 --> Session: Class initialized using 'CodeIgniter\Session\Handlers\FileHandler' driver.
INFO - 2025-09-29 23:42:40 --> Session: Class initialized using 'CodeIgniter\Session\Handlers\FileHandler' driver.
INFO - 2025-09-29 23:42:46 --> Session: Class initialized using 'CodeIgniter\Session\Handlers\FileHandler' driver.
INFO - 2025-09-29 23:42:50 --> Session: Class initialized using 'CodeIgniter\Session\Handlers\FileHandler' driver.
INFO - 2025-09-29 23:42:55 --> Session: Class initialized using 'CodeIgniter\Session\Handlers\FileHandler' driver.
INFO - 2025-09-29 23:43:01 --> Session: Class initialized using 'CodeIgniter\Session\Handlers\FileHandler' driver.
INFO - 2025-09-29 23:43:05 --> Session: Class initialized using 'CodeIgniter\Session\Handlers\FileHandler' driver.
INFO - 2025-09-29 23:43:10 --> Session: Class initialized using 'CodeIgniter\Session\Handlers\FileHandler' driver.
INFO - 2025-09-29 23:43:15 --> Session: Class initialized using 'CodeIgniter\Session\Handlers\FileHandler' driver.
INFO - 2025-09-29 23:43:20 --> Session: Class initialized using 'CodeIgniter\Session\Handlers\FileHandler' driver.
INFO - 2025-09-29 23:43:25 --> Session: Class initialized using 'CodeIgniter\Session\Handlers\FileHandler' driver.
INFO - 2025-09-29 23:43:30 --> Session: Class initialized using 'CodeIgniter\Session\Handlers\FileHandler' driver.
INFO - 2025-09-29 23:43:46 --> Session: Class initialized using 'CodeIgniter\Session\Handlers\FileHandler' driver.
INFO - 2025-09-29 23:44:46 --> Session: Class initialized using 'CodeIgniter\Session\Handlers\FileHandler' driver.
INFO - 2025-09-29 23:45:46 --> Session: Class initialized using 'CodeIgniter\Session\Handlers\FileHandler' driver.
INFO - 2025-09-29 23:46:46 --> Session: Class initialized using 'CodeIgniter\Session\Handlers\FileHandler' driver.
INFO - 2025-09-29 23:47:46 --> Session: Class initialized using 'CodeIgniter\Session\Handlers\FileHandler' driver.
INFO - 2025-09-29 23:48:46 --> Session: Class initialized using 'CodeIgniter\Session\Handlers\FileHandler' driver.
INFO - 2025-09-29 23:49:46 --> Session: Class initialized using 'CodeIgniter\Session\Handlers\FileHandler' driver.
INFO - 2025-09-29 23:50:08 --> Session: Class initialized using 'CodeIgniter\Session\Handlers\FileHandler' driver.
INFO - 2025-09-29 23:50:10 --> Session: Class initialized using 'CodeIgniter\Session\Handlers\FileHandler' driver.
DEBUG - 2025-09-29 23:50:10 --> Ruta actual: /Tesina/public/energia/dispositivo/2
INFO - 2025-09-29 23:50:12 --> Session: Class initialized using 'CodeIgniter\Session\Handlers\FileHandler' driver.
DEBUG - 2025-09-29 23:50:12 --> Datos en sesión: Array
(
    [__ci_last_regenerate] => 1759200346
    [_ci_previous_url] => http://192.168.0.138/Tesina/public/energia/generarPDF/2?tarifa=63355
    [id_usuario] => 1
    [nombre] => brunito
    [apellido] => barber
    [email] => brunocameille@alumnos.itr3.edu.ar
    [rol] => admin
    [logged_in] => 1
    [tarifa_kwh] => 63355
)

INFO - 2025-09-29 23:50:13 --> Session: Class initialized using 'CodeIgniter\Session\Handlers\FileHandler' driver.
INFO - 2025-09-29 23:50:17 --> Session: Class initialized using 'CodeIgniter\Session\Handlers\FileHandler' driver.
INFO - 2025-09-29 23:50:22 --> Session: Class initialized using 'CodeIgniter\Session\Handlers\FileHandler' driver.
INFO - 2025-09-29 23:50:27 --> Session: Class initialized using 'CodeIgniter\Session\Handlers\FileHandler' driver.
INFO - 2025-09-29 23:50:32 --> Session: Class initialized using 'CodeIgniter\Session\Handlers\FileHandler' driver.
INFO - 2025-09-29 23:50:37 --> Session: Class initialized using 'CodeIgniter\Session\Handlers\FileHandler' driver.
INFO - 2025-09-29 23:50:42 --> Session: Class initialized using 'CodeIgniter\Session\Handlers\FileHandler' driver.
INFO - 2025-09-29 23:50:47 --> Session: Class initialized using 'CodeIgniter\Session\Handlers\FileHandler' driver.
INFO - 2025-09-29 23:50:52 --> Session: Class initialized using 'CodeIgniter\Session\Handlers\FileHandler' driver.
INFO - 2025-09-29 23:50:57 --> Session: Class initialized using 'CodeIgniter\Session\Handlers\FileHandler' driver.
INFO - 2025-09-29 23:51:02 --> Session: Class initialized using 'CodeIgniter\Session\Handlers\FileHandler' driver.
INFO - 2025-09-29 23:51:07 --> Session: Class initialized using 'CodeIgniter\Session\Handlers\FileHandler' driver.
INFO - 2025-09-29 23:51:12 --> Session: Class initialized using 'CodeIgniter\Session\Handlers\FileHandler' driver.
INFO - 2025-09-29 23:51:17 --> Session: Class initialized using 'CodeIgniter\Session\Handlers\FileHandler' driver.
INFO - 2025-09-29 23:51:22 --> Session: Class initialized using 'CodeIgniter\Session\Handlers\FileHandler' driver.
INFO - 2025-09-29 23:51:27 --> Session: Class initialized using 'CodeIgniter\Session\Handlers\FileHandler' driver.
INFO - 2025-09-29 23:51:32 --> Session: Class initialized using 'CodeIgniter\Session\Handlers\FileHandler' driver.
INFO - 2025-09-29 23:51:46 --> Session: Class initialized using 'CodeIgniter\Session\Handlers\FileHandler' driver.
INFO - 2025-09-29 23:52:46 --> Session: Class initialized using 'CodeIgniter\Session\Handlers\FileHandler' driver.
INFO - 2025-09-29 23:53:46 --> Session: Class initialized using 'CodeIgniter\Session\Handlers\FileHandler' driver.
INFO - 2025-09-29 23:54:46 --> Session: Class initialized using 'CodeIgniter\Session\Handlers\FileHandler' driver.
INFO - 2025-09-29 23:55:35 --> Session: Class initialized using 'CodeIgniter\Session\Handlers\FileHandler' driver.
DEBUG - 2025-09-29 23:55:36 --> Ruta actual: /Tesina/public/energia/dispositivo/2
INFO - 2025-09-29 23:55:36 --> Session: Class initialized using 'CodeIgniter\Session\Handlers\FileHandler' driver.
DEBUG - 2025-09-29 23:55:36 --> Datos en sesión: Array
(
    [__ci_last_regenerate] => 1759200647
    [_ci_previous_url] => http://192.168.0.138/Tesina/public/energia/dispositivo/2
    [id_usuario] => 1
    [nombre] => brunito
    [apellido] => barber
    [email] => brunocameille@alumnos.itr3.edu.ar
    [rol] => admin
    [logged_in] => 1
    [tarifa_kwh] => 63355
)

INFO - 2025-09-29 23:55:38 --> Session: Class initialized using 'CodeIgniter\Session\Handlers\FileHandler' driver.
INFO - 2025-09-29 23:55:42 --> Session: Class initialized using 'CodeIgniter\Session\Handlers\FileHandler' driver.
DEBUG - 2025-09-29 23:55:46 --> Ruta actual: /Tesina/public/energia/dispositivo/2
INFO - 2025-09-29 23:55:46 --> Session: Class initialized using 'CodeIgniter\Session\Handlers\FileHandler' driver.
DEBUG - 2025-09-29 23:55:46 --> Datos en sesión: Array
(
    [__ci_last_regenerate] => 1759200647
    [_ci_previous_url] => http://192.168.0.138/Tesina/public/energia/dispositivo/2
    [id_usuario] => 1
    [nombre] => brunito
    [apellido] => barber
    [email] => brunocameille@alumnos.itr3.edu.ar
    [rol] => admin
    [logged_in] => 1
    [tarifa_kwh] => 63355
)

INFO - 2025-09-29 23:55:47 --> Session: Class initialized using 'CodeIgniter\Session\Handlers\FileHandler' driver.
INFO - 2025-09-29 23:55:51 --> Session: Class initialized using 'CodeIgniter\Session\Handlers\FileHandler' driver.
INFO - 2025-09-29 23:55:56 --> Session: Class initialized using 'CodeIgniter\Session\Handlers\FileHandler' driver.
INFO - 2025-09-29 23:56:01 --> Session: Class initialized using 'CodeIgniter\Session\Handlers\FileHandler' driver.
INFO - 2025-09-29 23:56:06 --> Session: Class initialized using 'CodeIgniter\Session\Handlers\FileHandler' driver.
INFO - 2025-09-29 23:56:11 --> Session: Class initialized using 'CodeIgniter\Session\Handlers\FileHandler' driver.
INFO - 2025-09-29 23:56:16 --> Session: Class initialized using 'CodeIgniter\Session\Handlers\FileHandler' driver.
INFO - 2025-09-29 23:56:21 --> Session: Class initialized using 'CodeIgniter\Session\Handlers\FileHandler' driver.
INFO - 2025-09-29 23:56:26 --> Session: Class initialized using 'CodeIgniter\Session\Handlers\FileHandler' driver.
INFO - 2025-09-29 23:56:31 --> Session: Class initialized using 'CodeIgniter\Session\Handlers\FileHandler' driver.
INFO - 2025-09-29 23:56:36 --> Session: Class initialized using 'CodeIgniter\Session\Handlers\FileHandler' driver.
INFO - 2025-09-29 23:56:41 --> Session: Class initialized using 'CodeIgniter\Session\Handlers\FileHandler' driver.
INFO - 2025-09-29 23:56:46 --> Session: Class initialized using 'CodeIgniter\Session\Handlers\FileHandler' driver.
INFO - 2025-09-29 23:57:46 --> Session: Class initialized using 'CodeIgniter\Session\Handlers\FileHandler' driver.
INFO - 2025-09-29 23:58:03 --> Session: Class initialized using 'CodeIgniter\Session\Handlers\FileHandler' driver.
DEBUG - 2025-09-29 23:58:05 --> Ruta actual: /Tesina/public/energia/dispositivo/2
INFO - 2025-09-29 23:58:05 --> Session: Class initialized using 'CodeIgniter\Session\Handlers\FileHandler' driver.
DEBUG - 2025-09-29 23:58:05 --> Datos en sesión: Array
(
    [__ci_last_regenerate] => 1759200951
    [_ci_previous_url] => http://192.168.0.138/Tesina/public/energia/dispositivo/2
    [id_usuario] => 1
    [nombre] => brunito
    [apellido] => barber
    [email] => brunocameille@alumnos.itr3.edu.ar
    [rol] => admin
    [logged_in] => 1
    [tarifa_kwh] => 63355
)

INFO - 2025-09-29 23:58:07 --> Session: Class initialized using 'CodeIgniter\Session\Handlers\FileHandler' driver.
INFO - 2025-09-29 23:58:11 --> Session: Class initialized using 'CodeIgniter\Session\Handlers\FileHandler' driver.
INFO - 2025-09-29 23:58:16 --> Session: Class initialized using 'CodeIgniter\Session\Handlers\FileHandler' driver.
INFO - 2025-09-29 23:58:21 --> Session: Class initialized using 'CodeIgniter\Session\Handlers\FileHandler' driver.
INFO - 2025-09-29 23:58:26 --> Session: Class initialized using 'CodeIgniter\Session\Handlers\FileHandler' driver.
INFO - 2025-09-29 23:58:31 --> Session: Class initialized using 'CodeIgniter\Session\Handlers\FileHandler' driver.
INFO - 2025-09-29 23:58:36 --> Session: Class initialized using 'CodeIgniter\Session\Handlers\FileHandler' driver.
INFO - 2025-09-29 23:58:41 --> Session: Class initialized using 'CodeIgniter\Session\Handlers\FileHandler' driver.
INFO - 2025-09-29 23:58:46 --> Session: Class initialized using 'CodeIgniter\Session\Handlers\FileHandler' driver.
INFO - 2025-09-29 23:58:51 --> Session: Class initialized using 'CodeIgniter\Session\Handlers\FileHandler' driver.
INFO - 2025-09-29 23:58:56 --> Session: Class initialized using 'CodeIgniter\Session\Handlers\FileHandler' driver.
DEBUG - 2025-09-29 23:58:56 --> Ruta actual: /Tesina/public/energia/dispositivo/2
INFO - 2025-09-29 23:58:57 --> Session: Class initialized using 'CodeIgniter\Session\Handlers\FileHandler' driver.
DEBUG - 2025-09-29 23:58:57 --> Datos en sesión: Array
(
    [__ci_last_regenerate] => 1759200951
    [_ci_previous_url] => http://192.168.0.138/Tesina/public/energia/dispositivo/2
    [id_usuario] => 1
    [nombre] => brunito
    [apellido] => barber
    [email] => brunocameille@alumnos.itr3.edu.ar
    [rol] => admin
    [logged_in] => 1
    [tarifa_kwh] => 63355
)

INFO - 2025-09-29 23:58:59 --> Session: Class initialized using 'CodeIgniter\Session\Handlers\FileHandler' driver.
INFO - 2025-09-29 23:59:03 --> Session: Class initialized using 'CodeIgniter\Session\Handlers\FileHandler' driver.
INFO - 2025-09-29 23:59:08 --> Session: Class initialized using 'CodeIgniter\Session\Handlers\FileHandler' driver.
INFO - 2025-09-29 23:59:13 --> Session: Class initialized using 'CodeIgniter\Session\Handlers\FileHandler' driver.
INFO - 2025-09-29 23:59:18 --> Session: Class initialized using 'CodeIgniter\Session\Handlers\FileHandler' driver.
INFO - 2025-09-29 23:59:23 --> Session: Class initialized using 'CodeIgniter\Session\Handlers\FileHandler' driver.
INFO - 2025-09-29 23:59:28 --> Session: Class initialized using 'CodeIgniter\Session\Handlers\FileHandler' driver.
INFO - 2025-09-29 23:59:33 --> Session: Class initialized using 'CodeIgniter\Session\Handlers\FileHandler' driver.
INFO - 2025-09-29 23:59:38 --> Session: Class initialized using 'CodeIgniter\Session\Handlers\FileHandler' driver.
INFO - 2025-09-29 23:59:43 --> Session: Class initialized using 'CodeIgniter\Session\Handlers\FileHandler' driver.
INFO - 2025-09-29 23:59:48 --> Session: Class initialized using 'CodeIgniter\Session\Handlers\FileHandler' driver.
INFO - 2025-09-29 23:59:53 --> Session: Class initialized using 'CodeIgniter\Session\Handlers\FileHandler' driver.
INFO - 2025-09-29 23:59:58 --> Session: Class initialized using 'CodeIgniter\Session\Handlers\FileHandler' driver.
