INFO - 2025-09-18 08:03:06 --> Session: Class initialized using 'CodeIgniter\Session\Handlers\FileHandler' driver.
INFO - 2025-09-18 08:03:06 --> Session: Class initialized using 'CodeIgniter\Session\Handlers\FileHandler' driver.
INFO - 2025-09-18 08:03:06 --> Session: Class initialized using 'CodeIgniter\Session\Handlers\FileHandler' driver.
INFO - 2025-09-18 08:03:13 --> Session: Class initialized using 'CodeIgniter\Session\Handlers\FileHandler' driver.
INFO - 2025-09-18 08:03:45 --> Session: Class initialized using 'CodeIgniter\Session\Handlers\FileHandler' driver.
DEBUG - 2025-09-18 08:03:45 --> Intento de inicio de sesión para email: brunocameille@alumnos.itr3.edu.ar
DEBUG - 2025-09-18 08:03:45 --> Longitud de la contraseña ingresada: 17
DEBUG - 2025-09-18 08:03:46 --> Usuario encontrado: {"id":"1","email":"brunocameille@alumnos.itr3.edu.ar","estado":"activo","rol":"1"}
DEBUG - 2025-09-18 08:03:47 --> Resultado de verificación de contraseña: false
DEBUG - 2025-09-18 08:03:47 --> Hash almacenado en la base de datos: $2y$10$F4xQfULyrVhG1JD8Y21QR.vgn9Fzd257acxjmQqHQ3OYfEqBaAPb6
DEBUG - 2025-09-18 08:03:47 --> Contraseña incorrecta para usuario: brunocameille@alumnos.itr3.edu.ar
INFO - 2025-09-18 08:03:49 --> Session: Class initialized using 'CodeIgniter\Session\Handlers\FileHandler' driver.
DEBUG - 2025-09-18 08:03:49 --> Intento de inicio de sesión para email: brunocameille@alumnos.itr3.edu.ar
DEBUG - 2025-09-18 08:03:49 --> Longitud de la contraseña ingresada: 17
DEBUG - 2025-09-18 08:03:49 --> Usuario encontrado: {"id":"1","email":"brunocameille@alumnos.itr3.edu.ar","estado":"activo","rol":"1"}
DEBUG - 2025-09-18 08:03:49 --> Resultado de verificación de contraseña: true
DEBUG - 2025-09-18 08:03:49 --> Hash almacenado en la base de datos: $2y$10$F4xQfULyrVhG1JD8Y21QR.vgn9Fzd257acxjmQqHQ3OYfEqBaAPb6
DEBUG - 2025-09-18 08:03:49 --> Inicio de sesión exitoso para usuario: brunocameille@alumnos.itr3.edu.ar
DEBUG - 2025-09-18 08:03:49 --> Datos de sesión guardados: {"id_usuario":"1","nombre":"brunito","apellido":"barber","email":"brunocameille@alumnos.itr3.edu.ar","rol":"admin","logged_in":true}
INFO - 2025-09-18 08:03:50 --> Session: Class initialized using 'CodeIgniter\Session\Handlers\FileHandler' driver.
DEBUG - 2025-09-18 08:03:50 --> Intento de inicio de sesión para email: brunocameille@alumnos.itr3.edu.ar
DEBUG - 2025-09-18 08:03:50 --> Longitud de la contraseña ingresada: 17
DEBUG - 2025-09-18 08:03:50 --> Usuario encontrado: {"id":"1","email":"brunocameille@alumnos.itr3.edu.ar","estado":"activo","rol":"1"}
DEBUG - 2025-09-18 08:03:51 --> Resultado de verificación de contraseña: true
DEBUG - 2025-09-18 08:03:51 --> Hash almacenado en la base de datos: $2y$10$F4xQfULyrVhG1JD8Y21QR.vgn9Fzd257acxjmQqHQ3OYfEqBaAPb6
DEBUG - 2025-09-18 08:03:51 --> Inicio de sesión exitoso para usuario: brunocameille@alumnos.itr3.edu.ar
DEBUG - 2025-09-18 08:03:51 --> Datos de sesión guardados: {"id_usuario":"1","nombre":"brunito","apellido":"barber","email":"brunocameille@alumnos.itr3.edu.ar","rol":"admin","logged_in":true}
DEBUG - 2025-09-18 08:03:53 --> Ruta actual: /Tesina/public/admin
INFO - 2025-09-18 08:03:53 --> Session: Class initialized using 'CodeIgniter\Session\Handlers\FileHandler' driver.
DEBUG - 2025-09-18 08:03:53 --> Datos en sesión: Array
(
    [__ci_last_regenerate] => 1758193386
    [_ci_previous_url] => http://192.168.2.188/Tesina/public/autenticacion/login
    [id_usuario] => 1
    [nombre] => brunito
    [apellido] => barber
    [email] => brunocameille@alumnos.itr3.edu.ar
    [rol] => admin
    [logged_in] => 1
)

DEBUG - 2025-09-18 08:03:57 --> Ruta actual: /Tesina/public/admin/dispositivos
INFO - 2025-09-18 08:03:57 --> Session: Class initialized using 'CodeIgniter\Session\Handlers\FileHandler' driver.
DEBUG - 2025-09-18 08:03:57 --> Datos en sesión: Array
(
    [__ci_last_regenerate] => 1758193386
    [_ci_previous_url] => http://192.168.2.188/Tesina/public/admin
    [id_usuario] => 1
    [nombre] => brunito
    [apellido] => barber
    [email] => brunocameille@alumnos.itr3.edu.ar
    [rol] => admin
    [logged_in] => 1
)

DEBUG - 2025-09-18 08:03:57 --> Buscando usuario ID: 1
DEBUG - 2025-09-18 08:03:57 --> Resultado de la búsqueda: Array
(
    [id_usuario] => 1
    [nombre] => brunito
    [apellido] => barber
    [email] => brunocameille@alumnos.itr3.edu.ar
    [contrasena] => $2y$10$F4xQfULyrVhG1JD8Y21QR.vgn9Fzd257acxjmQqHQ3OYfEqBaAPb6
    [direccion_id] => 0
    [id_rol] => 1
    [created_at] => 2025-04-07 13:37:30
    [updated_at] => 2025-07-24 14:07:31
    [invitado_por] => 
    [estado] => activo
    [token_activacion] => 
)

DEBUG - 2025-09-18 08:04:19 --> Ruta actual: /Tesina/public/admin/dispositivos/detalles/29
INFO - 2025-09-18 08:04:19 --> Session: Class initialized using 'CodeIgniter\Session\Handlers\FileHandler' driver.
DEBUG - 2025-09-18 08:04:19 --> Datos en sesión: Array
(
    [__ci_last_regenerate] => 1758193386
    [_ci_previous_url] => http://192.168.2.188/Tesina/public/admin/dispositivos
    [id_usuario] => 1
    [nombre] => brunito
    [apellido] => barber
    [email] => brunocameille@alumnos.itr3.edu.ar
    [rol] => admin
    [logged_in] => 1
)

DEBUG - 2025-09-18 08:04:23 --> Ruta actual: /Tesina/public/admin/dispositivos/detalles/29
INFO - 2025-09-18 08:04:23 --> Session: Class initialized using 'CodeIgniter\Session\Handlers\FileHandler' driver.
DEBUG - 2025-09-18 08:04:23 --> Datos en sesión: Array
(
    [__ci_last_regenerate] => 1758193386
    [_ci_previous_url] => http://192.168.2.188/Tesina/public/admin/dispositivos
    [id_usuario] => 1
    [nombre] => brunito
    [apellido] => barber
    [email] => brunocameille@alumnos.itr3.edu.ar
    [rol] => admin
    [logged_in] => 1
)

DEBUG - 2025-09-18 08:04:26 --> Ruta actual: /Tesina/public/admin/dispositivos/detalles/2
INFO - 2025-09-18 08:04:26 --> Session: Class initialized using 'CodeIgniter\Session\Handlers\FileHandler' driver.
DEBUG - 2025-09-18 08:04:26 --> Datos en sesión: Array
(
    [__ci_last_regenerate] => 1758193386
    [_ci_previous_url] => http://192.168.2.188/Tesina/public/admin/dispositivos
    [id_usuario] => 1
    [nombre] => brunito
    [apellido] => barber
    [email] => brunocameille@alumnos.itr3.edu.ar
    [rol] => admin
    [logged_in] => 1
)

DEBUG - 2025-09-18 08:04:32 --> Ruta actual: /Tesina/public/dispositivo/control/2
INFO - 2025-09-18 08:04:32 --> Session: Class initialized using 'CodeIgniter\Session\Handlers\FileHandler' driver.
DEBUG - 2025-09-18 08:04:32 --> Datos en sesión: Array
(
    [__ci_last_regenerate] => 1758193386
    [_ci_previous_url] => http://192.168.2.188/Tesina/public/admin/dispositivos
    [id_usuario] => 1
    [nombre] => brunito
    [apellido] => barber
    [email] => brunocameille@alumnos.itr3.edu.ar
    [rol] => admin
    [logged_in] => 1
)

DEBUG - 2025-09-18 08:04:41 --> Ruta actual: /Tesina/public/dispositivo
INFO - 2025-09-18 08:04:41 --> Session: Class initialized using 'CodeIgniter\Session\Handlers\FileHandler' driver.
DEBUG - 2025-09-18 08:04:41 --> Datos en sesión: Array
(
    [__ci_last_regenerate] => 1758193386
    [_ci_previous_url] => http://192.168.2.188/Tesina/public/dispositivo/control/2
    [id_usuario] => 1
    [nombre] => brunito
    [apellido] => barber
    [email] => brunocameille@alumnos.itr3.edu.ar
    [rol] => admin
    [logged_in] => 1
)

DEBUG - 2025-09-18 08:04:41 --> ID Usuario: 1
DEBUG - 2025-09-18 08:04:41 --> Dispositivos encontrados: Array
(
    [0] => Array
        (
            [id_dispositivo] => 1
            [nombre] => medidor de ecovolt
            [id_usuario] => 1
            [mac_address] => 00:1A:2B:3C:4D:5E
            [ip_address] => 
            [ultima_conexion] => 
            [estado] => activo
            [created_at] => 2025-04-10 22:26:34
            [stock] => 43
            [precio] => 85
            [descripcion] => 
            [fecha_actualizacion] => 2025-06-27 08:44:59
            [updated_at] => 2025-06-12 15:06:14
            [codigo_activacion] => 
            [fecha_activacion] => 
            [nombre_usuario] => brunito
            [email_usuario] => brunocameille@alumnos.itr3.edu.ar
            [ultima_lectura] => 
        )

    [1] => Array
        (
            [id_dispositivo] => 2
            [nombre] => ECOVOLT HOYY 16
            [id_usuario] => 1
            [mac_address] => 08:D1:F9:A5:2A:14
            [ip_address] => 
            [ultima_conexion] => 
            [estado] => activo
            [created_at] => 2025-04-11 10:03:27
            [stock] => 0
            [precio] => 0
            [descripcion] => esta es una prueba cambiaaa
            [fecha_actualizacion] => 2025-09-16 13:47:25
            [updated_at] => 2025-09-16 13:47:25
            [codigo_activacion] => 
            [fecha_activacion] => 
            [nombre_usuario] => brunito
            [email_usuario] => brunocameille@alumnos.itr3.edu.ar
            [ultima_lectura] => Array
                (
                    [id] => 12098
                    [id_dispositivo] => 2
                    [id_usuario] => 1
                    [voltaje] => 219
                    [corriente] => 0.45
                    [potencia] => 99
                    [kwh] => 0.35
                    [limite_superado] => 0
                    [fecha] => 2025-08-28 22:00:00
                    [mac_address] => 08:D1:F9:A5:2A:14
                )

        )

    [2] => Array
        (
            [id_dispositivo] => 29
            [nombre] => sadasd
            [id_usuario] => 1
            [mac_address] => AA:C3:CC:D1:EE:2F
            [ip_address] => 
            [ultima_conexion] => 
            [estado] => activo
            [created_at] => 2025-06-27 10:12:51
            [stock] => 0
            [precio] => 0
            [descripcion] => 
            [fecha_actualizacion] => 2025-09-02 12:11:21
            [updated_at] => 
            [codigo_activacion] => 
            [fecha_activacion] => 
            [nombre_usuario] => brunito
            [email_usuario] => brunocameille@alumnos.itr3.edu.ar
            [ultima_lectura] => 
        )

)

DEBUG - 2025-09-18 08:04:47 --> Ruta actual: /Tesina/public/admin/dispositivos
INFO - 2025-09-18 08:04:47 --> Session: Class initialized using 'CodeIgniter\Session\Handlers\FileHandler' driver.
DEBUG - 2025-09-18 08:04:47 --> Datos en sesión: Array
(
    [__ci_last_regenerate] => 1758193386
    [_ci_previous_url] => http://192.168.2.188/Tesina/public/dispositivo
    [id_usuario] => 1
    [nombre] => brunito
    [apellido] => barber
    [email] => brunocameille@alumnos.itr3.edu.ar
    [rol] => admin
    [logged_in] => 1
)

DEBUG - 2025-09-18 08:04:47 --> Buscando usuario ID: 1
DEBUG - 2025-09-18 08:04:47 --> Resultado de la búsqueda: Array
(
    [id_usuario] => 1
    [nombre] => brunito
    [apellido] => barber
    [email] => brunocameille@alumnos.itr3.edu.ar
    [contrasena] => $2y$10$F4xQfULyrVhG1JD8Y21QR.vgn9Fzd257acxjmQqHQ3OYfEqBaAPb6
    [direccion_id] => 0
    [id_rol] => 1
    [created_at] => 2025-04-07 13:37:30
    [updated_at] => 2025-07-24 14:07:31
    [invitado_por] => 
    [estado] => activo
    [token_activacion] => 
)

DEBUG - 2025-09-18 08:04:51 --> Ruta actual: /Tesina/public/admin/dispositivos/desactivar/29
INFO - 2025-09-18 08:04:51 --> Session: Class initialized using 'CodeIgniter\Session\Handlers\FileHandler' driver.
DEBUG - 2025-09-18 08:04:51 --> Datos en sesión: Array
(
    [__ci_last_regenerate] => 1758193386
    [_ci_previous_url] => http://192.168.2.188/Tesina/public/admin/dispositivos
    [id_usuario] => 1
    [nombre] => brunito
    [apellido] => barber
    [email] => brunocameille@alumnos.itr3.edu.ar
    [rol] => admin
    [logged_in] => 1
)

DEBUG - 2025-09-18 08:04:51 --> Ruta actual: /Tesina/public/admin/dispositivos
INFO - 2025-09-18 08:04:51 --> Session: Class initialized using 'CodeIgniter\Session\Handlers\FileHandler' driver.
DEBUG - 2025-09-18 08:04:51 --> Datos en sesión: Array
(
    [__ci_last_regenerate] => 1758193386
    [_ci_previous_url] => http://192.168.2.188/Tesina/public/admin/dispositivos
    [id_usuario] => 1
    [nombre] => brunito
    [apellido] => barber
    [email] => brunocameille@alumnos.itr3.edu.ar
    [rol] => admin
    [logged_in] => 1
)

DEBUG - 2025-09-18 08:04:51 --> Buscando usuario ID: 1
DEBUG - 2025-09-18 08:04:51 --> Resultado de la búsqueda: Array
(
    [id_usuario] => 1
    [nombre] => brunito
    [apellido] => barber
    [email] => brunocameille@alumnos.itr3.edu.ar
    [contrasena] => $2y$10$F4xQfULyrVhG1JD8Y21QR.vgn9Fzd257acxjmQqHQ3OYfEqBaAPb6
    [direccion_id] => 0
    [id_rol] => 1
    [created_at] => 2025-04-07 13:37:30
    [updated_at] => 2025-07-24 14:07:31
    [invitado_por] => 
    [estado] => activo
    [token_activacion] => 
)

DEBUG - 2025-09-18 08:05:00 --> Ruta actual: /Tesina/public/energia/dispositivo/2
INFO - 2025-09-18 08:05:00 --> Session: Class initialized using 'CodeIgniter\Session\Handlers\FileHandler' driver.
DEBUG - 2025-09-18 08:05:00 --> Datos en sesión: Array
(
    [__ci_last_regenerate] => 1758193386
    [_ci_previous_url] => http://192.168.2.188/Tesina/public/admin/dispositivos
    [id_usuario] => 1
    [nombre] => brunito
    [apellido] => barber
    [email] => brunocameille@alumnos.itr3.edu.ar
    [rol] => admin
    [logged_in] => 1
)

INFO - 2025-09-18 08:05:02 --> Session: Class initialized using 'CodeIgniter\Session\Handlers\FileHandler' driver.
INFO - 2025-09-18 08:05:06 --> Session: Class initialized using 'CodeIgniter\Session\Handlers\FileHandler' driver.
INFO - 2025-09-18 08:05:11 --> Session: Class initialized using 'CodeIgniter\Session\Handlers\FileHandler' driver.
INFO - 2025-09-18 08:05:16 --> Session: Class initialized using 'CodeIgniter\Session\Handlers\FileHandler' driver.
INFO - 2025-09-18 08:05:21 --> Session: Class initialized using 'CodeIgniter\Session\Handlers\FileHandler' driver.
INFO - 2025-09-18 08:05:26 --> Session: Class initialized using 'CodeIgniter\Session\Handlers\FileHandler' driver.
INFO - 2025-09-18 08:05:31 --> Session: Class initialized using 'CodeIgniter\Session\Handlers\FileHandler' driver.
INFO - 2025-09-18 08:05:36 --> Session: Class initialized using 'CodeIgniter\Session\Handlers\FileHandler' driver.
INFO - 2025-09-18 08:05:41 --> Session: Class initialized using 'CodeIgniter\Session\Handlers\FileHandler' driver.
DEBUG - 2025-09-18 08:05:43 --> Ruta actual: /Tesina/public/energia/actualizarDispositivo
INFO - 2025-09-18 08:05:43 --> Session: Class initialized using 'CodeIgniter\Session\Handlers\FileHandler' driver.
DEBUG - 2025-09-18 08:05:43 --> Datos en sesión: Array
(
    [__ci_last_regenerate] => 1758193386
    [_ci_previous_url] => http://192.168.2.188/Tesina/public/energia/dispositivo/2
    [id_usuario] => 1
    [nombre] => brunito
    [apellido] => barber
    [email] => brunocameille@alumnos.itr3.edu.ar
    [rol] => admin
    [logged_in] => 1
)

INFO - 2025-09-18 08:05:46 --> Session: Class initialized using 'CodeIgniter\Session\Handlers\FileHandler' driver.
INFO - 2025-09-18 08:05:51 --> Session: Class initialized using 'CodeIgniter\Session\Handlers\FileHandler' driver.
DEBUG - 2025-09-18 08:05:52 --> Ruta actual: /Tesina/public/energia/actualizarDispositivo
INFO - 2025-09-18 08:05:52 --> Session: Class initialized using 'CodeIgniter\Session\Handlers\FileHandler' driver.
DEBUG - 2025-09-18 08:05:52 --> Datos en sesión: Array
(
    [__ci_last_regenerate] => 1758193386
    [_ci_previous_url] => http://192.168.2.188/Tesina/public/energia/dispositivo/2
    [id_usuario] => 1
    [nombre] => brunito
    [apellido] => barber
    [email] => brunocameille@alumnos.itr3.edu.ar
    [rol] => admin
    [logged_in] => 1
)

INFO - 2025-09-18 08:05:56 --> Session: Class initialized using 'CodeIgniter\Session\Handlers\FileHandler' driver.
DEBUG - 2025-09-18 08:05:57 --> Ruta actual: /Tesina/public/energia/dispositivo/2
INFO - 2025-09-18 08:05:57 --> Session: Class initialized using 'CodeIgniter\Session\Handlers\FileHandler' driver.
DEBUG - 2025-09-18 08:05:57 --> Datos en sesión: Array
(
    [__ci_last_regenerate] => 1758193386
    [_ci_previous_url] => http://192.168.2.188/Tesina/public/energia/dispositivo/2
    [id_usuario] => 1
    [nombre] => brunito
    [apellido] => barber
    [email] => brunocameille@alumnos.itr3.edu.ar
    [rol] => admin
    [logged_in] => 1
)

INFO - 2025-09-18 08:05:59 --> Session: Class initialized using 'CodeIgniter\Session\Handlers\FileHandler' driver.
DEBUG - 2025-09-18 08:06:01 --> Ruta actual: /Tesina/public/admin/dispositivos
INFO - 2025-09-18 08:06:01 --> Session: Class initialized using 'CodeIgniter\Session\Handlers\FileHandler' driver.
DEBUG - 2025-09-18 08:06:01 --> Datos en sesión: Array
(
    [__ci_last_regenerate] => 1758193386
    [_ci_previous_url] => http://192.168.2.188/Tesina/public/energia/dispositivo/2
    [id_usuario] => 1
    [nombre] => brunito
    [apellido] => barber
    [email] => brunocameille@alumnos.itr3.edu.ar
    [rol] => admin
    [logged_in] => 1
)

DEBUG - 2025-09-18 08:06:01 --> Buscando usuario ID: 1
DEBUG - 2025-09-18 08:06:01 --> Resultado de la búsqueda: Array
(
    [id_usuario] => 1
    [nombre] => brunito
    [apellido] => barber
    [email] => brunocameille@alumnos.itr3.edu.ar
    [contrasena] => $2y$10$F4xQfULyrVhG1JD8Y21QR.vgn9Fzd257acxjmQqHQ3OYfEqBaAPb6
    [direccion_id] => 0
    [id_rol] => 1
    [created_at] => 2025-04-07 13:37:30
    [updated_at] => 2025-07-24 14:07:31
    [invitado_por] => 
    [estado] => activo
    [token_activacion] => 
)

DEBUG - 2025-09-18 08:09:12 --> Ruta actual: /Tesina/public/energia/dispositivo/2
INFO - 2025-09-18 08:09:12 --> Session: Class initialized using 'CodeIgniter\Session\Handlers\FileHandler' driver.
DEBUG - 2025-09-18 08:09:12 --> Datos en sesión: Array
(
    [__ci_last_regenerate] => 1758193752
    [_ci_previous_url] => http://192.168.2.188/Tesina/public/admin/dispositivos
    [id_usuario] => 1
    [nombre] => brunito
    [apellido] => barber
    [email] => brunocameille@alumnos.itr3.edu.ar
    [rol] => admin
    [logged_in] => 1
)

INFO - 2025-09-18 08:09:14 --> Session: Class initialized using 'CodeIgniter\Session\Handlers\FileHandler' driver.
INFO - 2025-09-18 08:09:18 --> Session: Class initialized using 'CodeIgniter\Session\Handlers\FileHandler' driver.
INFO - 2025-09-18 08:09:23 --> Session: Class initialized using 'CodeIgniter\Session\Handlers\FileHandler' driver.
INFO - 2025-09-18 08:09:29 --> Session: Class initialized using 'CodeIgniter\Session\Handlers\FileHandler' driver.
INFO - 2025-09-18 08:09:34 --> Session: Class initialized using 'CodeIgniter\Session\Handlers\FileHandler' driver.
INFO - 2025-09-18 08:09:39 --> Session: Class initialized using 'CodeIgniter\Session\Handlers\FileHandler' driver.
INFO - 2025-09-18 08:09:44 --> Session: Class initialized using 'CodeIgniter\Session\Handlers\FileHandler' driver.
INFO - 2025-09-18 08:09:49 --> Session: Class initialized using 'CodeIgniter\Session\Handlers\FileHandler' driver.
INFO - 2025-09-18 08:09:54 --> Session: Class initialized using 'CodeIgniter\Session\Handlers\FileHandler' driver.
INFO - 2025-09-18 08:09:59 --> Session: Class initialized using 'CodeIgniter\Session\Handlers\FileHandler' driver.
INFO - 2025-09-18 08:10:04 --> Session: Class initialized using 'CodeIgniter\Session\Handlers\FileHandler' driver.
INFO - 2025-09-18 08:10:09 --> Session: Class initialized using 'CodeIgniter\Session\Handlers\FileHandler' driver.
INFO - 2025-09-18 08:10:14 --> Session: Class initialized using 'CodeIgniter\Session\Handlers\FileHandler' driver.
INFO - 2025-09-18 08:10:19 --> Session: Class initialized using 'CodeIgniter\Session\Handlers\FileHandler' driver.
INFO - 2025-09-18 08:11:08 --> Session: Class initialized using 'CodeIgniter\Session\Handlers\FileHandler' driver.
INFO - 2025-09-18 08:11:14 --> Session: Class initialized using 'CodeIgniter\Session\Handlers\FileHandler' driver.
INFO - 2025-09-18 08:11:19 --> Session: Class initialized using 'CodeIgniter\Session\Handlers\FileHandler' driver.
INFO - 2025-09-18 08:11:24 --> Session: Class initialized using 'CodeIgniter\Session\Handlers\FileHandler' driver.
INFO - 2025-09-18 08:11:29 --> Session: Class initialized using 'CodeIgniter\Session\Handlers\FileHandler' driver.
INFO - 2025-09-18 08:11:34 --> Session: Class initialized using 'CodeIgniter\Session\Handlers\FileHandler' driver.
INFO - 2025-09-18 08:11:39 --> Session: Class initialized using 'CodeIgniter\Session\Handlers\FileHandler' driver.
INFO - 2025-09-18 08:11:44 --> Session: Class initialized using 'CodeIgniter\Session\Handlers\FileHandler' driver.
INFO - 2025-09-18 08:11:49 --> Session: Class initialized using 'CodeIgniter\Session\Handlers\FileHandler' driver.
INFO - 2025-09-18 08:11:54 --> Session: Class initialized using 'CodeIgniter\Session\Handlers\FileHandler' driver.
INFO - 2025-09-18 08:11:59 --> Session: Class initialized using 'CodeIgniter\Session\Handlers\FileHandler' driver.
INFO - 2025-09-18 08:12:04 --> Session: Class initialized using 'CodeIgniter\Session\Handlers\FileHandler' driver.
INFO - 2025-09-18 08:12:09 --> Session: Class initialized using 'CodeIgniter\Session\Handlers\FileHandler' driver.
INFO - 2025-09-18 08:12:14 --> Session: Class initialized using 'CodeIgniter\Session\Handlers\FileHandler' driver.
INFO - 2025-09-18 08:12:18 --> Session: Class initialized using 'CodeIgniter\Session\Handlers\FileHandler' driver.
DEBUG - 2025-09-18 08:12:20 --> Ruta actual: /Tesina/public/energia/dispositivo/2
INFO - 2025-09-18 08:12:20 --> Session: Class initialized using 'CodeIgniter\Session\Handlers\FileHandler' driver.
DEBUG - 2025-09-18 08:12:20 --> Datos en sesión: Array
(
    [__ci_last_regenerate] => 1758193752
    [_ci_previous_url] => http://192.168.2.188/Tesina/public/energia/dispositivo/2
    [id_usuario] => 1
    [nombre] => brunito
    [apellido] => barber
    [email] => brunocameille@alumnos.itr3.edu.ar
    [rol] => admin
    [logged_in] => 1
)

INFO - 2025-09-18 08:12:22 --> Session: Class initialized using 'CodeIgniter\Session\Handlers\FileHandler' driver.
INFO - 2025-09-18 08:12:26 --> Session: Class initialized using 'CodeIgniter\Session\Handlers\FileHandler' driver.
DEBUG - 2025-09-18 08:12:27 --> Ruta actual: /Tesina/public/energia/dispositivo/2
INFO - 2025-09-18 08:12:27 --> Session: Class initialized using 'CodeIgniter\Session\Handlers\FileHandler' driver.
DEBUG - 2025-09-18 08:12:27 --> Datos en sesión: Array
(
    [__ci_last_regenerate] => 1758193752
    [_ci_previous_url] => http://192.168.2.188/Tesina/public/energia/dispositivo/2
    [id_usuario] => 1
    [nombre] => brunito
    [apellido] => barber
    [email] => brunocameille@alumnos.itr3.edu.ar
    [rol] => admin
    [logged_in] => 1
)

INFO - 2025-09-18 08:12:29 --> Session: Class initialized using 'CodeIgniter\Session\Handlers\FileHandler' driver.
INFO - 2025-09-18 08:12:33 --> Session: Class initialized using 'CodeIgniter\Session\Handlers\FileHandler' driver.
INFO - 2025-09-18 08:12:38 --> Session: Class initialized using 'CodeIgniter\Session\Handlers\FileHandler' driver.
DEBUG - 2025-09-18 08:12:38 --> Ruta actual: /Tesina/public/admin
INFO - 2025-09-18 08:12:38 --> Session: Class initialized using 'CodeIgniter\Session\Handlers\FileHandler' driver.
DEBUG - 2025-09-18 08:12:38 --> Datos en sesión: Array
(
    [__ci_last_regenerate] => 1758193752
    [_ci_previous_url] => http://192.168.2.188/Tesina/public/energia/dispositivo/2
    [id_usuario] => 1
    [nombre] => brunito
    [apellido] => barber
    [email] => brunocameille@alumnos.itr3.edu.ar
    [rol] => admin
    [logged_in] => 1
)

DEBUG - 2025-09-18 08:12:56 --> Ruta actual: /Tesina/public/admin/dispositivos
INFO - 2025-09-18 08:12:56 --> Session: Class initialized using 'CodeIgniter\Session\Handlers\FileHandler' driver.
DEBUG - 2025-09-18 08:12:56 --> Datos en sesión: Array
(
    [__ci_last_regenerate] => 1758193752
    [_ci_previous_url] => http://192.168.2.188/Tesina/public/admin
    [id_usuario] => 1
    [nombre] => brunito
    [apellido] => barber
    [email] => brunocameille@alumnos.itr3.edu.ar
    [rol] => admin
    [logged_in] => 1
)

DEBUG - 2025-09-18 08:12:57 --> Buscando usuario ID: 1
DEBUG - 2025-09-18 08:12:57 --> Resultado de la búsqueda: Array
(
    [id_usuario] => 1
    [nombre] => brunito
    [apellido] => barber
    [email] => brunocameille@alumnos.itr3.edu.ar
    [contrasena] => $2y$10$F4xQfULyrVhG1JD8Y21QR.vgn9Fzd257acxjmQqHQ3OYfEqBaAPb6
    [direccion_id] => 0
    [id_rol] => 1
    [created_at] => 2025-04-07 13:37:30
    [updated_at] => 2025-07-24 14:07:31
    [invitado_por] => 
    [estado] => activo
    [token_activacion] => 
)

DEBUG - 2025-09-18 08:13:00 --> Ruta actual: /Tesina/public/admin/dispositivos
INFO - 2025-09-18 08:13:00 --> Session: Class initialized using 'CodeIgniter\Session\Handlers\FileHandler' driver.
DEBUG - 2025-09-18 08:13:00 --> Datos en sesión: Array
(
    [__ci_last_regenerate] => 1758193752
    [_ci_previous_url] => http://192.168.2.188/Tesina/public/admin/dispositivos
    [id_usuario] => 1
    [nombre] => brunito
    [apellido] => barber
    [email] => brunocameille@alumnos.itr3.edu.ar
    [rol] => admin
    [logged_in] => 1
)

DEBUG - 2025-09-18 08:13:01 --> Buscando usuario ID: 1
DEBUG - 2025-09-18 08:13:01 --> Resultado de la búsqueda: Array
(
    [id_usuario] => 1
    [nombre] => brunito
    [apellido] => barber
    [email] => brunocameille@alumnos.itr3.edu.ar
    [contrasena] => $2y$10$F4xQfULyrVhG1JD8Y21QR.vgn9Fzd257acxjmQqHQ3OYfEqBaAPb6
    [direccion_id] => 0
    [id_rol] => 1
    [created_at] => 2025-04-07 13:37:30
    [updated_at] => 2025-07-24 14:07:31
    [invitado_por] => 
    [estado] => activo
    [token_activacion] => 
)

DEBUG - 2025-09-18 08:13:07 --> Ruta actual: /Tesina/public/energia/dispositivo/2
INFO - 2025-09-18 08:13:07 --> Session: Class initialized using 'CodeIgniter\Session\Handlers\FileHandler' driver.
DEBUG - 2025-09-18 08:13:07 --> Datos en sesión: Array
(
    [__ci_last_regenerate] => 1758193752
    [_ci_previous_url] => http://192.168.2.188/Tesina/public/admin/dispositivos
    [id_usuario] => 1
    [nombre] => brunito
    [apellido] => barber
    [email] => brunocameille@alumnos.itr3.edu.ar
    [rol] => admin
    [logged_in] => 1
)

INFO - 2025-09-18 08:13:09 --> Session: Class initialized using 'CodeIgniter\Session\Handlers\FileHandler' driver.
DEBUG - 2025-09-18 08:13:17 --> Ruta actual: /Tesina/public/admin/dispositivos
INFO - 2025-09-18 08:13:17 --> Session: Class initialized using 'CodeIgniter\Session\Handlers\FileHandler' driver.
DEBUG - 2025-09-18 08:13:17 --> Datos en sesión: Array
(
    [__ci_last_regenerate] => 1758193752
    [_ci_previous_url] => http://192.168.2.188/Tesina/public/energia/dispositivo/2
    [id_usuario] => 1
    [nombre] => brunito
    [apellido] => barber
    [email] => brunocameille@alumnos.itr3.edu.ar
    [rol] => admin
    [logged_in] => 1
)

DEBUG - 2025-09-18 08:13:17 --> Buscando usuario ID: 1
DEBUG - 2025-09-18 08:13:17 --> Resultado de la búsqueda: Array
(
    [id_usuario] => 1
    [nombre] => brunito
    [apellido] => barber
    [email] => brunocameille@alumnos.itr3.edu.ar
    [contrasena] => $2y$10$F4xQfULyrVhG1JD8Y21QR.vgn9Fzd257acxjmQqHQ3OYfEqBaAPb6
    [direccion_id] => 0
    [id_rol] => 1
    [created_at] => 2025-04-07 13:37:30
    [updated_at] => 2025-07-24 14:07:31
    [invitado_por] => 
    [estado] => activo
    [token_activacion] => 
)

DEBUG - 2025-09-18 08:13:29 --> Ruta actual: /Tesina/public/admin
INFO - 2025-09-18 08:13:29 --> Session: Class initialized using 'CodeIgniter\Session\Handlers\FileHandler' driver.
DEBUG - 2025-09-18 08:13:29 --> Datos en sesión: Array
(
    [__ci_last_regenerate] => 1758193752
    [_ci_previous_url] => http://192.168.2.188/Tesina/public/admin/dispositivos
    [id_usuario] => 1
    [nombre] => brunito
    [apellido] => barber
    [email] => brunocameille@alumnos.itr3.edu.ar
    [rol] => admin
    [logged_in] => 1
)

DEBUG - 2025-09-18 08:13:32 --> Ruta actual: /Tesina/public/admin
INFO - 2025-09-18 08:13:32 --> Session: Class initialized using 'CodeIgniter\Session\Handlers\FileHandler' driver.
DEBUG - 2025-09-18 08:13:32 --> Datos en sesión: Array
(
    [__ci_last_regenerate] => 1758193752
    [_ci_previous_url] => http://192.168.2.188/Tesina/public/admin
    [id_usuario] => 1
    [nombre] => brunito
    [apellido] => barber
    [email] => brunocameille@alumnos.itr3.edu.ar
    [rol] => admin
    [logged_in] => 1
)

DEBUG - 2025-09-18 08:13:40 --> Ruta actual: /Tesina/public/admin
INFO - 2025-09-18 08:13:40 --> Session: Class initialized using 'CodeIgniter\Session\Handlers\FileHandler' driver.
DEBUG - 2025-09-18 08:13:40 --> Datos en sesión: Array
(
    [__ci_last_regenerate] => 1758193752
    [_ci_previous_url] => http://192.168.2.188/Tesina/public/admin
    [id_usuario] => 1
    [nombre] => brunito
    [apellido] => barber
    [email] => brunocameille@alumnos.itr3.edu.ar
    [rol] => admin
    [logged_in] => 1
)

DEBUG - 2025-09-18 08:13:43 --> Ruta actual: /Tesina/public/admin
INFO - 2025-09-18 08:13:43 --> Session: Class initialized using 'CodeIgniter\Session\Handlers\FileHandler' driver.
DEBUG - 2025-09-18 08:13:43 --> Datos en sesión: Array
(
    [__ci_last_regenerate] => 1758193752
    [_ci_previous_url] => http://192.168.2.188/Tesina/public/admin
    [id_usuario] => 1
    [nombre] => brunito
    [apellido] => barber
    [email] => brunocameille@alumnos.itr3.edu.ar
    [rol] => admin
    [logged_in] => 1
)

DEBUG - 2025-09-18 08:13:58 --> Ruta actual: /Tesina/public/admin
INFO - 2025-09-18 08:13:58 --> Session: Class initialized using 'CodeIgniter\Session\Handlers\FileHandler' driver.
DEBUG - 2025-09-18 08:13:58 --> Datos en sesión: Array
(
    [__ci_last_regenerate] => 1758193752
    [_ci_previous_url] => http://192.168.2.188/Tesina/public/admin
    [id_usuario] => 1
    [nombre] => brunito
    [apellido] => barber
    [email] => brunocameille@alumnos.itr3.edu.ar
    [rol] => admin
    [logged_in] => 1
)

DEBUG - 2025-09-18 08:14:22 --> Ruta actual: /Tesina/public/admin
INFO - 2025-09-18 08:14:22 --> Session: Class initialized using 'CodeIgniter\Session\Handlers\FileHandler' driver.
DEBUG - 2025-09-18 08:14:22 --> Datos en sesión: Array
(
    [__ci_last_regenerate] => 1758194062
    [_ci_previous_url] => http://192.168.2.188/Tesina/public/admin
    [id_usuario] => 1
    [nombre] => brunito
    [apellido] => barber
    [email] => brunocameille@alumnos.itr3.edu.ar
    [rol] => admin
    [logged_in] => 1
)

DEBUG - 2025-09-18 08:14:29 --> Ruta actual: /Tesina/public/admin/dispositivos
INFO - 2025-09-18 08:14:29 --> Session: Class initialized using 'CodeIgniter\Session\Handlers\FileHandler' driver.
DEBUG - 2025-09-18 08:14:29 --> Datos en sesión: Array
(
    [__ci_last_regenerate] => 1758194062
    [_ci_previous_url] => http://192.168.2.188/Tesina/public/admin
    [id_usuario] => 1
    [nombre] => brunito
    [apellido] => barber
    [email] => brunocameille@alumnos.itr3.edu.ar
    [rol] => admin
    [logged_in] => 1
)

DEBUG - 2025-09-18 08:14:29 --> Buscando usuario ID: 1
DEBUG - 2025-09-18 08:14:29 --> Resultado de la búsqueda: Array
(
    [id_usuario] => 1
    [nombre] => brunito
    [apellido] => barber
    [email] => brunocameille@alumnos.itr3.edu.ar
    [contrasena] => $2y$10$F4xQfULyrVhG1JD8Y21QR.vgn9Fzd257acxjmQqHQ3OYfEqBaAPb6
    [direccion_id] => 0
    [id_rol] => 1
    [created_at] => 2025-04-07 13:37:30
    [updated_at] => 2025-07-24 14:07:31
    [invitado_por] => 
    [estado] => activo
    [token_activacion] => 
)

DEBUG - 2025-09-18 08:14:31 --> Ruta actual: /Tesina/public/energia/dispositivo/2
INFO - 2025-09-18 08:14:31 --> Session: Class initialized using 'CodeIgniter\Session\Handlers\FileHandler' driver.
DEBUG - 2025-09-18 08:14:31 --> Datos en sesión: Array
(
    [__ci_last_regenerate] => 1758194062
    [_ci_previous_url] => http://192.168.2.188/Tesina/public/admin/dispositivos
    [id_usuario] => 1
    [nombre] => brunito
    [apellido] => barber
    [email] => brunocameille@alumnos.itr3.edu.ar
    [rol] => admin
    [logged_in] => 1
)

INFO - 2025-09-18 08:14:33 --> Session: Class initialized using 'CodeIgniter\Session\Handlers\FileHandler' driver.
DEBUG - 2025-09-18 08:14:38 --> Ruta actual: /Tesina/public/admin
INFO - 2025-09-18 08:14:38 --> Session: Class initialized using 'CodeIgniter\Session\Handlers\FileHandler' driver.
DEBUG - 2025-09-18 08:14:38 --> Datos en sesión: Array
(
    [__ci_last_regenerate] => 1758194062
    [_ci_previous_url] => http://192.168.2.188/Tesina/public/energia/dispositivo/2
    [id_usuario] => 1
    [nombre] => brunito
    [apellido] => barber
    [email] => brunocameille@alumnos.itr3.edu.ar
    [rol] => admin
    [logged_in] => 1
)

DEBUG - 2025-09-18 08:14:50 --> Ruta actual: /Tesina/public/admin/dispositivos
INFO - 2025-09-18 08:14:50 --> Session: Class initialized using 'CodeIgniter\Session\Handlers\FileHandler' driver.
DEBUG - 2025-09-18 08:14:50 --> Datos en sesión: Array
(
    [__ci_last_regenerate] => 1758194062
    [_ci_previous_url] => http://192.168.2.188/Tesina/public/admin
    [id_usuario] => 1
    [nombre] => brunito
    [apellido] => barber
    [email] => brunocameille@alumnos.itr3.edu.ar
    [rol] => admin
    [logged_in] => 1
)

DEBUG - 2025-09-18 08:14:50 --> Buscando usuario ID: 1
DEBUG - 2025-09-18 08:14:50 --> Resultado de la búsqueda: Array
(
    [id_usuario] => 1
    [nombre] => brunito
    [apellido] => barber
    [email] => brunocameille@alumnos.itr3.edu.ar
    [contrasena] => $2y$10$F4xQfULyrVhG1JD8Y21QR.vgn9Fzd257acxjmQqHQ3OYfEqBaAPb6
    [direccion_id] => 0
    [id_rol] => 1
    [created_at] => 2025-04-07 13:37:30
    [updated_at] => 2025-07-24 14:07:31
    [invitado_por] => 
    [estado] => activo
    [token_activacion] => 
)

DEBUG - 2025-09-18 08:14:53 --> Ruta actual: /Tesina/public/admin/dispositivos
INFO - 2025-09-18 08:14:53 --> Session: Class initialized using 'CodeIgniter\Session\Handlers\FileHandler' driver.
DEBUG - 2025-09-18 08:14:53 --> Datos en sesión: Array
(
    [__ci_last_regenerate] => 1758194062
    [_ci_previous_url] => http://192.168.2.188/Tesina/public/admin/dispositivos
    [id_usuario] => 1
    [nombre] => brunito
    [apellido] => barber
    [email] => brunocameille@alumnos.itr3.edu.ar
    [rol] => admin
    [logged_in] => 1
)

DEBUG - 2025-09-18 08:14:54 --> Buscando usuario ID: 1
DEBUG - 2025-09-18 08:14:54 --> Resultado de la búsqueda: Array
(
    [id_usuario] => 1
    [nombre] => brunito
    [apellido] => barber
    [email] => brunocameille@alumnos.itr3.edu.ar
    [contrasena] => $2y$10$F4xQfULyrVhG1JD8Y21QR.vgn9Fzd257acxjmQqHQ3OYfEqBaAPb6
    [direccion_id] => 0
    [id_rol] => 1
    [created_at] => 2025-04-07 13:37:30
    [updated_at] => 2025-07-24 14:07:31
    [invitado_por] => 
    [estado] => activo
    [token_activacion] => 
)

DEBUG - 2025-09-18 08:16:02 --> Ruta actual: /Tesina/public/admin/dispositivos
INFO - 2025-09-18 08:16:02 --> Session: Class initialized using 'CodeIgniter\Session\Handlers\FileHandler' driver.
DEBUG - 2025-09-18 08:16:02 --> Datos en sesión: Array
(
    [__ci_last_regenerate] => 1758194062
    [_ci_previous_url] => http://192.168.2.188/Tesina/public/admin/dispositivos
    [id_usuario] => 1
    [nombre] => brunito
    [apellido] => barber
    [email] => brunocameille@alumnos.itr3.edu.ar
    [rol] => admin
    [logged_in] => 1
)

DEBUG - 2025-09-18 08:16:02 --> Buscando usuario ID: 1
DEBUG - 2025-09-18 08:16:02 --> Resultado de la búsqueda: Array
(
    [id_usuario] => 1
    [nombre] => brunito
    [apellido] => barber
    [email] => brunocameille@alumnos.itr3.edu.ar
    [contrasena] => $2y$10$F4xQfULyrVhG1JD8Y21QR.vgn9Fzd257acxjmQqHQ3OYfEqBaAPb6
    [direccion_id] => 0
    [id_rol] => 1
    [created_at] => 2025-04-07 13:37:30
    [updated_at] => 2025-07-24 14:07:31
    [invitado_por] => 
    [estado] => activo
    [token_activacion] => 
)

DEBUG - 2025-09-18 08:16:09 --> Ruta actual: /Tesina/public/energia/dispositivo/2
INFO - 2025-09-18 08:16:09 --> Session: Class initialized using 'CodeIgniter\Session\Handlers\FileHandler' driver.
DEBUG - 2025-09-18 08:16:09 --> Datos en sesión: Array
(
    [__ci_last_regenerate] => 1758194062
    [_ci_previous_url] => http://192.168.2.188/Tesina/public/admin/dispositivos
    [id_usuario] => 1
    [nombre] => brunito
    [apellido] => barber
    [email] => brunocameille@alumnos.itr3.edu.ar
    [rol] => admin
    [logged_in] => 1
)

INFO - 2025-09-18 08:16:11 --> Session: Class initialized using 'CodeIgniter\Session\Handlers\FileHandler' driver.
DEBUG - 2025-09-18 08:25:24 --> Ruta actual: /Tesina/public/admin
INFO - 2025-09-18 08:25:24 --> Session: Class initialized using 'CodeIgniter\Session\Handlers\FileHandler' driver.
DEBUG - 2025-09-18 08:25:24 --> Datos en sesión: Array
(
    [__ci_last_regenerate] => 1758194724
    [_ci_previous_url] => http://192.168.2.188/Tesina/public/energia/dispositivo/2
    [id_usuario] => 1
    [nombre] => brunito
    [apellido] => barber
    [email] => brunocameille@alumnos.itr3.edu.ar
    [rol] => admin
    [logged_in] => 1
)

DEBUG - 2025-09-18 08:25:39 --> Ruta actual: /Tesina/public/energia/dispositivo/2
INFO - 2025-09-18 08:25:39 --> Session: Class initialized using 'CodeIgniter\Session\Handlers\FileHandler' driver.
DEBUG - 2025-09-18 08:25:39 --> Datos en sesión: Array
(
    [__ci_last_regenerate] => 1758194724
    [_ci_previous_url] => http://192.168.2.188/Tesina/public/admin
    [id_usuario] => 1
    [nombre] => brunito
    [apellido] => barber
    [email] => brunocameille@alumnos.itr3.edu.ar
    [rol] => admin
    [logged_in] => 1
)

INFO - 2025-09-18 08:25:41 --> Session: Class initialized using 'CodeIgniter\Session\Handlers\FileHandler' driver.
DEBUG - 2025-09-18 08:25:42 --> Ruta actual: /Tesina/public/admin/dispositivos
INFO - 2025-09-18 08:25:42 --> Session: Class initialized using 'CodeIgniter\Session\Handlers\FileHandler' driver.
DEBUG - 2025-09-18 08:25:42 --> Datos en sesión: Array
(
    [__ci_last_regenerate] => 1758194724
    [_ci_previous_url] => http://192.168.2.188/Tesina/public/energia/dispositivo/2
    [id_usuario] => 1
    [nombre] => brunito
    [apellido] => barber
    [email] => brunocameille@alumnos.itr3.edu.ar
    [rol] => admin
    [logged_in] => 1
)

DEBUG - 2025-09-18 08:25:42 --> Buscando usuario ID: 1
DEBUG - 2025-09-18 08:25:42 --> Resultado de la búsqueda: Array
(
    [id_usuario] => 1
    [nombre] => brunito
    [apellido] => barber
    [email] => brunocameille@alumnos.itr3.edu.ar
    [contrasena] => $2y$10$F4xQfULyrVhG1JD8Y21QR.vgn9Fzd257acxjmQqHQ3OYfEqBaAPb6
    [direccion_id] => 0
    [id_rol] => 1
    [created_at] => 2025-04-07 13:37:30
    [updated_at] => 2025-07-24 14:07:31
    [invitado_por] => 
    [estado] => activo
    [token_activacion] => 
)

DEBUG - 2025-09-18 08:25:44 --> Ruta actual: /Tesina/public/admin/dispositivos
INFO - 2025-09-18 08:25:44 --> Session: Class initialized using 'CodeIgniter\Session\Handlers\FileHandler' driver.
DEBUG - 2025-09-18 08:25:44 --> Datos en sesión: Array
(
    [__ci_last_regenerate] => 1758194724
    [_ci_previous_url] => http://192.168.2.188/Tesina/public/admin/dispositivos
    [id_usuario] => 1
    [nombre] => brunito
    [apellido] => barber
    [email] => brunocameille@alumnos.itr3.edu.ar
    [rol] => admin
    [logged_in] => 1
)

DEBUG - 2025-09-18 08:25:44 --> Buscando usuario ID: 1
DEBUG - 2025-09-18 08:25:44 --> Resultado de la búsqueda: Array
(
    [id_usuario] => 1
    [nombre] => brunito
    [apellido] => barber
    [email] => brunocameille@alumnos.itr3.edu.ar
    [contrasena] => $2y$10$F4xQfULyrVhG1JD8Y21QR.vgn9Fzd257acxjmQqHQ3OYfEqBaAPb6
    [direccion_id] => 0
    [id_rol] => 1
    [created_at] => 2025-04-07 13:37:30
    [updated_at] => 2025-07-24 14:07:31
    [invitado_por] => 
    [estado] => activo
    [token_activacion] => 
)

DEBUG - 2025-09-18 08:25:45 --> Ruta actual: /Tesina/public/usuario/perfil
INFO - 2025-09-18 08:25:45 --> Session: Class initialized using 'CodeIgniter\Session\Handlers\FileHandler' driver.
DEBUG - 2025-09-18 08:25:45 --> Datos en sesión: Array
(
    [__ci_last_regenerate] => 1758194724
    [_ci_previous_url] => http://192.168.2.188/Tesina/public/admin/dispositivos
    [id_usuario] => 1
    [nombre] => brunito
    [apellido] => barber
    [email] => brunocameille@alumnos.itr3.edu.ar
    [rol] => admin
    [logged_in] => 1
)

DEBUG - 2025-09-18 08:25:45 --> Buscando usuario ID: 1
DEBUG - 2025-09-18 08:25:45 --> Resultado de la búsqueda: Array
(
    [id_usuario] => 1
    [nombre] => brunito
    [apellido] => barber
    [email] => brunocameille@alumnos.itr3.edu.ar
    [contrasena] => $2y$10$F4xQfULyrVhG1JD8Y21QR.vgn9Fzd257acxjmQqHQ3OYfEqBaAPb6
    [direccion_id] => 0
    [id_rol] => 1
    [created_at] => 2025-04-07 13:37:30
    [updated_at] => 2025-07-24 14:07:31
    [invitado_por] => 
    [estado] => activo
    [token_activacion] => 
)

DEBUG - 2025-09-18 08:25:52 --> Ruta actual: /Tesina/public/usuario/perfil
INFO - 2025-09-18 08:25:52 --> Session: Class initialized using 'CodeIgniter\Session\Handlers\FileHandler' driver.
DEBUG - 2025-09-18 08:25:52 --> Datos en sesión: Array
(
    [__ci_last_regenerate] => 1758194724
    [_ci_previous_url] => http://192.168.2.188/Tesina/public/usuario/perfil
    [id_usuario] => 1
    [nombre] => brunito
    [apellido] => barber
    [email] => brunocameille@alumnos.itr3.edu.ar
    [rol] => admin
    [logged_in] => 1
)

DEBUG - 2025-09-18 08:25:52 --> Buscando usuario ID: 1
DEBUG - 2025-09-18 08:25:52 --> Resultado de la búsqueda: Array
(
    [id_usuario] => 1
    [nombre] => brunito
    [apellido] => barber
    [email] => brunocameille@alumnos.itr3.edu.ar
    [contrasena] => $2y$10$F4xQfULyrVhG1JD8Y21QR.vgn9Fzd257acxjmQqHQ3OYfEqBaAPb6
    [direccion_id] => 0
    [id_rol] => 1
    [created_at] => 2025-04-07 13:37:30
    [updated_at] => 2025-07-24 14:07:31
    [invitado_por] => 
    [estado] => activo
    [token_activacion] => 
)

DEBUG - 2025-09-18 08:25:56 --> Ruta actual: /Tesina/public/admin/dispositivos
INFO - 2025-09-18 08:25:56 --> Session: Class initialized using 'CodeIgniter\Session\Handlers\FileHandler' driver.
DEBUG - 2025-09-18 08:25:56 --> Datos en sesión: Array
(
    [__ci_last_regenerate] => 1758194724
    [_ci_previous_url] => http://192.168.2.188/Tesina/public/usuario/perfil
    [id_usuario] => 1
    [nombre] => brunito
    [apellido] => barber
    [email] => brunocameille@alumnos.itr3.edu.ar
    [rol] => admin
    [logged_in] => 1
)

DEBUG - 2025-09-18 08:25:56 --> Buscando usuario ID: 1
DEBUG - 2025-09-18 08:25:56 --> Resultado de la búsqueda: Array
(
    [id_usuario] => 1
    [nombre] => brunito
    [apellido] => barber
    [email] => brunocameille@alumnos.itr3.edu.ar
    [contrasena] => $2y$10$F4xQfULyrVhG1JD8Y21QR.vgn9Fzd257acxjmQqHQ3OYfEqBaAPb6
    [direccion_id] => 0
    [id_rol] => 1
    [created_at] => 2025-04-07 13:37:30
    [updated_at] => 2025-07-24 14:07:31
    [invitado_por] => 
    [estado] => activo
    [token_activacion] => 
)

DEBUG - 2025-09-18 08:25:58 --> Ruta actual: /Tesina/public/admin
INFO - 2025-09-18 08:25:58 --> Session: Class initialized using 'CodeIgniter\Session\Handlers\FileHandler' driver.
DEBUG - 2025-09-18 08:25:58 --> Datos en sesión: Array
(
    [__ci_last_regenerate] => 1758194724
    [_ci_previous_url] => http://192.168.2.188/Tesina/public/admin/dispositivos
    [id_usuario] => 1
    [nombre] => brunito
    [apellido] => barber
    [email] => brunocameille@alumnos.itr3.edu.ar
    [rol] => admin
    [logged_in] => 1
)

INFO - 2025-09-18 08:25:59 --> Session: Class initialized using 'CodeIgniter\Session\Handlers\FileHandler' driver.
INFO - 2025-09-18 08:26:08 --> Session: Class initialized using 'CodeIgniter\Session\Handlers\FileHandler' driver.
DEBUG - 2025-09-18 08:26:08 --> Intento de inicio de sesión para email: brunocameille@alumnos.itr3.edu.ar
DEBUG - 2025-09-18 08:26:08 --> Longitud de la contraseña ingresada: 17
DEBUG - 2025-09-18 08:26:08 --> Usuario encontrado: {"id":"1","email":"brunocameille@alumnos.itr3.edu.ar","estado":"activo","rol":"1"}
DEBUG - 2025-09-18 08:26:09 --> Resultado de verificación de contraseña: false
DEBUG - 2025-09-18 08:26:09 --> Hash almacenado en la base de datos: $2y$10$F4xQfULyrVhG1JD8Y21QR.vgn9Fzd257acxjmQqHQ3OYfEqBaAPb6
DEBUG - 2025-09-18 08:26:09 --> Contraseña incorrecta para usuario: brunocameille@alumnos.itr3.edu.ar
INFO - 2025-09-18 08:26:09 --> Session: Class initialized using 'CodeIgniter\Session\Handlers\FileHandler' driver.
INFO - 2025-09-18 08:26:31 --> Session: Class initialized using 'CodeIgniter\Session\Handlers\FileHandler' driver.
DEBUG - 2025-09-18 08:26:31 --> Intento de inicio de sesión para email: brunocameille@alumnos.itr3.edu.ar
DEBUG - 2025-09-18 08:26:31 --> Longitud de la contraseña ingresada: 17
DEBUG - 2025-09-18 08:26:32 --> Usuario encontrado: {"id":"1","email":"brunocameille@alumnos.itr3.edu.ar","estado":"activo","rol":"1"}
DEBUG - 2025-09-18 08:26:32 --> Resultado de verificación de contraseña: false
DEBUG - 2025-09-18 08:26:32 --> Hash almacenado en la base de datos: $2y$10$F4xQfULyrVhG1JD8Y21QR.vgn9Fzd257acxjmQqHQ3OYfEqBaAPb6
DEBUG - 2025-09-18 08:26:32 --> Contraseña incorrecta para usuario: brunocameille@alumnos.itr3.edu.ar
INFO - 2025-09-18 08:26:32 --> Session: Class initialized using 'CodeIgniter\Session\Handlers\FileHandler' driver.
INFO - 2025-09-18 08:26:52 --> Session: Class initialized using 'CodeIgniter\Session\Handlers\FileHandler' driver.
DEBUG - 2025-09-18 08:26:52 --> Intento de inicio de sesión para email: brunocameille@alumnos.itr3.edu.ar
DEBUG - 2025-09-18 08:26:52 --> Longitud de la contraseña ingresada: 17
DEBUG - 2025-09-18 08:26:52 --> Usuario encontrado: {"id":"1","email":"brunocameille@alumnos.itr3.edu.ar","estado":"activo","rol":"1"}
DEBUG - 2025-09-18 08:26:52 --> Resultado de verificación de contraseña: true
DEBUG - 2025-09-18 08:26:52 --> Hash almacenado en la base de datos: $2y$10$F4xQfULyrVhG1JD8Y21QR.vgn9Fzd257acxjmQqHQ3OYfEqBaAPb6
DEBUG - 2025-09-18 08:26:52 --> Inicio de sesión exitoso para usuario: brunocameille@alumnos.itr3.edu.ar
DEBUG - 2025-09-18 08:26:52 --> Datos de sesión guardados: {"id_usuario":"1","nombre":"brunito","apellido":"barber","email":"brunocameille@alumnos.itr3.edu.ar","rol":"admin","logged_in":true}
DEBUG - 2025-09-18 08:26:52 --> Ruta actual: /Tesina/public/admin
INFO - 2025-09-18 08:26:52 --> Session: Class initialized using 'CodeIgniter\Session\Handlers\FileHandler' driver.
DEBUG - 2025-09-18 08:26:52 --> Datos en sesión: Array
(
    [__ci_last_regenerate] => 1758194724
    [_ci_previous_url] => http://192.168.2.188/Tesina/public/autenticacion/login
    [id_usuario] => 1
    [nombre] => brunito
    [apellido] => barber
    [email] => brunocameille@alumnos.itr3.edu.ar
    [rol] => admin
    [logged_in] => 1
)

INFO - 2025-09-18 08:27:06 --> Session: Class initialized using 'CodeIgniter\Session\Handlers\FileHandler' driver.
DEBUG - 2025-09-18 08:27:06 --> Intento de inicio de sesión para email: brunocameille@alumnos.itr3.edu.ar
DEBUG - 2025-09-18 08:27:06 --> Longitud de la contraseña ingresada: 17
DEBUG - 2025-09-18 08:27:06 --> Usuario encontrado: {"id":"1","email":"brunocameille@alumnos.itr3.edu.ar","estado":"activo","rol":"1"}
DEBUG - 2025-09-18 08:27:06 --> Resultado de verificación de contraseña: true
DEBUG - 2025-09-18 08:27:06 --> Hash almacenado en la base de datos: $2y$10$F4xQfULyrVhG1JD8Y21QR.vgn9Fzd257acxjmQqHQ3OYfEqBaAPb6
DEBUG - 2025-09-18 08:27:06 --> Inicio de sesión exitoso para usuario: brunocameille@alumnos.itr3.edu.ar
DEBUG - 2025-09-18 08:27:06 --> Datos de sesión guardados: {"id_usuario":"1","nombre":"brunito","apellido":"barber","email":"brunocameille@alumnos.itr3.edu.ar","rol":"admin","logged_in":true}
DEBUG - 2025-09-18 08:27:07 --> Ruta actual: /Tesina/public/admin
INFO - 2025-09-18 08:27:07 --> Session: Class initialized using 'CodeIgniter\Session\Handlers\FileHandler' driver.
DEBUG - 2025-09-18 08:27:07 --> Datos en sesión: Array
(
    [__ci_last_regenerate] => 1758194724
    [_ci_previous_url] => http://192.168.2.188/Tesina/public/admin
    [id_usuario] => 1
    [nombre] => brunito
    [apellido] => barber
    [email] => brunocameille@alumnos.itr3.edu.ar
    [rol] => admin
    [logged_in] => 1
)

INFO - 2025-09-18 08:27:12 --> Session: Class initialized using 'CodeIgniter\Session\Handlers\FileHandler' driver.
DEBUG - 2025-09-18 08:27:12 --> Intento de inicio de sesión para email: brunocameille@alumnos.itr3.edu.ar
DEBUG - 2025-09-18 08:27:12 --> Longitud de la contraseña ingresada: 17
DEBUG - 2025-09-18 08:27:12 --> Usuario encontrado: {"id":"1","email":"brunocameille@alumnos.itr3.edu.ar","estado":"activo","rol":"1"}
DEBUG - 2025-09-18 08:27:12 --> Resultado de verificación de contraseña: true
DEBUG - 2025-09-18 08:27:12 --> Hash almacenado en la base de datos: $2y$10$F4xQfULyrVhG1JD8Y21QR.vgn9Fzd257acxjmQqHQ3OYfEqBaAPb6
DEBUG - 2025-09-18 08:27:12 --> Inicio de sesión exitoso para usuario: brunocameille@alumnos.itr3.edu.ar
DEBUG - 2025-09-18 08:27:12 --> Datos de sesión guardados: {"id_usuario":"1","nombre":"brunito","apellido":"barber","email":"brunocameille@alumnos.itr3.edu.ar","rol":"admin","logged_in":true}
DEBUG - 2025-09-18 08:27:13 --> Ruta actual: /Tesina/public/admin
INFO - 2025-09-18 08:27:13 --> Session: Class initialized using 'CodeIgniter\Session\Handlers\FileHandler' driver.
DEBUG - 2025-09-18 08:27:13 --> Datos en sesión: Array
(
    [__ci_last_regenerate] => 1758194724
    [_ci_previous_url] => http://192.168.2.188/Tesina/public/admin
    [id_usuario] => 1
    [nombre] => brunito
    [apellido] => barber
    [email] => brunocameille@alumnos.itr3.edu.ar
    [rol] => admin
    [logged_in] => 1
)

INFO - 2025-09-18 08:27:23 --> Session: Class initialized using 'CodeIgniter\Session\Handlers\FileHandler' driver.
DEBUG - 2025-09-18 08:27:23 --> Intento de inicio de sesión para email: brunocameille@alumnos.itr3.edu.ar
DEBUG - 2025-09-18 08:27:23 --> Longitud de la contraseña ingresada: 17
DEBUG - 2025-09-18 08:27:23 --> Usuario encontrado: {"id":"1","email":"brunocameille@alumnos.itr3.edu.ar","estado":"activo","rol":"1"}
DEBUG - 2025-09-18 08:27:23 --> Resultado de verificación de contraseña: true
DEBUG - 2025-09-18 08:27:23 --> Hash almacenado en la base de datos: $2y$10$F4xQfULyrVhG1JD8Y21QR.vgn9Fzd257acxjmQqHQ3OYfEqBaAPb6
DEBUG - 2025-09-18 08:27:23 --> Inicio de sesión exitoso para usuario: brunocameille@alumnos.itr3.edu.ar
DEBUG - 2025-09-18 08:27:23 --> Datos de sesión guardados: {"id_usuario":"1","nombre":"brunito","apellido":"barber","email":"brunocameille@alumnos.itr3.edu.ar","rol":"admin","logged_in":true}
DEBUG - 2025-09-18 08:27:24 --> Ruta actual: /Tesina/public/admin
INFO - 2025-09-18 08:27:24 --> Session: Class initialized using 'CodeIgniter\Session\Handlers\FileHandler' driver.
DEBUG - 2025-09-18 08:27:24 --> Datos en sesión: Array
(
    [__ci_last_regenerate] => 1758194724
    [_ci_previous_url] => http://192.168.2.188/Tesina/public/admin
    [id_usuario] => 1
    [nombre] => brunito
    [apellido] => barber
    [email] => brunocameille@alumnos.itr3.edu.ar
    [rol] => admin
    [logged_in] => 1
)

DEBUG - 2025-09-18 08:30:05 --> Ruta actual: /Tesina/public/admin
INFO - 2025-09-18 08:30:05 --> Session: Class initialized using 'CodeIgniter\Session\Handlers\FileHandler' driver.
DEBUG - 2025-09-18 08:30:05 --> Datos en sesión: Array
(
    [__ci_last_regenerate] => 1758194724
    [_ci_previous_url] => http://192.168.2.188/Tesina/public/admin
    [id_usuario] => 1
    [nombre] => brunito
    [apellido] => barber
    [email] => brunocameille@alumnos.itr3.edu.ar
    [rol] => admin
    [logged_in] => 1
)

INFO - 2025-09-18 08:30:18 --> Session: Class initialized using 'CodeIgniter\Session\Handlers\FileHandler' driver.
DEBUG - 2025-09-18 08:30:18 --> Intento de inicio de sesión para email: brunocameille@alumnos.itr3.edu.ar
DEBUG - 2025-09-18 08:30:18 --> Longitud de la contraseña ingresada: 17
DEBUG - 2025-09-18 08:30:18 --> Usuario encontrado: {"id":"1","email":"brunocameille@alumnos.itr3.edu.ar","estado":"activo","rol":"1"}
DEBUG - 2025-09-18 08:30:18 --> Resultado de verificación de contraseña: true
DEBUG - 2025-09-18 08:30:18 --> Hash almacenado en la base de datos: $2y$10$F4xQfULyrVhG1JD8Y21QR.vgn9Fzd257acxjmQqHQ3OYfEqBaAPb6
DEBUG - 2025-09-18 08:30:18 --> Inicio de sesión exitoso para usuario: brunocameille@alumnos.itr3.edu.ar
DEBUG - 2025-09-18 08:30:18 --> Datos de sesión guardados: {"id_usuario":"1","nombre":"brunito","apellido":"barber","email":"brunocameille@alumnos.itr3.edu.ar","rol":"admin","logged_in":true}
DEBUG - 2025-09-18 08:30:18 --> Ruta actual: /Tesina/public/admin
INFO - 2025-09-18 08:30:18 --> Session: Class initialized using 'CodeIgniter\Session\Handlers\FileHandler' driver.
DEBUG - 2025-09-18 08:30:18 --> Datos en sesión: Array
(
    [__ci_last_regenerate] => 1758194724
    [_ci_previous_url] => http://192.168.2.188/Tesina/public/admin
    [id_usuario] => 1
    [nombre] => brunito
    [apellido] => barber
    [email] => brunocameille@alumnos.itr3.edu.ar
    [rol] => admin
    [logged_in] => 1
)

INFO - 2025-09-18 08:31:01 --> Session: Class initialized using 'CodeIgniter\Session\Handlers\FileHandler' driver.
INFO - 2025-09-18 08:31:18 --> Session: Class initialized using 'CodeIgniter\Session\Handlers\FileHandler' driver.
DEBUG - 2025-09-18 08:31:18 --> Intento de inicio de sesión para email: brunocameille@alumnos.itr3.edu.ar
DEBUG - 2025-09-18 08:31:18 --> Longitud de la contraseña ingresada: 17
DEBUG - 2025-09-18 08:31:18 --> Usuario encontrado: {"id":"1","email":"brunocameille@alumnos.itr3.edu.ar","estado":"activo","rol":"1"}
DEBUG - 2025-09-18 08:31:19 --> Resultado de verificación de contraseña: false
DEBUG - 2025-09-18 08:31:19 --> Hash almacenado en la base de datos: $2y$10$F4xQfULyrVhG1JD8Y21QR.vgn9Fzd257acxjmQqHQ3OYfEqBaAPb6
DEBUG - 2025-09-18 08:31:19 --> Contraseña incorrecta para usuario: brunocameille@alumnos.itr3.edu.ar
INFO - 2025-09-18 08:31:19 --> Session: Class initialized using 'CodeIgniter\Session\Handlers\FileHandler' driver.
INFO - 2025-09-18 08:31:35 --> Session: Class initialized using 'CodeIgniter\Session\Handlers\FileHandler' driver.
DEBUG - 2025-09-18 08:31:35 --> Intento de inicio de sesión para email: brunocameille@alumnos.itr3.edu.ar
DEBUG - 2025-09-18 08:31:35 --> Longitud de la contraseña ingresada: 17
DEBUG - 2025-09-18 08:31:35 --> Usuario encontrado: {"id":"1","email":"brunocameille@alumnos.itr3.edu.ar","estado":"activo","rol":"1"}
DEBUG - 2025-09-18 08:31:35 --> Resultado de verificación de contraseña: true
DEBUG - 2025-09-18 08:31:35 --> Hash almacenado en la base de datos: $2y$10$F4xQfULyrVhG1JD8Y21QR.vgn9Fzd257acxjmQqHQ3OYfEqBaAPb6
DEBUG - 2025-09-18 08:31:35 --> Inicio de sesión exitoso para usuario: brunocameille@alumnos.itr3.edu.ar
DEBUG - 2025-09-18 08:31:35 --> Datos de sesión guardados: {"id_usuario":"1","nombre":"brunito","apellido":"barber","email":"brunocameille@alumnos.itr3.edu.ar","rol":"admin","logged_in":true}
DEBUG - 2025-09-18 08:31:35 --> Ruta actual: /Tesina/public/admin
INFO - 2025-09-18 08:31:35 --> Session: Class initialized using 'CodeIgniter\Session\Handlers\FileHandler' driver.
DEBUG - 2025-09-18 08:31:35 --> Datos en sesión: Array
(
    [__ci_last_regenerate] => 1758195061
    [_ci_previous_url] => http://192.168.2.188/Tesina/public/autenticacion/login
    [id_usuario] => 1
    [nombre] => brunito
    [apellido] => barber
    [email] => brunocameille@alumnos.itr3.edu.ar
    [rol] => admin
    [logged_in] => 1
)

DEBUG - 2025-09-18 08:31:40 --> Ruta actual: /Tesina/public/admin
INFO - 2025-09-18 08:31:40 --> Session: Class initialized using 'CodeIgniter\Session\Handlers\FileHandler' driver.
DEBUG - 2025-09-18 08:31:40 --> Datos en sesión: Array
(
    [__ci_last_regenerate] => 1758195061
    [_ci_previous_url] => http://192.168.2.188/Tesina/public/admin
    [id_usuario] => 1
    [nombre] => brunito
    [apellido] => barber
    [email] => brunocameille@alumnos.itr3.edu.ar
    [rol] => admin
    [logged_in] => 1
)

DEBUG - 2025-09-18 08:31:53 --> Ruta actual: /Tesina/public/admin
INFO - 2025-09-18 08:31:53 --> Session: Class initialized using 'CodeIgniter\Session\Handlers\FileHandler' driver.
DEBUG - 2025-09-18 08:31:53 --> Datos en sesión: Array
(
    [__ci_last_regenerate] => 1758195061
    [_ci_previous_url] => http://192.168.2.188/Tesina/public/admin
    [id_usuario] => 1
    [nombre] => brunito
    [apellido] => barber
    [email] => brunocameille@alumnos.itr3.edu.ar
    [rol] => admin
    [logged_in] => 1
)

DEBUG - 2025-09-18 08:32:31 --> Ruta actual: /Tesina/public/admin
INFO - 2025-09-18 08:32:31 --> Session: Class initialized using 'CodeIgniter\Session\Handlers\FileHandler' driver.
DEBUG - 2025-09-18 08:32:31 --> Datos en sesión: Array
(
    [__ci_last_regenerate] => 1758195061
    [_ci_previous_url] => http://192.168.2.188/Tesina/public/admin
    [id_usuario] => 1
    [nombre] => brunito
    [apellido] => barber
    [email] => brunocameille@alumnos.itr3.edu.ar
    [rol] => admin
    [logged_in] => 1
)

DEBUG - 2025-09-18 08:32:36 --> Ruta actual: /Tesina/public/admin/dispositivos
INFO - 2025-09-18 08:32:36 --> Session: Class initialized using 'CodeIgniter\Session\Handlers\FileHandler' driver.
DEBUG - 2025-09-18 08:32:36 --> Datos en sesión: Array
(
    [__ci_last_regenerate] => 1758195061
    [_ci_previous_url] => http://192.168.2.188/Tesina/public/admin
    [id_usuario] => 1
    [nombre] => brunito
    [apellido] => barber
    [email] => brunocameille@alumnos.itr3.edu.ar
    [rol] => admin
    [logged_in] => 1
)

DEBUG - 2025-09-18 08:32:36 --> Buscando usuario ID: 1
DEBUG - 2025-09-18 08:32:36 --> Resultado de la búsqueda: Array
(
    [id_usuario] => 1
    [nombre] => brunito
    [apellido] => barber
    [email] => brunocameille@alumnos.itr3.edu.ar
    [contrasena] => $2y$10$F4xQfULyrVhG1JD8Y21QR.vgn9Fzd257acxjmQqHQ3OYfEqBaAPb6
    [direccion_id] => 0
    [id_rol] => 1
    [created_at] => 2025-04-07 13:37:30
    [updated_at] => 2025-07-24 14:07:31
    [invitado_por] => 
    [estado] => activo
    [token_activacion] => 
)

DEBUG - 2025-09-18 08:48:08 --> Ruta actual: /Tesina/public/admin
INFO - 2025-09-18 08:48:08 --> Session: Class initialized using 'CodeIgniter\Session\Handlers\FileHandler' driver.
DEBUG - 2025-09-18 08:48:08 --> Datos en sesión: Array
(
    [__ci_last_regenerate] => 1758196088
    [_ci_previous_url] => http://192.168.2.188/Tesina/public/admin/dispositivos
    [id_usuario] => 1
    [nombre] => brunito
    [apellido] => barber
    [email] => brunocameille@alumnos.itr3.edu.ar
    [rol] => admin
    [logged_in] => 1
)

DEBUG - 2025-09-18 08:48:38 --> Ruta actual: /Tesina/public/admin
INFO - 2025-09-18 08:48:38 --> Session: Class initialized using 'CodeIgniter\Session\Handlers\FileHandler' driver.
DEBUG - 2025-09-18 08:48:38 --> Datos en sesión: Array
(
    [__ci_last_regenerate] => 1758196088
    [_ci_previous_url] => http://192.168.2.188/Tesina/public/admin
    [id_usuario] => 1
    [nombre] => brunito
    [apellido] => barber
    [email] => brunocameille@alumnos.itr3.edu.ar
    [rol] => admin
    [logged_in] => 1
)

DEBUG - 2025-09-18 08:48:47 --> Ruta actual: /Tesina/public/admin
INFO - 2025-09-18 08:48:47 --> Session: Class initialized using 'CodeIgniter\Session\Handlers\FileHandler' driver.
DEBUG - 2025-09-18 08:48:47 --> Datos en sesión: Array
(
    [__ci_last_regenerate] => 1758196088
    [_ci_previous_url] => http://192.168.2.188/Tesina/public/admin
    [id_usuario] => 1
    [nombre] => brunito
    [apellido] => barber
    [email] => brunocameille@alumnos.itr3.edu.ar
    [rol] => admin
    [logged_in] => 1
)

DEBUG - 2025-09-18 08:49:02 --> Ruta actual: /Tesina/public/admin
INFO - 2025-09-18 08:49:02 --> Session: Class initialized using 'CodeIgniter\Session\Handlers\FileHandler' driver.
DEBUG - 2025-09-18 08:49:02 --> Datos en sesión: Array
(
    [__ci_last_regenerate] => 1758196088
    [_ci_previous_url] => http://192.168.2.188/Tesina/public/admin
    [id_usuario] => 1
    [nombre] => brunito
    [apellido] => barber
    [email] => brunocameille@alumnos.itr3.edu.ar
    [rol] => admin
    [logged_in] => 1
)

DEBUG - 2025-09-18 08:49:06 --> Ruta actual: /Tesina/public/admin/gestionarUsuarios
INFO - 2025-09-18 08:49:06 --> Session: Class initialized using 'CodeIgniter\Session\Handlers\FileHandler' driver.
DEBUG - 2025-09-18 08:49:06 --> Datos en sesión: Array
(
    [__ci_last_regenerate] => 1758196088
    [_ci_previous_url] => http://192.168.2.188/Tesina/public/admin
    [id_usuario] => 1
    [nombre] => brunito
    [apellido] => barber
    [email] => brunocameille@alumnos.itr3.edu.ar
    [rol] => admin
    [logged_in] => 1
)

DEBUG - 2025-09-18 08:49:29 --> Ruta actual: /Tesina/public/admin
INFO - 2025-09-18 08:49:29 --> Session: Class initialized using 'CodeIgniter\Session\Handlers\FileHandler' driver.
DEBUG - 2025-09-18 08:49:29 --> Datos en sesión: Array
(
    [__ci_last_regenerate] => 1758196088
    [_ci_previous_url] => http://192.168.2.188/Tesina/public/admin/gestionarUsuarios
    [id_usuario] => 1
    [nombre] => brunito
    [apellido] => barber
    [email] => brunocameille@alumnos.itr3.edu.ar
    [rol] => admin
    [logged_in] => 1
)

DEBUG - 2025-09-18 08:50:10 --> Ruta actual: /Tesina/public/admin
INFO - 2025-09-18 08:50:10 --> Session: Class initialized using 'CodeIgniter\Session\Handlers\FileHandler' driver.
DEBUG - 2025-09-18 08:50:10 --> Datos en sesión: Array
(
    [__ci_last_regenerate] => 1758196088
    [_ci_previous_url] => http://192.168.2.188/Tesina/public/admin
    [id_usuario] => 1
    [nombre] => brunito
    [apellido] => barber
    [email] => brunocameille@alumnos.itr3.edu.ar
    [rol] => admin
    [logged_in] => 1
)

DEBUG - 2025-09-18 08:50:24 --> Ruta actual: /Tesina/public/admin
INFO - 2025-09-18 08:50:24 --> Session: Class initialized using 'CodeIgniter\Session\Handlers\FileHandler' driver.
DEBUG - 2025-09-18 08:50:24 --> Datos en sesión: Array
(
    [__ci_last_regenerate] => 1758196088
    [_ci_previous_url] => http://192.168.2.188/Tesina/public/admin
    [id_usuario] => 1
    [nombre] => brunito
    [apellido] => barber
    [email] => brunocameille@alumnos.itr3.edu.ar
    [rol] => admin
    [logged_in] => 1
)

DEBUG - 2025-09-18 08:51:18 --> Ruta actual: /Tesina/public/admin
INFO - 2025-09-18 08:51:18 --> Session: Class initialized using 'CodeIgniter\Session\Handlers\FileHandler' driver.
DEBUG - 2025-09-18 08:51:18 --> Datos en sesión: Array
(
    [__ci_last_regenerate] => 1758196088
    [_ci_previous_url] => http://192.168.2.188/Tesina/public/admin
    [id_usuario] => 1
    [nombre] => brunito
    [apellido] => barber
    [email] => brunocameille@alumnos.itr3.edu.ar
    [rol] => admin
    [logged_in] => 1
)

DEBUG - 2025-09-18 08:51:46 --> Ruta actual: /Tesina/public/admin
INFO - 2025-09-18 08:51:46 --> Session: Class initialized using 'CodeIgniter\Session\Handlers\FileHandler' driver.
DEBUG - 2025-09-18 08:51:46 --> Datos en sesión: Array
(
    [__ci_last_regenerate] => 1758196088
    [_ci_previous_url] => http://192.168.2.188/Tesina/public/admin
    [id_usuario] => 1
    [nombre] => brunito
    [apellido] => barber
    [email] => brunocameille@alumnos.itr3.edu.ar
    [rol] => admin
    [logged_in] => 1
)

DEBUG - 2025-09-18 08:52:08 --> Ruta actual: /Tesina/public/admin
INFO - 2025-09-18 08:52:08 --> Session: Class initialized using 'CodeIgniter\Session\Handlers\FileHandler' driver.
DEBUG - 2025-09-18 08:52:08 --> Datos en sesión: Array
(
    [__ci_last_regenerate] => 1758196088
    [_ci_previous_url] => http://192.168.2.188/Tesina/public/admin
    [id_usuario] => 1
    [nombre] => brunito
    [apellido] => barber
    [email] => brunocameille@alumnos.itr3.edu.ar
    [rol] => admin
    [logged_in] => 1
)

DEBUG - 2025-09-18 08:52:20 --> Ruta actual: /Tesina/public/admin
INFO - 2025-09-18 08:52:20 --> Session: Class initialized using 'CodeIgniter\Session\Handlers\FileHandler' driver.
DEBUG - 2025-09-18 08:52:20 --> Datos en sesión: Array
(
    [__ci_last_regenerate] => 1758196088
    [_ci_previous_url] => http://192.168.2.188/Tesina/public/admin
    [id_usuario] => 1
    [nombre] => brunito
    [apellido] => barber
    [email] => brunocameille@alumnos.itr3.edu.ar
    [rol] => admin
    [logged_in] => 1
)

DEBUG - 2025-09-18 08:52:28 --> Ruta actual: /Tesina/public/admin/gestionarUsuarios
INFO - 2025-09-18 08:52:28 --> Session: Class initialized using 'CodeIgniter\Session\Handlers\FileHandler' driver.
DEBUG - 2025-09-18 08:52:28 --> Datos en sesión: Array
(
    [__ci_last_regenerate] => 1758196088
    [_ci_previous_url] => http://192.168.2.188/Tesina/public/admin
    [id_usuario] => 1
    [nombre] => brunito
    [apellido] => barber
    [email] => brunocameille@alumnos.itr3.edu.ar
    [rol] => admin
    [logged_in] => 1
)

DEBUG - 2025-09-18 08:52:41 --> Ruta actual: /Tesina/public/admin/dispositivos
INFO - 2025-09-18 08:52:41 --> Session: Class initialized using 'CodeIgniter\Session\Handlers\FileHandler' driver.
DEBUG - 2025-09-18 08:52:41 --> Datos en sesión: Array
(
    [__ci_last_regenerate] => 1758196088
    [_ci_previous_url] => http://192.168.2.188/Tesina/public/admin/gestionarUsuarios
    [id_usuario] => 1
    [nombre] => brunito
    [apellido] => barber
    [email] => brunocameille@alumnos.itr3.edu.ar
    [rol] => admin
    [logged_in] => 1
)

DEBUG - 2025-09-18 08:52:41 --> Buscando usuario ID: 1
DEBUG - 2025-09-18 08:52:41 --> Resultado de la búsqueda: Array
(
    [id_usuario] => 1
    [nombre] => brunito
    [apellido] => barber
    [email] => brunocameille@alumnos.itr3.edu.ar
    [contrasena] => $2y$10$F4xQfULyrVhG1JD8Y21QR.vgn9Fzd257acxjmQqHQ3OYfEqBaAPb6
    [direccion_id] => 0
    [id_rol] => 1
    [created_at] => 2025-04-07 13:37:30
    [updated_at] => 2025-07-24 14:07:31
    [invitado_por] => 
    [estado] => activo
    [token_activacion] => 
)

DEBUG - 2025-09-18 08:52:59 --> Ruta actual: /Tesina/public/admin
INFO - 2025-09-18 08:52:59 --> Session: Class initialized using 'CodeIgniter\Session\Handlers\FileHandler' driver.
DEBUG - 2025-09-18 08:52:59 --> Datos en sesión: Array
(
    [__ci_last_regenerate] => 1758196088
    [_ci_previous_url] => http://192.168.2.188/Tesina/public/admin/dispositivos
    [id_usuario] => 1
    [nombre] => brunito
    [apellido] => barber
    [email] => brunocameille@alumnos.itr3.edu.ar
    [rol] => admin
    [logged_in] => 1
)

DEBUG - 2025-09-18 09:31:36 --> Ruta actual: /Tesina/public/admin/gestionarUsuarios
INFO - 2025-09-18 09:31:36 --> Session: Class initialized using 'CodeIgniter\Session\Handlers\FileHandler' driver.
DEBUG - 2025-09-18 09:31:36 --> Datos en sesión: Array
(
    [__ci_last_regenerate] => 1758198696
    [_ci_previous_url] => http://192.168.2.188/Tesina/public/admin
    [id_usuario] => 1
    [nombre] => brunito
    [apellido] => barber
    [email] => brunocameille@alumnos.itr3.edu.ar
    [rol] => admin
    [logged_in] => 1
)

DEBUG - 2025-09-18 09:31:39 --> Ruta actual: /Tesina/public/admin
INFO - 2025-09-18 09:31:39 --> Session: Class initialized using 'CodeIgniter\Session\Handlers\FileHandler' driver.
DEBUG - 2025-09-18 09:31:39 --> Datos en sesión: Array
(
    [__ci_last_regenerate] => 1758198696
    [_ci_previous_url] => http://192.168.2.188/Tesina/public/admin/gestionarUsuarios
    [id_usuario] => 1
    [nombre] => brunito
    [apellido] => barber
    [email] => brunocameille@alumnos.itr3.edu.ar
    [rol] => admin
    [logged_in] => 1
)

DEBUG - 2025-09-18 09:46:04 --> Ruta actual: /Tesina/public/admin
INFO - 2025-09-18 09:46:04 --> Session: Class initialized using 'CodeIgniter\Session\Handlers\FileHandler' driver.
DEBUG - 2025-09-18 09:46:04 --> Datos en sesión: Array
(
    [__ci_last_regenerate] => 1758199564
    [_ci_previous_url] => http://192.168.2.188/Tesina/public/admin
    [id_usuario] => 1
    [nombre] => brunito
    [apellido] => barber
    [email] => brunocameille@alumnos.itr3.edu.ar
    [rol] => admin
    [logged_in] => 1
)

DEBUG - 2025-09-18 09:46:17 --> Ruta actual: /Tesina/public/admin
INFO - 2025-09-18 09:46:17 --> Session: Class initialized using 'CodeIgniter\Session\Handlers\FileHandler' driver.
DEBUG - 2025-09-18 09:46:17 --> Datos en sesión: Array
(
    [__ci_last_regenerate] => 1758199564
    [_ci_previous_url] => http://192.168.2.188/Tesina/public/admin
    [id_usuario] => 1
    [nombre] => brunito
    [apellido] => barber
    [email] => brunocameille@alumnos.itr3.edu.ar
    [rol] => admin
    [logged_in] => 1
)

DEBUG - 2025-09-18 09:54:46 --> Ruta actual: /Tesina/public/admin
INFO - 2025-09-18 09:54:46 --> Session: Class initialized using 'CodeIgniter\Session\Handlers\FileHandler' driver.
DEBUG - 2025-09-18 09:54:46 --> Datos en sesión: Array
(
    [__ci_last_regenerate] => 1758200086
    [_ci_previous_url] => http://192.168.2.188/Tesina/public/admin
    [id_usuario] => 1
    [nombre] => brunito
    [apellido] => barber
    [email] => brunocameille@alumnos.itr3.edu.ar
    [rol] => admin
    [logged_in] => 1
)

DEBUG - 2025-09-18 09:55:00 --> Ruta actual: /Tesina/public/admin
INFO - 2025-09-18 09:55:00 --> Session: Class initialized using 'CodeIgniter\Session\Handlers\FileHandler' driver.
DEBUG - 2025-09-18 09:55:00 --> Datos en sesión: Array
(
    [__ci_last_regenerate] => 1758200086
    [_ci_previous_url] => http://192.168.2.188/Tesina/public/admin
    [id_usuario] => 1
    [nombre] => brunito
    [apellido] => barber
    [email] => brunocameille@alumnos.itr3.edu.ar
    [rol] => admin
    [logged_in] => 1
)

INFO - 2025-09-18 09:55:24 --> Session: Class initialized using 'CodeIgniter\Session\Handlers\FileHandler' driver.
INFO - 2025-09-18 09:59:04 --> Session: Class initialized using 'CodeIgniter\Session\Handlers\FileHandler' driver.
DEBUG - 2025-09-18 09:59:04 --> Intento de inicio de sesión para email: brunocameille@alumnos.itr3.edu.ar
DEBUG - 2025-09-18 09:59:04 --> Longitud de la contraseña ingresada: 17
DEBUG - 2025-09-18 09:59:04 --> Usuario encontrado: {"id":"1","email":"brunocameille@alumnos.itr3.edu.ar","estado":"activo","rol":"1"}
DEBUG - 2025-09-18 09:59:04 --> Resultado de verificación de contraseña: true
DEBUG - 2025-09-18 09:59:04 --> Hash almacenado en la base de datos: $2y$10$F4xQfULyrVhG1JD8Y21QR.vgn9Fzd257acxjmQqHQ3OYfEqBaAPb6
DEBUG - 2025-09-18 09:59:04 --> Inicio de sesión exitoso para usuario: brunocameille@alumnos.itr3.edu.ar
DEBUG - 2025-09-18 09:59:04 --> Datos de sesión guardados: {"id_usuario":"1","nombre":"brunito","apellido":"barber","email":"brunocameille@alumnos.itr3.edu.ar","rol":"admin","logged_in":true}
DEBUG - 2025-09-18 09:59:05 --> Ruta actual: /Tesina/public/admin
INFO - 2025-09-18 09:59:05 --> Session: Class initialized using 'CodeIgniter\Session\Handlers\FileHandler' driver.
DEBUG - 2025-09-18 09:59:05 --> Datos en sesión: Array
(
    [__ci_last_regenerate] => 1758200086
    [_ci_previous_url] => http://192.168.2.188/Tesina/public/autenticacion/login
    [id_usuario] => 1
    [nombre] => brunito
    [apellido] => barber
    [email] => brunocameille@alumnos.itr3.edu.ar
    [rol] => admin
    [logged_in] => 1
)

DEBUG - 2025-09-18 09:59:14 --> Ruta actual: /Tesina/public/admin
INFO - 2025-09-18 09:59:14 --> Session: Class initialized using 'CodeIgniter\Session\Handlers\FileHandler' driver.
DEBUG - 2025-09-18 09:59:14 --> Datos en sesión: Array
(
    [__ci_last_regenerate] => 1758200086
    [_ci_previous_url] => http://192.168.2.188/Tesina/public/admin
    [id_usuario] => 1
    [nombre] => brunito
    [apellido] => barber
    [email] => brunocameille@alumnos.itr3.edu.ar
    [rol] => admin
    [logged_in] => 1
)

INFO - 2025-09-18 14:24:24 --> Session: Class initialized using 'CodeIgniter\Session\Handlers\FileHandler' driver.
INFO - 2025-09-18 14:24:32 --> Session: Class initialized using 'CodeIgniter\Session\Handlers\FileHandler' driver.
INFO - 2025-09-18 14:26:23 --> Session: Class initialized using 'CodeIgniter\Session\Handlers\FileHandler' driver.
DEBUG - 2025-09-18 14:26:23 --> Intento de inicio de sesión para email: brunocameille@alumnos.itr3.edu.ar
DEBUG - 2025-09-18 14:26:23 --> Longitud de la contraseña ingresada: 18
DEBUG - 2025-09-18 14:26:24 --> Usuario encontrado: {"id":"1","email":"brunocameille@alumnos.itr3.edu.ar","estado":"activo","rol":"1"}
DEBUG - 2025-09-18 14:26:24 --> Resultado de verificación de contraseña: false
DEBUG - 2025-09-18 14:26:24 --> Hash almacenado en la base de datos: $2y$10$F4xQfULyrVhG1JD8Y21QR.vgn9Fzd257acxjmQqHQ3OYfEqBaAPb6
DEBUG - 2025-09-18 14:26:24 --> Contraseña incorrecta para usuario: brunocameille@alumnos.itr3.edu.ar
INFO - 2025-09-18 14:26:25 --> Session: Class initialized using 'CodeIgniter\Session\Handlers\FileHandler' driver.
INFO - 2025-09-18 14:26:54 --> Session: Class initialized using 'CodeIgniter\Session\Handlers\FileHandler' driver.
DEBUG - 2025-09-18 14:26:54 --> Intento de inicio de sesión para email: brunocameille@alumnos.itr3.edu.ar
DEBUG - 2025-09-18 14:26:54 --> Longitud de la contraseña ingresada: 17
DEBUG - 2025-09-18 14:26:54 --> Usuario encontrado: {"id":"1","email":"brunocameille@alumnos.itr3.edu.ar","estado":"activo","rol":"1"}
DEBUG - 2025-09-18 14:26:54 --> Resultado de verificación de contraseña: true
DEBUG - 2025-09-18 14:26:54 --> Hash almacenado en la base de datos: $2y$10$F4xQfULyrVhG1JD8Y21QR.vgn9Fzd257acxjmQqHQ3OYfEqBaAPb6
DEBUG - 2025-09-18 14:26:54 --> Inicio de sesión exitoso para usuario: brunocameille@alumnos.itr3.edu.ar
DEBUG - 2025-09-18 14:26:54 --> Datos de sesión guardados: {"id_usuario":"1","nombre":"brunito","apellido":"barber","email":"brunocameille@alumnos.itr3.edu.ar","rol":"admin","logged_in":true}
DEBUG - 2025-09-18 14:26:55 --> Ruta actual: /Tesina/public/admin
INFO - 2025-09-18 14:26:55 --> Session: Class initialized using 'CodeIgniter\Session\Handlers\FileHandler' driver.
DEBUG - 2025-09-18 14:26:55 --> Datos en sesión: Array
(
    [__ci_last_regenerate] => 1758216264
    [_ci_previous_url] => http://192.168.2.188/Tesina/public/autenticacion/login
    [id_usuario] => 1
    [nombre] => brunito
    [apellido] => barber
    [email] => brunocameille@alumnos.itr3.edu.ar
    [rol] => admin
    [logged_in] => 1
)

DEBUG - 2025-09-18 14:27:23 --> Ruta actual: /Tesina/public/admin/dispositivos
INFO - 2025-09-18 14:27:23 --> Session: Class initialized using 'CodeIgniter\Session\Handlers\FileHandler' driver.
DEBUG - 2025-09-18 14:27:23 --> Datos en sesión: Array
(
    [__ci_last_regenerate] => 1758216264
    [_ci_previous_url] => http://192.168.2.188/Tesina/public/admin
    [id_usuario] => 1
    [nombre] => brunito
    [apellido] => barber
    [email] => brunocameille@alumnos.itr3.edu.ar
    [rol] => admin
    [logged_in] => 1
)

DEBUG - 2025-09-18 14:27:23 --> Buscando usuario ID: 1
DEBUG - 2025-09-18 14:27:23 --> Resultado de la búsqueda: Array
(
    [id_usuario] => 1
    [nombre] => brunito
    [apellido] => barber
    [email] => brunocameille@alumnos.itr3.edu.ar
    [contrasena] => $2y$10$F4xQfULyrVhG1JD8Y21QR.vgn9Fzd257acxjmQqHQ3OYfEqBaAPb6
    [direccion_id] => 0
    [id_rol] => 1
    [created_at] => 2025-04-07 13:37:30
    [updated_at] => 2025-07-24 14:07:31
    [invitado_por] => 
    [estado] => activo
    [token_activacion] => 
)

DEBUG - 2025-09-18 14:27:26 --> Ruta actual: /Tesina/public/admin/dispositivos
INFO - 2025-09-18 14:27:26 --> Session: Class initialized using 'CodeIgniter\Session\Handlers\FileHandler' driver.
DEBUG - 2025-09-18 14:27:26 --> Datos en sesión: Array
(
    [__ci_last_regenerate] => 1758216264
    [_ci_previous_url] => http://192.168.2.188/Tesina/public/admin/dispositivos
    [id_usuario] => 1
    [nombre] => brunito
    [apellido] => barber
    [email] => brunocameille@alumnos.itr3.edu.ar
    [rol] => admin
    [logged_in] => 1
)

DEBUG - 2025-09-18 14:27:26 --> Buscando usuario ID: 1
DEBUG - 2025-09-18 14:27:26 --> Resultado de la búsqueda: Array
(
    [id_usuario] => 1
    [nombre] => brunito
    [apellido] => barber
    [email] => brunocameille@alumnos.itr3.edu.ar
    [contrasena] => $2y$10$F4xQfULyrVhG1JD8Y21QR.vgn9Fzd257acxjmQqHQ3OYfEqBaAPb6
    [direccion_id] => 0
    [id_rol] => 1
    [created_at] => 2025-04-07 13:37:30
    [updated_at] => 2025-07-24 14:07:31
    [invitado_por] => 
    [estado] => activo
    [token_activacion] => 
)

DEBUG - 2025-09-18 14:27:30 --> Ruta actual: /Tesina/public/admin
INFO - 2025-09-18 14:27:30 --> Session: Class initialized using 'CodeIgniter\Session\Handlers\FileHandler' driver.
DEBUG - 2025-09-18 14:27:30 --> Datos en sesión: Array
(
    [__ci_last_regenerate] => 1758216264
    [_ci_previous_url] => http://192.168.2.188/Tesina/public/admin/dispositivos
    [id_usuario] => 1
    [nombre] => brunito
    [apellido] => barber
    [email] => brunocameille@alumnos.itr3.edu.ar
    [rol] => admin
    [logged_in] => 1
)

DEBUG - 2025-09-18 14:27:58 --> Ruta actual: /Tesina/public/admin
INFO - 2025-09-18 14:27:58 --> Session: Class initialized using 'CodeIgniter\Session\Handlers\FileHandler' driver.
DEBUG - 2025-09-18 14:27:58 --> Datos en sesión: Array
(
    [__ci_last_regenerate] => 1758216264
    [_ci_previous_url] => http://192.168.2.188/Tesina/public/admin
    [id_usuario] => 1
    [nombre] => brunito
    [apellido] => barber
    [email] => brunocameille@alumnos.itr3.edu.ar
    [rol] => admin
    [logged_in] => 1
)

DEBUG - 2025-09-18 14:28:05 --> Ruta actual: /Tesina/public/admin
INFO - 2025-09-18 14:28:06 --> Session: Class initialized using 'CodeIgniter\Session\Handlers\FileHandler' driver.
DEBUG - 2025-09-18 14:28:06 --> Datos en sesión: Array
(
    [__ci_last_regenerate] => 1758216264
    [_ci_previous_url] => http://192.168.2.188/Tesina/public/admin
    [id_usuario] => 1
    [nombre] => brunito
    [apellido] => barber
    [email] => brunocameille@alumnos.itr3.edu.ar
    [rol] => admin
    [logged_in] => 1
)

DEBUG - 2025-09-18 14:28:16 --> Ruta actual: /Tesina/public/admin
INFO - 2025-09-18 14:28:16 --> Session: Class initialized using 'CodeIgniter\Session\Handlers\FileHandler' driver.
DEBUG - 2025-09-18 14:28:16 --> Datos en sesión: Array
(
    [__ci_last_regenerate] => 1758216264
    [_ci_previous_url] => http://192.168.2.188/Tesina/public/admin
    [id_usuario] => 1
    [nombre] => brunito
    [apellido] => barber
    [email] => brunocameille@alumnos.itr3.edu.ar
    [rol] => admin
    [logged_in] => 1
)

DEBUG - 2025-09-18 14:28:22 --> Ruta actual: /Tesina/public/admin
INFO - 2025-09-18 14:28:22 --> Session: Class initialized using 'CodeIgniter\Session\Handlers\FileHandler' driver.
DEBUG - 2025-09-18 14:28:22 --> Datos en sesión: Array
(
    [__ci_last_regenerate] => 1758216264
    [_ci_previous_url] => http://192.168.2.188/Tesina/public/admin
    [id_usuario] => 1
    [nombre] => brunito
    [apellido] => barber
    [email] => brunocameille@alumnos.itr3.edu.ar
    [rol] => admin
    [logged_in] => 1
)

DEBUG - 2025-09-18 14:28:28 --> Ruta actual: /Tesina/public/admin
INFO - 2025-09-18 14:28:28 --> Session: Class initialized using 'CodeIgniter\Session\Handlers\FileHandler' driver.
DEBUG - 2025-09-18 14:28:28 --> Datos en sesión: Array
(
    [__ci_last_regenerate] => 1758216264
    [_ci_previous_url] => http://192.168.2.188/Tesina/public/admin
    [id_usuario] => 1
    [nombre] => brunito
    [apellido] => barber
    [email] => brunocameille@alumnos.itr3.edu.ar
    [rol] => admin
    [logged_in] => 1
)

DEBUG - 2025-09-18 14:28:33 --> Ruta actual: /Tesina/public/admin
INFO - 2025-09-18 14:28:33 --> Session: Class initialized using 'CodeIgniter\Session\Handlers\FileHandler' driver.
DEBUG - 2025-09-18 14:28:33 --> Datos en sesión: Array
(
    [__ci_last_regenerate] => 1758216264
    [_ci_previous_url] => http://192.168.2.188/Tesina/public/admin
    [id_usuario] => 1
    [nombre] => brunito
    [apellido] => barber
    [email] => brunocameille@alumnos.itr3.edu.ar
    [rol] => admin
    [logged_in] => 1
)

DEBUG - 2025-09-18 14:28:40 --> Ruta actual: /Tesina/public/admin
INFO - 2025-09-18 14:28:40 --> Session: Class initialized using 'CodeIgniter\Session\Handlers\FileHandler' driver.
DEBUG - 2025-09-18 14:28:40 --> Datos en sesión: Array
(
    [__ci_last_regenerate] => 1758216264
    [_ci_previous_url] => http://192.168.2.188/Tesina/public/admin
    [id_usuario] => 1
    [nombre] => brunito
    [apellido] => barber
    [email] => brunocameille@alumnos.itr3.edu.ar
    [rol] => admin
    [logged_in] => 1
)

DEBUG - 2025-09-18 14:28:44 --> Ruta actual: /Tesina/public/admin
INFO - 2025-09-18 14:28:44 --> Session: Class initialized using 'CodeIgniter\Session\Handlers\FileHandler' driver.
DEBUG - 2025-09-18 14:28:44 --> Datos en sesión: Array
(
    [__ci_last_regenerate] => 1758216264
    [_ci_previous_url] => http://192.168.2.188/Tesina/public/admin
    [id_usuario] => 1
    [nombre] => brunito
    [apellido] => barber
    [email] => brunocameille@alumnos.itr3.edu.ar
    [rol] => admin
    [logged_in] => 1
)

DEBUG - 2025-09-18 14:28:47 --> Ruta actual: /Tesina/public/admin
INFO - 2025-09-18 14:28:47 --> Session: Class initialized using 'CodeIgniter\Session\Handlers\FileHandler' driver.
DEBUG - 2025-09-18 14:28:47 --> Datos en sesión: Array
(
    [__ci_last_regenerate] => 1758216264
    [_ci_previous_url] => http://192.168.2.188/Tesina/public/admin
    [id_usuario] => 1
    [nombre] => brunito
    [apellido] => barber
    [email] => brunocameille@alumnos.itr3.edu.ar
    [rol] => admin
    [logged_in] => 1
)

DEBUG - 2025-09-18 14:29:02 --> Ruta actual: /Tesina/public/admin
INFO - 2025-09-18 14:29:02 --> Session: Class initialized using 'CodeIgniter\Session\Handlers\FileHandler' driver.
DEBUG - 2025-09-18 14:29:02 --> Datos en sesión: Array
(
    [__ci_last_regenerate] => 1758216264
    [_ci_previous_url] => http://192.168.2.188/Tesina/public/admin
    [id_usuario] => 1
    [nombre] => brunito
    [apellido] => barber
    [email] => brunocameille@alumnos.itr3.edu.ar
    [rol] => admin
    [logged_in] => 1
)

DEBUG - 2025-09-18 14:31:58 --> Ruta actual: /Tesina/public/admin
INFO - 2025-09-18 14:31:58 --> Session: Class initialized using 'CodeIgniter\Session\Handlers\FileHandler' driver.
DEBUG - 2025-09-18 14:31:58 --> Datos en sesión: Array
(
    [__ci_last_regenerate] => 1758216718
    [_ci_previous_url] => http://192.168.2.188/Tesina/public/admin
    [id_usuario] => 1
    [nombre] => brunito
    [apellido] => barber
    [email] => brunocameille@alumnos.itr3.edu.ar
    [rol] => admin
    [logged_in] => 1
)

DEBUG - 2025-09-18 14:32:13 --> Ruta actual: /Tesina/public/admin
INFO - 2025-09-18 14:32:13 --> Session: Class initialized using 'CodeIgniter\Session\Handlers\FileHandler' driver.
DEBUG - 2025-09-18 14:32:13 --> Datos en sesión: Array
(
    [__ci_last_regenerate] => 1758216718
    [_ci_previous_url] => http://192.168.2.188/Tesina/public/admin
    [id_usuario] => 1
    [nombre] => brunito
    [apellido] => barber
    [email] => brunocameille@alumnos.itr3.edu.ar
    [rol] => admin
    [logged_in] => 1
)

DEBUG - 2025-09-18 14:32:28 --> Ruta actual: /Tesina/public/admin
INFO - 2025-09-18 14:32:28 --> Session: Class initialized using 'CodeIgniter\Session\Handlers\FileHandler' driver.
DEBUG - 2025-09-18 14:32:28 --> Datos en sesión: Array
(
    [__ci_last_regenerate] => 1758216718
    [_ci_previous_url] => http://192.168.2.188/Tesina/public/admin
    [id_usuario] => 1
    [nombre] => brunito
    [apellido] => barber
    [email] => brunocameille@alumnos.itr3.edu.ar
    [rol] => admin
    [logged_in] => 1
)

DEBUG - 2025-09-18 14:32:37 --> Ruta actual: /Tesina/public/admin/invitar
INFO - 2025-09-18 14:32:37 --> Session: Class initialized using 'CodeIgniter\Session\Handlers\FileHandler' driver.
DEBUG - 2025-09-18 14:32:37 --> Datos en sesión: Array
(
    [__ci_last_regenerate] => 1758216718
    [_ci_previous_url] => http://192.168.2.188/Tesina/public/admin
    [id_usuario] => 1
    [nombre] => brunito
    [apellido] => barber
    [email] => brunocameille@alumnos.itr3.edu.ar
    [rol] => admin
    [logged_in] => 1
)

DEBUG - 2025-09-18 14:32:40 --> Ruta actual: /Tesina/public/admin
INFO - 2025-09-18 14:32:40 --> Session: Class initialized using 'CodeIgniter\Session\Handlers\FileHandler' driver.
DEBUG - 2025-09-18 14:32:40 --> Datos en sesión: Array
(
    [__ci_last_regenerate] => 1758216718
    [_ci_previous_url] => http://192.168.2.188/Tesina/public/admin/invitar
    [id_usuario] => 1
    [nombre] => brunito
    [apellido] => barber
    [email] => brunocameille@alumnos.itr3.edu.ar
    [rol] => admin
    [logged_in] => 1
)

DEBUG - 2025-09-18 14:32:41 --> Ruta actual: /Tesina/public/admin/dispositivos
INFO - 2025-09-18 14:32:41 --> Session: Class initialized using 'CodeIgniter\Session\Handlers\FileHandler' driver.
DEBUG - 2025-09-18 14:32:41 --> Datos en sesión: Array
(
    [__ci_last_regenerate] => 1758216718
    [_ci_previous_url] => http://192.168.2.188/Tesina/public/admin
    [id_usuario] => 1
    [nombre] => brunito
    [apellido] => barber
    [email] => brunocameille@alumnos.itr3.edu.ar
    [rol] => admin
    [logged_in] => 1
)

DEBUG - 2025-09-18 14:32:41 --> Buscando usuario ID: 1
DEBUG - 2025-09-18 14:32:41 --> Resultado de la búsqueda: Array
(
    [id_usuario] => 1
    [nombre] => brunito
    [apellido] => barber
    [email] => brunocameille@alumnos.itr3.edu.ar
    [contrasena] => $2y$10$F4xQfULyrVhG1JD8Y21QR.vgn9Fzd257acxjmQqHQ3OYfEqBaAPb6
    [direccion_id] => 0
    [id_rol] => 1
    [created_at] => 2025-04-07 13:37:30
    [updated_at] => 2025-07-24 14:07:31
    [invitado_por] => 
    [estado] => activo
    [token_activacion] => 
)

DEBUG - 2025-09-18 14:32:53 --> Ruta actual: /Tesina/public/admin/dispositivos
INFO - 2025-09-18 14:32:53 --> Session: Class initialized using 'CodeIgniter\Session\Handlers\FileHandler' driver.
DEBUG - 2025-09-18 14:32:53 --> Datos en sesión: Array
(
    [__ci_last_regenerate] => 1758216718
    [_ci_previous_url] => http://192.168.2.188/Tesina/public/admin/dispositivos
    [id_usuario] => 1
    [nombre] => brunito
    [apellido] => barber
    [email] => brunocameille@alumnos.itr3.edu.ar
    [rol] => admin
    [logged_in] => 1
)

DEBUG - 2025-09-18 14:32:53 --> Buscando usuario ID: 1
DEBUG - 2025-09-18 14:32:53 --> Resultado de la búsqueda: Array
(
    [id_usuario] => 1
    [nombre] => brunito
    [apellido] => barber
    [email] => brunocameille@alumnos.itr3.edu.ar
    [contrasena] => $2y$10$F4xQfULyrVhG1JD8Y21QR.vgn9Fzd257acxjmQqHQ3OYfEqBaAPb6
    [direccion_id] => 0
    [id_rol] => 1
    [created_at] => 2025-04-07 13:37:30
    [updated_at] => 2025-07-24 14:07:31
    [invitado_por] => 
    [estado] => activo
    [token_activacion] => 
)

INFO - 2025-09-18 14:34:30 --> Session: Class initialized using 'CodeIgniter\Session\Handlers\FileHandler' driver.
INFO - 2025-09-18 14:34:51 --> Session: Class initialized using 'CodeIgniter\Session\Handlers\FileHandler' driver.
DEBUG - 2025-09-18 14:34:51 --> Intento de inicio de sesión para email: brunocameille@alumnos.itr3.edu.ar
DEBUG - 2025-09-18 14:34:51 --> Longitud de la contraseña ingresada: 17
DEBUG - 2025-09-18 14:34:51 --> Usuario encontrado: {"id":"1","email":"brunocameille@alumnos.itr3.edu.ar","estado":"activo","rol":"1"}
DEBUG - 2025-09-18 14:34:51 --> Resultado de verificación de contraseña: true
DEBUG - 2025-09-18 14:34:51 --> Hash almacenado en la base de datos: $2y$10$F4xQfULyrVhG1JD8Y21QR.vgn9Fzd257acxjmQqHQ3OYfEqBaAPb6
DEBUG - 2025-09-18 14:34:51 --> Inicio de sesión exitoso para usuario: brunocameille@alumnos.itr3.edu.ar
DEBUG - 2025-09-18 14:34:51 --> Datos de sesión guardados: {"id_usuario":"1","nombre":"brunito","apellido":"barber","email":"brunocameille@alumnos.itr3.edu.ar","rol":"admin","logged_in":true}
DEBUG - 2025-09-18 14:34:53 --> Ruta actual: /Tesina/public/admin
INFO - 2025-09-18 14:34:53 --> Session: Class initialized using 'CodeIgniter\Session\Handlers\FileHandler' driver.
DEBUG - 2025-09-18 14:34:53 --> Datos en sesión: Array
(
    [__ci_last_regenerate] => 1758216718
    [_ci_previous_url] => http://192.168.2.188/Tesina/public/autenticacion/login
    [id_usuario] => 1
    [nombre] => brunito
    [apellido] => barber
    [email] => brunocameille@alumnos.itr3.edu.ar
    [rol] => admin
    [logged_in] => 1
)

DEBUG - 2025-09-18 14:37:17 --> Ruta actual: /Tesina/public/admin/dispositivos
INFO - 2025-09-18 14:37:17 --> Session: Class initialized using 'CodeIgniter\Session\Handlers\FileHandler' driver.
DEBUG - 2025-09-18 14:37:17 --> Datos en sesión: Array
(
    [__ci_last_regenerate] => 1758217037
    [_ci_previous_url] => http://192.168.2.188/Tesina/public/admin
    [id_usuario] => 1
    [nombre] => brunito
    [apellido] => barber
    [email] => brunocameille@alumnos.itr3.edu.ar
    [rol] => admin
    [logged_in] => 1
)

DEBUG - 2025-09-18 14:37:17 --> Buscando usuario ID: 1
DEBUG - 2025-09-18 14:37:17 --> Resultado de la búsqueda: Array
(
    [id_usuario] => 1
    [nombre] => brunito
    [apellido] => barber
    [email] => brunocameille@alumnos.itr3.edu.ar
    [contrasena] => $2y$10$F4xQfULyrVhG1JD8Y21QR.vgn9Fzd257acxjmQqHQ3OYfEqBaAPb6
    [direccion_id] => 0
    [id_rol] => 1
    [created_at] => 2025-04-07 13:37:30
    [updated_at] => 2025-07-24 14:07:31
    [invitado_por] => 
    [estado] => activo
    [token_activacion] => 
)

DEBUG - 2025-09-18 14:37:20 --> Ruta actual: /Tesina/public/admin
INFO - 2025-09-18 14:37:20 --> Session: Class initialized using 'CodeIgniter\Session\Handlers\FileHandler' driver.
DEBUG - 2025-09-18 14:37:20 --> Datos en sesión: Array
(
    [__ci_last_regenerate] => 1758217037
    [_ci_previous_url] => http://192.168.2.188/Tesina/public/admin/dispositivos
    [id_usuario] => 1
    [nombre] => brunito
    [apellido] => barber
    [email] => brunocameille@alumnos.itr3.edu.ar
    [rol] => admin
    [logged_in] => 1
)

DEBUG - 2025-09-18 14:39:28 --> Ruta actual: /Tesina/public/admin
INFO - 2025-09-18 14:39:28 --> Session: Class initialized using 'CodeIgniter\Session\Handlers\FileHandler' driver.
DEBUG - 2025-09-18 14:39:28 --> Datos en sesión: Array
(
    [__ci_last_regenerate] => 1758217037
    [_ci_previous_url] => http://192.168.2.188/Tesina/public/admin
    [id_usuario] => 1
    [nombre] => brunito
    [apellido] => barber
    [email] => brunocameille@alumnos.itr3.edu.ar
    [rol] => admin
    [logged_in] => 1
)

DEBUG - 2025-09-18 14:39:44 --> Ruta actual: /Tesina/public/admin/dispositivos
INFO - 2025-09-18 14:39:44 --> Session: Class initialized using 'CodeIgniter\Session\Handlers\FileHandler' driver.
DEBUG - 2025-09-18 14:39:44 --> Datos en sesión: Array
(
    [__ci_last_regenerate] => 1758217037
    [_ci_previous_url] => http://192.168.2.188/Tesina/public/admin
    [id_usuario] => 1
    [nombre] => brunito
    [apellido] => barber
    [email] => brunocameille@alumnos.itr3.edu.ar
    [rol] => admin
    [logged_in] => 1
)

DEBUG - 2025-09-18 14:39:44 --> Buscando usuario ID: 1
DEBUG - 2025-09-18 14:39:44 --> Resultado de la búsqueda: Array
(
    [id_usuario] => 1
    [nombre] => brunito
    [apellido] => barber
    [email] => brunocameille@alumnos.itr3.edu.ar
    [contrasena] => $2y$10$F4xQfULyrVhG1JD8Y21QR.vgn9Fzd257acxjmQqHQ3OYfEqBaAPb6
    [direccion_id] => 0
    [id_rol] => 1
    [created_at] => 2025-04-07 13:37:30
    [updated_at] => 2025-07-24 14:07:31
    [invitado_por] => 
    [estado] => activo
    [token_activacion] => 
)

DEBUG - 2025-09-18 14:39:49 --> Ruta actual: /Tesina/public/admin/dispositivos
INFO - 2025-09-18 14:39:49 --> Session: Class initialized using 'CodeIgniter\Session\Handlers\FileHandler' driver.
DEBUG - 2025-09-18 14:39:49 --> Datos en sesión: Array
(
    [__ci_last_regenerate] => 1758217037
    [_ci_previous_url] => http://192.168.2.188/Tesina/public/admin/dispositivos
    [id_usuario] => 1
    [nombre] => brunito
    [apellido] => barber
    [email] => brunocameille@alumnos.itr3.edu.ar
    [rol] => admin
    [logged_in] => 1
)

DEBUG - 2025-09-18 14:39:49 --> Buscando usuario ID: 1
DEBUG - 2025-09-18 14:39:49 --> Resultado de la búsqueda: Array
(
    [id_usuario] => 1
    [nombre] => brunito
    [apellido] => barber
    [email] => brunocameille@alumnos.itr3.edu.ar
    [contrasena] => $2y$10$F4xQfULyrVhG1JD8Y21QR.vgn9Fzd257acxjmQqHQ3OYfEqBaAPb6
    [direccion_id] => 0
    [id_rol] => 1
    [created_at] => 2025-04-07 13:37:30
    [updated_at] => 2025-07-24 14:07:31
    [invitado_por] => 
    [estado] => activo
    [token_activacion] => 
)

DEBUG - 2025-09-18 14:43:05 --> Ruta actual: /Tesina/public/admin/dispositivos
INFO - 2025-09-18 14:43:05 --> Session: Class initialized using 'CodeIgniter\Session\Handlers\FileHandler' driver.
DEBUG - 2025-09-18 14:43:05 --> Datos en sesión: Array
(
    [__ci_last_regenerate] => 1758217385
    [_ci_previous_url] => http://192.168.2.188/Tesina/public/admin/dispositivos
    [id_usuario] => 1
    [nombre] => brunito
    [apellido] => barber
    [email] => brunocameille@alumnos.itr3.edu.ar
    [rol] => admin
    [logged_in] => 1
)

DEBUG - 2025-09-18 14:43:06 --> Buscando usuario ID: 1
DEBUG - 2025-09-18 14:43:06 --> Resultado de la búsqueda: Array
(
    [id_usuario] => 1
    [nombre] => brunito
    [apellido] => barber
    [email] => brunocameille@alumnos.itr3.edu.ar
    [contrasena] => $2y$10$F4xQfULyrVhG1JD8Y21QR.vgn9Fzd257acxjmQqHQ3OYfEqBaAPb6
    [direccion_id] => 0
    [id_rol] => 1
    [created_at] => 2025-04-07 13:37:30
    [updated_at] => 2025-07-24 14:07:31
    [invitado_por] => 
    [estado] => activo
    [token_activacion] => 
)

DEBUG - 2025-09-18 14:43:17 --> Ruta actual: /Tesina/public/admin/dispositivos/buscar
INFO - 2025-09-18 14:43:17 --> Session: Class initialized using 'CodeIgniter\Session\Handlers\FileHandler' driver.
DEBUG - 2025-09-18 14:43:17 --> Datos en sesión: Array
(
    [__ci_last_regenerate] => 1758217385
    [_ci_previous_url] => http://192.168.2.188/Tesina/public/admin/dispositivos
    [id_usuario] => 1
    [nombre] => brunito
    [apellido] => barber
    [email] => brunocameille@alumnos.itr3.edu.ar
    [rol] => admin
    [logged_in] => 1
)

DEBUG - 2025-09-18 14:43:17 --> Buscando usuario ID: 1
DEBUG - 2025-09-18 14:43:17 --> Resultado de la búsqueda: Array
(
    [id_usuario] => 1
    [nombre] => brunito
    [apellido] => barber
    [email] => brunocameille@alumnos.itr3.edu.ar
    [contrasena] => $2y$10$F4xQfULyrVhG1JD8Y21QR.vgn9Fzd257acxjmQqHQ3OYfEqBaAPb6
    [direccion_id] => 0
    [id_rol] => 1
    [created_at] => 2025-04-07 13:37:30
    [updated_at] => 2025-07-24 14:07:31
    [invitado_por] => 
    [estado] => activo
    [token_activacion] => 
)

DEBUG - 2025-09-18 14:43:21 --> Ruta actual: /Tesina/public/admin/dispositivos
INFO - 2025-09-18 14:43:21 --> Session: Class initialized using 'CodeIgniter\Session\Handlers\FileHandler' driver.
DEBUG - 2025-09-18 14:43:21 --> Datos en sesión: Array
(
    [__ci_last_regenerate] => 1758217385
    [_ci_previous_url] => http://192.168.2.188/Tesina/public/admin/dispositivos/buscar
    [id_usuario] => 1
    [nombre] => brunito
    [apellido] => barber
    [email] => brunocameille@alumnos.itr3.edu.ar
    [rol] => admin
    [logged_in] => 1
)

DEBUG - 2025-09-18 14:43:21 --> Buscando usuario ID: 1
DEBUG - 2025-09-18 14:43:21 --> Resultado de la búsqueda: Array
(
    [id_usuario] => 1
    [nombre] => brunito
    [apellido] => barber
    [email] => brunocameille@alumnos.itr3.edu.ar
    [contrasena] => $2y$10$F4xQfULyrVhG1JD8Y21QR.vgn9Fzd257acxjmQqHQ3OYfEqBaAPb6
    [direccion_id] => 0
    [id_rol] => 1
    [created_at] => 2025-04-07 13:37:30
    [updated_at] => 2025-07-24 14:07:31
    [invitado_por] => 
    [estado] => activo
    [token_activacion] => 
)

DEBUG - 2025-09-18 14:43:22 --> Ruta actual: /Tesina/public/admin
INFO - 2025-09-18 14:43:22 --> Session: Class initialized using 'CodeIgniter\Session\Handlers\FileHandler' driver.
DEBUG - 2025-09-18 14:43:22 --> Datos en sesión: Array
(
    [__ci_last_regenerate] => 1758217385
    [_ci_previous_url] => http://192.168.2.188/Tesina/public/admin/dispositivos
    [id_usuario] => 1
    [nombre] => brunito
    [apellido] => barber
    [email] => brunocameille@alumnos.itr3.edu.ar
    [rol] => admin
    [logged_in] => 1
)

DEBUG - 2025-09-18 14:43:41 --> Ruta actual: /Tesina/public/admin/invitar
INFO - 2025-09-18 14:43:41 --> Session: Class initialized using 'CodeIgniter\Session\Handlers\FileHandler' driver.
DEBUG - 2025-09-18 14:43:41 --> Datos en sesión: Array
(
    [__ci_last_regenerate] => 1758217385
    [_ci_previous_url] => http://192.168.2.188/Tesina/public/admin
    [id_usuario] => 1
    [nombre] => brunito
    [apellido] => barber
    [email] => brunocameille@alumnos.itr3.edu.ar
    [rol] => admin
    [logged_in] => 1
)

DEBUG - 2025-09-18 14:43:48 --> Ruta actual: /Tesina/public/admin/dispositivos/buscar
INFO - 2025-09-18 14:43:48 --> Session: Class initialized using 'CodeIgniter\Session\Handlers\FileHandler' driver.
DEBUG - 2025-09-18 14:43:48 --> Datos en sesión: Array
(
    [__ci_last_regenerate] => 1758217385
    [_ci_previous_url] => http://192.168.2.188/Tesina/public/admin/invitar
    [id_usuario] => 1
    [nombre] => brunito
    [apellido] => barber
    [email] => brunocameille@alumnos.itr3.edu.ar
    [rol] => admin
    [logged_in] => 1
)

DEBUG - 2025-09-18 14:43:48 --> Buscando usuario ID: 1
DEBUG - 2025-09-18 14:43:48 --> Resultado de la búsqueda: Array
(
    [id_usuario] => 1
    [nombre] => brunito
    [apellido] => barber
    [email] => brunocameille@alumnos.itr3.edu.ar
    [contrasena] => $2y$10$F4xQfULyrVhG1JD8Y21QR.vgn9Fzd257acxjmQqHQ3OYfEqBaAPb6
    [direccion_id] => 0
    [id_rol] => 1
    [created_at] => 2025-04-07 13:37:30
    [updated_at] => 2025-07-24 14:07:31
    [invitado_por] => 
    [estado] => activo
    [token_activacion] => 
)

DEBUG - 2025-09-18 14:43:51 --> Ruta actual: /Tesina/public/admin/dispositivos
INFO - 2025-09-18 14:43:51 --> Session: Class initialized using 'CodeIgniter\Session\Handlers\FileHandler' driver.
DEBUG - 2025-09-18 14:43:51 --> Datos en sesión: Array
(
    [__ci_last_regenerate] => 1758217385
    [_ci_previous_url] => http://192.168.2.188/Tesina/public/admin/dispositivos/buscar
    [id_usuario] => 1
    [nombre] => brunito
    [apellido] => barber
    [email] => brunocameille@alumnos.itr3.edu.ar
    [rol] => admin
    [logged_in] => 1
)

DEBUG - 2025-09-18 14:43:51 --> Buscando usuario ID: 1
DEBUG - 2025-09-18 14:43:51 --> Resultado de la búsqueda: Array
(
    [id_usuario] => 1
    [nombre] => brunito
    [apellido] => barber
    [email] => brunocameille@alumnos.itr3.edu.ar
    [contrasena] => $2y$10$F4xQfULyrVhG1JD8Y21QR.vgn9Fzd257acxjmQqHQ3OYfEqBaAPb6
    [direccion_id] => 0
    [id_rol] => 1
    [created_at] => 2025-04-07 13:37:30
    [updated_at] => 2025-07-24 14:07:31
    [invitado_por] => 
    [estado] => activo
    [token_activacion] => 
)

DEBUG - 2025-09-18 14:44:05 --> Ruta actual: /Tesina/public/admin
INFO - 2025-09-18 14:44:05 --> Session: Class initialized using 'CodeIgniter\Session\Handlers\FileHandler' driver.
DEBUG - 2025-09-18 14:44:05 --> Datos en sesión: Array
(
    [__ci_last_regenerate] => 1758217385
    [_ci_previous_url] => http://192.168.2.188/Tesina/public/admin/dispositivos
    [id_usuario] => 1
    [nombre] => brunito
    [apellido] => barber
    [email] => brunocameille@alumnos.itr3.edu.ar
    [rol] => admin
    [logged_in] => 1
)

DEBUG - 2025-09-18 14:44:35 --> Ruta actual: /Tesina/public/dispositivo/agregar
INFO - 2025-09-18 14:44:35 --> Session: Class initialized using 'CodeIgniter\Session\Handlers\FileHandler' driver.
DEBUG - 2025-09-18 14:44:35 --> Datos en sesión: Array
(
    [__ci_last_regenerate] => 1758217385
    [_ci_previous_url] => http://192.168.2.188/Tesina/public/admin
    [id_usuario] => 1
    [nombre] => brunito
    [apellido] => barber
    [email] => brunocameille@alumnos.itr3.edu.ar
    [rol] => admin
    [logged_in] => 1
)

DEBUG - 2025-09-18 14:44:51 --> Ruta actual: /Tesina/public/dispositivo/agregar
INFO - 2025-09-18 14:44:51 --> Session: Class initialized using 'CodeIgniter\Session\Handlers\FileHandler' driver.
DEBUG - 2025-09-18 14:44:51 --> Datos en sesión: Array
(
    [__ci_last_regenerate] => 1758217385
    [_ci_previous_url] => http://192.168.2.188/Tesina/public/dispositivo/agregar
    [id_usuario] => 1
    [nombre] => brunito
    [apellido] => barber
    [email] => brunocameille@alumnos.itr3.edu.ar
    [rol] => admin
    [logged_in] => 1
)

DEBUG - 2025-09-18 14:44:54 --> Ruta actual: /Tesina/public/dispositivo/agregar
INFO - 2025-09-18 14:44:54 --> Session: Class initialized using 'CodeIgniter\Session\Handlers\FileHandler' driver.
DEBUG - 2025-09-18 14:44:54 --> Datos en sesión: Array
(
    [__ci_last_regenerate] => 1758217385
    [_ci_previous_url] => http://192.168.2.188/Tesina/public/dispositivo/agregar
    [id_usuario] => 1
    [nombre] => brunito
    [apellido] => barber
    [email] => brunocameille@alumnos.itr3.edu.ar
    [rol] => admin
    [logged_in] => 1
)

DEBUG - 2025-09-18 14:45:01 --> Ruta actual: /Tesina/public/admin
INFO - 2025-09-18 14:45:01 --> Session: Class initialized using 'CodeIgniter\Session\Handlers\FileHandler' driver.
DEBUG - 2025-09-18 14:45:01 --> Datos en sesión: Array
(
    [__ci_last_regenerate] => 1758217385
    [_ci_previous_url] => http://192.168.2.188/Tesina/public/dispositivo/agregar
    [id_usuario] => 1
    [nombre] => brunito
    [apellido] => barber
    [email] => brunocameille@alumnos.itr3.edu.ar
    [rol] => admin
    [logged_in] => 1
)

DEBUG - 2025-09-18 14:45:04 --> Ruta actual: /Tesina/public/admin/dispositivos
INFO - 2025-09-18 14:45:04 --> Session: Class initialized using 'CodeIgniter\Session\Handlers\FileHandler' driver.
DEBUG - 2025-09-18 14:45:04 --> Datos en sesión: Array
(
    [__ci_last_regenerate] => 1758217385
    [_ci_previous_url] => http://192.168.2.188/Tesina/public/admin
    [id_usuario] => 1
    [nombre] => brunito
    [apellido] => barber
    [email] => brunocameille@alumnos.itr3.edu.ar
    [rol] => admin
    [logged_in] => 1
)

DEBUG - 2025-09-18 14:45:04 --> Buscando usuario ID: 1
DEBUG - 2025-09-18 14:45:04 --> Resultado de la búsqueda: Array
(
    [id_usuario] => 1
    [nombre] => brunito
    [apellido] => barber
    [email] => brunocameille@alumnos.itr3.edu.ar
    [contrasena] => $2y$10$F4xQfULyrVhG1JD8Y21QR.vgn9Fzd257acxjmQqHQ3OYfEqBaAPb6
    [direccion_id] => 0
    [id_rol] => 1
    [created_at] => 2025-04-07 13:37:30
    [updated_at] => 2025-07-24 14:07:31
    [invitado_por] => 
    [estado] => activo
    [token_activacion] => 
)

DEBUG - 2025-09-18 14:45:07 --> Ruta actual: /Tesina/public/admin/dispositivos/buscar
INFO - 2025-09-18 14:45:07 --> Session: Class initialized using 'CodeIgniter\Session\Handlers\FileHandler' driver.
DEBUG - 2025-09-18 14:45:07 --> Datos en sesión: Array
(
    [__ci_last_regenerate] => 1758217385
    [_ci_previous_url] => http://192.168.2.188/Tesina/public/admin/dispositivos
    [id_usuario] => 1
    [nombre] => brunito
    [apellido] => barber
    [email] => brunocameille@alumnos.itr3.edu.ar
    [rol] => admin
    [logged_in] => 1
)

DEBUG - 2025-09-18 14:45:07 --> Buscando usuario ID: 1
DEBUG - 2025-09-18 14:45:07 --> Resultado de la búsqueda: Array
(
    [id_usuario] => 1
    [nombre] => brunito
    [apellido] => barber
    [email] => brunocameille@alumnos.itr3.edu.ar
    [contrasena] => $2y$10$F4xQfULyrVhG1JD8Y21QR.vgn9Fzd257acxjmQqHQ3OYfEqBaAPb6
    [direccion_id] => 0
    [id_rol] => 1
    [created_at] => 2025-04-07 13:37:30
    [updated_at] => 2025-07-24 14:07:31
    [invitado_por] => 
    [estado] => activo
    [token_activacion] => 
)

DEBUG - 2025-09-18 14:45:13 --> Ruta actual: /Tesina/public/admin/dispositivos/detalles/29
INFO - 2025-09-18 14:45:13 --> Session: Class initialized using 'CodeIgniter\Session\Handlers\FileHandler' driver.
DEBUG - 2025-09-18 14:45:13 --> Datos en sesión: Array
(
    [__ci_last_regenerate] => 1758217385
    [_ci_previous_url] => http://192.168.2.188/Tesina/public/admin/dispositivos/buscar
    [id_usuario] => 1
    [nombre] => brunito
    [apellido] => barber
    [email] => brunocameille@alumnos.itr3.edu.ar
    [rol] => admin
    [logged_in] => 1
)

DEBUG - 2025-09-18 14:45:16 --> Ruta actual: /Tesina/public/admin/dispositivos/detalles/2
INFO - 2025-09-18 14:45:16 --> Session: Class initialized using 'CodeIgniter\Session\Handlers\FileHandler' driver.
DEBUG - 2025-09-18 14:45:16 --> Datos en sesión: Array
(
    [__ci_last_regenerate] => 1758217385
    [_ci_previous_url] => http://192.168.2.188/Tesina/public/admin/dispositivos/buscar
    [id_usuario] => 1
    [nombre] => brunito
    [apellido] => barber
    [email] => brunocameille@alumnos.itr3.edu.ar
    [rol] => admin
    [logged_in] => 1
)

DEBUG - 2025-09-18 14:45:19 --> Ruta actual: /Tesina/public/dispositivo/control/2
INFO - 2025-09-18 14:45:19 --> Session: Class initialized using 'CodeIgniter\Session\Handlers\FileHandler' driver.
DEBUG - 2025-09-18 14:45:19 --> Datos en sesión: Array
(
    [__ci_last_regenerate] => 1758217385
    [_ci_previous_url] => http://192.168.2.188/Tesina/public/admin/dispositivos/buscar
    [id_usuario] => 1
    [nombre] => brunito
    [apellido] => barber
    [email] => brunocameille@alumnos.itr3.edu.ar
    [rol] => admin
    [logged_in] => 1
)

DEBUG - 2025-09-18 14:45:24 --> Ruta actual: /Tesina/public/admin/dispositivos
INFO - 2025-09-18 14:45:24 --> Session: Class initialized using 'CodeIgniter\Session\Handlers\FileHandler' driver.
DEBUG - 2025-09-18 14:45:24 --> Datos en sesión: Array
(
    [__ci_last_regenerate] => 1758217385
    [_ci_previous_url] => http://192.168.2.188/Tesina/public/dispositivo/control/2
    [id_usuario] => 1
    [nombre] => brunito
    [apellido] => barber
    [email] => brunocameille@alumnos.itr3.edu.ar
    [rol] => admin
    [logged_in] => 1
)

DEBUG - 2025-09-18 14:45:24 --> Buscando usuario ID: 1
DEBUG - 2025-09-18 14:45:24 --> Resultado de la búsqueda: Array
(
    [id_usuario] => 1
    [nombre] => brunito
    [apellido] => barber
    [email] => brunocameille@alumnos.itr3.edu.ar
    [contrasena] => $2y$10$F4xQfULyrVhG1JD8Y21QR.vgn9Fzd257acxjmQqHQ3OYfEqBaAPb6
    [direccion_id] => 0
    [id_rol] => 1
    [created_at] => 2025-04-07 13:37:30
    [updated_at] => 2025-07-24 14:07:31
    [invitado_por] => 
    [estado] => activo
    [token_activacion] => 
)

DEBUG - 2025-09-18 14:45:25 --> Ruta actual: /Tesina/public/energia/dispositivo/2
INFO - 2025-09-18 14:45:25 --> Session: Class initialized using 'CodeIgniter\Session\Handlers\FileHandler' driver.
DEBUG - 2025-09-18 14:45:25 --> Datos en sesión: Array
(
    [__ci_last_regenerate] => 1758217385
    [_ci_previous_url] => http://192.168.2.188/Tesina/public/admin/dispositivos
    [id_usuario] => 1
    [nombre] => brunito
    [apellido] => barber
    [email] => brunocameille@alumnos.itr3.edu.ar
    [rol] => admin
    [logged_in] => 1
)

INFO - 2025-09-18 14:45:27 --> Session: Class initialized using 'CodeIgniter\Session\Handlers\FileHandler' driver.
INFO - 2025-09-18 14:45:31 --> Session: Class initialized using 'CodeIgniter\Session\Handlers\FileHandler' driver.
INFO - 2025-09-18 14:45:36 --> Session: Class initialized using 'CodeIgniter\Session\Handlers\FileHandler' driver.
INFO - 2025-09-18 14:45:42 --> Session: Class initialized using 'CodeIgniter\Session\Handlers\FileHandler' driver.
INFO - 2025-09-18 14:45:47 --> Session: Class initialized using 'CodeIgniter\Session\Handlers\FileHandler' driver.
INFO - 2025-09-18 14:45:52 --> Session: Class initialized using 'CodeIgniter\Session\Handlers\FileHandler' driver.
INFO - 2025-09-18 14:45:57 --> Session: Class initialized using 'CodeIgniter\Session\Handlers\FileHandler' driver.
DEBUG - 2025-09-18 14:46:51 --> Ruta actual: /Tesina/public/admin/dispositivos/buscar
INFO - 2025-09-18 14:46:51 --> Session: Class initialized using 'CodeIgniter\Session\Handlers\FileHandler' driver.
DEBUG - 2025-09-18 14:46:51 --> Datos en sesión: Array
(
    [__ci_last_regenerate] => 1758217385
    [_ci_previous_url] => http://192.168.2.188/Tesina/public/energia/dispositivo/2
    [id_usuario] => 1
    [nombre] => brunito
    [apellido] => barber
    [email] => brunocameille@alumnos.itr3.edu.ar
    [rol] => admin
    [logged_in] => 1
)

DEBUG - 2025-09-18 14:46:51 --> Buscando usuario ID: 1
DEBUG - 2025-09-18 14:46:51 --> Resultado de la búsqueda: Array
(
    [id_usuario] => 1
    [nombre] => brunito
    [apellido] => barber
    [email] => brunocameille@alumnos.itr3.edu.ar
    [contrasena] => $2y$10$F4xQfULyrVhG1JD8Y21QR.vgn9Fzd257acxjmQqHQ3OYfEqBaAPb6
    [direccion_id] => 0
    [id_rol] => 1
    [created_at] => 2025-04-07 13:37:30
    [updated_at] => 2025-07-24 14:07:31
    [invitado_por] => 
    [estado] => activo
    [token_activacion] => 
)

DEBUG - 2025-09-18 14:46:57 --> Ruta actual: /Tesina/public/admin/dispositivos
INFO - 2025-09-18 14:46:57 --> Session: Class initialized using 'CodeIgniter\Session\Handlers\FileHandler' driver.
DEBUG - 2025-09-18 14:46:57 --> Datos en sesión: Array
(
    [__ci_last_regenerate] => 1758217385
    [_ci_previous_url] => http://192.168.2.188/Tesina/public/admin/dispositivos/buscar
    [id_usuario] => 1
    [nombre] => brunito
    [apellido] => barber
    [email] => brunocameille@alumnos.itr3.edu.ar
    [rol] => admin
    [logged_in] => 1
)

DEBUG - 2025-09-18 14:46:57 --> Buscando usuario ID: 1
DEBUG - 2025-09-18 14:46:57 --> Resultado de la búsqueda: Array
(
    [id_usuario] => 1
    [nombre] => brunito
    [apellido] => barber
    [email] => brunocameille@alumnos.itr3.edu.ar
    [contrasena] => $2y$10$F4xQfULyrVhG1JD8Y21QR.vgn9Fzd257acxjmQqHQ3OYfEqBaAPb6
    [direccion_id] => 0
    [id_rol] => 1
    [created_at] => 2025-04-07 13:37:30
    [updated_at] => 2025-07-24 14:07:31
    [invitado_por] => 
    [estado] => activo
    [token_activacion] => 
)

DEBUG - 2025-09-18 14:47:23 --> Ruta actual: /Tesina/public/admin/dispositivos
INFO - 2025-09-18 14:47:23 --> Session: Class initialized using 'CodeIgniter\Session\Handlers\FileHandler' driver.
DEBUG - 2025-09-18 14:47:23 --> Datos en sesión: Array
(
    [__ci_last_regenerate] => 1758217385
    [_ci_previous_url] => http://192.168.2.188/Tesina/public/admin/dispositivos
    [id_usuario] => 1
    [nombre] => brunito
    [apellido] => barber
    [email] => brunocameille@alumnos.itr3.edu.ar
    [rol] => admin
    [logged_in] => 1
)

DEBUG - 2025-09-18 14:47:23 --> Buscando usuario ID: 1
DEBUG - 2025-09-18 14:47:23 --> Resultado de la búsqueda: Array
(
    [id_usuario] => 1
    [nombre] => brunito
    [apellido] => barber
    [email] => brunocameille@alumnos.itr3.edu.ar
    [contrasena] => $2y$10$F4xQfULyrVhG1JD8Y21QR.vgn9Fzd257acxjmQqHQ3OYfEqBaAPb6
    [direccion_id] => 0
    [id_rol] => 1
    [created_at] => 2025-04-07 13:37:30
    [updated_at] => 2025-07-24 14:07:31
    [invitado_por] => 
    [estado] => activo
    [token_activacion] => 
)

DEBUG - 2025-09-18 14:47:34 --> Ruta actual: /Tesina/public/admin/dispositivos
INFO - 2025-09-18 14:47:34 --> Session: Class initialized using 'CodeIgniter\Session\Handlers\FileHandler' driver.
DEBUG - 2025-09-18 14:47:34 --> Datos en sesión: Array
(
    [__ci_last_regenerate] => 1758217385
    [_ci_previous_url] => http://192.168.2.188/Tesina/public/admin/dispositivos
    [id_usuario] => 1
    [nombre] => brunito
    [apellido] => barber
    [email] => brunocameille@alumnos.itr3.edu.ar
    [rol] => admin
    [logged_in] => 1
)

DEBUG - 2025-09-18 14:47:34 --> Buscando usuario ID: 1
DEBUG - 2025-09-18 14:47:34 --> Resultado de la búsqueda: Array
(
    [id_usuario] => 1
    [nombre] => brunito
    [apellido] => barber
    [email] => brunocameille@alumnos.itr3.edu.ar
    [contrasena] => $2y$10$F4xQfULyrVhG1JD8Y21QR.vgn9Fzd257acxjmQqHQ3OYfEqBaAPb6
    [direccion_id] => 0
    [id_rol] => 1
    [created_at] => 2025-04-07 13:37:30
    [updated_at] => 2025-07-24 14:07:31
    [invitado_por] => 
    [estado] => activo
    [token_activacion] => 
)

DEBUG - 2025-09-18 14:47:39 --> Ruta actual: /Tesina/public/energia/dispositivo/2
INFO - 2025-09-18 14:47:39 --> Session: Class initialized using 'CodeIgniter\Session\Handlers\FileHandler' driver.
DEBUG - 2025-09-18 14:47:39 --> Datos en sesión: Array
(
    [__ci_last_regenerate] => 1758217385
    [_ci_previous_url] => http://192.168.2.188/Tesina/public/admin/dispositivos
    [id_usuario] => 1
    [nombre] => brunito
    [apellido] => barber
    [email] => brunocameille@alumnos.itr3.edu.ar
    [rol] => admin
    [logged_in] => 1
)

INFO - 2025-09-18 14:47:41 --> Session: Class initialized using 'CodeIgniter\Session\Handlers\FileHandler' driver.
INFO - 2025-09-18 14:47:45 --> Session: Class initialized using 'CodeIgniter\Session\Handlers\FileHandler' driver.
INFO - 2025-09-18 14:47:50 --> Session: Class initialized using 'CodeIgniter\Session\Handlers\FileHandler' driver.
INFO - 2025-09-18 14:47:55 --> Session: Class initialized using 'CodeIgniter\Session\Handlers\FileHandler' driver.
INFO - 2025-09-18 14:48:00 --> Session: Class initialized using 'CodeIgniter\Session\Handlers\FileHandler' driver.
INFO - 2025-09-18 14:48:05 --> Session: Class initialized using 'CodeIgniter\Session\Handlers\FileHandler' driver.
INFO - 2025-09-18 14:48:10 --> Session: Class initialized using 'CodeIgniter\Session\Handlers\FileHandler' driver.
INFO - 2025-09-18 14:48:15 --> Session: Class initialized using 'CodeIgniter\Session\Handlers\FileHandler' driver.
INFO - 2025-09-18 14:48:20 --> Session: Class initialized using 'CodeIgniter\Session\Handlers\FileHandler' driver.
INFO - 2025-09-18 14:48:25 --> Session: Class initialized using 'CodeIgniter\Session\Handlers\FileHandler' driver.
INFO - 2025-09-18 14:48:30 --> Session: Class initialized using 'CodeIgniter\Session\Handlers\FileHandler' driver.
INFO - 2025-09-18 14:48:35 --> Session: Class initialized using 'CodeIgniter\Session\Handlers\FileHandler' driver.
INFO - 2025-09-18 14:48:40 --> Session: Class initialized using 'CodeIgniter\Session\Handlers\FileHandler' driver.
INFO - 2025-09-18 14:48:45 --> Session: Class initialized using 'CodeIgniter\Session\Handlers\FileHandler' driver.
INFO - 2025-09-18 14:48:50 --> Session: Class initialized using 'CodeIgniter\Session\Handlers\FileHandler' driver.
INFO - 2025-09-18 14:48:55 --> Session: Class initialized using 'CodeIgniter\Session\Handlers\FileHandler' driver.
INFO - 2025-09-18 14:49:00 --> Session: Class initialized using 'CodeIgniter\Session\Handlers\FileHandler' driver.
INFO - 2025-09-18 14:49:05 --> Session: Class initialized using 'CodeIgniter\Session\Handlers\FileHandler' driver.
INFO - 2025-09-18 14:49:10 --> Session: Class initialized using 'CodeIgniter\Session\Handlers\FileHandler' driver.
INFO - 2025-09-18 14:49:15 --> Session: Class initialized using 'CodeIgniter\Session\Handlers\FileHandler' driver.
INFO - 2025-09-18 14:49:20 --> Session: Class initialized using 'CodeIgniter\Session\Handlers\FileHandler' driver.
INFO - 2025-09-18 14:49:25 --> Session: Class initialized using 'CodeIgniter\Session\Handlers\FileHandler' driver.
INFO - 2025-09-18 14:49:30 --> Session: Class initialized using 'CodeIgniter\Session\Handlers\FileHandler' driver.
INFO - 2025-09-18 14:49:35 --> Session: Class initialized using 'CodeIgniter\Session\Handlers\FileHandler' driver.
INFO - 2025-09-18 14:49:40 --> Session: Class initialized using 'CodeIgniter\Session\Handlers\FileHandler' driver.
INFO - 2025-09-18 14:49:45 --> Session: Class initialized using 'CodeIgniter\Session\Handlers\FileHandler' driver.
INFO - 2025-09-18 14:49:50 --> Session: Class initialized using 'CodeIgniter\Session\Handlers\FileHandler' driver.
INFO - 2025-09-18 14:49:55 --> Session: Class initialized using 'CodeIgniter\Session\Handlers\FileHandler' driver.
INFO - 2025-09-18 14:50:00 --> Session: Class initialized using 'CodeIgniter\Session\Handlers\FileHandler' driver.
INFO - 2025-09-18 14:50:05 --> Session: Class initialized using 'CodeIgniter\Session\Handlers\FileHandler' driver.
INFO - 2025-09-18 14:50:10 --> Session: Class initialized using 'CodeIgniter\Session\Handlers\FileHandler' driver.
INFO - 2025-09-18 14:50:15 --> Session: Class initialized using 'CodeIgniter\Session\Handlers\FileHandler' driver.
INFO - 2025-09-18 14:50:20 --> Session: Class initialized using 'CodeIgniter\Session\Handlers\FileHandler' driver.
INFO - 2025-09-18 14:50:25 --> Session: Class initialized using 'CodeIgniter\Session\Handlers\FileHandler' driver.
INFO - 2025-09-18 14:50:30 --> Session: Class initialized using 'CodeIgniter\Session\Handlers\FileHandler' driver.
INFO - 2025-09-18 14:50:35 --> Session: Class initialized using 'CodeIgniter\Session\Handlers\FileHandler' driver.
INFO - 2025-09-18 14:50:40 --> Session: Class initialized using 'CodeIgniter\Session\Handlers\FileHandler' driver.
INFO - 2025-09-18 14:50:45 --> Session: Class initialized using 'CodeIgniter\Session\Handlers\FileHandler' driver.
INFO - 2025-09-18 14:50:50 --> Session: Class initialized using 'CodeIgniter\Session\Handlers\FileHandler' driver.
INFO - 2025-09-18 14:50:55 --> Session: Class initialized using 'CodeIgniter\Session\Handlers\FileHandler' driver.
INFO - 2025-09-18 14:51:00 --> Session: Class initialized using 'CodeIgniter\Session\Handlers\FileHandler' driver.
INFO - 2025-09-18 14:51:05 --> Session: Class initialized using 'CodeIgniter\Session\Handlers\FileHandler' driver.
INFO - 2025-09-18 14:51:10 --> Session: Class initialized using 'CodeIgniter\Session\Handlers\FileHandler' driver.
INFO - 2025-09-18 14:51:15 --> Session: Class initialized using 'CodeIgniter\Session\Handlers\FileHandler' driver.
INFO - 2025-09-18 14:51:20 --> Session: Class initialized using 'CodeIgniter\Session\Handlers\FileHandler' driver.
INFO - 2025-09-18 14:51:25 --> Session: Class initialized using 'CodeIgniter\Session\Handlers\FileHandler' driver.
INFO - 2025-09-18 14:51:30 --> Session: Class initialized using 'CodeIgniter\Session\Handlers\FileHandler' driver.
INFO - 2025-09-18 14:51:35 --> Session: Class initialized using 'CodeIgniter\Session\Handlers\FileHandler' driver.
INFO - 2025-09-18 14:51:40 --> Session: Class initialized using 'CodeIgniter\Session\Handlers\FileHandler' driver.
INFO - 2025-09-18 14:51:45 --> Session: Class initialized using 'CodeIgniter\Session\Handlers\FileHandler' driver.
INFO - 2025-09-18 14:51:50 --> Session: Class initialized using 'CodeIgniter\Session\Handlers\FileHandler' driver.
INFO - 2025-09-18 14:51:55 --> Session: Class initialized using 'CodeIgniter\Session\Handlers\FileHandler' driver.
INFO - 2025-09-18 14:52:00 --> Session: Class initialized using 'CodeIgniter\Session\Handlers\FileHandler' driver.
INFO - 2025-09-18 14:52:05 --> Session: Class initialized using 'CodeIgniter\Session\Handlers\FileHandler' driver.
INFO - 2025-09-18 14:52:10 --> Session: Class initialized using 'CodeIgniter\Session\Handlers\FileHandler' driver.
INFO - 2025-09-18 14:52:15 --> Session: Class initialized using 'CodeIgniter\Session\Handlers\FileHandler' driver.
INFO - 2025-09-18 14:52:20 --> Session: Class initialized using 'CodeIgniter\Session\Handlers\FileHandler' driver.
INFO - 2025-09-18 14:52:27 --> Session: Class initialized using 'CodeIgniter\Session\Handlers\FileHandler' driver.
INFO - 2025-09-18 14:52:30 --> Session: Class initialized using 'CodeIgniter\Session\Handlers\FileHandler' driver.
INFO - 2025-09-18 14:52:35 --> Session: Class initialized using 'CodeIgniter\Session\Handlers\FileHandler' driver.
INFO - 2025-09-18 14:52:45 --> Session: Class initialized using 'CodeIgniter\Session\Handlers\FileHandler' driver.
INFO - 2025-09-18 14:52:46 --> Session: Class initialized using 'CodeIgniter\Session\Handlers\FileHandler' driver.
INFO - 2025-09-18 14:52:51 --> Session: Class initialized using 'CodeIgniter\Session\Handlers\FileHandler' driver.
INFO - 2025-09-18 14:52:56 --> Session: Class initialized using 'CodeIgniter\Session\Handlers\FileHandler' driver.
INFO - 2025-09-18 14:53:01 --> Session: Class initialized using 'CodeIgniter\Session\Handlers\FileHandler' driver.
INFO - 2025-09-18 14:53:06 --> Session: Class initialized using 'CodeIgniter\Session\Handlers\FileHandler' driver.
INFO - 2025-09-18 14:53:11 --> Session: Class initialized using 'CodeIgniter\Session\Handlers\FileHandler' driver.
INFO - 2025-09-18 14:53:16 --> Session: Class initialized using 'CodeIgniter\Session\Handlers\FileHandler' driver.
INFO - 2025-09-18 14:53:21 --> Session: Class initialized using 'CodeIgniter\Session\Handlers\FileHandler' driver.
INFO - 2025-09-18 14:53:26 --> Session: Class initialized using 'CodeIgniter\Session\Handlers\FileHandler' driver.
INFO - 2025-09-18 14:53:31 --> Session: Class initialized using 'CodeIgniter\Session\Handlers\FileHandler' driver.
INFO - 2025-09-18 14:53:36 --> Session: Class initialized using 'CodeIgniter\Session\Handlers\FileHandler' driver.
INFO - 2025-09-18 14:53:41 --> Session: Class initialized using 'CodeIgniter\Session\Handlers\FileHandler' driver.
INFO - 2025-09-18 14:54:09 --> Session: Class initialized using 'CodeIgniter\Session\Handlers\FileHandler' driver.
INFO - 2025-09-18 14:54:31 --> Session: Class initialized using 'CodeIgniter\Session\Handlers\FileHandler' driver.
INFO - 2025-09-18 14:54:36 --> Session: Class initialized using 'CodeIgniter\Session\Handlers\FileHandler' driver.
INFO - 2025-09-18 14:54:41 --> Session: Class initialized using 'CodeIgniter\Session\Handlers\FileHandler' driver.
INFO - 2025-09-18 14:54:47 --> Session: Class initialized using 'CodeIgniter\Session\Handlers\FileHandler' driver.
INFO - 2025-09-18 14:54:51 --> Session: Class initialized using 'CodeIgniter\Session\Handlers\FileHandler' driver.
INFO - 2025-09-18 14:54:56 --> Session: Class initialized using 'CodeIgniter\Session\Handlers\FileHandler' driver.
INFO - 2025-09-18 14:55:01 --> Session: Class initialized using 'CodeIgniter\Session\Handlers\FileHandler' driver.
INFO - 2025-09-18 14:55:06 --> Session: Class initialized using 'CodeIgniter\Session\Handlers\FileHandler' driver.
INFO - 2025-09-18 14:55:11 --> Session: Class initialized using 'CodeIgniter\Session\Handlers\FileHandler' driver.
INFO - 2025-09-18 14:55:16 --> Session: Class initialized using 'CodeIgniter\Session\Handlers\FileHandler' driver.
INFO - 2025-09-18 14:55:21 --> Session: Class initialized using 'CodeIgniter\Session\Handlers\FileHandler' driver.
INFO - 2025-09-18 14:55:26 --> Session: Class initialized using 'CodeIgniter\Session\Handlers\FileHandler' driver.
INFO - 2025-09-18 14:55:31 --> Session: Class initialized using 'CodeIgniter\Session\Handlers\FileHandler' driver.
INFO - 2025-09-18 14:56:09 --> Session: Class initialized using 'CodeIgniter\Session\Handlers\FileHandler' driver.
INFO - 2025-09-18 14:57:09 --> Session: Class initialized using 'CodeIgniter\Session\Handlers\FileHandler' driver.
INFO - 2025-09-18 14:58:09 --> Session: Class initialized using 'CodeIgniter\Session\Handlers\FileHandler' driver.
INFO - 2025-09-18 14:59:09 --> Session: Class initialized using 'CodeIgniter\Session\Handlers\FileHandler' driver.
INFO - 2025-09-18 15:00:09 --> Session: Class initialized using 'CodeIgniter\Session\Handlers\FileHandler' driver.
INFO - 2025-09-18 15:00:30 --> Session: Class initialized using 'CodeIgniter\Session\Handlers\FileHandler' driver.
INFO - 2025-09-18 15:00:35 --> Session: Class initialized using 'CodeIgniter\Session\Handlers\FileHandler' driver.
INFO - 2025-09-18 15:00:40 --> Session: Class initialized using 'CodeIgniter\Session\Handlers\FileHandler' driver.
DEBUG - 2025-09-18 15:00:43 --> Ruta actual: /Tesina/public/admin/gestionarUsuarios
INFO - 2025-09-18 15:00:43 --> Session: Class initialized using 'CodeIgniter\Session\Handlers\FileHandler' driver.
DEBUG - 2025-09-18 15:00:43 --> Datos en sesión: Array
(
    [__ci_last_regenerate] => 1758218349
    [_ci_previous_url] => http://192.168.2.188/Tesina/public/energia/dispositivo/2
    [id_usuario] => 1
    [nombre] => brunito
    [apellido] => barber
    [email] => brunocameille@alumnos.itr3.edu.ar
    [rol] => admin
    [logged_in] => 1
)

DEBUG - 2025-09-18 15:00:45 --> Ruta actual: /Tesina/public/admin
INFO - 2025-09-18 15:00:45 --> Session: Class initialized using 'CodeIgniter\Session\Handlers\FileHandler' driver.
DEBUG - 2025-09-18 15:00:45 --> Datos en sesión: Array
(
    [__ci_last_regenerate] => 1758218349
    [_ci_previous_url] => http://192.168.2.188/Tesina/public/admin/gestionarUsuarios
    [id_usuario] => 1
    [nombre] => brunito
    [apellido] => barber
    [email] => brunocameille@alumnos.itr3.edu.ar
    [rol] => admin
    [logged_in] => 1
)

DEBUG - 2025-09-18 15:00:58 --> Ruta actual: /Tesina/public/admin/dispositivos
INFO - 2025-09-18 15:00:58 --> Session: Class initialized using 'CodeIgniter\Session\Handlers\FileHandler' driver.
DEBUG - 2025-09-18 15:00:58 --> Datos en sesión: Array
(
    [__ci_last_regenerate] => 1758218349
    [_ci_previous_url] => http://192.168.2.188/Tesina/public/admin
    [id_usuario] => 1
    [nombre] => brunito
    [apellido] => barber
    [email] => brunocameille@alumnos.itr3.edu.ar
    [rol] => admin
    [logged_in] => 1
)

DEBUG - 2025-09-18 15:00:58 --> Buscando usuario ID: 1
DEBUG - 2025-09-18 15:00:58 --> Resultado de la búsqueda: Array
(
    [id_usuario] => 1
    [nombre] => brunito
    [apellido] => barber
    [email] => brunocameille@alumnos.itr3.edu.ar
    [contrasena] => $2y$10$F4xQfULyrVhG1JD8Y21QR.vgn9Fzd257acxjmQqHQ3OYfEqBaAPb6
    [direccion_id] => 0
    [id_rol] => 1
    [created_at] => 2025-04-07 13:37:30
    [updated_at] => 2025-07-24 14:07:31
    [invitado_por] => 
    [estado] => activo
    [token_activacion] => 
)

DEBUG - 2025-09-18 15:05:51 --> Ruta actual: /Tesina/public/admin
INFO - 2025-09-18 15:05:51 --> Session: Class initialized using 'CodeIgniter\Session\Handlers\FileHandler' driver.
DEBUG - 2025-09-18 15:05:51 --> Datos en sesión: Array
(
    [__ci_last_regenerate] => 1758218751
    [_ci_previous_url] => http://192.168.2.188/Tesina/public/admin/dispositivos
    [id_usuario] => 1
    [nombre] => brunito
    [apellido] => barber
    [email] => brunocameille@alumnos.itr3.edu.ar
    [rol] => admin
    [logged_in] => 1
)

DEBUG - 2025-09-18 15:05:57 --> Ruta actual: /Tesina/public/admin/gestionarUsuarios
INFO - 2025-09-18 15:05:57 --> Session: Class initialized using 'CodeIgniter\Session\Handlers\FileHandler' driver.
DEBUG - 2025-09-18 15:05:57 --> Datos en sesión: Array
(
    [__ci_last_regenerate] => 1758218751
    [_ci_previous_url] => http://192.168.2.188/Tesina/public/admin
    [id_usuario] => 1
    [nombre] => brunito
    [apellido] => barber
    [email] => brunocameille@alumnos.itr3.edu.ar
    [rol] => admin
    [logged_in] => 1
)

DEBUG - 2025-09-18 15:05:59 --> Ruta actual: /Tesina/public/admin
INFO - 2025-09-18 15:05:59 --> Session: Class initialized using 'CodeIgniter\Session\Handlers\FileHandler' driver.
DEBUG - 2025-09-18 15:05:59 --> Datos en sesión: Array
(
    [__ci_last_regenerate] => 1758218751
    [_ci_previous_url] => http://192.168.2.188/Tesina/public/admin/gestionarUsuarios
    [id_usuario] => 1
    [nombre] => brunito
    [apellido] => barber
    [email] => brunocameille@alumnos.itr3.edu.ar
    [rol] => admin
    [logged_in] => 1
)

DEBUG - 2025-09-18 15:06:07 --> Ruta actual: /Tesina/public/energia/dispositivo/2
INFO - 2025-09-18 15:06:07 --> Session: Class initialized using 'CodeIgniter\Session\Handlers\FileHandler' driver.
DEBUG - 2025-09-18 15:06:07 --> Datos en sesión: Array
(
    [__ci_last_regenerate] => 1758218751
    [_ci_previous_url] => http://192.168.2.188/Tesina/public/admin
    [id_usuario] => 1
    [nombre] => brunito
    [apellido] => barber
    [email] => brunocameille@alumnos.itr3.edu.ar
    [rol] => admin
    [logged_in] => 1
)

INFO - 2025-09-18 15:06:09 --> Session: Class initialized using 'CodeIgniter\Session\Handlers\FileHandler' driver.
DEBUG - 2025-09-18 15:06:09 --> Ruta actual: /Tesina/public/usuario/perfil
INFO - 2025-09-18 15:06:09 --> Session: Class initialized using 'CodeIgniter\Session\Handlers\FileHandler' driver.
DEBUG - 2025-09-18 15:06:09 --> Datos en sesión: Array
(
    [__ci_last_regenerate] => 1758218751
    [_ci_previous_url] => http://192.168.2.188/Tesina/public/energia/dispositivo/2
    [id_usuario] => 1
    [nombre] => brunito
    [apellido] => barber
    [email] => brunocameille@alumnos.itr3.edu.ar
    [rol] => admin
    [logged_in] => 1
)

DEBUG - 2025-09-18 15:06:09 --> Buscando usuario ID: 1
DEBUG - 2025-09-18 15:06:09 --> Resultado de la búsqueda: Array
(
    [id_usuario] => 1
    [nombre] => brunito
    [apellido] => barber
    [email] => brunocameille@alumnos.itr3.edu.ar
    [contrasena] => $2y$10$F4xQfULyrVhG1JD8Y21QR.vgn9Fzd257acxjmQqHQ3OYfEqBaAPb6
    [direccion_id] => 0
    [id_rol] => 1
    [created_at] => 2025-04-07 13:37:30
    [updated_at] => 2025-07-24 14:07:31
    [invitado_por] => 
    [estado] => activo
    [token_activacion] => 
)

DEBUG - 2025-09-18 15:06:11 --> Ruta actual: /Tesina/public/energia/dispositivo/2
INFO - 2025-09-18 15:06:11 --> Session: Class initialized using 'CodeIgniter\Session\Handlers\FileHandler' driver.
DEBUG - 2025-09-18 15:06:11 --> Datos en sesión: Array
(
    [__ci_last_regenerate] => 1758218751
    [_ci_previous_url] => http://192.168.2.188/Tesina/public/usuario/perfil
    [id_usuario] => 1
    [nombre] => brunito
    [apellido] => barber
    [email] => brunocameille@alumnos.itr3.edu.ar
    [rol] => admin
    [logged_in] => 1
)

INFO - 2025-09-18 15:06:12 --> Session: Class initialized using 'CodeIgniter\Session\Handlers\FileHandler' driver.
INFO - 2025-09-18 15:06:13 --> Session: Class initialized using 'CodeIgniter\Session\Handlers\FileHandler' driver.
INFO - 2025-09-18 15:06:13 --> Session: Class initialized using 'CodeIgniter\Session\Handlers\FileHandler' driver.
DEBUG - 2025-09-18 15:06:21 --> Ruta actual: /Tesina/public/energia/dispositivo/2
INFO - 2025-09-18 15:06:21 --> Session: Class initialized using 'CodeIgniter\Session\Handlers\FileHandler' driver.
DEBUG - 2025-09-18 15:06:21 --> Datos en sesión: Array
(
    [__ci_last_regenerate] => 1758218773
    [_ci_previous_url] => http://192.168.2.188/Tesina/public/autenticacion/login
)

INFO - 2025-09-18 15:06:21 --> Session: Class initialized using 'CodeIgniter\Session\Handlers\FileHandler' driver.
INFO - 2025-09-18 15:06:33 --> Session: Class initialized using 'CodeIgniter\Session\Handlers\FileHandler' driver.
INFO - 2025-09-18 15:07:03 --> Session: Class initialized using 'CodeIgniter\Session\Handlers\FileHandler' driver.
INFO - 2025-09-18 15:07:12 --> Session: Class initialized using 'CodeIgniter\Session\Handlers\FileHandler' driver.
INFO - 2025-09-18 15:07:22 --> Session: Class initialized using 'CodeIgniter\Session\Handlers\FileHandler' driver.
INFO - 2025-09-18 15:07:25 --> Session: Class initialized using 'CodeIgniter\Session\Handlers\FileHandler' driver.
INFO - 2025-09-18 15:07:25 --> Session: Class initialized using 'CodeIgniter\Session\Handlers\FileHandler' driver.
INFO - 2025-09-18 15:13:13 --> Session: Class initialized using 'CodeIgniter\Session\Handlers\FileHandler' driver.
INFO - 2025-09-18 15:13:38 --> Session: Class initialized using 'CodeIgniter\Session\Handlers\FileHandler' driver.
DEBUG - 2025-09-18 15:13:38 --> Intento de inicio de sesión para email: brunocameille@alumnos.itr3.edu.ar
DEBUG - 2025-09-18 15:13:38 --> Longitud de la contraseña ingresada: 17
DEBUG - 2025-09-18 15:13:38 --> Usuario encontrado: {"id":"1","email":"brunocameille@alumnos.itr3.edu.ar","estado":"activo","rol":"1"}
DEBUG - 2025-09-18 15:13:38 --> Resultado de verificación de contraseña: true
DEBUG - 2025-09-18 15:13:38 --> Hash almacenado en la base de datos: $2y$10$F4xQfULyrVhG1JD8Y21QR.vgn9Fzd257acxjmQqHQ3OYfEqBaAPb6
DEBUG - 2025-09-18 15:13:38 --> Inicio de sesión exitoso para usuario: brunocameille@alumnos.itr3.edu.ar
DEBUG - 2025-09-18 15:13:38 --> Datos de sesión guardados: {"id_usuario":"1","nombre":"brunito","apellido":"barber","email":"brunocameille@alumnos.itr3.edu.ar","rol":"admin","logged_in":true}
DEBUG - 2025-09-18 15:13:39 --> Ruta actual: /Tesina/public/admin
INFO - 2025-09-18 15:13:39 --> Session: Class initialized using 'CodeIgniter\Session\Handlers\FileHandler' driver.
DEBUG - 2025-09-18 15:13:39 --> Datos en sesión: Array
(
    [__ci_last_regenerate] => 1758219193
    [_ci_previous_url] => http://192.168.2.188/Tesina/public/autenticacion/login
    [locale] => en
    [id_usuario] => 1
    [nombre] => brunito
    [apellido] => barber
    [email] => brunocameille@alumnos.itr3.edu.ar
    [rol] => admin
    [logged_in] => 1
)

