INFO - 2025-10-02 07:58:01 --> Session: Class initialized using 'CodeIgniter\Session\Handlers\FileHandler' driver.
INFO - 2025-10-02 12:47:32 --> Session: Class initialized using 'CodeIgniter\Session\Handlers\FileHandler' driver.
INFO - 2025-10-02 12:47:35 --> Session: Class initialized using 'CodeIgniter\Session\Handlers\FileHandler' driver.
INFO - 2025-10-02 12:47:39 --> Session: Class initialized using 'CodeIgniter\Session\Handlers\FileHandler' driver.
INFO - 2025-10-02 12:48:31 --> Session: Class initialized using 'CodeIgniter\Session\Handlers\FileHandler' driver.
INFO - 2025-10-02 12:48:48 --> Session: Class initialized using 'CodeIgniter\Session\Handlers\FileHandler' driver.
DEBUG - 2025-10-02 12:48:48 --> Intento de inicio de sesión para email: natielias@gmail.com
DEBUG - 2025-10-02 12:48:48 --> Longitud de la contraseña ingresada: 8
DEBUG - 2025-10-02 12:48:48 --> Usuario no encontrado para email: natielias@gmail.com
INFO - 2025-10-02 12:48:49 --> Session: Class initialized using 'CodeIgniter\Session\Handlers\FileHandler' driver.
INFO - 2025-10-02 12:48:59 --> Session: Class initialized using 'CodeIgniter\Session\Handlers\FileHandler' driver.
DEBUG - 2025-10-02 12:48:59 --> Intento de inicio de sesión para email: natielias@gmail.com
DEBUG - 2025-10-02 12:48:59 --> Longitud de la contraseña ingresada: 8
DEBUG - 2025-10-02 12:48:59 --> Usuario no encontrado para email: natielias@gmail.com
INFO - 2025-10-02 12:49:00 --> Session: Class initialized using 'CodeIgniter\Session\Handlers\FileHandler' driver.
INFO - 2025-10-02 12:49:37 --> Session: Class initialized using 'CodeIgniter\Session\Handlers\FileHandler' driver.
DEBUG - 2025-10-02 12:49:37 --> Intento de inicio de sesión para email: brunocameille@alumnos.itr3.edu.ar
DEBUG - 2025-10-02 12:49:37 --> Longitud de la contraseña ingresada: 17
DEBUG - 2025-10-02 12:49:37 --> Usuario encontrado: {"id":"1","email":"brunocameille@alumnos.itr3.edu.ar","estado":"activo","rol":"1"}
DEBUG - 2025-10-02 12:49:37 --> Resultado de verificación de contraseña: true
DEBUG - 2025-10-02 12:49:37 --> Hash almacenado en la base de datos: $2y$10$F4xQfULyrVhG1JD8Y21QR.vgn9Fzd257acxjmQqHQ3OYfEqBaAPb6
DEBUG - 2025-10-02 12:49:37 --> Inicio de sesión exitoso para usuario: brunocameille@alumnos.itr3.edu.ar
DEBUG - 2025-10-02 12:49:37 --> Datos de sesión guardados: {"id_usuario":"1","nombre":"brunito","apellido":"barber","email":"brunocameille@alumnos.itr3.edu.ar","rol":"admin","logged_in":true}
DEBUG - 2025-10-02 12:49:38 --> Ruta actual: /Tesina/public/admin
INFO - 2025-10-02 12:49:38 --> Session: Class initialized using 'CodeIgniter\Session\Handlers\FileHandler' driver.
DEBUG - 2025-10-02 12:49:38 --> Datos en sesión: Array
(
    [__ci_last_regenerate] => 1759420052
    [_ci_previous_url] => http://192.168.2.118/Tesina/public/autenticacion/login
    [id_usuario] => 1
    [nombre] => brunito
    [apellido] => barber
    [email] => brunocameille@alumnos.itr3.edu.ar
    [rol] => admin
    [logged_in] => 1
)

DEBUG - 2025-10-02 12:49:42 --> Ruta actual: /Tesina/public/admin/invitar
INFO - 2025-10-02 12:49:42 --> Session: Class initialized using 'CodeIgniter\Session\Handlers\FileHandler' driver.
DEBUG - 2025-10-02 12:49:42 --> Datos en sesión: Array
(
    [__ci_last_regenerate] => 1759420052
    [_ci_previous_url] => http://192.168.2.118/Tesina/public/admin
    [id_usuario] => 1
    [nombre] => brunito
    [apellido] => barber
    [email] => brunocameille@alumnos.itr3.edu.ar
    [rol] => admin
    [logged_in] => 1
)

DEBUG - 2025-10-02 12:50:05 --> Ruta actual: /Tesina/public/admin/enviarInvitacion
INFO - 2025-10-02 12:50:05 --> Session: Class initialized using 'CodeIgniter\Session\Handlers\FileHandler' driver.
DEBUG - 2025-10-02 12:50:05 --> Datos en sesión: Array
(
    [__ci_last_regenerate] => 1759420052
    [_ci_previous_url] => http://192.168.2.118/Tesina/public/admin/invitar
    [id_usuario] => 1
    [nombre] => brunito
    [apellido] => barber
    [email] => brunocameille@alumnos.itr3.edu.ar
    [rol] => admin
    [logged_in] => 1
)

DEBUG - 2025-10-02 12:50:10 --> Ruta actual: /Tesina/public/admin/invitar
INFO - 2025-10-02 12:50:10 --> Session: Class initialized using 'CodeIgniter\Session\Handlers\FileHandler' driver.
DEBUG - 2025-10-02 12:50:10 --> Datos en sesión: Array
(
    [__ci_last_regenerate] => 1759420052
    [_ci_previous_url] => http://192.168.2.118/Tesina/public/admin/invitar
    [id_usuario] => 1
    [nombre] => brunito
    [apellido] => barber
    [email] => brunocameille@alumnos.itr3.edu.ar
    [rol] => admin
    [logged_in] => 1
)

DEBUG - 2025-10-02 12:50:13 --> Ruta actual: /Tesina/public/usuario/perfil
INFO - 2025-10-02 12:50:13 --> Session: Class initialized using 'CodeIgniter\Session\Handlers\FileHandler' driver.
DEBUG - 2025-10-02 12:50:13 --> Datos en sesión: Array
(
    [__ci_last_regenerate] => 1759420052
    [_ci_previous_url] => http://192.168.2.118/Tesina/public/admin/invitar
    [id_usuario] => 1
    [nombre] => brunito
    [apellido] => barber
    [email] => brunocameille@alumnos.itr3.edu.ar
    [rol] => admin
    [logged_in] => 1
)

DEBUG - 2025-10-02 12:50:13 --> Buscando usuario ID: 1
DEBUG - 2025-10-02 12:50:13 --> Resultado de la búsqueda: Array
(
    [id_usuario] => 1
    [nombre] => brunito
    [apellido] => barber
    [email] => brunocameille@alumnos.itr3.edu.ar
    [contrasena] => $2y$10$F4xQfULyrVhG1JD8Y21QR.vgn9Fzd257acxjmQqHQ3OYfEqBaAPb6
    [direccion_id] => 0
    [id_rol] => 1
    [created_at] => 2025-04-07 13:37:30
    [updated_at] => 2025-07-24 14:07:31
    [invitado_por] => 
    [estado] => activo
    [token_activacion] => 
)

INFO - 2025-10-02 12:50:35 --> Session: Class initialized using 'CodeIgniter\Session\Handlers\FileHandler' driver.
INFO - 2025-10-02 12:51:18 --> Session: Class initialized using 'CodeIgniter\Session\Handlers\FileHandler' driver.
DEBUG - 2025-10-02 12:51:18 --> Iniciando procesarRegistroInvitado.
DEBUG - 2025-10-02 12:51:18 --> Datos recibidos del POST: {"csrf_test_name":"8a87de3202cb7d5dbcf01d9dc9a4e06c","email":"enzog@gmail.com","id_rol_invitado":"2","token_invitacion":"UznGy7Q8Z74pEXKv9hVg37Mki7BlGIUX","nombre":"user","apellido":"camello","contrasena":"Enzo_07$","confirmar_contrasena":"Enzo_07$"}
DEBUG - 2025-10-02 12:51:18 --> Token del formulario: UznGy7Q8Z74pEXKv9hVg37Mki7BlGIUX
DEBUG - 2025-10-02 12:51:18 --> Email del formulario: enzog@gmail.com
DEBUG - 2025-10-02 12:51:18 --> ID Rol Invitado del formulario: 2
DEBUG - 2025-10-02 12:51:18 --> Invitación encontrada: {"id_invitacion":"44","email":"enzog@gmail.com","id_rol":"2","token":"UznGy7Q8Z74pEXKv9hVg37Mki7BlGIUX","estado":"pendiente","invitado_por":"1","fecha_expiracion":"2025-10-02 12:50:05","id_usuario":"0","created_at":"2025-10-02 12:50:05"}
DEBUG - 2025-10-02 12:51:18 --> Validación de invitación inicial OK.
DEBUG - 2025-10-02 12:51:18 --> Validación de datos del formulario OK.
DEBUG - 2025-10-02 12:51:18 --> Datos de usuario a insertar: {"nombre":"user","apellido":"camello","email":"enzog@gmail.com","contrasena":"Enzo_07$","id_rol":"2","estado":"activo","invitado_por":"1"}
DEBUG - 2025-10-02 12:51:18 --> Datos a insertar: Array
(
    [nombre] => user
    [apellido] => camello
    [email] => enzog@gmail.com
    [contrasena] => Enzo_07$
    [id_rol] => 2
    [estado] => activo
    [invitado_por] => 1
)

DEBUG - 2025-10-02 12:51:18 --> Validando rol: 2
DEBUG - 2025-10-02 12:51:18 --> Resultado de validación de rol: true
DEBUG - 2025-10-02 12:51:18 --> Iniciando hashPassword con datos: {"data":{"nombre":"user","apellido":"camello","email":"enzog@gmail.com","contrasena":"Enzo_07$","id_rol":"2","estado":"activo","invitado_por":"1","created_at":"2025-10-02 12:51:18","updated_at":"2025-10-02 12:51:18"}}
DEBUG - 2025-10-02 12:51:18 --> Contraseña original: Enzo_07$
DEBUG - 2025-10-02 12:51:18 --> Longitud de la contraseña original: 8
DEBUG - 2025-10-02 12:51:18 --> Hash generado: $2y$10$McYkEf2xjBAE9J2yIKLBoOStlEwNexk.YS14G3cLphKVZBfBtlc5W
DEBUG - 2025-10-02 12:51:18 --> Usuario insertado con ID: 80
INFO - 2025-10-02 12:51:18 --> Usuario registrado exitosamente con ID: 80
INFO - 2025-10-02 12:51:18 --> Estado de la invitación actualizada a "completada" para el token: UznGy7Q8Z74pEXKv9hVg37Mki7BlGIUX
INFO - 2025-10-02 12:51:18 --> Session: Class initialized using 'CodeIgniter\Session\Handlers\FileHandler' driver.
INFO - 2025-10-02 12:51:40 --> Session: Class initialized using 'CodeIgniter\Session\Handlers\FileHandler' driver.
DEBUG - 2025-10-02 12:51:40 --> Intento de inicio de sesión para email: enzog@gmail.com
DEBUG - 2025-10-02 12:51:40 --> Longitud de la contraseña ingresada: 8
DEBUG - 2025-10-02 12:51:40 --> Usuario encontrado: {"id":"80","email":"enzog@gmail.com","estado":"activo","rol":"2"}
DEBUG - 2025-10-02 12:51:40 --> Resultado de verificación de contraseña: true
DEBUG - 2025-10-02 12:51:40 --> Hash almacenado en la base de datos: $2y$10$McYkEf2xjBAE9J2yIKLBoOStlEwNexk.YS14G3cLphKVZBfBtlc5W
DEBUG - 2025-10-02 12:51:40 --> Inicio de sesión exitoso para usuario: enzog@gmail.com
DEBUG - 2025-10-02 12:51:40 --> Datos de sesión guardados: {"id_usuario":"80","nombre":"user","apellido":"camello","email":"enzog@gmail.com","rol":"usuario","logged_in":true}
DEBUG - 2025-10-02 12:51:41 --> Ruta actual: /Tesina/public/usuario
INFO - 2025-10-02 12:51:41 --> Session: Class initialized using 'CodeIgniter\Session\Handlers\FileHandler' driver.
DEBUG - 2025-10-02 12:51:41 --> Datos en sesión: Array
(
    [__ci_last_regenerate] => 1759420235
    [_ci_previous_url] => http://192.168.2.118/Tesina/public/autenticacion/login
    [id_usuario] => 80
    [nombre] => user
    [apellido] => camello
    [email] => enzog@gmail.com
    [rol] => usuario
    [logged_in] => 1
)

DEBUG - 2025-10-02 12:51:41 --> Usuario ID: 80
DEBUG - 2025-10-02 12:51:41 --> Buscando usuario ID: 80
DEBUG - 2025-10-02 12:51:41 --> Resultado de la búsqueda: Array
(
    [id_usuario] => 80
    [nombre] => user
    [apellido] => camello
    [email] => enzog@gmail.com
    [contrasena] => $2y$10$McYkEf2xjBAE9J2yIKLBoOStlEwNexk.YS14G3cLphKVZBfBtlc5W
    [direccion_id] => 0
    [id_rol] => 2
    [created_at] => 2025-10-02 12:51:18
    [updated_at] => 2025-10-02 12:51:18
    [invitado_por] => 1
    [estado] => activo
    [token_activacion] => 
)

DEBUG - 2025-10-02 12:51:41 --> Datos del usuario: Array
(
    [id_usuario] => 80
    [nombre] => user
    [apellido] => camello
    [email] => enzog@gmail.com
    [contrasena] => $2y$10$McYkEf2xjBAE9J2yIKLBoOStlEwNexk.YS14G3cLphKVZBfBtlc5W
    [direccion_id] => 0
    [id_rol] => 2
    [created_at] => 2025-10-02 12:51:18
    [updated_at] => 2025-10-02 12:51:18
    [invitado_por] => 1
    [estado] => activo
    [token_activacion] => 
)

DEBUG - 2025-10-02 12:51:41 --> Dispositivos encontrados: Array
(
    [0] => Array
        (
            [id_dispositivo] => 1
            [nombre] => medidor de ecovolt
            [id_usuario] => 1
            [mac_address] => 00:1A:2B:3C:4D:5E
            [ip_address] => 
            [ultima_conexion] => 
            [estado] => activo
            [created_at] => 2025-04-10 22:26:34
            [stock] => 43
            [precio] => 85
            [descripcion] => 
            [fecha_actualizacion] => 2025-06-27 08:44:59
            [updated_at] => 2025-06-12 15:06:14
            [codigo_activacion] => 
            [fecha_activacion] => 
            [nombre_usuario] => brunito
            [email_usuario] => brunocameille@alumnos.itr3.edu.ar
            [ultima_lectura] => 
        )

    [1] => Array
        (
            [id_dispositivo] => 2
            [nombre] => ECOVOLT HOYY 18
            [id_usuario] => 1
            [mac_address] => 08:D1:F9:A5:2A:14
            [ip_address] => 
            [ultima_conexion] => 
            [estado] => activo
            [created_at] => 2025-04-11 10:03:27
            [stock] => 0
            [precio] => 0
            [descripcion] => funciona

            [fecha_actualizacion] => 2025-09-18 08:05:52
            [updated_at] => 2025-09-18 08:05:52
            [codigo_activacion] => 
            [fecha_activacion] => 
            [nombre_usuario] => brunito
            [email_usuario] => brunocameille@alumnos.itr3.edu.ar
            [ultima_lectura] => Array
                (
                    [id] => 12098
                    [id_dispositivo] => 2
                    [id_usuario] => 1
                    [voltaje] => 219
                    [corriente] => 0.45
                    [potencia] => 99
                    [kwh] => 0.35
                    [limite_superado] => 0
                    [fecha] => 2025-08-28 22:00:00
                    [mac_address] => 08:D1:F9:A5:2A:14
                )

        )

    [2] => Array
        (
            [id_dispositivo] => 29
            [nombre] => sadasd
            [id_usuario] => 1
            [mac_address] => AA:C3:CC:D1:EE:2F
            [ip_address] => 
            [ultima_conexion] => 
            [estado] => inactivo
            [created_at] => 2025-06-27 10:12:51
            [stock] => 0
            [precio] => 0
            [descripcion] => 
            [fecha_actualizacion] => 2025-09-18 08:04:51
            [updated_at] => 
            [codigo_activacion] => 
            [fecha_activacion] => 
            [nombre_usuario] => brunito
            [email_usuario] => brunocameille@alumnos.itr3.edu.ar
            [ultima_lectura] => 
        )

)

DEBUG - 2025-10-02 12:51:41 --> Consumo 24h: 0
DEBUG - 2025-10-02 12:51:41 --> Consumo promedio: 0
DEBUG - 2025-10-02 12:51:41 --> Datos enviados a la vista: Array
(
    [usuario] => Array
        (
            [id_usuario] => 80
            [nombre] => user
            [apellido] => camello
            [email] => enzog@gmail.com
            [contrasena] => $2y$10$McYkEf2xjBAE9J2yIKLBoOStlEwNexk.YS14G3cLphKVZBfBtlc5W
            [direccion_id] => 0
            [id_rol] => 2
            [created_at] => 2025-10-02 12:51:18
            [updated_at] => 2025-10-02 12:51:18
            [invitado_por] => 1
            [estado] => activo
            [token_activacion] => 
        )

    [dispositivos] => Array
        (
            [0] => Array
                (
                    [id_dispositivo] => 1
                    [nombre] => medidor de ecovolt
                    [id_usuario] => 1
                    [mac_address] => 00:1A:2B:3C:4D:5E
                    [ip_address] => 
                    [ultima_conexion] => 
                    [estado] => activo
                    [created_at] => 2025-04-10 22:26:34
                    [stock] => 43
                    [precio] => 85
                    [descripcion] => 
                    [fecha_actualizacion] => 2025-06-27 08:44:59
                    [updated_at] => 2025-06-12 15:06:14
                    [codigo_activacion] => 
                    [fecha_activacion] => 
                    [nombre_usuario] => brunito
                    [email_usuario] => brunocameille@alumnos.itr3.edu.ar
                    [ultima_lectura] => 
                )

            [1] => Array
                (
                    [id_dispositivo] => 2
                    [nombre] => ECOVOLT HOYY 18
                    [id_usuario] => 1
                    [mac_address] => 08:D1:F9:A5:2A:14
                    [ip_address] => 
                    [ultima_conexion] => 
                    [estado] => activo
                    [created_at] => 2025-04-11 10:03:27
                    [stock] => 0
                    [precio] => 0
                    [descripcion] => funciona

                    [fecha_actualizacion] => 2025-09-18 08:05:52
                    [updated_at] => 2025-09-18 08:05:52
                    [codigo_activacion] => 
                    [fecha_activacion] => 
                    [nombre_usuario] => brunito
                    [email_usuario] => brunocameille@alumnos.itr3.edu.ar
                    [ultima_lectura] => Array
                        (
                            [id] => 12098
                            [id_dispositivo] => 2
                            [id_usuario] => 1
                            [voltaje] => 219
                            [corriente] => 0.45
                            [potencia] => 99
                            [kwh] => 0.35
                            [limite_superado] => 0
                            [fecha] => 2025-08-28 22:00:00
                            [mac_address] => 08:D1:F9:A5:2A:14
                        )

                )

            [2] => Array
                (
                    [id_dispositivo] => 29
                    [nombre] => sadasd
                    [id_usuario] => 1
                    [mac_address] => AA:C3:CC:D1:EE:2F
                    [ip_address] => 
                    [ultima_conexion] => 
                    [estado] => inactivo
                    [created_at] => 2025-06-27 10:12:51
                    [stock] => 0
                    [precio] => 0
                    [descripcion] => 
                    [fecha_actualizacion] => 2025-09-18 08:04:51
                    [updated_at] => 
                    [codigo_activacion] => 
                    [fecha_activacion] => 
                    [nombre_usuario] => brunito
                    [email_usuario] => brunocameille@alumnos.itr3.edu.ar
                    [ultima_lectura] => 
                )

        )

    [dispositivos_propios] => Array
        (
        )

    [dispositivos_compartidos] => Array
        (
            [0] => Array
                (
                    [id_dispositivo] => 1
                    [nombre] => medidor de ecovolt
                    [id_usuario] => 1
                    [mac_address] => 00:1A:2B:3C:4D:5E
                    [ip_address] => 
                    [ultima_conexion] => 
                    [estado] => activo
                    [created_at] => 2025-04-10 22:26:34
                    [stock] => 43
                    [precio] => 85
                    [descripcion] => 
                    [fecha_actualizacion] => 2025-06-27 08:44:59
                    [updated_at] => 2025-06-12 15:06:14
                    [codigo_activacion] => 
                    [fecha_activacion] => 
                    [nombre_usuario] => brunito
                    [email_usuario] => brunocameille@alumnos.itr3.edu.ar
                    [ultima_lectura] => 
                )

            [1] => Array
                (
                    [id_dispositivo] => 2
                    [nombre] => ECOVOLT HOYY 18
                    [id_usuario] => 1
                    [mac_address] => 08:D1:F9:A5:2A:14
                    [ip_address] => 
                    [ultima_conexion] => 
                    [estado] => activo
                    [created_at] => 2025-04-11 10:03:27
                    [stock] => 0
                    [precio] => 0
                    [descripcion] => funciona

                    [fecha_actualizacion] => 2025-09-18 08:05:52
                    [updated_at] => 2025-09-18 08:05:52
                    [codigo_activacion] => 
                    [fecha_activacion] => 
                    [nombre_usuario] => brunito
                    [email_usuario] => brunocameille@alumnos.itr3.edu.ar
                    [ultima_lectura] => Array
                        (
                            [id] => 12098
                            [id_dispositivo] => 2
                            [id_usuario] => 1
                            [voltaje] => 219
                            [corriente] => 0.45
                            [potencia] => 99
                            [kwh] => 0.35
                            [limite_superado] => 0
                            [fecha] => 2025-08-28 22:00:00
                            [mac_address] => 08:D1:F9:A5:2A:14
                        )

                )

            [2] => Array
                (
                    [id_dispositivo] => 29
                    [nombre] => sadasd
                    [id_usuario] => 1
                    [mac_address] => AA:C3:CC:D1:EE:2F
                    [ip_address] => 
                    [ultima_conexion] => 
                    [estado] => inactivo
                    [created_at] => 2025-06-27 10:12:51
                    [stock] => 0
                    [precio] => 0
                    [descripcion] => 
                    [fecha_actualizacion] => 2025-09-18 08:04:51
                    [updated_at] => 
                    [codigo_activacion] => 
                    [fecha_activacion] => 
                    [nombre_usuario] => brunito
                    [email_usuario] => brunocameille@alumnos.itr3.edu.ar
                    [ultima_lectura] => 
                )

        )

    [consumo24h] => 0
    [consumoPromedio] => 0
    [activosPropios] => 0
)

INFO - 2025-10-02 12:51:51 --> Session: Class initialized using 'CodeIgniter\Session\Handlers\FileHandler' driver.
DEBUG - 2025-10-02 12:52:09 --> Ruta actual: /Tesina/public/usuario
INFO - 2025-10-02 12:52:12 --> Session: Class initialized using 'CodeIgniter\Session\Handlers\FileHandler' driver.
DEBUG - 2025-10-02 12:52:12 --> Datos en sesión: Array
(
    [__ci_last_regenerate] => 1759420235
    [_ci_previous_url] => http://192.168.2.118/Tesina/public/home/manual
    [id_usuario] => 80
    [nombre] => user
    [apellido] => camello
    [email] => enzog@gmail.com
    [rol] => usuario
    [logged_in] => 1
)

DEBUG - 2025-10-02 12:52:12 --> Usuario ID: 80
DEBUG - 2025-10-02 12:52:12 --> Buscando usuario ID: 80
DEBUG - 2025-10-02 12:52:12 --> Resultado de la búsqueda: Array
(
    [id_usuario] => 80
    [nombre] => user
    [apellido] => camello
    [email] => enzog@gmail.com
    [contrasena] => $2y$10$McYkEf2xjBAE9J2yIKLBoOStlEwNexk.YS14G3cLphKVZBfBtlc5W
    [direccion_id] => 0
    [id_rol] => 2
    [created_at] => 2025-10-02 12:51:18
    [updated_at] => 2025-10-02 12:51:18
    [invitado_por] => 1
    [estado] => activo
    [token_activacion] => 
)

DEBUG - 2025-10-02 12:52:12 --> Datos del usuario: Array
(
    [id_usuario] => 80
    [nombre] => user
    [apellido] => camello
    [email] => enzog@gmail.com
    [contrasena] => $2y$10$McYkEf2xjBAE9J2yIKLBoOStlEwNexk.YS14G3cLphKVZBfBtlc5W
    [direccion_id] => 0
    [id_rol] => 2
    [created_at] => 2025-10-02 12:51:18
    [updated_at] => 2025-10-02 12:51:18
    [invitado_por] => 1
    [estado] => activo
    [token_activacion] => 
)

DEBUG - 2025-10-02 12:52:12 --> Dispositivos encontrados: Array
(
    [0] => Array
        (
            [id_dispositivo] => 1
            [nombre] => medidor de ecovolt
            [id_usuario] => 1
            [mac_address] => 00:1A:2B:3C:4D:5E
            [ip_address] => 
            [ultima_conexion] => 
            [estado] => activo
            [created_at] => 2025-04-10 22:26:34
            [stock] => 43
            [precio] => 85
            [descripcion] => 
            [fecha_actualizacion] => 2025-06-27 08:44:59
            [updated_at] => 2025-06-12 15:06:14
            [codigo_activacion] => 
            [fecha_activacion] => 
            [nombre_usuario] => brunito
            [email_usuario] => brunocameille@alumnos.itr3.edu.ar
            [ultima_lectura] => 
        )

    [1] => Array
        (
            [id_dispositivo] => 2
            [nombre] => ECOVOLT HOYY 18
            [id_usuario] => 1
            [mac_address] => 08:D1:F9:A5:2A:14
            [ip_address] => 
            [ultima_conexion] => 
            [estado] => activo
            [created_at] => 2025-04-11 10:03:27
            [stock] => 0
            [precio] => 0
            [descripcion] => funciona

            [fecha_actualizacion] => 2025-09-18 08:05:52
            [updated_at] => 2025-09-18 08:05:52
            [codigo_activacion] => 
            [fecha_activacion] => 
            [nombre_usuario] => brunito
            [email_usuario] => brunocameille@alumnos.itr3.edu.ar
            [ultima_lectura] => Array
                (
                    [id] => 12098
                    [id_dispositivo] => 2
                    [id_usuario] => 1
                    [voltaje] => 219
                    [corriente] => 0.45
                    [potencia] => 99
                    [kwh] => 0.35
                    [limite_superado] => 0
                    [fecha] => 2025-08-28 22:00:00
                    [mac_address] => 08:D1:F9:A5:2A:14
                )

        )

    [2] => Array
        (
            [id_dispositivo] => 29
            [nombre] => sadasd
            [id_usuario] => 1
            [mac_address] => AA:C3:CC:D1:EE:2F
            [ip_address] => 
            [ultima_conexion] => 
            [estado] => inactivo
            [created_at] => 2025-06-27 10:12:51
            [stock] => 0
            [precio] => 0
            [descripcion] => 
            [fecha_actualizacion] => 2025-09-18 08:04:51
            [updated_at] => 
            [codigo_activacion] => 
            [fecha_activacion] => 
            [nombre_usuario] => brunito
            [email_usuario] => brunocameille@alumnos.itr3.edu.ar
            [ultima_lectura] => 
        )

)

DEBUG - 2025-10-02 12:52:12 --> Consumo 24h: 0
DEBUG - 2025-10-02 12:52:12 --> Consumo promedio: 0
DEBUG - 2025-10-02 12:52:12 --> Datos enviados a la vista: Array
(
    [usuario] => Array
        (
            [id_usuario] => 80
            [nombre] => user
            [apellido] => camello
            [email] => enzog@gmail.com
            [contrasena] => $2y$10$McYkEf2xjBAE9J2yIKLBoOStlEwNexk.YS14G3cLphKVZBfBtlc5W
            [direccion_id] => 0
            [id_rol] => 2
            [created_at] => 2025-10-02 12:51:18
            [updated_at] => 2025-10-02 12:51:18
            [invitado_por] => 1
            [estado] => activo
            [token_activacion] => 
        )

    [dispositivos] => Array
        (
            [0] => Array
                (
                    [id_dispositivo] => 1
                    [nombre] => medidor de ecovolt
                    [id_usuario] => 1
                    [mac_address] => 00:1A:2B:3C:4D:5E
                    [ip_address] => 
                    [ultima_conexion] => 
                    [estado] => activo
                    [created_at] => 2025-04-10 22:26:34
                    [stock] => 43
                    [precio] => 85
                    [descripcion] => 
                    [fecha_actualizacion] => 2025-06-27 08:44:59
                    [updated_at] => 2025-06-12 15:06:14
                    [codigo_activacion] => 
                    [fecha_activacion] => 
                    [nombre_usuario] => brunito
                    [email_usuario] => brunocameille@alumnos.itr3.edu.ar
                    [ultima_lectura] => 
                )

            [1] => Array
                (
                    [id_dispositivo] => 2
                    [nombre] => ECOVOLT HOYY 18
                    [id_usuario] => 1
                    [mac_address] => 08:D1:F9:A5:2A:14
                    [ip_address] => 
                    [ultima_conexion] => 
                    [estado] => activo
                    [created_at] => 2025-04-11 10:03:27
                    [stock] => 0
                    [precio] => 0
                    [descripcion] => funciona

                    [fecha_actualizacion] => 2025-09-18 08:05:52
                    [updated_at] => 2025-09-18 08:05:52
                    [codigo_activacion] => 
                    [fecha_activacion] => 
                    [nombre_usuario] => brunito
                    [email_usuario] => brunocameille@alumnos.itr3.edu.ar
                    [ultima_lectura] => Array
                        (
                            [id] => 12098
                            [id_dispositivo] => 2
                            [id_usuario] => 1
                            [voltaje] => 219
                            [corriente] => 0.45
                            [potencia] => 99
                            [kwh] => 0.35
                            [limite_superado] => 0
                            [fecha] => 2025-08-28 22:00:00
                            [mac_address] => 08:D1:F9:A5:2A:14
                        )

                )

            [2] => Array
                (
                    [id_dispositivo] => 29
                    [nombre] => sadasd
                    [id_usuario] => 1
                    [mac_address] => AA:C3:CC:D1:EE:2F
                    [ip_address] => 
                    [ultima_conexion] => 
                    [estado] => inactivo
                    [created_at] => 2025-06-27 10:12:51
                    [stock] => 0
                    [precio] => 0
                    [descripcion] => 
                    [fecha_actualizacion] => 2025-09-18 08:04:51
                    [updated_at] => 
                    [codigo_activacion] => 
                    [fecha_activacion] => 
                    [nombre_usuario] => brunito
                    [email_usuario] => brunocameille@alumnos.itr3.edu.ar
                    [ultima_lectura] => 
                )

        )

    [dispositivos_propios] => Array
        (
        )

    [dispositivos_compartidos] => Array
        (
            [0] => Array
                (
                    [id_dispositivo] => 1
                    [nombre] => medidor de ecovolt
                    [id_usuario] => 1
                    [mac_address] => 00:1A:2B:3C:4D:5E
                    [ip_address] => 
                    [ultima_conexion] => 
                    [estado] => activo
                    [created_at] => 2025-04-10 22:26:34
                    [stock] => 43
                    [precio] => 85
                    [descripcion] => 
                    [fecha_actualizacion] => 2025-06-27 08:44:59
                    [updated_at] => 2025-06-12 15:06:14
                    [codigo_activacion] => 
                    [fecha_activacion] => 
                    [nombre_usuario] => brunito
                    [email_usuario] => brunocameille@alumnos.itr3.edu.ar
                    [ultima_lectura] => 
                )

            [1] => Array
                (
                    [id_dispositivo] => 2
                    [nombre] => ECOVOLT HOYY 18
                    [id_usuario] => 1
                    [mac_address] => 08:D1:F9:A5:2A:14
                    [ip_address] => 
                    [ultima_conexion] => 
                    [estado] => activo
                    [created_at] => 2025-04-11 10:03:27
                    [stock] => 0
                    [precio] => 0
                    [descripcion] => funciona

                    [fecha_actualizacion] => 2025-09-18 08:05:52
                    [updated_at] => 2025-09-18 08:05:52
                    [codigo_activacion] => 
                    [fecha_activacion] => 
                    [nombre_usuario] => brunito
                    [email_usuario] => brunocameille@alumnos.itr3.edu.ar
                    [ultima_lectura] => Array
                        (
                            [id] => 12098
                            [id_dispositivo] => 2
                            [id_usuario] => 1
                            [voltaje] => 219
                            [corriente] => 0.45
                            [potencia] => 99
                            [kwh] => 0.35
                            [limite_superado] => 0
                            [fecha] => 2025-08-28 22:00:00
                            [mac_address] => 08:D1:F9:A5:2A:14
                        )

                )

            [2] => Array
                (
                    [id_dispositivo] => 29
                    [nombre] => sadasd
                    [id_usuario] => 1
                    [mac_address] => AA:C3:CC:D1:EE:2F
                    [ip_address] => 
                    [ultima_conexion] => 
                    [estado] => inactivo
                    [created_at] => 2025-06-27 10:12:51
                    [stock] => 0
                    [precio] => 0
                    [descripcion] => 
                    [fecha_actualizacion] => 2025-09-18 08:04:51
                    [updated_at] => 
                    [codigo_activacion] => 
                    [fecha_activacion] => 
                    [nombre_usuario] => brunito
                    [email_usuario] => brunocameille@alumnos.itr3.edu.ar
                    [ultima_lectura] => 
                )

        )

    [consumo24h] => 0
    [consumoPromedio] => 0
    [activosPropios] => 0
)

DEBUG - 2025-10-02 12:52:14 --> Ruta actual: /Tesina/public/usuario
INFO - 2025-10-02 12:52:14 --> Session: Class initialized using 'CodeIgniter\Session\Handlers\FileHandler' driver.
DEBUG - 2025-10-02 12:52:14 --> Datos en sesión: Array
(
    [__ci_last_regenerate] => 1759420235
    [_ci_previous_url] => http://192.168.2.118/Tesina/public/usuario
    [id_usuario] => 80
    [nombre] => user
    [apellido] => camello
    [email] => enzog@gmail.com
    [rol] => usuario
    [logged_in] => 1
)

DEBUG - 2025-10-02 12:52:14 --> Usuario ID: 80
DEBUG - 2025-10-02 12:52:14 --> Buscando usuario ID: 80
DEBUG - 2025-10-02 12:52:14 --> Resultado de la búsqueda: Array
(
    [id_usuario] => 80
    [nombre] => user
    [apellido] => camello
    [email] => enzog@gmail.com
    [contrasena] => $2y$10$McYkEf2xjBAE9J2yIKLBoOStlEwNexk.YS14G3cLphKVZBfBtlc5W
    [direccion_id] => 0
    [id_rol] => 2
    [created_at] => 2025-10-02 12:51:18
    [updated_at] => 2025-10-02 12:51:18
    [invitado_por] => 1
    [estado] => activo
    [token_activacion] => 
)

DEBUG - 2025-10-02 12:52:14 --> Datos del usuario: Array
(
    [id_usuario] => 80
    [nombre] => user
    [apellido] => camello
    [email] => enzog@gmail.com
    [contrasena] => $2y$10$McYkEf2xjBAE9J2yIKLBoOStlEwNexk.YS14G3cLphKVZBfBtlc5W
    [direccion_id] => 0
    [id_rol] => 2
    [created_at] => 2025-10-02 12:51:18
    [updated_at] => 2025-10-02 12:51:18
    [invitado_por] => 1
    [estado] => activo
    [token_activacion] => 
)

DEBUG - 2025-10-02 12:52:14 --> Dispositivos encontrados: Array
(
    [0] => Array
        (
            [id_dispositivo] => 1
            [nombre] => medidor de ecovolt
            [id_usuario] => 1
            [mac_address] => 00:1A:2B:3C:4D:5E
            [ip_address] => 
            [ultima_conexion] => 
            [estado] => activo
            [created_at] => 2025-04-10 22:26:34
            [stock] => 43
            [precio] => 85
            [descripcion] => 
            [fecha_actualizacion] => 2025-06-27 08:44:59
            [updated_at] => 2025-06-12 15:06:14
            [codigo_activacion] => 
            [fecha_activacion] => 
            [nombre_usuario] => brunito
            [email_usuario] => brunocameille@alumnos.itr3.edu.ar
            [ultima_lectura] => 
        )

    [1] => Array
        (
            [id_dispositivo] => 2
            [nombre] => ECOVOLT HOYY 18
            [id_usuario] => 1
            [mac_address] => 08:D1:F9:A5:2A:14
            [ip_address] => 
            [ultima_conexion] => 
            [estado] => activo
            [created_at] => 2025-04-11 10:03:27
            [stock] => 0
            [precio] => 0
            [descripcion] => funciona

            [fecha_actualizacion] => 2025-09-18 08:05:52
            [updated_at] => 2025-09-18 08:05:52
            [codigo_activacion] => 
            [fecha_activacion] => 
            [nombre_usuario] => brunito
            [email_usuario] => brunocameille@alumnos.itr3.edu.ar
            [ultima_lectura] => Array
                (
                    [id] => 12098
                    [id_dispositivo] => 2
                    [id_usuario] => 1
                    [voltaje] => 219
                    [corriente] => 0.45
                    [potencia] => 99
                    [kwh] => 0.35
                    [limite_superado] => 0
                    [fecha] => 2025-08-28 22:00:00
                    [mac_address] => 08:D1:F9:A5:2A:14
                )

        )

    [2] => Array
        (
            [id_dispositivo] => 29
            [nombre] => sadasd
            [id_usuario] => 1
            [mac_address] => AA:C3:CC:D1:EE:2F
            [ip_address] => 
            [ultima_conexion] => 
            [estado] => inactivo
            [created_at] => 2025-06-27 10:12:51
            [stock] => 0
            [precio] => 0
            [descripcion] => 
            [fecha_actualizacion] => 2025-09-18 08:04:51
            [updated_at] => 
            [codigo_activacion] => 
            [fecha_activacion] => 
            [nombre_usuario] => brunito
            [email_usuario] => brunocameille@alumnos.itr3.edu.ar
            [ultima_lectura] => 
        )

)

DEBUG - 2025-10-02 12:52:14 --> Consumo 24h: 0
DEBUG - 2025-10-02 12:52:14 --> Consumo promedio: 0
DEBUG - 2025-10-02 12:52:14 --> Datos enviados a la vista: Array
(
    [usuario] => Array
        (
            [id_usuario] => 80
            [nombre] => user
            [apellido] => camello
            [email] => enzog@gmail.com
            [contrasena] => $2y$10$McYkEf2xjBAE9J2yIKLBoOStlEwNexk.YS14G3cLphKVZBfBtlc5W
            [direccion_id] => 0
            [id_rol] => 2
            [created_at] => 2025-10-02 12:51:18
            [updated_at] => 2025-10-02 12:51:18
            [invitado_por] => 1
            [estado] => activo
            [token_activacion] => 
        )

    [dispositivos] => Array
        (
            [0] => Array
                (
                    [id_dispositivo] => 1
                    [nombre] => medidor de ecovolt
                    [id_usuario] => 1
                    [mac_address] => 00:1A:2B:3C:4D:5E
                    [ip_address] => 
                    [ultima_conexion] => 
                    [estado] => activo
                    [created_at] => 2025-04-10 22:26:34
                    [stock] => 43
                    [precio] => 85
                    [descripcion] => 
                    [fecha_actualizacion] => 2025-06-27 08:44:59
                    [updated_at] => 2025-06-12 15:06:14
                    [codigo_activacion] => 
                    [fecha_activacion] => 
                    [nombre_usuario] => brunito
                    [email_usuario] => brunocameille@alumnos.itr3.edu.ar
                    [ultima_lectura] => 
                )

            [1] => Array
                (
                    [id_dispositivo] => 2
                    [nombre] => ECOVOLT HOYY 18
                    [id_usuario] => 1
                    [mac_address] => 08:D1:F9:A5:2A:14
                    [ip_address] => 
                    [ultima_conexion] => 
                    [estado] => activo
                    [created_at] => 2025-04-11 10:03:27
                    [stock] => 0
                    [precio] => 0
                    [descripcion] => funciona

                    [fecha_actualizacion] => 2025-09-18 08:05:52
                    [updated_at] => 2025-09-18 08:05:52
                    [codigo_activacion] => 
                    [fecha_activacion] => 
                    [nombre_usuario] => brunito
                    [email_usuario] => brunocameille@alumnos.itr3.edu.ar
                    [ultima_lectura] => Array
                        (
                            [id] => 12098
                            [id_dispositivo] => 2
                            [id_usuario] => 1
                            [voltaje] => 219
                            [corriente] => 0.45
                            [potencia] => 99
                            [kwh] => 0.35
                            [limite_superado] => 0
                            [fecha] => 2025-08-28 22:00:00
                            [mac_address] => 08:D1:F9:A5:2A:14
                        )

                )

            [2] => Array
                (
                    [id_dispositivo] => 29
                    [nombre] => sadasd
                    [id_usuario] => 1
                    [mac_address] => AA:C3:CC:D1:EE:2F
                    [ip_address] => 
                    [ultima_conexion] => 
                    [estado] => inactivo
                    [created_at] => 2025-06-27 10:12:51
                    [stock] => 0
                    [precio] => 0
                    [descripcion] => 
                    [fecha_actualizacion] => 2025-09-18 08:04:51
                    [updated_at] => 
                    [codigo_activacion] => 
                    [fecha_activacion] => 
                    [nombre_usuario] => brunito
                    [email_usuario] => brunocameille@alumnos.itr3.edu.ar
                    [ultima_lectura] => 
                )

        )

    [dispositivos_propios] => Array
        (
        )

    [dispositivos_compartidos] => Array
        (
            [0] => Array
                (
                    [id_dispositivo] => 1
                    [nombre] => medidor de ecovolt
                    [id_usuario] => 1
                    [mac_address] => 00:1A:2B:3C:4D:5E
                    [ip_address] => 
                    [ultima_conexion] => 
                    [estado] => activo
                    [created_at] => 2025-04-10 22:26:34
                    [stock] => 43
                    [precio] => 85
                    [descripcion] => 
                    [fecha_actualizacion] => 2025-06-27 08:44:59
                    [updated_at] => 2025-06-12 15:06:14
                    [codigo_activacion] => 
                    [fecha_activacion] => 
                    [nombre_usuario] => brunito
                    [email_usuario] => brunocameille@alumnos.itr3.edu.ar
                    [ultima_lectura] => 
                )

            [1] => Array
                (
                    [id_dispositivo] => 2
                    [nombre] => ECOVOLT HOYY 18
                    [id_usuario] => 1
                    [mac_address] => 08:D1:F9:A5:2A:14
                    [ip_address] => 
                    [ultima_conexion] => 
                    [estado] => activo
                    [created_at] => 2025-04-11 10:03:27
                    [stock] => 0
                    [precio] => 0
                    [descripcion] => funciona

                    [fecha_actualizacion] => 2025-09-18 08:05:52
                    [updated_at] => 2025-09-18 08:05:52
                    [codigo_activacion] => 
                    [fecha_activacion] => 
                    [nombre_usuario] => brunito
                    [email_usuario] => brunocameille@alumnos.itr3.edu.ar
                    [ultima_lectura] => Array
                        (
                            [id] => 12098
                            [id_dispositivo] => 2
                            [id_usuario] => 1
                            [voltaje] => 219
                            [corriente] => 0.45
                            [potencia] => 99
                            [kwh] => 0.35
                            [limite_superado] => 0
                            [fecha] => 2025-08-28 22:00:00
                            [mac_address] => 08:D1:F9:A5:2A:14
                        )

                )

            [2] => Array
                (
                    [id_dispositivo] => 29
                    [nombre] => sadasd
                    [id_usuario] => 1
                    [mac_address] => AA:C3:CC:D1:EE:2F
                    [ip_address] => 
                    [ultima_conexion] => 
                    [estado] => inactivo
                    [created_at] => 2025-06-27 10:12:51
                    [stock] => 0
                    [precio] => 0
                    [descripcion] => 
                    [fecha_actualizacion] => 2025-09-18 08:04:51
                    [updated_at] => 
                    [codigo_activacion] => 
                    [fecha_activacion] => 
                    [nombre_usuario] => brunito
                    [email_usuario] => brunocameille@alumnos.itr3.edu.ar
                    [ultima_lectura] => 
                )

        )

    [consumo24h] => 0
    [consumoPromedio] => 0
    [activosPropios] => 0
)

DEBUG - 2025-10-02 12:52:32 --> Ruta actual: /Tesina/public/perfil/perfil
INFO - 2025-10-02 12:52:32 --> Session: Class initialized using 'CodeIgniter\Session\Handlers\FileHandler' driver.
DEBUG - 2025-10-02 12:52:32 --> Datos en sesión: Array
(
    [__ci_last_regenerate] => 1759420235
    [_ci_previous_url] => http://192.168.2.118/Tesina/public/usuario
    [id_usuario] => 80
    [nombre] => user
    [apellido] => camello
    [email] => enzog@gmail.com
    [rol] => usuario
    [logged_in] => 1
)

DEBUG - 2025-10-02 12:52:32 --> === INICIO ACTUALIZACIÓN PERFIL ===
DEBUG - 2025-10-02 12:52:32 --> ID Usuario: 80
DEBUG - 2025-10-02 12:52:32 --> Buscando usuario ID: 80
DEBUG - 2025-10-02 12:52:32 --> Resultado de la búsqueda: Array
(
    [id_usuario] => 80
    [nombre] => user
    [apellido] => camello
    [email] => enzog@gmail.com
    [contrasena] => $2y$10$McYkEf2xjBAE9J2yIKLBoOStlEwNexk.YS14G3cLphKVZBfBtlc5W
    [direccion_id] => 0
    [id_rol] => 2
    [created_at] => 2025-10-02 12:51:18
    [updated_at] => 2025-10-02 12:51:18
    [invitado_por] => 1
    [estado] => activo
    [token_activacion] => 
)

DEBUG - 2025-10-02 12:52:32 --> Datos actuales del usuario: Array
(
    [id_usuario] => 80
    [nombre] => user
    [apellido] => camello
    [email] => enzog@gmail.com
    [contrasena] => $2y$10$McYkEf2xjBAE9J2yIKLBoOStlEwNexk.YS14G3cLphKVZBfBtlc5W
    [direccion_id] => 0
    [id_rol] => 2
    [created_at] => 2025-10-02 12:51:18
    [updated_at] => 2025-10-02 12:51:18
    [invitado_por] => 1
    [estado] => activo
    [token_activacion] => 
)

INFO - 2025-10-02 12:54:54 --> Session: Class initialized using 'CodeIgniter\Session\Handlers\FileHandler' driver.
DEBUG - 2025-10-02 12:54:54 --> Intento de inicio de sesión para email: enzog@gmail.com
DEBUG - 2025-10-02 12:54:54 --> Longitud de la contraseña ingresada: 8
DEBUG - 2025-10-02 12:54:54 --> Usuario encontrado: {"id":"80","email":"enzog@gmail.com","estado":"activo","rol":"2"}
DEBUG - 2025-10-02 12:54:54 --> Resultado de verificación de contraseña: true
DEBUG - 2025-10-02 12:54:54 --> Hash almacenado en la base de datos: $2y$10$McYkEf2xjBAE9J2yIKLBoOStlEwNexk.YS14G3cLphKVZBfBtlc5W
DEBUG - 2025-10-02 12:54:54 --> Inicio de sesión exitoso para usuario: enzog@gmail.com
DEBUG - 2025-10-02 12:54:54 --> Datos de sesión guardados: {"id_usuario":"80","nombre":"user","apellido":"camello","email":"enzog@gmail.com","rol":"usuario","logged_in":true}
DEBUG - 2025-10-02 12:54:55 --> Ruta actual: /Tesina/public/usuario
INFO - 2025-10-02 12:54:55 --> Session: Class initialized using 'CodeIgniter\Session\Handlers\FileHandler' driver.
DEBUG - 2025-10-02 12:54:55 --> Datos en sesión: Array
(
    [__ci_last_regenerate] => 1759420235
    [_ci_previous_url] => http://192.168.2.118/Tesina/public/perfil/perfil
    [id_usuario] => 80
    [nombre] => user
    [apellido] => camello
    [email] => enzog@gmail.com
    [rol] => usuario
    [logged_in] => 1
)

DEBUG - 2025-10-02 12:54:55 --> Usuario ID: 80
DEBUG - 2025-10-02 12:54:55 --> Buscando usuario ID: 80
DEBUG - 2025-10-02 12:54:55 --> Resultado de la búsqueda: Array
(
    [id_usuario] => 80
    [nombre] => user
    [apellido] => camello
    [email] => enzog@gmail.com
    [contrasena] => $2y$10$McYkEf2xjBAE9J2yIKLBoOStlEwNexk.YS14G3cLphKVZBfBtlc5W
    [direccion_id] => 0
    [id_rol] => 2
    [created_at] => 2025-10-02 12:51:18
    [updated_at] => 2025-10-02 12:51:18
    [invitado_por] => 1
    [estado] => activo
    [token_activacion] => 
)

DEBUG - 2025-10-02 12:54:55 --> Datos del usuario: Array
(
    [id_usuario] => 80
    [nombre] => user
    [apellido] => camello
    [email] => enzog@gmail.com
    [contrasena] => $2y$10$McYkEf2xjBAE9J2yIKLBoOStlEwNexk.YS14G3cLphKVZBfBtlc5W
    [direccion_id] => 0
    [id_rol] => 2
    [created_at] => 2025-10-02 12:51:18
    [updated_at] => 2025-10-02 12:51:18
    [invitado_por] => 1
    [estado] => activo
    [token_activacion] => 
)

DEBUG - 2025-10-02 12:54:55 --> Dispositivos encontrados: Array
(
    [0] => Array
        (
            [id_dispositivo] => 1
            [nombre] => medidor de ecovolt
            [id_usuario] => 1
            [mac_address] => 00:1A:2B:3C:4D:5E
            [ip_address] => 
            [ultima_conexion] => 
            [estado] => activo
            [created_at] => 2025-04-10 22:26:34
            [stock] => 43
            [precio] => 85
            [descripcion] => 
            [fecha_actualizacion] => 2025-06-27 08:44:59
            [updated_at] => 2025-06-12 15:06:14
            [codigo_activacion] => 
            [fecha_activacion] => 
            [nombre_usuario] => brunito
            [email_usuario] => brunocameille@alumnos.itr3.edu.ar
            [ultima_lectura] => 
        )

    [1] => Array
        (
            [id_dispositivo] => 2
            [nombre] => ECOVOLT HOYY 18
            [id_usuario] => 1
            [mac_address] => 08:D1:F9:A5:2A:14
            [ip_address] => 
            [ultima_conexion] => 
            [estado] => activo
            [created_at] => 2025-04-11 10:03:27
            [stock] => 0
            [precio] => 0
            [descripcion] => funciona

            [fecha_actualizacion] => 2025-09-18 08:05:52
            [updated_at] => 2025-09-18 08:05:52
            [codigo_activacion] => 
            [fecha_activacion] => 
            [nombre_usuario] => brunito
            [email_usuario] => brunocameille@alumnos.itr3.edu.ar
            [ultima_lectura] => Array
                (
                    [id] => 12098
                    [id_dispositivo] => 2
                    [id_usuario] => 1
                    [voltaje] => 219
                    [corriente] => 0.45
                    [potencia] => 99
                    [kwh] => 0.35
                    [limite_superado] => 0
                    [fecha] => 2025-08-28 22:00:00
                    [mac_address] => 08:D1:F9:A5:2A:14
                )

        )

    [2] => Array
        (
            [id_dispositivo] => 29
            [nombre] => sadasd
            [id_usuario] => 1
            [mac_address] => AA:C3:CC:D1:EE:2F
            [ip_address] => 
            [ultima_conexion] => 
            [estado] => inactivo
            [created_at] => 2025-06-27 10:12:51
            [stock] => 0
            [precio] => 0
            [descripcion] => 
            [fecha_actualizacion] => 2025-09-18 08:04:51
            [updated_at] => 
            [codigo_activacion] => 
            [fecha_activacion] => 
            [nombre_usuario] => brunito
            [email_usuario] => brunocameille@alumnos.itr3.edu.ar
            [ultima_lectura] => 
        )

)

DEBUG - 2025-10-02 12:54:55 --> Consumo 24h: 0
DEBUG - 2025-10-02 12:54:55 --> Consumo promedio: 0
DEBUG - 2025-10-02 12:54:55 --> Datos enviados a la vista: Array
(
    [usuario] => Array
        (
            [id_usuario] => 80
            [nombre] => user
            [apellido] => camello
            [email] => enzog@gmail.com
            [contrasena] => $2y$10$McYkEf2xjBAE9J2yIKLBoOStlEwNexk.YS14G3cLphKVZBfBtlc5W
            [direccion_id] => 0
            [id_rol] => 2
            [created_at] => 2025-10-02 12:51:18
            [updated_at] => 2025-10-02 12:51:18
            [invitado_por] => 1
            [estado] => activo
            [token_activacion] => 
        )

    [dispositivos] => Array
        (
            [0] => Array
                (
                    [id_dispositivo] => 1
                    [nombre] => medidor de ecovolt
                    [id_usuario] => 1
                    [mac_address] => 00:1A:2B:3C:4D:5E
                    [ip_address] => 
                    [ultima_conexion] => 
                    [estado] => activo
                    [created_at] => 2025-04-10 22:26:34
                    [stock] => 43
                    [precio] => 85
                    [descripcion] => 
                    [fecha_actualizacion] => 2025-06-27 08:44:59
                    [updated_at] => 2025-06-12 15:06:14
                    [codigo_activacion] => 
                    [fecha_activacion] => 
                    [nombre_usuario] => brunito
                    [email_usuario] => brunocameille@alumnos.itr3.edu.ar
                    [ultima_lectura] => 
                )

            [1] => Array
                (
                    [id_dispositivo] => 2
                    [nombre] => ECOVOLT HOYY 18
                    [id_usuario] => 1
                    [mac_address] => 08:D1:F9:A5:2A:14
                    [ip_address] => 
                    [ultima_conexion] => 
                    [estado] => activo
                    [created_at] => 2025-04-11 10:03:27
                    [stock] => 0
                    [precio] => 0
                    [descripcion] => funciona

                    [fecha_actualizacion] => 2025-09-18 08:05:52
                    [updated_at] => 2025-09-18 08:05:52
                    [codigo_activacion] => 
                    [fecha_activacion] => 
                    [nombre_usuario] => brunito
                    [email_usuario] => brunocameille@alumnos.itr3.edu.ar
                    [ultima_lectura] => Array
                        (
                            [id] => 12098
                            [id_dispositivo] => 2
                            [id_usuario] => 1
                            [voltaje] => 219
                            [corriente] => 0.45
                            [potencia] => 99
                            [kwh] => 0.35
                            [limite_superado] => 0
                            [fecha] => 2025-08-28 22:00:00
                            [mac_address] => 08:D1:F9:A5:2A:14
                        )

                )

            [2] => Array
                (
                    [id_dispositivo] => 29
                    [nombre] => sadasd
                    [id_usuario] => 1
                    [mac_address] => AA:C3:CC:D1:EE:2F
                    [ip_address] => 
                    [ultima_conexion] => 
                    [estado] => inactivo
                    [created_at] => 2025-06-27 10:12:51
                    [stock] => 0
                    [precio] => 0
                    [descripcion] => 
                    [fecha_actualizacion] => 2025-09-18 08:04:51
                    [updated_at] => 
                    [codigo_activacion] => 
                    [fecha_activacion] => 
                    [nombre_usuario] => brunito
                    [email_usuario] => brunocameille@alumnos.itr3.edu.ar
                    [ultima_lectura] => 
                )

        )

    [dispositivos_propios] => Array
        (
        )

    [dispositivos_compartidos] => Array
        (
            [0] => Array
                (
                    [id_dispositivo] => 1
                    [nombre] => medidor de ecovolt
                    [id_usuario] => 1
                    [mac_address] => 00:1A:2B:3C:4D:5E
                    [ip_address] => 
                    [ultima_conexion] => 
                    [estado] => activo
                    [created_at] => 2025-04-10 22:26:34
                    [stock] => 43
                    [precio] => 85
                    [descripcion] => 
                    [fecha_actualizacion] => 2025-06-27 08:44:59
                    [updated_at] => 2025-06-12 15:06:14
                    [codigo_activacion] => 
                    [fecha_activacion] => 
                    [nombre_usuario] => brunito
                    [email_usuario] => brunocameille@alumnos.itr3.edu.ar
                    [ultima_lectura] => 
                )

            [1] => Array
                (
                    [id_dispositivo] => 2
                    [nombre] => ECOVOLT HOYY 18
                    [id_usuario] => 1
                    [mac_address] => 08:D1:F9:A5:2A:14
                    [ip_address] => 
                    [ultima_conexion] => 
                    [estado] => activo
                    [created_at] => 2025-04-11 10:03:27
                    [stock] => 0
                    [precio] => 0
                    [descripcion] => funciona

                    [fecha_actualizacion] => 2025-09-18 08:05:52
                    [updated_at] => 2025-09-18 08:05:52
                    [codigo_activacion] => 
                    [fecha_activacion] => 
                    [nombre_usuario] => brunito
                    [email_usuario] => brunocameille@alumnos.itr3.edu.ar
                    [ultima_lectura] => Array
                        (
                            [id] => 12098
                            [id_dispositivo] => 2
                            [id_usuario] => 1
                            [voltaje] => 219
                            [corriente] => 0.45
                            [potencia] => 99
                            [kwh] => 0.35
                            [limite_superado] => 0
                            [fecha] => 2025-08-28 22:00:00
                            [mac_address] => 08:D1:F9:A5:2A:14
                        )

                )

            [2] => Array
                (
                    [id_dispositivo] => 29
                    [nombre] => sadasd
                    [id_usuario] => 1
                    [mac_address] => AA:C3:CC:D1:EE:2F
                    [ip_address] => 
                    [ultima_conexion] => 
                    [estado] => inactivo
                    [created_at] => 2025-06-27 10:12:51
                    [stock] => 0
                    [precio] => 0
                    [descripcion] => 
                    [fecha_actualizacion] => 2025-09-18 08:04:51
                    [updated_at] => 
                    [codigo_activacion] => 
                    [fecha_activacion] => 
                    [nombre_usuario] => brunito
                    [email_usuario] => brunocameille@alumnos.itr3.edu.ar
                    [ultima_lectura] => 
                )

        )

    [consumo24h] => 0
    [consumoPromedio] => 0
    [activosPropios] => 0
)

DEBUG - 2025-10-02 12:57:38 --> Ruta actual: /Tesina/public/admin
INFO - 2025-10-02 12:57:38 --> Session: Class initialized using 'CodeIgniter\Session\Handlers\FileHandler' driver.
DEBUG - 2025-10-02 12:57:38 --> Datos en sesión: Array
(
    [__ci_last_regenerate] => 1759420658
    [_ci_previous_url] => http://192.168.2.118/Tesina/public/usuario/perfil
    [id_usuario] => 1
    [nombre] => brunito
    [apellido] => barber
    [email] => brunocameille@alumnos.itr3.edu.ar
    [rol] => admin
    [logged_in] => 1
)

DEBUG - 2025-10-02 12:57:41 --> Ruta actual: /Tesina/public/usuario/perfil
INFO - 2025-10-02 12:57:41 --> Session: Class initialized using 'CodeIgniter\Session\Handlers\FileHandler' driver.
DEBUG - 2025-10-02 12:57:41 --> Datos en sesión: Array
(
    [__ci_last_regenerate] => 1759420658
    [_ci_previous_url] => http://192.168.2.118/Tesina/public/admin
    [id_usuario] => 1
    [nombre] => brunito
    [apellido] => barber
    [email] => brunocameille@alumnos.itr3.edu.ar
    [rol] => admin
    [logged_in] => 1
)

DEBUG - 2025-10-02 12:57:41 --> Buscando usuario ID: 1
DEBUG - 2025-10-02 12:57:41 --> Resultado de la búsqueda: Array
(
    [id_usuario] => 1
    [nombre] => brunito
    [apellido] => barber
    [email] => brunocameille@alumnos.itr3.edu.ar
    [contrasena] => $2y$10$F4xQfULyrVhG1JD8Y21QR.vgn9Fzd257acxjmQqHQ3OYfEqBaAPb6
    [direccion_id] => 0
    [id_rol] => 1
    [created_at] => 2025-04-07 13:37:30
    [updated_at] => 2025-07-24 14:07:31
    [invitado_por] => 
    [estado] => activo
    [token_activacion] => 
)

DEBUG - 2025-10-02 12:58:04 --> Ruta actual: /Tesina/public/admin/invitar
INFO - 2025-10-02 12:58:04 --> Session: Class initialized using 'CodeIgniter\Session\Handlers\FileHandler' driver.
DEBUG - 2025-10-02 12:58:04 --> Datos en sesión: Array
(
    [__ci_last_regenerate] => 1759420658
    [_ci_previous_url] => http://192.168.2.118/Tesina/public/usuario/perfil
    [id_usuario] => 1
    [nombre] => brunito
    [apellido] => barber
    [email] => brunocameille@alumnos.itr3.edu.ar
    [rol] => admin
    [logged_in] => 1
)

DEBUG - 2025-10-02 12:58:09 --> Ruta actual: /Tesina/public/admin/invitar
INFO - 2025-10-02 12:58:09 --> Session: Class initialized using 'CodeIgniter\Session\Handlers\FileHandler' driver.
DEBUG - 2025-10-02 12:58:09 --> Datos en sesión: Array
(
    [__ci_last_regenerate] => 1759420658
    [_ci_previous_url] => http://192.168.2.118/Tesina/public/admin/invitar
    [id_usuario] => 1
    [nombre] => brunito
    [apellido] => barber
    [email] => brunocameille@alumnos.itr3.edu.ar
    [rol] => admin
    [logged_in] => 1
)

DEBUG - 2025-10-02 12:58:10 --> Ruta actual: /Tesina/public/admin
INFO - 2025-10-02 12:58:10 --> Session: Class initialized using 'CodeIgniter\Session\Handlers\FileHandler' driver.
DEBUG - 2025-10-02 12:58:10 --> Datos en sesión: Array
(
    [__ci_last_regenerate] => 1759420658
    [_ci_previous_url] => http://192.168.2.118/Tesina/public/admin/invitar
    [id_usuario] => 1
    [nombre] => brunito
    [apellido] => barber
    [email] => brunocameille@alumnos.itr3.edu.ar
    [rol] => admin
    [logged_in] => 1
)

DEBUG - 2025-10-02 13:05:05 --> Ruta actual: /Tesina/public/perfil/perfil
INFO - 2025-10-02 13:05:05 --> Session: Class initialized using 'CodeIgniter\Session\Handlers\FileHandler' driver.
DEBUG - 2025-10-02 13:05:05 --> Datos en sesión: Array
(
    [__ci_last_regenerate] => 1759421105
    [_ci_previous_url] => http://192.168.2.118/Tesina/public/usuario
    [id_usuario] => 80
    [nombre] => user
    [apellido] => camello
    [email] => enzog@gmail.com
    [rol] => usuario
    [logged_in] => 1
)

DEBUG - 2025-10-02 13:05:05 --> === INICIO ACTUALIZACIÓN PERFIL ===
DEBUG - 2025-10-02 13:05:05 --> ID Usuario: 80
DEBUG - 2025-10-02 13:05:05 --> Buscando usuario ID: 80
DEBUG - 2025-10-02 13:05:05 --> Resultado de la búsqueda: Array
(
    [id_usuario] => 80
    [nombre] => user
    [apellido] => camello
    [email] => enzog@gmail.com
    [contrasena] => $2y$10$McYkEf2xjBAE9J2yIKLBoOStlEwNexk.YS14G3cLphKVZBfBtlc5W
    [direccion_id] => 0
    [id_rol] => 2
    [created_at] => 2025-10-02 12:51:18
    [updated_at] => 2025-10-02 12:51:18
    [invitado_por] => 1
    [estado] => activo
    [token_activacion] => 
)

DEBUG - 2025-10-02 13:05:05 --> Datos actuales del usuario: Array
(
    [id_usuario] => 80
    [nombre] => user
    [apellido] => camello
    [email] => enzog@gmail.com
    [contrasena] => $2y$10$McYkEf2xjBAE9J2yIKLBoOStlEwNexk.YS14G3cLphKVZBfBtlc5W
    [direccion_id] => 0
    [id_rol] => 2
    [created_at] => 2025-10-02 12:51:18
    [updated_at] => 2025-10-02 12:51:18
    [invitado_por] => 1
    [estado] => activo
    [token_activacion] => 
)

DEBUG - 2025-10-02 13:05:16 --> Ruta actual: /Tesina/public/usuario
INFO - 2025-10-02 13:05:16 --> Session: Class initialized using 'CodeIgniter\Session\Handlers\FileHandler' driver.
DEBUG - 2025-10-02 13:05:16 --> Datos en sesión: Array
(
    [__ci_last_regenerate] => 1759421105
    [_ci_previous_url] => http://192.168.2.118/Tesina/public/perfil/perfil
    [id_usuario] => 80
    [nombre] => user
    [apellido] => camello
    [email] => enzog@gmail.com
    [rol] => usuario
    [logged_in] => 1
)

DEBUG - 2025-10-02 13:05:16 --> Usuario ID: 80
DEBUG - 2025-10-02 13:05:16 --> Buscando usuario ID: 80
DEBUG - 2025-10-02 13:05:16 --> Resultado de la búsqueda: Array
(
    [id_usuario] => 80
    [nombre] => user
    [apellido] => camello
    [email] => enzog@gmail.com
    [contrasena] => $2y$10$McYkEf2xjBAE9J2yIKLBoOStlEwNexk.YS14G3cLphKVZBfBtlc5W
    [direccion_id] => 0
    [id_rol] => 2
    [created_at] => 2025-10-02 12:51:18
    [updated_at] => 2025-10-02 12:51:18
    [invitado_por] => 1
    [estado] => activo
    [token_activacion] => 
)

DEBUG - 2025-10-02 13:05:16 --> Datos del usuario: Array
(
    [id_usuario] => 80
    [nombre] => user
    [apellido] => camello
    [email] => enzog@gmail.com
    [contrasena] => $2y$10$McYkEf2xjBAE9J2yIKLBoOStlEwNexk.YS14G3cLphKVZBfBtlc5W
    [direccion_id] => 0
    [id_rol] => 2
    [created_at] => 2025-10-02 12:51:18
    [updated_at] => 2025-10-02 12:51:18
    [invitado_por] => 1
    [estado] => activo
    [token_activacion] => 
)

DEBUG - 2025-10-02 13:05:16 --> Dispositivos encontrados: Array
(
    [0] => Array
        (
            [id_dispositivo] => 1
            [nombre] => medidor de ecovolt
            [id_usuario] => 1
            [mac_address] => 00:1A:2B:3C:4D:5E
            [ip_address] => 
            [ultima_conexion] => 
            [estado] => activo
            [created_at] => 2025-04-10 22:26:34
            [stock] => 43
            [precio] => 85
            [descripcion] => 
            [fecha_actualizacion] => 2025-06-27 08:44:59
            [updated_at] => 2025-06-12 15:06:14
            [codigo_activacion] => 
            [fecha_activacion] => 
            [nombre_usuario] => brunito
            [email_usuario] => brunocameille@alumnos.itr3.edu.ar
            [ultima_lectura] => 
        )

    [1] => Array
        (
            [id_dispositivo] => 2
            [nombre] => ECOVOLT HOYY 18
            [id_usuario] => 1
            [mac_address] => 08:D1:F9:A5:2A:14
            [ip_address] => 
            [ultima_conexion] => 
            [estado] => activo
            [created_at] => 2025-04-11 10:03:27
            [stock] => 0
            [precio] => 0
            [descripcion] => funciona

            [fecha_actualizacion] => 2025-09-18 08:05:52
            [updated_at] => 2025-09-18 08:05:52
            [codigo_activacion] => 
            [fecha_activacion] => 
            [nombre_usuario] => brunito
            [email_usuario] => brunocameille@alumnos.itr3.edu.ar
            [ultima_lectura] => Array
                (
                    [id] => 12098
                    [id_dispositivo] => 2
                    [id_usuario] => 1
                    [voltaje] => 219
                    [corriente] => 0.45
                    [potencia] => 99
                    [kwh] => 0.35
                    [limite_superado] => 0
                    [fecha] => 2025-08-28 22:00:00
                    [mac_address] => 08:D1:F9:A5:2A:14
                )

        )

    [2] => Array
        (
            [id_dispositivo] => 29
            [nombre] => sadasd
            [id_usuario] => 1
            [mac_address] => AA:C3:CC:D1:EE:2F
            [ip_address] => 
            [ultima_conexion] => 
            [estado] => inactivo
            [created_at] => 2025-06-27 10:12:51
            [stock] => 0
            [precio] => 0
            [descripcion] => 
            [fecha_actualizacion] => 2025-09-18 08:04:51
            [updated_at] => 
            [codigo_activacion] => 
            [fecha_activacion] => 
            [nombre_usuario] => brunito
            [email_usuario] => brunocameille@alumnos.itr3.edu.ar
            [ultima_lectura] => 
        )

)

DEBUG - 2025-10-02 13:05:16 --> Consumo 24h: 0
DEBUG - 2025-10-02 13:05:16 --> Consumo promedio: 0
DEBUG - 2025-10-02 13:05:16 --> Datos enviados a la vista: Array
(
    [usuario] => Array
        (
            [id_usuario] => 80
            [nombre] => user
            [apellido] => camello
            [email] => enzog@gmail.com
            [contrasena] => $2y$10$McYkEf2xjBAE9J2yIKLBoOStlEwNexk.YS14G3cLphKVZBfBtlc5W
            [direccion_id] => 0
            [id_rol] => 2
            [created_at] => 2025-10-02 12:51:18
            [updated_at] => 2025-10-02 12:51:18
            [invitado_por] => 1
            [estado] => activo
            [token_activacion] => 
        )

    [dispositivos] => Array
        (
            [0] => Array
                (
                    [id_dispositivo] => 1
                    [nombre] => medidor de ecovolt
                    [id_usuario] => 1
                    [mac_address] => 00:1A:2B:3C:4D:5E
                    [ip_address] => 
                    [ultima_conexion] => 
                    [estado] => activo
                    [created_at] => 2025-04-10 22:26:34
                    [stock] => 43
                    [precio] => 85
                    [descripcion] => 
                    [fecha_actualizacion] => 2025-06-27 08:44:59
                    [updated_at] => 2025-06-12 15:06:14
                    [codigo_activacion] => 
                    [fecha_activacion] => 
                    [nombre_usuario] => brunito
                    [email_usuario] => brunocameille@alumnos.itr3.edu.ar
                    [ultima_lectura] => 
                )

            [1] => Array
                (
                    [id_dispositivo] => 2
                    [nombre] => ECOVOLT HOYY 18
                    [id_usuario] => 1
                    [mac_address] => 08:D1:F9:A5:2A:14
                    [ip_address] => 
                    [ultima_conexion] => 
                    [estado] => activo
                    [created_at] => 2025-04-11 10:03:27
                    [stock] => 0
                    [precio] => 0
                    [descripcion] => funciona

                    [fecha_actualizacion] => 2025-09-18 08:05:52
                    [updated_at] => 2025-09-18 08:05:52
                    [codigo_activacion] => 
                    [fecha_activacion] => 
                    [nombre_usuario] => brunito
                    [email_usuario] => brunocameille@alumnos.itr3.edu.ar
                    [ultima_lectura] => Array
                        (
                            [id] => 12098
                            [id_dispositivo] => 2
                            [id_usuario] => 1
                            [voltaje] => 219
                            [corriente] => 0.45
                            [potencia] => 99
                            [kwh] => 0.35
                            [limite_superado] => 0
                            [fecha] => 2025-08-28 22:00:00
                            [mac_address] => 08:D1:F9:A5:2A:14
                        )

                )

            [2] => Array
                (
                    [id_dispositivo] => 29
                    [nombre] => sadasd
                    [id_usuario] => 1
                    [mac_address] => AA:C3:CC:D1:EE:2F
                    [ip_address] => 
                    [ultima_conexion] => 
                    [estado] => inactivo
                    [created_at] => 2025-06-27 10:12:51
                    [stock] => 0
                    [precio] => 0
                    [descripcion] => 
                    [fecha_actualizacion] => 2025-09-18 08:04:51
                    [updated_at] => 
                    [codigo_activacion] => 
                    [fecha_activacion] => 
                    [nombre_usuario] => brunito
                    [email_usuario] => brunocameille@alumnos.itr3.edu.ar
                    [ultima_lectura] => 
                )

        )

    [dispositivos_propios] => Array
        (
        )

    [dispositivos_compartidos] => Array
        (
            [0] => Array
                (
                    [id_dispositivo] => 1
                    [nombre] => medidor de ecovolt
                    [id_usuario] => 1
                    [mac_address] => 00:1A:2B:3C:4D:5E
                    [ip_address] => 
                    [ultima_conexion] => 
                    [estado] => activo
                    [created_at] => 2025-04-10 22:26:34
                    [stock] => 43
                    [precio] => 85
                    [descripcion] => 
                    [fecha_actualizacion] => 2025-06-27 08:44:59
                    [updated_at] => 2025-06-12 15:06:14
                    [codigo_activacion] => 
                    [fecha_activacion] => 
                    [nombre_usuario] => brunito
                    [email_usuario] => brunocameille@alumnos.itr3.edu.ar
                    [ultima_lectura] => 
                )

            [1] => Array
                (
                    [id_dispositivo] => 2
                    [nombre] => ECOVOLT HOYY 18
                    [id_usuario] => 1
                    [mac_address] => 08:D1:F9:A5:2A:14
                    [ip_address] => 
                    [ultima_conexion] => 
                    [estado] => activo
                    [created_at] => 2025-04-11 10:03:27
                    [stock] => 0
                    [precio] => 0
                    [descripcion] => funciona

                    [fecha_actualizacion] => 2025-09-18 08:05:52
                    [updated_at] => 2025-09-18 08:05:52
                    [codigo_activacion] => 
                    [fecha_activacion] => 
                    [nombre_usuario] => brunito
                    [email_usuario] => brunocameille@alumnos.itr3.edu.ar
                    [ultima_lectura] => Array
                        (
                            [id] => 12098
                            [id_dispositivo] => 2
                            [id_usuario] => 1
                            [voltaje] => 219
                            [corriente] => 0.45
                            [potencia] => 99
                            [kwh] => 0.35
                            [limite_superado] => 0
                            [fecha] => 2025-08-28 22:00:00
                            [mac_address] => 08:D1:F9:A5:2A:14
                        )

                )

            [2] => Array
                (
                    [id_dispositivo] => 29
                    [nombre] => sadasd
                    [id_usuario] => 1
                    [mac_address] => AA:C3:CC:D1:EE:2F
                    [ip_address] => 
                    [ultima_conexion] => 
                    [estado] => inactivo
                    [created_at] => 2025-06-27 10:12:51
                    [stock] => 0
                    [precio] => 0
                    [descripcion] => 
                    [fecha_actualizacion] => 2025-09-18 08:04:51
                    [updated_at] => 
                    [codigo_activacion] => 
                    [fecha_activacion] => 
                    [nombre_usuario] => brunito
                    [email_usuario] => brunocameille@alumnos.itr3.edu.ar
                    [ultima_lectura] => 
                )

        )

    [consumo24h] => 0
    [consumoPromedio] => 0
    [activosPropios] => 0
)

DEBUG - 2025-10-02 13:06:43 --> Ruta actual: /Tesina/public/usuario
INFO - 2025-10-02 13:06:43 --> Session: Class initialized using 'CodeIgniter\Session\Handlers\FileHandler' driver.
DEBUG - 2025-10-02 13:06:43 --> Datos en sesión: Array
(
    [__ci_last_regenerate] => 1759421105
    [_ci_previous_url] => http://192.168.2.118/Tesina/public/usuario
    [id_usuario] => 80
    [nombre] => user
    [apellido] => camello
    [email] => enzog@gmail.com
    [rol] => usuario
    [logged_in] => 1
)

DEBUG - 2025-10-02 13:06:43 --> Usuario ID: 80
DEBUG - 2025-10-02 13:06:43 --> Buscando usuario ID: 80
DEBUG - 2025-10-02 13:06:43 --> Resultado de la búsqueda: Array
(
    [id_usuario] => 80
    [nombre] => user
    [apellido] => camello
    [email] => enzog@gmail.com
    [contrasena] => $2y$10$McYkEf2xjBAE9J2yIKLBoOStlEwNexk.YS14G3cLphKVZBfBtlc5W
    [direccion_id] => 0
    [id_rol] => 2
    [created_at] => 2025-10-02 12:51:18
    [updated_at] => 2025-10-02 12:51:18
    [invitado_por] => 1
    [estado] => activo
    [token_activacion] => 
)

DEBUG - 2025-10-02 13:06:43 --> Datos del usuario: Array
(
    [id_usuario] => 80
    [nombre] => user
    [apellido] => camello
    [email] => enzog@gmail.com
    [contrasena] => $2y$10$McYkEf2xjBAE9J2yIKLBoOStlEwNexk.YS14G3cLphKVZBfBtlc5W
    [direccion_id] => 0
    [id_rol] => 2
    [created_at] => 2025-10-02 12:51:18
    [updated_at] => 2025-10-02 12:51:18
    [invitado_por] => 1
    [estado] => activo
    [token_activacion] => 
)

DEBUG - 2025-10-02 13:06:43 --> Dispositivos encontrados: Array
(
    [0] => Array
        (
            [id_dispositivo] => 1
            [nombre] => medidor de ecovolt
            [id_usuario] => 1
            [mac_address] => 00:1A:2B:3C:4D:5E
            [ip_address] => 
            [ultima_conexion] => 
            [estado] => activo
            [created_at] => 2025-04-10 22:26:34
            [stock] => 43
            [precio] => 85
            [descripcion] => 
            [fecha_actualizacion] => 2025-06-27 08:44:59
            [updated_at] => 2025-06-12 15:06:14
            [codigo_activacion] => 
            [fecha_activacion] => 
            [nombre_usuario] => brunito
            [email_usuario] => brunocameille@alumnos.itr3.edu.ar
            [ultima_lectura] => 
        )

    [1] => Array
        (
            [id_dispositivo] => 2
            [nombre] => ECOVOLT HOYY 18
            [id_usuario] => 1
            [mac_address] => 08:D1:F9:A5:2A:14
            [ip_address] => 
            [ultima_conexion] => 
            [estado] => activo
            [created_at] => 2025-04-11 10:03:27
            [stock] => 0
            [precio] => 0
            [descripcion] => funciona

            [fecha_actualizacion] => 2025-09-18 08:05:52
            [updated_at] => 2025-09-18 08:05:52
            [codigo_activacion] => 
            [fecha_activacion] => 
            [nombre_usuario] => brunito
            [email_usuario] => brunocameille@alumnos.itr3.edu.ar
            [ultima_lectura] => Array
                (
                    [id] => 12098
                    [id_dispositivo] => 2
                    [id_usuario] => 1
                    [voltaje] => 219
                    [corriente] => 0.45
                    [potencia] => 99
                    [kwh] => 0.35
                    [limite_superado] => 0
                    [fecha] => 2025-08-28 22:00:00
                    [mac_address] => 08:D1:F9:A5:2A:14
                )

        )

    [2] => Array
        (
            [id_dispositivo] => 29
            [nombre] => sadasd
            [id_usuario] => 1
            [mac_address] => AA:C3:CC:D1:EE:2F
            [ip_address] => 
            [ultima_conexion] => 
            [estado] => inactivo
            [created_at] => 2025-06-27 10:12:51
            [stock] => 0
            [precio] => 0
            [descripcion] => 
            [fecha_actualizacion] => 2025-09-18 08:04:51
            [updated_at] => 
            [codigo_activacion] => 
            [fecha_activacion] => 
            [nombre_usuario] => brunito
            [email_usuario] => brunocameille@alumnos.itr3.edu.ar
            [ultima_lectura] => 
        )

)

DEBUG - 2025-10-02 13:06:43 --> Consumo 24h: 0
DEBUG - 2025-10-02 13:06:43 --> Consumo promedio: 0
DEBUG - 2025-10-02 13:06:43 --> Datos enviados a la vista: Array
(
    [usuario] => Array
        (
            [id_usuario] => 80
            [nombre] => user
            [apellido] => camello
            [email] => enzog@gmail.com
            [contrasena] => $2y$10$McYkEf2xjBAE9J2yIKLBoOStlEwNexk.YS14G3cLphKVZBfBtlc5W
            [direccion_id] => 0
            [id_rol] => 2
            [created_at] => 2025-10-02 12:51:18
            [updated_at] => 2025-10-02 12:51:18
            [invitado_por] => 1
            [estado] => activo
            [token_activacion] => 
        )

    [dispositivos] => Array
        (
            [0] => Array
                (
                    [id_dispositivo] => 1
                    [nombre] => medidor de ecovolt
                    [id_usuario] => 1
                    [mac_address] => 00:1A:2B:3C:4D:5E
                    [ip_address] => 
                    [ultima_conexion] => 
                    [estado] => activo
                    [created_at] => 2025-04-10 22:26:34
                    [stock] => 43
                    [precio] => 85
                    [descripcion] => 
                    [fecha_actualizacion] => 2025-06-27 08:44:59
                    [updated_at] => 2025-06-12 15:06:14
                    [codigo_activacion] => 
                    [fecha_activacion] => 
                    [nombre_usuario] => brunito
                    [email_usuario] => brunocameille@alumnos.itr3.edu.ar
                    [ultima_lectura] => 
                )

            [1] => Array
                (
                    [id_dispositivo] => 2
                    [nombre] => ECOVOLT HOYY 18
                    [id_usuario] => 1
                    [mac_address] => 08:D1:F9:A5:2A:14
                    [ip_address] => 
                    [ultima_conexion] => 
                    [estado] => activo
                    [created_at] => 2025-04-11 10:03:27
                    [stock] => 0
                    [precio] => 0
                    [descripcion] => funciona

                    [fecha_actualizacion] => 2025-09-18 08:05:52
                    [updated_at] => 2025-09-18 08:05:52
                    [codigo_activacion] => 
                    [fecha_activacion] => 
                    [nombre_usuario] => brunito
                    [email_usuario] => brunocameille@alumnos.itr3.edu.ar
                    [ultima_lectura] => Array
                        (
                            [id] => 12098
                            [id_dispositivo] => 2
                            [id_usuario] => 1
                            [voltaje] => 219
                            [corriente] => 0.45
                            [potencia] => 99
                            [kwh] => 0.35
                            [limite_superado] => 0
                            [fecha] => 2025-08-28 22:00:00
                            [mac_address] => 08:D1:F9:A5:2A:14
                        )

                )

            [2] => Array
                (
                    [id_dispositivo] => 29
                    [nombre] => sadasd
                    [id_usuario] => 1
                    [mac_address] => AA:C3:CC:D1:EE:2F
                    [ip_address] => 
                    [ultima_conexion] => 
                    [estado] => inactivo
                    [created_at] => 2025-06-27 10:12:51
                    [stock] => 0
                    [precio] => 0
                    [descripcion] => 
                    [fecha_actualizacion] => 2025-09-18 08:04:51
                    [updated_at] => 
                    [codigo_activacion] => 
                    [fecha_activacion] => 
                    [nombre_usuario] => brunito
                    [email_usuario] => brunocameille@alumnos.itr3.edu.ar
                    [ultima_lectura] => 
                )

        )

    [dispositivos_propios] => Array
        (
        )

    [dispositivos_compartidos] => Array
        (
            [0] => Array
                (
                    [id_dispositivo] => 1
                    [nombre] => medidor de ecovolt
                    [id_usuario] => 1
                    [mac_address] => 00:1A:2B:3C:4D:5E
                    [ip_address] => 
                    [ultima_conexion] => 
                    [estado] => activo
                    [created_at] => 2025-04-10 22:26:34
                    [stock] => 43
                    [precio] => 85
                    [descripcion] => 
                    [fecha_actualizacion] => 2025-06-27 08:44:59
                    [updated_at] => 2025-06-12 15:06:14
                    [codigo_activacion] => 
                    [fecha_activacion] => 
                    [nombre_usuario] => brunito
                    [email_usuario] => brunocameille@alumnos.itr3.edu.ar
                    [ultima_lectura] => 
                )

            [1] => Array
                (
                    [id_dispositivo] => 2
                    [nombre] => ECOVOLT HOYY 18
                    [id_usuario] => 1
                    [mac_address] => 08:D1:F9:A5:2A:14
                    [ip_address] => 
                    [ultima_conexion] => 
                    [estado] => activo
                    [created_at] => 2025-04-11 10:03:27
                    [stock] => 0
                    [precio] => 0
                    [descripcion] => funciona

                    [fecha_actualizacion] => 2025-09-18 08:05:52
                    [updated_at] => 2025-09-18 08:05:52
                    [codigo_activacion] => 
                    [fecha_activacion] => 
                    [nombre_usuario] => brunito
                    [email_usuario] => brunocameille@alumnos.itr3.edu.ar
                    [ultima_lectura] => Array
                        (
                            [id] => 12098
                            [id_dispositivo] => 2
                            [id_usuario] => 1
                            [voltaje] => 219
                            [corriente] => 0.45
                            [potencia] => 99
                            [kwh] => 0.35
                            [limite_superado] => 0
                            [fecha] => 2025-08-28 22:00:00
                            [mac_address] => 08:D1:F9:A5:2A:14
                        )

                )

            [2] => Array
                (
                    [id_dispositivo] => 29
                    [nombre] => sadasd
                    [id_usuario] => 1
                    [mac_address] => AA:C3:CC:D1:EE:2F
                    [ip_address] => 
                    [ultima_conexion] => 
                    [estado] => inactivo
                    [created_at] => 2025-06-27 10:12:51
                    [stock] => 0
                    [precio] => 0
                    [descripcion] => 
                    [fecha_actualizacion] => 2025-09-18 08:04:51
                    [updated_at] => 
                    [codigo_activacion] => 
                    [fecha_activacion] => 
                    [nombre_usuario] => brunito
                    [email_usuario] => brunocameille@alumnos.itr3.edu.ar
                    [ultima_lectura] => 
                )

        )

    [consumo24h] => 0
    [consumoPromedio] => 0
    [activosPropios] => 0
)

DEBUG - 2025-10-02 13:06:53 --> Ruta actual: /Tesina/public/dispositivo
INFO - 2025-10-02 13:06:53 --> Session: Class initialized using 'CodeIgniter\Session\Handlers\FileHandler' driver.
DEBUG - 2025-10-02 13:06:53 --> Datos en sesión: Array
(
    [__ci_last_regenerate] => 1759421105
    [_ci_previous_url] => http://192.168.2.118/Tesina/public/usuario
    [id_usuario] => 80
    [nombre] => user
    [apellido] => camello
    [email] => enzog@gmail.com
    [rol] => usuario
    [logged_in] => 1
)

DEBUG - 2025-10-02 13:06:53 --> ID Usuario: 80
DEBUG - 2025-10-02 13:06:53 --> Dispositivos encontrados: Array
(
    [0] => Array
        (
            [id_dispositivo] => 1
            [nombre] => medidor de ecovolt
            [id_usuario] => 1
            [mac_address] => 00:1A:2B:3C:4D:5E
            [ip_address] => 
            [ultima_conexion] => 
            [estado] => activo
            [created_at] => 2025-04-10 22:26:34
            [stock] => 43
            [precio] => 85
            [descripcion] => 
            [fecha_actualizacion] => 2025-06-27 08:44:59
            [updated_at] => 2025-06-12 15:06:14
            [codigo_activacion] => 
            [fecha_activacion] => 
            [nombre_usuario] => brunito
            [email_usuario] => brunocameille@alumnos.itr3.edu.ar
            [ultima_lectura] => 
        )

    [1] => Array
        (
            [id_dispositivo] => 2
            [nombre] => ECOVOLT HOYY 18
            [id_usuario] => 1
            [mac_address] => 08:D1:F9:A5:2A:14
            [ip_address] => 
            [ultima_conexion] => 
            [estado] => activo
            [created_at] => 2025-04-11 10:03:27
            [stock] => 0
            [precio] => 0
            [descripcion] => funciona

            [fecha_actualizacion] => 2025-09-18 08:05:52
            [updated_at] => 2025-09-18 08:05:52
            [codigo_activacion] => 
            [fecha_activacion] => 
            [nombre_usuario] => brunito
            [email_usuario] => brunocameille@alumnos.itr3.edu.ar
            [ultima_lectura] => Array
                (
                    [id] => 12098
                    [id_dispositivo] => 2
                    [id_usuario] => 1
                    [voltaje] => 219
                    [corriente] => 0.45
                    [potencia] => 99
                    [kwh] => 0.35
                    [limite_superado] => 0
                    [fecha] => 2025-08-28 22:00:00
                    [mac_address] => 08:D1:F9:A5:2A:14
                )

        )

    [2] => Array
        (
            [id_dispositivo] => 29
            [nombre] => sadasd
            [id_usuario] => 1
            [mac_address] => AA:C3:CC:D1:EE:2F
            [ip_address] => 
            [ultima_conexion] => 
            [estado] => inactivo
            [created_at] => 2025-06-27 10:12:51
            [stock] => 0
            [precio] => 0
            [descripcion] => 
            [fecha_actualizacion] => 2025-09-18 08:04:51
            [updated_at] => 
            [codigo_activacion] => 
            [fecha_activacion] => 
            [nombre_usuario] => brunito
            [email_usuario] => brunocameille@alumnos.itr3.edu.ar
            [ultima_lectura] => 
        )

)

CRITICAL - 2025-10-02 13:06:53 --> CodeIgniter\View\Exceptions\ViewException: Invalid file: "dispositivo/index.php"
[Method: GET, Route: dispositivo]
in SYSTEMPATH\Exceptions\FrameworkException.php on line 41.
 1 SYSTEMPATH\View\View.php(222): CodeIgniter\Exceptions\FrameworkException::forInvalidFile('dispositivo/index.php')
 2 SYSTEMPATH\Common.php(1169): CodeIgniter\View\View->render('dispositivo/index', [], true)
 3 APPPATH\Controllers\Dispositivo.php(38): view('dispositivo/index', [...])
 4 SYSTEMPATH\CodeIgniter.php(933): App\Controllers\Dispositivo->index()
 5 SYSTEMPATH\CodeIgniter.php(509): CodeIgniter\CodeIgniter->runController(Object(App\Controllers\Dispositivo))
 6 SYSTEMPATH\CodeIgniter.php(355): CodeIgniter\CodeIgniter->handleRequest(null, Object(Config\Cache), false)
 7 SYSTEMPATH\Boot.php(325): CodeIgniter\CodeIgniter->run()
 8 SYSTEMPATH\Boot.php(67): CodeIgniter\Boot::runCodeIgniter(Object(CodeIgniter\CodeIgniter))
 9 FCPATH\index.php(56): CodeIgniter\Boot::bootWeb(Object(Config\Paths))
DEBUG - 2025-10-02 13:07:03 --> Ruta actual: /Tesina/public/energia/dispositivo/2
INFO - 2025-10-02 13:07:03 --> Session: Class initialized using 'CodeIgniter\Session\Handlers\FileHandler' driver.
DEBUG - 2025-10-02 13:07:03 --> Datos en sesión: Array
(
    [__ci_last_regenerate] => 1759421105
    [_ci_previous_url] => http://192.168.2.118/Tesina/public/usuario
    [id_usuario] => 80
    [nombre] => user
    [apellido] => camello
    [email] => enzog@gmail.com
    [rol] => usuario
    [logged_in] => 1
)

INFO - 2025-10-02 13:07:05 --> Session: Class initialized using 'CodeIgniter\Session\Handlers\FileHandler' driver.
INFO - 2025-10-02 13:07:09 --> Session: Class initialized using 'CodeIgniter\Session\Handlers\FileHandler' driver.
INFO - 2025-10-02 13:07:14 --> Session: Class initialized using 'CodeIgniter\Session\Handlers\FileHandler' driver.
INFO - 2025-10-02 13:07:56 --> Session: Class initialized using 'CodeIgniter\Session\Handlers\FileHandler' driver.
INFO - 2025-10-02 13:08:01 --> Session: Class initialized using 'CodeIgniter\Session\Handlers\FileHandler' driver.
DEBUG - 2025-10-02 13:08:06 --> Ruta actual: /Tesina/public/dispositivo
INFO - 2025-10-02 13:08:06 --> Session: Class initialized using 'CodeIgniter\Session\Handlers\FileHandler' driver.
DEBUG - 2025-10-02 13:08:06 --> Datos en sesión: Array
(
    [__ci_last_regenerate] => 1759421105
    [_ci_previous_url] => http://192.168.2.118/Tesina/public/home/manual
    [id_usuario] => 80
    [nombre] => user
    [apellido] => camello
    [email] => enzog@gmail.com
    [rol] => usuario
    [logged_in] => 1
)

DEBUG - 2025-10-02 13:08:06 --> ID Usuario: 80
DEBUG - 2025-10-02 13:08:06 --> Dispositivos encontrados: Array
(
    [0] => Array
        (
            [id_dispositivo] => 1
            [nombre] => medidor de ecovolt
            [id_usuario] => 1
            [mac_address] => 00:1A:2B:3C:4D:5E
            [ip_address] => 
            [ultima_conexion] => 
            [estado] => activo
            [created_at] => 2025-04-10 22:26:34
            [stock] => 43
            [precio] => 85
            [descripcion] => 
            [fecha_actualizacion] => 2025-06-27 08:44:59
            [updated_at] => 2025-06-12 15:06:14
            [codigo_activacion] => 
            [fecha_activacion] => 
            [nombre_usuario] => brunito
            [email_usuario] => brunocameille@alumnos.itr3.edu.ar
            [ultima_lectura] => 
        )

    [1] => Array
        (
            [id_dispositivo] => 2
            [nombre] => ECOVOLT HOYY 18
            [id_usuario] => 1
            [mac_address] => 08:D1:F9:A5:2A:14
            [ip_address] => 
            [ultima_conexion] => 
            [estado] => activo
            [created_at] => 2025-04-11 10:03:27
            [stock] => 0
            [precio] => 0
            [descripcion] => funciona

            [fecha_actualizacion] => 2025-09-18 08:05:52
            [updated_at] => 2025-09-18 08:05:52
            [codigo_activacion] => 
            [fecha_activacion] => 
            [nombre_usuario] => brunito
            [email_usuario] => brunocameille@alumnos.itr3.edu.ar
            [ultima_lectura] => Array
                (
                    [id] => 12098
                    [id_dispositivo] => 2
                    [id_usuario] => 1
                    [voltaje] => 219
                    [corriente] => 0.45
                    [potencia] => 99
                    [kwh] => 0.35
                    [limite_superado] => 0
                    [fecha] => 2025-08-28 22:00:00
                    [mac_address] => 08:D1:F9:A5:2A:14
                )

        )

    [2] => Array
        (
            [id_dispositivo] => 29
            [nombre] => sadasd
            [id_usuario] => 1
            [mac_address] => AA:C3:CC:D1:EE:2F
            [ip_address] => 
            [ultima_conexion] => 
            [estado] => inactivo
            [created_at] => 2025-06-27 10:12:51
            [stock] => 0
            [precio] => 0
            [descripcion] => 
            [fecha_actualizacion] => 2025-09-18 08:04:51
            [updated_at] => 
            [codigo_activacion] => 
            [fecha_activacion] => 
            [nombre_usuario] => brunito
            [email_usuario] => brunocameille@alumnos.itr3.edu.ar
            [ultima_lectura] => 
        )

)

CRITICAL - 2025-10-02 13:08:06 --> CodeIgniter\View\Exceptions\ViewException: Invalid file: "dispositivo/index.php"
[Method: GET, Route: dispositivo]
in SYSTEMPATH\Exceptions\FrameworkException.php on line 41.
 1 SYSTEMPATH\View\View.php(222): CodeIgniter\Exceptions\FrameworkException::forInvalidFile('dispositivo/index.php')
 2 SYSTEMPATH\Common.php(1169): CodeIgniter\View\View->render('dispositivo/index', [], true)
 3 APPPATH\Controllers\Dispositivo.php(38): view('dispositivo/index', [...])
 4 SYSTEMPATH\CodeIgniter.php(933): App\Controllers\Dispositivo->index()
 5 SYSTEMPATH\CodeIgniter.php(509): CodeIgniter\CodeIgniter->runController(Object(App\Controllers\Dispositivo))
 6 SYSTEMPATH\CodeIgniter.php(355): CodeIgniter\CodeIgniter->handleRequest(null, Object(Config\Cache), false)
 7 SYSTEMPATH\Boot.php(325): CodeIgniter\CodeIgniter->run()
 8 SYSTEMPATH\Boot.php(67): CodeIgniter\Boot::runCodeIgniter(Object(CodeIgniter\CodeIgniter))
 9 FCPATH\index.php(56): CodeIgniter\Boot::bootWeb(Object(Config\Paths))
DEBUG - 2025-10-02 13:09:12 --> Ruta actual: /Tesina/public/energia/dispositivo/1
INFO - 2025-10-02 13:09:12 --> Session: Class initialized using 'CodeIgniter\Session\Handlers\FileHandler' driver.
DEBUG - 2025-10-02 13:09:12 --> Datos en sesión: Array
(
    [__ci_last_regenerate] => 1759421105
    [_ci_previous_url] => http://192.168.2.118/Tesina/public/home/manual
    [id_usuario] => 80
    [nombre] => user
    [apellido] => camello
    [email] => enzog@gmail.com
    [rol] => usuario
    [logged_in] => 1
)

DEBUG - 2025-10-02 13:09:15 --> Ruta actual: /Tesina/public/energia/dispositivo/2
INFO - 2025-10-02 13:09:15 --> Session: Class initialized using 'CodeIgniter\Session\Handlers\FileHandler' driver.
DEBUG - 2025-10-02 13:09:15 --> Datos en sesión: Array
(
    [__ci_last_regenerate] => 1759421105
    [_ci_previous_url] => http://192.168.2.118/Tesina/public/energia/dispositivo/1
    [id_usuario] => 80
    [nombre] => user
    [apellido] => camello
    [email] => enzog@gmail.com
    [rol] => usuario
    [logged_in] => 1
)

INFO - 2025-10-02 13:09:17 --> Session: Class initialized using 'CodeIgniter\Session\Handlers\FileHandler' driver.
INFO - 2025-10-02 13:09:21 --> Session: Class initialized using 'CodeIgniter\Session\Handlers\FileHandler' driver.
INFO - 2025-10-02 13:09:26 --> Session: Class initialized using 'CodeIgniter\Session\Handlers\FileHandler' driver.
INFO - 2025-10-02 13:09:31 --> Session: Class initialized using 'CodeIgniter\Session\Handlers\FileHandler' driver.
INFO - 2025-10-02 13:09:36 --> Session: Class initialized using 'CodeIgniter\Session\Handlers\FileHandler' driver.
INFO - 2025-10-02 13:09:41 --> Session: Class initialized using 'CodeIgniter\Session\Handlers\FileHandler' driver.
INFO - 2025-10-02 13:09:46 --> Session: Class initialized using 'CodeIgniter\Session\Handlers\FileHandler' driver.
INFO - 2025-10-02 13:09:51 --> Session: Class initialized using 'CodeIgniter\Session\Handlers\FileHandler' driver.
INFO - 2025-10-02 13:09:56 --> Session: Class initialized using 'CodeIgniter\Session\Handlers\FileHandler' driver.
INFO - 2025-10-02 13:10:01 --> Session: Class initialized using 'CodeIgniter\Session\Handlers\FileHandler' driver.
INFO - 2025-10-02 13:10:06 --> Session: Class initialized using 'CodeIgniter\Session\Handlers\FileHandler' driver.
INFO - 2025-10-02 13:10:11 --> Session: Class initialized using 'CodeIgniter\Session\Handlers\FileHandler' driver.
INFO - 2025-10-02 13:10:16 --> Session: Class initialized using 'CodeIgniter\Session\Handlers\FileHandler' driver.
INFO - 2025-10-02 13:10:21 --> Session: Class initialized using 'CodeIgniter\Session\Handlers\FileHandler' driver.
INFO - 2025-10-02 13:10:21 --> Session: Class initialized using 'CodeIgniter\Session\Handlers\FileHandler' driver.
INFO - 2025-10-02 13:10:26 --> Session: Class initialized using 'CodeIgniter\Session\Handlers\FileHandler' driver.
DEBUG - 2025-10-02 13:10:31 --> Ruta actual: /Tesina/public/energia/dispositivo/2
INFO - 2025-10-02 13:10:31 --> Session: Class initialized using 'CodeIgniter\Session\Handlers\FileHandler' driver.
DEBUG - 2025-10-02 13:10:31 --> Datos en sesión: Array
(
    [__ci_last_regenerate] => 1759421406
    [_ci_previous_url] => http://192.168.2.118/Tesina/public/energia/dispositivo/2
    [id_usuario] => 80
    [nombre] => user
    [apellido] => camello
    [email] => enzog@gmail.com
    [rol] => usuario
    [logged_in] => 1
)

INFO - 2025-10-02 13:10:31 --> Session: Class initialized using 'CodeIgniter\Session\Handlers\FileHandler' driver.
INFO - 2025-10-02 13:10:33 --> Session: Class initialized using 'CodeIgniter\Session\Handlers\FileHandler' driver.
INFO - 2025-10-02 13:10:37 --> Session: Class initialized using 'CodeIgniter\Session\Handlers\FileHandler' driver.
INFO - 2025-10-02 13:10:42 --> Session: Class initialized using 'CodeIgniter\Session\Handlers\FileHandler' driver.
INFO - 2025-10-02 13:10:47 --> Session: Class initialized using 'CodeIgniter\Session\Handlers\FileHandler' driver.
INFO - 2025-10-02 13:10:52 --> Session: Class initialized using 'CodeIgniter\Session\Handlers\FileHandler' driver.
INFO - 2025-10-02 13:10:57 --> Session: Class initialized using 'CodeIgniter\Session\Handlers\FileHandler' driver.
INFO - 2025-10-02 13:11:02 --> Session: Class initialized using 'CodeIgniter\Session\Handlers\FileHandler' driver.
INFO - 2025-10-02 13:11:07 --> Session: Class initialized using 'CodeIgniter\Session\Handlers\FileHandler' driver.
INFO - 2025-10-02 13:11:12 --> Session: Class initialized using 'CodeIgniter\Session\Handlers\FileHandler' driver.
INFO - 2025-10-02 13:11:17 --> Session: Class initialized using 'CodeIgniter\Session\Handlers\FileHandler' driver.
INFO - 2025-10-02 13:11:22 --> Session: Class initialized using 'CodeIgniter\Session\Handlers\FileHandler' driver.
INFO - 2025-10-02 13:11:27 --> Session: Class initialized using 'CodeIgniter\Session\Handlers\FileHandler' driver.
INFO - 2025-10-02 13:11:32 --> Session: Class initialized using 'CodeIgniter\Session\Handlers\FileHandler' driver.
INFO - 2025-10-02 13:11:37 --> Session: Class initialized using 'CodeIgniter\Session\Handlers\FileHandler' driver.
INFO - 2025-10-02 13:11:42 --> Session: Class initialized using 'CodeIgniter\Session\Handlers\FileHandler' driver.
INFO - 2025-10-02 13:11:47 --> Session: Class initialized using 'CodeIgniter\Session\Handlers\FileHandler' driver.
INFO - 2025-10-02 13:11:52 --> Session: Class initialized using 'CodeIgniter\Session\Handlers\FileHandler' driver.
INFO - 2025-10-02 13:11:57 --> Session: Class initialized using 'CodeIgniter\Session\Handlers\FileHandler' driver.
INFO - 2025-10-02 13:12:02 --> Session: Class initialized using 'CodeIgniter\Session\Handlers\FileHandler' driver.
INFO - 2025-10-02 13:12:07 --> Session: Class initialized using 'CodeIgniter\Session\Handlers\FileHandler' driver.
INFO - 2025-10-02 13:12:12 --> Session: Class initialized using 'CodeIgniter\Session\Handlers\FileHandler' driver.
INFO - 2025-10-02 13:12:17 --> Session: Class initialized using 'CodeIgniter\Session\Handlers\FileHandler' driver.
INFO - 2025-10-02 13:12:23 --> Session: Class initialized using 'CodeIgniter\Session\Handlers\FileHandler' driver.
INFO - 2025-10-02 13:12:27 --> Session: Class initialized using 'CodeIgniter\Session\Handlers\FileHandler' driver.
INFO - 2025-10-02 13:12:32 --> Session: Class initialized using 'CodeIgniter\Session\Handlers\FileHandler' driver.
INFO - 2025-10-02 13:12:37 --> Session: Class initialized using 'CodeIgniter\Session\Handlers\FileHandler' driver.
INFO - 2025-10-02 13:12:42 --> Session: Class initialized using 'CodeIgniter\Session\Handlers\FileHandler' driver.
INFO - 2025-10-02 13:12:47 --> Session: Class initialized using 'CodeIgniter\Session\Handlers\FileHandler' driver.
INFO - 2025-10-02 13:12:52 --> Session: Class initialized using 'CodeIgniter\Session\Handlers\FileHandler' driver.
INFO - 2025-10-02 13:12:57 --> Session: Class initialized using 'CodeIgniter\Session\Handlers\FileHandler' driver.
INFO - 2025-10-02 13:13:02 --> Session: Class initialized using 'CodeIgniter\Session\Handlers\FileHandler' driver.
INFO - 2025-10-02 13:13:07 --> Session: Class initialized using 'CodeIgniter\Session\Handlers\FileHandler' driver.
INFO - 2025-10-02 13:13:12 --> Session: Class initialized using 'CodeIgniter\Session\Handlers\FileHandler' driver.
INFO - 2025-10-02 13:13:16 --> Session: Class initialized using 'CodeIgniter\Session\Handlers\FileHandler' driver.
INFO - 2025-10-02 13:13:17 --> Session: Class initialized using 'CodeIgniter\Session\Handlers\FileHandler' driver.
INFO - 2025-10-02 13:13:17 --> Session: Class initialized using 'CodeIgniter\Session\Handlers\FileHandler' driver.
INFO - 2025-10-02 13:13:18 --> Session: Class initialized using 'CodeIgniter\Session\Handlers\FileHandler' driver.
INFO - 2025-10-02 13:13:18 --> Session: Class initialized using 'CodeIgniter\Session\Handlers\FileHandler' driver.
INFO - 2025-10-02 13:13:19 --> Session: Class initialized using 'CodeIgniter\Session\Handlers\FileHandler' driver.
DEBUG - 2025-10-02 13:13:19 --> Ruta actual: /Tesina/public/energia/generarPDF/2
INFO - 2025-10-02 13:13:19 --> Session: Class initialized using 'CodeIgniter\Session\Handlers\FileHandler' driver.
INFO - 2025-10-02 13:13:19 --> Session: Class initialized using 'CodeIgniter\Session\Handlers\FileHandler' driver.
INFO - 2025-10-02 13:13:19 --> Session: Class initialized using 'CodeIgniter\Session\Handlers\FileHandler' driver.
DEBUG - 2025-10-02 13:13:19 --> Datos en sesión: Array
(
    [__ci_last_regenerate] => 1759421406
    [_ci_previous_url] => http://192.168.2.118/Tesina/public/energia/dispositivo/2
    [id_usuario] => 80
    [nombre] => user
    [apellido] => camello
    [email] => enzog@gmail.com
    [rol] => usuario
    [logged_in] => 1
    [tarifa_kwh] => 121213
)

INFO - 2025-10-02 13:13:23 --> Session: Class initialized using 'CodeIgniter\Session\Handlers\FileHandler' driver.
INFO - 2025-10-02 13:13:29 --> Session: Class initialized using 'CodeIgniter\Session\Handlers\FileHandler' driver.
INFO - 2025-10-02 13:13:32 --> Session: Class initialized using 'CodeIgniter\Session\Handlers\FileHandler' driver.
INFO - 2025-10-02 13:13:37 --> Session: Class initialized using 'CodeIgniter\Session\Handlers\FileHandler' driver.
INFO - 2025-10-02 13:13:42 --> Session: Class initialized using 'CodeIgniter\Session\Handlers\FileHandler' driver.
INFO - 2025-10-02 13:13:47 --> Session: Class initialized using 'CodeIgniter\Session\Handlers\FileHandler' driver.
INFO - 2025-10-02 13:13:52 --> Session: Class initialized using 'CodeIgniter\Session\Handlers\FileHandler' driver.
INFO - 2025-10-02 13:13:57 --> Session: Class initialized using 'CodeIgniter\Session\Handlers\FileHandler' driver.
INFO - 2025-10-02 13:14:02 --> Session: Class initialized using 'CodeIgniter\Session\Handlers\FileHandler' driver.
INFO - 2025-10-02 13:14:07 --> Session: Class initialized using 'CodeIgniter\Session\Handlers\FileHandler' driver.
INFO - 2025-10-02 13:14:12 --> Session: Class initialized using 'CodeIgniter\Session\Handlers\FileHandler' driver.
INFO - 2025-10-02 13:14:17 --> Session: Class initialized using 'CodeIgniter\Session\Handlers\FileHandler' driver.
INFO - 2025-10-02 13:14:22 --> Session: Class initialized using 'CodeIgniter\Session\Handlers\FileHandler' driver.
INFO - 2025-10-02 13:14:27 --> Session: Class initialized using 'CodeIgniter\Session\Handlers\FileHandler' driver.
INFO - 2025-10-02 13:14:55 --> Session: Class initialized using 'CodeIgniter\Session\Handlers\FileHandler' driver.
INFO - 2025-10-02 13:15:30 --> Session: Class initialized using 'CodeIgniter\Session\Handlers\FileHandler' driver.
INFO - 2025-10-02 13:15:32 --> Session: Class initialized using 'CodeIgniter\Session\Handlers\FileHandler' driver.
INFO - 2025-10-02 13:15:38 --> Session: Class initialized using 'CodeIgniter\Session\Handlers\FileHandler' driver.
INFO - 2025-10-02 13:15:42 --> Session: Class initialized using 'CodeIgniter\Session\Handlers\FileHandler' driver.
INFO - 2025-10-02 13:15:47 --> Session: Class initialized using 'CodeIgniter\Session\Handlers\FileHandler' driver.
INFO - 2025-10-02 13:15:52 --> Session: Class initialized using 'CodeIgniter\Session\Handlers\FileHandler' driver.
INFO - 2025-10-02 13:15:57 --> Session: Class initialized using 'CodeIgniter\Session\Handlers\FileHandler' driver.
INFO - 2025-10-02 13:16:02 --> Session: Class initialized using 'CodeIgniter\Session\Handlers\FileHandler' driver.
INFO - 2025-10-02 13:16:08 --> Session: Class initialized using 'CodeIgniter\Session\Handlers\FileHandler' driver.
INFO - 2025-10-02 13:16:12 --> Session: Class initialized using 'CodeIgniter\Session\Handlers\FileHandler' driver.
INFO - 2025-10-02 13:16:17 --> Session: Class initialized using 'CodeIgniter\Session\Handlers\FileHandler' driver.
INFO - 2025-10-02 13:16:22 --> Session: Class initialized using 'CodeIgniter\Session\Handlers\FileHandler' driver.
DEBUG - 2025-10-02 13:16:25 --> Ruta actual: /Tesina/public/usuario
INFO - 2025-10-02 13:16:25 --> Session: Class initialized using 'CodeIgniter\Session\Handlers\FileHandler' driver.
DEBUG - 2025-10-02 13:16:25 --> Datos en sesión: Array
(
    [__ci_last_regenerate] => 1759421730
    [_ci_previous_url] => http://192.168.2.118/Tesina/public/energia/generarPDF/2
    [id_usuario] => 80
    [nombre] => user
    [apellido] => camello
    [email] => enzog@gmail.com
    [rol] => usuario
    [logged_in] => 1
    [tarifa_kwh] => 121213
)

DEBUG - 2025-10-02 13:16:25 --> Usuario ID: 80
DEBUG - 2025-10-02 13:16:25 --> Buscando usuario ID: 80
DEBUG - 2025-10-02 13:16:25 --> Resultado de la búsqueda: Array
(
    [id_usuario] => 80
    [nombre] => user
    [apellido] => camello
    [email] => enzog@gmail.com
    [contrasena] => $2y$10$McYkEf2xjBAE9J2yIKLBoOStlEwNexk.YS14G3cLphKVZBfBtlc5W
    [direccion_id] => 0
    [id_rol] => 2
    [created_at] => 2025-10-02 12:51:18
    [updated_at] => 2025-10-02 12:51:18
    [invitado_por] => 1
    [estado] => activo
    [token_activacion] => 
)

DEBUG - 2025-10-02 13:16:25 --> Datos del usuario: Array
(
    [id_usuario] => 80
    [nombre] => user
    [apellido] => camello
    [email] => enzog@gmail.com
    [contrasena] => $2y$10$McYkEf2xjBAE9J2yIKLBoOStlEwNexk.YS14G3cLphKVZBfBtlc5W
    [direccion_id] => 0
    [id_rol] => 2
    [created_at] => 2025-10-02 12:51:18
    [updated_at] => 2025-10-02 12:51:18
    [invitado_por] => 1
    [estado] => activo
    [token_activacion] => 
)

DEBUG - 2025-10-02 13:16:25 --> Dispositivos encontrados: Array
(
    [0] => Array
        (
            [id_dispositivo] => 1
            [nombre] => medidor de ecovolt
            [id_usuario] => 1
            [mac_address] => 00:1A:2B:3C:4D:5E
            [ip_address] => 
            [ultima_conexion] => 
            [estado] => activo
            [created_at] => 2025-04-10 22:26:34
            [stock] => 43
            [precio] => 85
            [descripcion] => 
            [fecha_actualizacion] => 2025-06-27 08:44:59
            [updated_at] => 2025-06-12 15:06:14
            [codigo_activacion] => 
            [fecha_activacion] => 
            [nombre_usuario] => brunito
            [email_usuario] => brunocameille@alumnos.itr3.edu.ar
            [ultima_lectura] => 
        )

    [1] => Array
        (
            [id_dispositivo] => 2
            [nombre] => ECOVOLT HOYY 18
            [id_usuario] => 1
            [mac_address] => 08:D1:F9:A5:2A:14
            [ip_address] => 
            [ultima_conexion] => 
            [estado] => activo
            [created_at] => 2025-04-11 10:03:27
            [stock] => 0
            [precio] => 0
            [descripcion] => funciona

            [fecha_actualizacion] => 2025-09-18 08:05:52
            [updated_at] => 2025-09-18 08:05:52
            [codigo_activacion] => 
            [fecha_activacion] => 
            [nombre_usuario] => brunito
            [email_usuario] => brunocameille@alumnos.itr3.edu.ar
            [ultima_lectura] => Array
                (
                    [id] => 12098
                    [id_dispositivo] => 2
                    [id_usuario] => 1
                    [voltaje] => 219
                    [corriente] => 0.45
                    [potencia] => 99
                    [kwh] => 0.35
                    [limite_superado] => 0
                    [fecha] => 2025-08-28 22:00:00
                    [mac_address] => 08:D1:F9:A5:2A:14
                )

        )

    [2] => Array
        (
            [id_dispositivo] => 29
            [nombre] => sadasd
            [id_usuario] => 1
            [mac_address] => AA:C3:CC:D1:EE:2F
            [ip_address] => 
            [ultima_conexion] => 
            [estado] => inactivo
            [created_at] => 2025-06-27 10:12:51
            [stock] => 0
            [precio] => 0
            [descripcion] => 
            [fecha_actualizacion] => 2025-09-18 08:04:51
            [updated_at] => 
            [codigo_activacion] => 
            [fecha_activacion] => 
            [nombre_usuario] => brunito
            [email_usuario] => brunocameille@alumnos.itr3.edu.ar
            [ultima_lectura] => 
        )

)

DEBUG - 2025-10-02 13:16:25 --> Consumo 24h: 0
DEBUG - 2025-10-02 13:16:25 --> Consumo promedio: 0
DEBUG - 2025-10-02 13:16:25 --> Datos enviados a la vista: Array
(
    [usuario] => Array
        (
            [id_usuario] => 80
            [nombre] => user
            [apellido] => camello
            [email] => enzog@gmail.com
            [contrasena] => $2y$10$McYkEf2xjBAE9J2yIKLBoOStlEwNexk.YS14G3cLphKVZBfBtlc5W
            [direccion_id] => 0
            [id_rol] => 2
            [created_at] => 2025-10-02 12:51:18
            [updated_at] => 2025-10-02 12:51:18
            [invitado_por] => 1
            [estado] => activo
            [token_activacion] => 
        )

    [dispositivos] => Array
        (
            [0] => Array
                (
                    [id_dispositivo] => 1
                    [nombre] => medidor de ecovolt
                    [id_usuario] => 1
                    [mac_address] => 00:1A:2B:3C:4D:5E
                    [ip_address] => 
                    [ultima_conexion] => 
                    [estado] => activo
                    [created_at] => 2025-04-10 22:26:34
                    [stock] => 43
                    [precio] => 85
                    [descripcion] => 
                    [fecha_actualizacion] => 2025-06-27 08:44:59
                    [updated_at] => 2025-06-12 15:06:14
                    [codigo_activacion] => 
                    [fecha_activacion] => 
                    [nombre_usuario] => brunito
                    [email_usuario] => brunocameille@alumnos.itr3.edu.ar
                    [ultima_lectura] => 
                )

            [1] => Array
                (
                    [id_dispositivo] => 2
                    [nombre] => ECOVOLT HOYY 18
                    [id_usuario] => 1
                    [mac_address] => 08:D1:F9:A5:2A:14
                    [ip_address] => 
                    [ultima_conexion] => 
                    [estado] => activo
                    [created_at] => 2025-04-11 10:03:27
                    [stock] => 0
                    [precio] => 0
                    [descripcion] => funciona

                    [fecha_actualizacion] => 2025-09-18 08:05:52
                    [updated_at] => 2025-09-18 08:05:52
                    [codigo_activacion] => 
                    [fecha_activacion] => 
                    [nombre_usuario] => brunito
                    [email_usuario] => brunocameille@alumnos.itr3.edu.ar
                    [ultima_lectura] => Array
                        (
                            [id] => 12098
                            [id_dispositivo] => 2
                            [id_usuario] => 1
                            [voltaje] => 219
                            [corriente] => 0.45
                            [potencia] => 99
                            [kwh] => 0.35
                            [limite_superado] => 0
                            [fecha] => 2025-08-28 22:00:00
                            [mac_address] => 08:D1:F9:A5:2A:14
                        )

                )

            [2] => Array
                (
                    [id_dispositivo] => 29
                    [nombre] => sadasd
                    [id_usuario] => 1
                    [mac_address] => AA:C3:CC:D1:EE:2F
                    [ip_address] => 
                    [ultima_conexion] => 
                    [estado] => inactivo
                    [created_at] => 2025-06-27 10:12:51
                    [stock] => 0
                    [precio] => 0
                    [descripcion] => 
                    [fecha_actualizacion] => 2025-09-18 08:04:51
                    [updated_at] => 
                    [codigo_activacion] => 
                    [fecha_activacion] => 
                    [nombre_usuario] => brunito
                    [email_usuario] => brunocameille@alumnos.itr3.edu.ar
                    [ultima_lectura] => 
                )

        )

    [dispositivos_propios] => Array
        (
        )

    [dispositivos_compartidos] => Array
        (
            [0] => Array
                (
                    [id_dispositivo] => 1
                    [nombre] => medidor de ecovolt
                    [id_usuario] => 1
                    [mac_address] => 00:1A:2B:3C:4D:5E
                    [ip_address] => 
                    [ultima_conexion] => 
                    [estado] => activo
                    [created_at] => 2025-04-10 22:26:34
                    [stock] => 43
                    [precio] => 85
                    [descripcion] => 
                    [fecha_actualizacion] => 2025-06-27 08:44:59
                    [updated_at] => 2025-06-12 15:06:14
                    [codigo_activacion] => 
                    [fecha_activacion] => 
                    [nombre_usuario] => brunito
                    [email_usuario] => brunocameille@alumnos.itr3.edu.ar
                    [ultima_lectura] => 
                )

            [1] => Array
                (
                    [id_dispositivo] => 2
                    [nombre] => ECOVOLT HOYY 18
                    [id_usuario] => 1
                    [mac_address] => 08:D1:F9:A5:2A:14
                    [ip_address] => 
                    [ultima_conexion] => 
                    [estado] => activo
                    [created_at] => 2025-04-11 10:03:27
                    [stock] => 0
                    [precio] => 0
                    [descripcion] => funciona

                    [fecha_actualizacion] => 2025-09-18 08:05:52
                    [updated_at] => 2025-09-18 08:05:52
                    [codigo_activacion] => 
                    [fecha_activacion] => 
                    [nombre_usuario] => brunito
                    [email_usuario] => brunocameille@alumnos.itr3.edu.ar
                    [ultima_lectura] => Array
                        (
                            [id] => 12098
                            [id_dispositivo] => 2
                            [id_usuario] => 1
                            [voltaje] => 219
                            [corriente] => 0.45
                            [potencia] => 99
                            [kwh] => 0.35
                            [limite_superado] => 0
                            [fecha] => 2025-08-28 22:00:00
                            [mac_address] => 08:D1:F9:A5:2A:14
                        )

                )

            [2] => Array
                (
                    [id_dispositivo] => 29
                    [nombre] => sadasd
                    [id_usuario] => 1
                    [mac_address] => AA:C3:CC:D1:EE:2F
                    [ip_address] => 
                    [ultima_conexion] => 
                    [estado] => inactivo
                    [created_at] => 2025-06-27 10:12:51
                    [stock] => 0
                    [precio] => 0
                    [descripcion] => 
                    [fecha_actualizacion] => 2025-09-18 08:04:51
                    [updated_at] => 
                    [codigo_activacion] => 
                    [fecha_activacion] => 
                    [nombre_usuario] => brunito
                    [email_usuario] => brunocameille@alumnos.itr3.edu.ar
                    [ultima_lectura] => 
                )

        )

    [consumo24h] => 0
    [consumoPromedio] => 0
    [activosPropios] => 0
)

DEBUG - 2025-10-02 13:16:29 --> Ruta actual: /Tesina/public/energia/dispositivo/2
INFO - 2025-10-02 13:16:29 --> Session: Class initialized using 'CodeIgniter\Session\Handlers\FileHandler' driver.
DEBUG - 2025-10-02 13:16:29 --> Datos en sesión: Array
(
    [__ci_last_regenerate] => 1759421730
    [_ci_previous_url] => http://192.168.2.118/Tesina/public/usuario
    [id_usuario] => 80
    [nombre] => user
    [apellido] => camello
    [email] => enzog@gmail.com
    [rol] => usuario
    [logged_in] => 1
    [tarifa_kwh] => 121213
)

INFO - 2025-10-02 13:16:31 --> Session: Class initialized using 'CodeIgniter\Session\Handlers\FileHandler' driver.
INFO - 2025-10-02 13:16:35 --> Session: Class initialized using 'CodeIgniter\Session\Handlers\FileHandler' driver.
INFO - 2025-10-02 13:16:40 --> Session: Class initialized using 'CodeIgniter\Session\Handlers\FileHandler' driver.
INFO - 2025-10-02 13:16:45 --> Session: Class initialized using 'CodeIgniter\Session\Handlers\FileHandler' driver.
INFO - 2025-10-02 13:16:50 --> Session: Class initialized using 'CodeIgniter\Session\Handlers\FileHandler' driver.
INFO - 2025-10-02 13:16:55 --> Session: Class initialized using 'CodeIgniter\Session\Handlers\FileHandler' driver.
DEBUG - 2025-10-02 13:16:59 --> Ruta actual: /Tesina/public/usuario
INFO - 2025-10-02 13:16:59 --> Session: Class initialized using 'CodeIgniter\Session\Handlers\FileHandler' driver.
DEBUG - 2025-10-02 13:16:59 --> Datos en sesión: Array
(
    [__ci_last_regenerate] => 1759421730
    [_ci_previous_url] => http://192.168.2.118/Tesina/public/energia/dispositivo/2
    [id_usuario] => 80
    [nombre] => user
    [apellido] => camello
    [email] => enzog@gmail.com
    [rol] => usuario
    [logged_in] => 1
    [tarifa_kwh] => 121213
)

DEBUG - 2025-10-02 13:16:59 --> Usuario ID: 80
DEBUG - 2025-10-02 13:16:59 --> Buscando usuario ID: 80
DEBUG - 2025-10-02 13:16:59 --> Resultado de la búsqueda: Array
(
    [id_usuario] => 80
    [nombre] => user
    [apellido] => camello
    [email] => enzog@gmail.com
    [contrasena] => $2y$10$McYkEf2xjBAE9J2yIKLBoOStlEwNexk.YS14G3cLphKVZBfBtlc5W
    [direccion_id] => 0
    [id_rol] => 2
    [created_at] => 2025-10-02 12:51:18
    [updated_at] => 2025-10-02 12:51:18
    [invitado_por] => 1
    [estado] => activo
    [token_activacion] => 
)

DEBUG - 2025-10-02 13:16:59 --> Datos del usuario: Array
(
    [id_usuario] => 80
    [nombre] => user
    [apellido] => camello
    [email] => enzog@gmail.com
    [contrasena] => $2y$10$McYkEf2xjBAE9J2yIKLBoOStlEwNexk.YS14G3cLphKVZBfBtlc5W
    [direccion_id] => 0
    [id_rol] => 2
    [created_at] => 2025-10-02 12:51:18
    [updated_at] => 2025-10-02 12:51:18
    [invitado_por] => 1
    [estado] => activo
    [token_activacion] => 
)

DEBUG - 2025-10-02 13:16:59 --> Dispositivos encontrados: Array
(
    [0] => Array
        (
            [id_dispositivo] => 1
            [nombre] => medidor de ecovolt
            [id_usuario] => 1
            [mac_address] => 00:1A:2B:3C:4D:5E
            [ip_address] => 
            [ultima_conexion] => 
            [estado] => activo
            [created_at] => 2025-04-10 22:26:34
            [stock] => 43
            [precio] => 85
            [descripcion] => 
            [fecha_actualizacion] => 2025-06-27 08:44:59
            [updated_at] => 2025-06-12 15:06:14
            [codigo_activacion] => 
            [fecha_activacion] => 
            [nombre_usuario] => brunito
            [email_usuario] => brunocameille@alumnos.itr3.edu.ar
            [ultima_lectura] => 
        )

    [1] => Array
        (
            [id_dispositivo] => 2
            [nombre] => ECOVOLT HOYY 18
            [id_usuario] => 1
            [mac_address] => 08:D1:F9:A5:2A:14
            [ip_address] => 
            [ultima_conexion] => 
            [estado] => activo
            [created_at] => 2025-04-11 10:03:27
            [stock] => 0
            [precio] => 0
            [descripcion] => funciona

            [fecha_actualizacion] => 2025-09-18 08:05:52
            [updated_at] => 2025-09-18 08:05:52
            [codigo_activacion] => 
            [fecha_activacion] => 
            [nombre_usuario] => brunito
            [email_usuario] => brunocameille@alumnos.itr3.edu.ar
            [ultima_lectura] => Array
                (
                    [id] => 12098
                    [id_dispositivo] => 2
                    [id_usuario] => 1
                    [voltaje] => 219
                    [corriente] => 0.45
                    [potencia] => 99
                    [kwh] => 0.35
                    [limite_superado] => 0
                    [fecha] => 2025-08-28 22:00:00
                    [mac_address] => 08:D1:F9:A5:2A:14
                )

        )

    [2] => Array
        (
            [id_dispositivo] => 29
            [nombre] => sadasd
            [id_usuario] => 1
            [mac_address] => AA:C3:CC:D1:EE:2F
            [ip_address] => 
            [ultima_conexion] => 
            [estado] => inactivo
            [created_at] => 2025-06-27 10:12:51
            [stock] => 0
            [precio] => 0
            [descripcion] => 
            [fecha_actualizacion] => 2025-09-18 08:04:51
            [updated_at] => 
            [codigo_activacion] => 
            [fecha_activacion] => 
            [nombre_usuario] => brunito
            [email_usuario] => brunocameille@alumnos.itr3.edu.ar
            [ultima_lectura] => 
        )

)

DEBUG - 2025-10-02 13:16:59 --> Consumo 24h: 0
DEBUG - 2025-10-02 13:16:59 --> Consumo promedio: 0
DEBUG - 2025-10-02 13:16:59 --> Datos enviados a la vista: Array
(
    [usuario] => Array
        (
            [id_usuario] => 80
            [nombre] => user
            [apellido] => camello
            [email] => enzog@gmail.com
            [contrasena] => $2y$10$McYkEf2xjBAE9J2yIKLBoOStlEwNexk.YS14G3cLphKVZBfBtlc5W
            [direccion_id] => 0
            [id_rol] => 2
            [created_at] => 2025-10-02 12:51:18
            [updated_at] => 2025-10-02 12:51:18
            [invitado_por] => 1
            [estado] => activo
            [token_activacion] => 
        )

    [dispositivos] => Array
        (
            [0] => Array
                (
                    [id_dispositivo] => 1
                    [nombre] => medidor de ecovolt
                    [id_usuario] => 1
                    [mac_address] => 00:1A:2B:3C:4D:5E
                    [ip_address] => 
                    [ultima_conexion] => 
                    [estado] => activo
                    [created_at] => 2025-04-10 22:26:34
                    [stock] => 43
                    [precio] => 85
                    [descripcion] => 
                    [fecha_actualizacion] => 2025-06-27 08:44:59
                    [updated_at] => 2025-06-12 15:06:14
                    [codigo_activacion] => 
                    [fecha_activacion] => 
                    [nombre_usuario] => brunito
                    [email_usuario] => brunocameille@alumnos.itr3.edu.ar
                    [ultima_lectura] => 
                )

            [1] => Array
                (
                    [id_dispositivo] => 2
                    [nombre] => ECOVOLT HOYY 18
                    [id_usuario] => 1
                    [mac_address] => 08:D1:F9:A5:2A:14
                    [ip_address] => 
                    [ultima_conexion] => 
                    [estado] => activo
                    [created_at] => 2025-04-11 10:03:27
                    [stock] => 0
                    [precio] => 0
                    [descripcion] => funciona

                    [fecha_actualizacion] => 2025-09-18 08:05:52
                    [updated_at] => 2025-09-18 08:05:52
                    [codigo_activacion] => 
                    [fecha_activacion] => 
                    [nombre_usuario] => brunito
                    [email_usuario] => brunocameille@alumnos.itr3.edu.ar
                    [ultima_lectura] => Array
                        (
                            [id] => 12098
                            [id_dispositivo] => 2
                            [id_usuario] => 1
                            [voltaje] => 219
                            [corriente] => 0.45
                            [potencia] => 99
                            [kwh] => 0.35
                            [limite_superado] => 0
                            [fecha] => 2025-08-28 22:00:00
                            [mac_address] => 08:D1:F9:A5:2A:14
                        )

                )

            [2] => Array
                (
                    [id_dispositivo] => 29
                    [nombre] => sadasd
                    [id_usuario] => 1
                    [mac_address] => AA:C3:CC:D1:EE:2F
                    [ip_address] => 
                    [ultima_conexion] => 
                    [estado] => inactivo
                    [created_at] => 2025-06-27 10:12:51
                    [stock] => 0
                    [precio] => 0
                    [descripcion] => 
                    [fecha_actualizacion] => 2025-09-18 08:04:51
                    [updated_at] => 
                    [codigo_activacion] => 
                    [fecha_activacion] => 
                    [nombre_usuario] => brunito
                    [email_usuario] => brunocameille@alumnos.itr3.edu.ar
                    [ultima_lectura] => 
                )

        )

    [dispositivos_propios] => Array
        (
        )

    [dispositivos_compartidos] => Array
        (
            [0] => Array
                (
                    [id_dispositivo] => 1
                    [nombre] => medidor de ecovolt
                    [id_usuario] => 1
                    [mac_address] => 00:1A:2B:3C:4D:5E
                    [ip_address] => 
                    [ultima_conexion] => 
                    [estado] => activo
                    [created_at] => 2025-04-10 22:26:34
                    [stock] => 43
                    [precio] => 85
                    [descripcion] => 
                    [fecha_actualizacion] => 2025-06-27 08:44:59
                    [updated_at] => 2025-06-12 15:06:14
                    [codigo_activacion] => 
                    [fecha_activacion] => 
                    [nombre_usuario] => brunito
                    [email_usuario] => brunocameille@alumnos.itr3.edu.ar
                    [ultima_lectura] => 
                )

            [1] => Array
                (
                    [id_dispositivo] => 2
                    [nombre] => ECOVOLT HOYY 18
                    [id_usuario] => 1
                    [mac_address] => 08:D1:F9:A5:2A:14
                    [ip_address] => 
                    [ultima_conexion] => 
                    [estado] => activo
                    [created_at] => 2025-04-11 10:03:27
                    [stock] => 0
                    [precio] => 0
                    [descripcion] => funciona

                    [fecha_actualizacion] => 2025-09-18 08:05:52
                    [updated_at] => 2025-09-18 08:05:52
                    [codigo_activacion] => 
                    [fecha_activacion] => 
                    [nombre_usuario] => brunito
                    [email_usuario] => brunocameille@alumnos.itr3.edu.ar
                    [ultima_lectura] => Array
                        (
                            [id] => 12098
                            [id_dispositivo] => 2
                            [id_usuario] => 1
                            [voltaje] => 219
                            [corriente] => 0.45
                            [potencia] => 99
                            [kwh] => 0.35
                            [limite_superado] => 0
                            [fecha] => 2025-08-28 22:00:00
                            [mac_address] => 08:D1:F9:A5:2A:14
                        )

                )

            [2] => Array
                (
                    [id_dispositivo] => 29
                    [nombre] => sadasd
                    [id_usuario] => 1
                    [mac_address] => AA:C3:CC:D1:EE:2F
                    [ip_address] => 
                    [ultima_conexion] => 
                    [estado] => inactivo
                    [created_at] => 2025-06-27 10:12:51
                    [stock] => 0
                    [precio] => 0
                    [descripcion] => 
                    [fecha_actualizacion] => 2025-09-18 08:04:51
                    [updated_at] => 
                    [codigo_activacion] => 
                    [fecha_activacion] => 
                    [nombre_usuario] => brunito
                    [email_usuario] => brunocameille@alumnos.itr3.edu.ar
                    [ultima_lectura] => 
                )

        )

    [consumo24h] => 0
    [consumoPromedio] => 0
    [activosPropios] => 0
)

DEBUG - 2025-10-02 13:17:01 --> Ruta actual: /Tesina/public/dispositivo
INFO - 2025-10-02 13:17:01 --> Session: Class initialized using 'CodeIgniter\Session\Handlers\FileHandler' driver.
DEBUG - 2025-10-02 13:17:01 --> Datos en sesión: Array
(
    [__ci_last_regenerate] => 1759421730
    [_ci_previous_url] => http://192.168.2.118/Tesina/public/usuario
    [id_usuario] => 80
    [nombre] => user
    [apellido] => camello
    [email] => enzog@gmail.com
    [rol] => usuario
    [logged_in] => 1
    [tarifa_kwh] => 121213
)

DEBUG - 2025-10-02 13:17:01 --> ID Usuario: 80
DEBUG - 2025-10-02 13:17:01 --> Dispositivos encontrados: Array
(
    [0] => Array
        (
            [id_dispositivo] => 1
            [nombre] => medidor de ecovolt
            [id_usuario] => 1
            [mac_address] => 00:1A:2B:3C:4D:5E
            [ip_address] => 
            [ultima_conexion] => 
            [estado] => activo
            [created_at] => 2025-04-10 22:26:34
            [stock] => 43
            [precio] => 85
            [descripcion] => 
            [fecha_actualizacion] => 2025-06-27 08:44:59
            [updated_at] => 2025-06-12 15:06:14
            [codigo_activacion] => 
            [fecha_activacion] => 
            [nombre_usuario] => brunito
            [email_usuario] => brunocameille@alumnos.itr3.edu.ar
            [ultima_lectura] => 
        )

    [1] => Array
        (
            [id_dispositivo] => 2
            [nombre] => ECOVOLT HOYY 18
            [id_usuario] => 1
            [mac_address] => 08:D1:F9:A5:2A:14
            [ip_address] => 
            [ultima_conexion] => 
            [estado] => activo
            [created_at] => 2025-04-11 10:03:27
            [stock] => 0
            [precio] => 0
            [descripcion] => funciona

            [fecha_actualizacion] => 2025-09-18 08:05:52
            [updated_at] => 2025-09-18 08:05:52
            [codigo_activacion] => 
            [fecha_activacion] => 
            [nombre_usuario] => brunito
            [email_usuario] => brunocameille@alumnos.itr3.edu.ar
            [ultima_lectura] => Array
                (
                    [id] => 12098
                    [id_dispositivo] => 2
                    [id_usuario] => 1
                    [voltaje] => 219
                    [corriente] => 0.45
                    [potencia] => 99
                    [kwh] => 0.35
                    [limite_superado] => 0
                    [fecha] => 2025-08-28 22:00:00
                    [mac_address] => 08:D1:F9:A5:2A:14
                )

        )

    [2] => Array
        (
            [id_dispositivo] => 29
            [nombre] => sadasd
            [id_usuario] => 1
            [mac_address] => AA:C3:CC:D1:EE:2F
            [ip_address] => 
            [ultima_conexion] => 
            [estado] => inactivo
            [created_at] => 2025-06-27 10:12:51
            [stock] => 0
            [precio] => 0
            [descripcion] => 
            [fecha_actualizacion] => 2025-09-18 08:04:51
            [updated_at] => 
            [codigo_activacion] => 
            [fecha_activacion] => 
            [nombre_usuario] => brunito
            [email_usuario] => brunocameille@alumnos.itr3.edu.ar
            [ultima_lectura] => 
        )

)

DEBUG - 2025-10-02 13:17:05 --> Ruta actual: /Tesina/public/dispositivo/buscar
INFO - 2025-10-02 13:17:05 --> Session: Class initialized using 'CodeIgniter\Session\Handlers\FileHandler' driver.
DEBUG - 2025-10-02 13:17:05 --> Datos en sesión: Array
(
    [__ci_last_regenerate] => 1759421730
    [_ci_previous_url] => http://192.168.2.118/Tesina/public/dispositivo
    [id_usuario] => 80
    [nombre] => user
    [apellido] => camello
    [email] => enzog@gmail.com
    [rol] => usuario
    [logged_in] => 1
    [tarifa_kwh] => 121213
)

CRITICAL - 2025-10-02 13:17:05 --> CodeIgniter\View\Exceptions\ViewException: Invalid file: "layout/default.php"
[Method: GET, Route: dispositivo/buscar]
in SYSTEMPATH\Exceptions\FrameworkException.php on line 41.
 1 SYSTEMPATH\View\View.php(222): CodeIgniter\Exceptions\FrameworkException::forInvalidFile('layout/default.php')
 2 SYSTEMPATH\View\View.php(250): CodeIgniter\View\View->render('layout/default', [], true)
 3 SYSTEMPATH\Common.php(1169): CodeIgniter\View\View->render('dispositivo/buscar', [], true)
 4 APPPATH\Controllers\Dispositivo.php(51): view('dispositivo/buscar', [...])
 5 SYSTEMPATH\CodeIgniter.php(933): App\Controllers\Dispositivo->buscar()
 6 SYSTEMPATH\CodeIgniter.php(509): CodeIgniter\CodeIgniter->runController(Object(App\Controllers\Dispositivo))
 7 SYSTEMPATH\CodeIgniter.php(355): CodeIgniter\CodeIgniter->handleRequest(null, Object(Config\Cache), false)
 8 SYSTEMPATH\Boot.php(325): CodeIgniter\CodeIgniter->run()
 9 SYSTEMPATH\Boot.php(67): CodeIgniter\Boot::runCodeIgniter(Object(CodeIgniter\CodeIgniter))
10 FCPATH\index.php(56): CodeIgniter\Boot::bootWeb(Object(Config\Paths))
DEBUG - 2025-10-02 13:17:11 --> Ruta actual: /Tesina/public/dispositivo
INFO - 2025-10-02 13:17:11 --> Session: Class initialized using 'CodeIgniter\Session\Handlers\FileHandler' driver.
DEBUG - 2025-10-02 13:17:11 --> Datos en sesión: Array
(
    [__ci_last_regenerate] => 1759421730
    [_ci_previous_url] => http://192.168.2.118/Tesina/public/dispositivo
    [id_usuario] => 80
    [nombre] => user
    [apellido] => camello
    [email] => enzog@gmail.com
    [rol] => usuario
    [logged_in] => 1
    [tarifa_kwh] => 121213
)

DEBUG - 2025-10-02 13:17:11 --> ID Usuario: 80
DEBUG - 2025-10-02 13:17:11 --> Dispositivos encontrados: Array
(
    [0] => Array
        (
            [id_dispositivo] => 1
            [nombre] => medidor de ecovolt
            [id_usuario] => 1
            [mac_address] => 00:1A:2B:3C:4D:5E
            [ip_address] => 
            [ultima_conexion] => 
            [estado] => activo
            [created_at] => 2025-04-10 22:26:34
            [stock] => 43
            [precio] => 85
            [descripcion] => 
            [fecha_actualizacion] => 2025-06-27 08:44:59
            [updated_at] => 2025-06-12 15:06:14
            [codigo_activacion] => 
            [fecha_activacion] => 
            [nombre_usuario] => brunito
            [email_usuario] => brunocameille@alumnos.itr3.edu.ar
            [ultima_lectura] => 
        )

    [1] => Array
        (
            [id_dispositivo] => 2
            [nombre] => ECOVOLT HOYY 18
            [id_usuario] => 1
            [mac_address] => 08:D1:F9:A5:2A:14
            [ip_address] => 
            [ultima_conexion] => 
            [estado] => activo
            [created_at] => 2025-04-11 10:03:27
            [stock] => 0
            [precio] => 0
            [descripcion] => funciona

            [fecha_actualizacion] => 2025-09-18 08:05:52
            [updated_at] => 2025-09-18 08:05:52
            [codigo_activacion] => 
            [fecha_activacion] => 
            [nombre_usuario] => brunito
            [email_usuario] => brunocameille@alumnos.itr3.edu.ar
            [ultima_lectura] => Array
                (
                    [id] => 12098
                    [id_dispositivo] => 2
                    [id_usuario] => 1
                    [voltaje] => 219
                    [corriente] => 0.45
                    [potencia] => 99
                    [kwh] => 0.35
                    [limite_superado] => 0
                    [fecha] => 2025-08-28 22:00:00
                    [mac_address] => 08:D1:F9:A5:2A:14
                )

        )

    [2] => Array
        (
            [id_dispositivo] => 29
            [nombre] => sadasd
            [id_usuario] => 1
            [mac_address] => AA:C3:CC:D1:EE:2F
            [ip_address] => 
            [ultima_conexion] => 
            [estado] => inactivo
            [created_at] => 2025-06-27 10:12:51
            [stock] => 0
            [precio] => 0
            [descripcion] => 
            [fecha_actualizacion] => 2025-09-18 08:04:51
            [updated_at] => 
            [codigo_activacion] => 
            [fecha_activacion] => 
            [nombre_usuario] => brunito
            [email_usuario] => brunocameille@alumnos.itr3.edu.ar
            [ultima_lectura] => 
        )

)

DEBUG - 2025-10-02 13:17:59 --> Ruta actual: /Tesina/public/dispositivo
INFO - 2025-10-02 13:17:59 --> Session: Class initialized using 'CodeIgniter\Session\Handlers\FileHandler' driver.
DEBUG - 2025-10-02 13:17:59 --> Datos en sesión: Array
(
    [__ci_last_regenerate] => 1759421730
    [_ci_previous_url] => http://192.168.2.118/Tesina/public/dispositivo
    [id_usuario] => 80
    [nombre] => user
    [apellido] => camello
    [email] => enzog@gmail.com
    [rol] => usuario
    [logged_in] => 1
    [tarifa_kwh] => 121213
)

DEBUG - 2025-10-02 13:17:59 --> ID Usuario: 80
DEBUG - 2025-10-02 13:17:59 --> Dispositivos encontrados: Array
(
    [0] => Array
        (
            [id_dispositivo] => 1
            [nombre] => medidor de ecovolt
            [id_usuario] => 1
            [mac_address] => 00:1A:2B:3C:4D:5E
            [ip_address] => 
            [ultima_conexion] => 
            [estado] => activo
            [created_at] => 2025-04-10 22:26:34
            [stock] => 43
            [precio] => 85
            [descripcion] => 
            [fecha_actualizacion] => 2025-06-27 08:44:59
            [updated_at] => 2025-06-12 15:06:14
            [codigo_activacion] => 
            [fecha_activacion] => 
            [nombre_usuario] => brunito
            [email_usuario] => brunocameille@alumnos.itr3.edu.ar
            [ultima_lectura] => 
        )

    [1] => Array
        (
            [id_dispositivo] => 2
            [nombre] => ECOVOLT HOYY 18
            [id_usuario] => 1
            [mac_address] => 08:D1:F9:A5:2A:14
            [ip_address] => 
            [ultima_conexion] => 
            [estado] => activo
            [created_at] => 2025-04-11 10:03:27
            [stock] => 0
            [precio] => 0
            [descripcion] => funciona

            [fecha_actualizacion] => 2025-09-18 08:05:52
            [updated_at] => 2025-09-18 08:05:52
            [codigo_activacion] => 
            [fecha_activacion] => 
            [nombre_usuario] => brunito
            [email_usuario] => brunocameille@alumnos.itr3.edu.ar
            [ultima_lectura] => Array
                (
                    [id] => 12098
                    [id_dispositivo] => 2
                    [id_usuario] => 1
                    [voltaje] => 219
                    [corriente] => 0.45
                    [potencia] => 99
                    [kwh] => 0.35
                    [limite_superado] => 0
                    [fecha] => 2025-08-28 22:00:00
                    [mac_address] => 08:D1:F9:A5:2A:14
                )

        )

    [2] => Array
        (
            [id_dispositivo] => 29
            [nombre] => sadasd
            [id_usuario] => 1
            [mac_address] => AA:C3:CC:D1:EE:2F
            [ip_address] => 
            [ultima_conexion] => 
            [estado] => inactivo
            [created_at] => 2025-06-27 10:12:51
            [stock] => 0
            [precio] => 0
            [descripcion] => 
            [fecha_actualizacion] => 2025-09-18 08:04:51
            [updated_at] => 
            [codigo_activacion] => 
            [fecha_activacion] => 
            [nombre_usuario] => brunito
            [email_usuario] => brunocameille@alumnos.itr3.edu.ar
            [ultima_lectura] => 
        )

)

DEBUG - 2025-10-02 13:18:08 --> Ruta actual: /Tesina/public/dispositivo
INFO - 2025-10-02 13:18:08 --> Session: Class initialized using 'CodeIgniter\Session\Handlers\FileHandler' driver.
DEBUG - 2025-10-02 13:18:08 --> Datos en sesión: Array
(
    [__ci_last_regenerate] => 1759421730
    [_ci_previous_url] => http://192.168.2.118/Tesina/public/dispositivo
    [id_usuario] => 80
    [nombre] => user
    [apellido] => camello
    [email] => enzog@gmail.com
    [rol] => usuario
    [logged_in] => 1
    [tarifa_kwh] => 121213
)

DEBUG - 2025-10-02 13:18:08 --> ID Usuario: 80
DEBUG - 2025-10-02 13:18:08 --> Dispositivos encontrados: Array
(
    [0] => Array
        (
            [id_dispositivo] => 1
            [nombre] => medidor de ecovolt
            [id_usuario] => 1
            [mac_address] => 00:1A:2B:3C:4D:5E
            [ip_address] => 
            [ultima_conexion] => 
            [estado] => activo
            [created_at] => 2025-04-10 22:26:34
            [stock] => 43
            [precio] => 85
            [descripcion] => 
            [fecha_actualizacion] => 2025-06-27 08:44:59
            [updated_at] => 2025-06-12 15:06:14
            [codigo_activacion] => 
            [fecha_activacion] => 
            [nombre_usuario] => brunito
            [email_usuario] => brunocameille@alumnos.itr3.edu.ar
            [ultima_lectura] => 
        )

    [1] => Array
        (
            [id_dispositivo] => 2
            [nombre] => ECOVOLT HOYY 18
            [id_usuario] => 1
            [mac_address] => 08:D1:F9:A5:2A:14
            [ip_address] => 
            [ultima_conexion] => 
            [estado] => activo
            [created_at] => 2025-04-11 10:03:27
            [stock] => 0
            [precio] => 0
            [descripcion] => funciona

            [fecha_actualizacion] => 2025-09-18 08:05:52
            [updated_at] => 2025-09-18 08:05:52
            [codigo_activacion] => 
            [fecha_activacion] => 
            [nombre_usuario] => brunito
            [email_usuario] => brunocameille@alumnos.itr3.edu.ar
            [ultima_lectura] => Array
                (
                    [id] => 12098
                    [id_dispositivo] => 2
                    [id_usuario] => 1
                    [voltaje] => 219
                    [corriente] => 0.45
                    [potencia] => 99
                    [kwh] => 0.35
                    [limite_superado] => 0
                    [fecha] => 2025-08-28 22:00:00
                    [mac_address] => 08:D1:F9:A5:2A:14
                )

        )

    [2] => Array
        (
            [id_dispositivo] => 29
            [nombre] => sadasd
            [id_usuario] => 1
            [mac_address] => AA:C3:CC:D1:EE:2F
            [ip_address] => 
            [ultima_conexion] => 
            [estado] => inactivo
            [created_at] => 2025-06-27 10:12:51
            [stock] => 0
            [precio] => 0
            [descripcion] => 
            [fecha_actualizacion] => 2025-09-18 08:04:51
            [updated_at] => 
            [codigo_activacion] => 
            [fecha_activacion] => 
            [nombre_usuario] => brunito
            [email_usuario] => brunocameille@alumnos.itr3.edu.ar
            [ultima_lectura] => 
        )

)

DEBUG - 2025-10-02 13:18:13 --> Ruta actual: /Tesina/public/dispositivo
INFO - 2025-10-02 13:18:13 --> Session: Class initialized using 'CodeIgniter\Session\Handlers\FileHandler' driver.
DEBUG - 2025-10-02 13:18:13 --> Datos en sesión: Array
(
    [__ci_last_regenerate] => 1759421730
    [_ci_previous_url] => http://192.168.2.118/Tesina/public/dispositivo
    [id_usuario] => 80
    [nombre] => user
    [apellido] => camello
    [email] => enzog@gmail.com
    [rol] => usuario
    [logged_in] => 1
    [tarifa_kwh] => 121213
)

DEBUG - 2025-10-02 13:18:13 --> ID Usuario: 80
DEBUG - 2025-10-02 13:18:13 --> Dispositivos encontrados: Array
(
    [0] => Array
        (
            [id_dispositivo] => 1
            [nombre] => medidor de ecovolt
            [id_usuario] => 1
            [mac_address] => 00:1A:2B:3C:4D:5E
            [ip_address] => 
            [ultima_conexion] => 
            [estado] => activo
            [created_at] => 2025-04-10 22:26:34
            [stock] => 43
            [precio] => 85
            [descripcion] => 
            [fecha_actualizacion] => 2025-06-27 08:44:59
            [updated_at] => 2025-06-12 15:06:14
            [codigo_activacion] => 
            [fecha_activacion] => 
            [nombre_usuario] => brunito
            [email_usuario] => brunocameille@alumnos.itr3.edu.ar
            [ultima_lectura] => 
        )

    [1] => Array
        (
            [id_dispositivo] => 2
            [nombre] => ECOVOLT HOYY 18
            [id_usuario] => 1
            [mac_address] => 08:D1:F9:A5:2A:14
            [ip_address] => 
            [ultima_conexion] => 
            [estado] => activo
            [created_at] => 2025-04-11 10:03:27
            [stock] => 0
            [precio] => 0
            [descripcion] => funciona

            [fecha_actualizacion] => 2025-09-18 08:05:52
            [updated_at] => 2025-09-18 08:05:52
            [codigo_activacion] => 
            [fecha_activacion] => 
            [nombre_usuario] => brunito
            [email_usuario] => brunocameille@alumnos.itr3.edu.ar
            [ultima_lectura] => Array
                (
                    [id] => 12098
                    [id_dispositivo] => 2
                    [id_usuario] => 1
                    [voltaje] => 219
                    [corriente] => 0.45
                    [potencia] => 99
                    [kwh] => 0.35
                    [limite_superado] => 0
                    [fecha] => 2025-08-28 22:00:00
                    [mac_address] => 08:D1:F9:A5:2A:14
                )

        )

    [2] => Array
        (
            [id_dispositivo] => 29
            [nombre] => sadasd
            [id_usuario] => 1
            [mac_address] => AA:C3:CC:D1:EE:2F
            [ip_address] => 
            [ultima_conexion] => 
            [estado] => inactivo
            [created_at] => 2025-06-27 10:12:51
            [stock] => 0
            [precio] => 0
            [descripcion] => 
            [fecha_actualizacion] => 2025-09-18 08:04:51
            [updated_at] => 
            [codigo_activacion] => 
            [fecha_activacion] => 
            [nombre_usuario] => brunito
            [email_usuario] => brunocameille@alumnos.itr3.edu.ar
            [ultima_lectura] => 
        )

)

DEBUG - 2025-10-02 13:19:42 --> Ruta actual: /Tesina/public/energia/dispositivo/2
INFO - 2025-10-02 13:19:42 --> Session: Class initialized using 'CodeIgniter\Session\Handlers\FileHandler' driver.
DEBUG - 2025-10-02 13:19:42 --> Datos en sesión: Array
(
    [__ci_last_regenerate] => 1759421730
    [_ci_previous_url] => http://192.168.2.118/Tesina/public/dispositivo
    [id_usuario] => 80
    [nombre] => user
    [apellido] => camello
    [email] => enzog@gmail.com
    [rol] => usuario
    [logged_in] => 1
    [tarifa_kwh] => 121213
)

INFO - 2025-10-02 13:19:44 --> Session: Class initialized using 'CodeIgniter\Session\Handlers\FileHandler' driver.
INFO - 2025-10-02 13:19:46 --> Session: Class initialized using 'CodeIgniter\Session\Handlers\FileHandler' driver.
DEBUG - 2025-10-02 13:19:50 --> Ruta actual: /Tesina/public/perfil/perfil
INFO - 2025-10-02 13:19:50 --> Session: Class initialized using 'CodeIgniter\Session\Handlers\FileHandler' driver.
DEBUG - 2025-10-02 13:19:50 --> Datos en sesión: Array
(
    [__ci_last_regenerate] => 1759421730
    [_ci_previous_url] => http://192.168.2.118/Tesina/public/home/manual
    [id_usuario] => 80
    [nombre] => user
    [apellido] => camello
    [email] => enzog@gmail.com
    [rol] => usuario
    [logged_in] => 1
    [tarifa_kwh] => 121213
)

DEBUG - 2025-10-02 13:19:50 --> === INICIO ACTUALIZACIÓN PERFIL ===
DEBUG - 2025-10-02 13:19:50 --> ID Usuario: 80
DEBUG - 2025-10-02 13:19:50 --> Buscando usuario ID: 80
DEBUG - 2025-10-02 13:19:50 --> Resultado de la búsqueda: Array
(
    [id_usuario] => 80
    [nombre] => user
    [apellido] => camello
    [email] => enzog@gmail.com
    [contrasena] => $2y$10$McYkEf2xjBAE9J2yIKLBoOStlEwNexk.YS14G3cLphKVZBfBtlc5W
    [direccion_id] => 0
    [id_rol] => 2
    [created_at] => 2025-10-02 12:51:18
    [updated_at] => 2025-10-02 12:51:18
    [invitado_por] => 1
    [estado] => activo
    [token_activacion] => 
)

DEBUG - 2025-10-02 13:19:50 --> Datos actuales del usuario: Array
(
    [id_usuario] => 80
    [nombre] => user
    [apellido] => camello
    [email] => enzog@gmail.com
    [contrasena] => $2y$10$McYkEf2xjBAE9J2yIKLBoOStlEwNexk.YS14G3cLphKVZBfBtlc5W
    [direccion_id] => 0
    [id_rol] => 2
    [created_at] => 2025-10-02 12:51:18
    [updated_at] => 2025-10-02 12:51:18
    [invitado_por] => 1
    [estado] => activo
    [token_activacion] => 
)

DEBUG - 2025-10-02 13:19:53 --> Ruta actual: /Tesina/public/usuario/cambiarContrasena
INFO - 2025-10-02 13:19:53 --> Session: Class initialized using 'CodeIgniter\Session\Handlers\FileHandler' driver.
DEBUG - 2025-10-02 13:19:53 --> Datos en sesión: Array
(
    [__ci_last_regenerate] => 1759421730
    [_ci_previous_url] => http://192.168.2.118/Tesina/public/perfil/perfil
    [id_usuario] => 80
    [nombre] => user
    [apellido] => camello
    [email] => enzog@gmail.com
    [rol] => usuario
    [logged_in] => 1
    [tarifa_kwh] => 121213
)

DEBUG - 2025-10-02 13:19:53 --> === INICIO CAMBIO CONTRASEÑA ===
DEBUG - 2025-10-02 13:19:53 --> ID Usuario: 80
DEBUG - 2025-10-02 13:19:53 --> Ruta actual: /Tesina/public/usuario/perfil
INFO - 2025-10-02 13:19:53 --> Session: Class initialized using 'CodeIgniter\Session\Handlers\FileHandler' driver.
DEBUG - 2025-10-02 13:19:53 --> Datos en sesión: Array
(
    [__ci_last_regenerate] => 1759421730
    [_ci_previous_url] => http://192.168.2.118/Tesina/public/perfil/perfil
    [id_usuario] => 80
    [nombre] => user
    [apellido] => camello
    [email] => enzog@gmail.com
    [rol] => usuario
    [logged_in] => 1
    [tarifa_kwh] => 121213
)

DEBUG - 2025-10-02 13:19:53 --> Buscando usuario ID: 80
DEBUG - 2025-10-02 13:19:53 --> Resultado de la búsqueda: Array
(
    [id_usuario] => 80
    [nombre] => user
    [apellido] => camello
    [email] => enzog@gmail.com
    [contrasena] => $2y$10$McYkEf2xjBAE9J2yIKLBoOStlEwNexk.YS14G3cLphKVZBfBtlc5W
    [direccion_id] => 0
    [id_rol] => 2
    [created_at] => 2025-10-02 12:51:18
    [updated_at] => 2025-10-02 12:51:18
    [invitado_por] => 1
    [estado] => activo
    [token_activacion] => 
)

DEBUG - 2025-10-02 13:20:00 --> Ruta actual: /Tesina/public/perfil/perfil
INFO - 2025-10-02 13:20:00 --> Session: Class initialized using 'CodeIgniter\Session\Handlers\FileHandler' driver.
DEBUG - 2025-10-02 13:20:00 --> Datos en sesión: Array
(
    [__ci_last_regenerate] => 1759421730
    [_ci_previous_url] => http://192.168.2.118/Tesina/public/usuario/perfil
    [id_usuario] => 80
    [nombre] => user
    [apellido] => camello
    [email] => enzog@gmail.com
    [rol] => usuario
    [logged_in] => 1
    [tarifa_kwh] => 121213
)

DEBUG - 2025-10-02 13:20:00 --> === INICIO ACTUALIZACIÓN PERFIL ===
DEBUG - 2025-10-02 13:20:00 --> ID Usuario: 80
DEBUG - 2025-10-02 13:20:00 --> Buscando usuario ID: 80
DEBUG - 2025-10-02 13:20:00 --> Resultado de la búsqueda: Array
(
    [id_usuario] => 80
    [nombre] => user
    [apellido] => camello
    [email] => enzog@gmail.com
    [contrasena] => $2y$10$McYkEf2xjBAE9J2yIKLBoOStlEwNexk.YS14G3cLphKVZBfBtlc5W
    [direccion_id] => 0
    [id_rol] => 2
    [created_at] => 2025-10-02 12:51:18
    [updated_at] => 2025-10-02 12:51:18
    [invitado_por] => 1
    [estado] => activo
    [token_activacion] => 
)

DEBUG - 2025-10-02 13:20:00 --> Datos actuales del usuario: Array
(
    [id_usuario] => 80
    [nombre] => user
    [apellido] => camello
    [email] => enzog@gmail.com
    [contrasena] => $2y$10$McYkEf2xjBAE9J2yIKLBoOStlEwNexk.YS14G3cLphKVZBfBtlc5W
    [direccion_id] => 0
    [id_rol] => 2
    [created_at] => 2025-10-02 12:51:18
    [updated_at] => 2025-10-02 12:51:18
    [invitado_por] => 1
    [estado] => activo
    [token_activacion] => 
)

DEBUG - 2025-10-02 13:20:04 --> Ruta actual: /Tesina/public/usuario/cambiarContrasena
INFO - 2025-10-02 13:20:04 --> Session: Class initialized using 'CodeIgniter\Session\Handlers\FileHandler' driver.
DEBUG - 2025-10-02 13:20:04 --> Datos en sesión: Array
(
    [__ci_last_regenerate] => 1759421730
    [_ci_previous_url] => http://192.168.2.118/Tesina/public/perfil/perfil
    [id_usuario] => 80
    [nombre] => user
    [apellido] => camello
    [email] => enzog@gmail.com
    [rol] => usuario
    [logged_in] => 1
    [tarifa_kwh] => 121213
)

DEBUG - 2025-10-02 13:20:04 --> === INICIO CAMBIO CONTRASEÑA ===
DEBUG - 2025-10-02 13:20:04 --> ID Usuario: 80
DEBUG - 2025-10-02 13:20:05 --> Ruta actual: /Tesina/public/usuario/perfil
INFO - 2025-10-02 13:20:05 --> Session: Class initialized using 'CodeIgniter\Session\Handlers\FileHandler' driver.
DEBUG - 2025-10-02 13:20:05 --> Datos en sesión: Array
(
    [__ci_last_regenerate] => 1759421730
    [_ci_previous_url] => http://192.168.2.118/Tesina/public/perfil/perfil
    [id_usuario] => 80
    [nombre] => user
    [apellido] => camello
    [email] => enzog@gmail.com
    [rol] => usuario
    [logged_in] => 1
    [tarifa_kwh] => 121213
)

DEBUG - 2025-10-02 13:20:05 --> Buscando usuario ID: 80
DEBUG - 2025-10-02 13:20:05 --> Resultado de la búsqueda: Array
(
    [id_usuario] => 80
    [nombre] => user
    [apellido] => camello
    [email] => enzog@gmail.com
    [contrasena] => $2y$10$McYkEf2xjBAE9J2yIKLBoOStlEwNexk.YS14G3cLphKVZBfBtlc5W
    [direccion_id] => 0
    [id_rol] => 2
    [created_at] => 2025-10-02 12:51:18
    [updated_at] => 2025-10-02 12:51:18
    [invitado_por] => 1
    [estado] => activo
    [token_activacion] => 
)

DEBUG - 2025-10-02 13:23:38 --> Ruta actual: /Tesina/public/usuario
INFO - 2025-10-02 13:23:38 --> Session: Class initialized using 'CodeIgniter\Session\Handlers\FileHandler' driver.
DEBUG - 2025-10-02 13:23:38 --> Datos en sesión: Array
(
    [__ci_last_regenerate] => 1759422218
    [_ci_previous_url] => http://192.168.2.118/Tesina/public/usuario/perfil
    [id_usuario] => 80
    [nombre] => user
    [apellido] => camello
    [email] => enzog@gmail.com
    [rol] => usuario
    [logged_in] => 1
    [tarifa_kwh] => 121213
)

DEBUG - 2025-10-02 13:23:38 --> Usuario ID: 80
DEBUG - 2025-10-02 13:23:38 --> Buscando usuario ID: 80
DEBUG - 2025-10-02 13:23:38 --> Resultado de la búsqueda: Array
(
    [id_usuario] => 80
    [nombre] => user
    [apellido] => camello
    [email] => enzog@gmail.com
    [contrasena] => $2y$10$McYkEf2xjBAE9J2yIKLBoOStlEwNexk.YS14G3cLphKVZBfBtlc5W
    [direccion_id] => 0
    [id_rol] => 2
    [created_at] => 2025-10-02 12:51:18
    [updated_at] => 2025-10-02 12:51:18
    [invitado_por] => 1
    [estado] => activo
    [token_activacion] => 
)

DEBUG - 2025-10-02 13:23:38 --> Datos del usuario: Array
(
    [id_usuario] => 80
    [nombre] => user
    [apellido] => camello
    [email] => enzog@gmail.com
    [contrasena] => $2y$10$McYkEf2xjBAE9J2yIKLBoOStlEwNexk.YS14G3cLphKVZBfBtlc5W
    [direccion_id] => 0
    [id_rol] => 2
    [created_at] => 2025-10-02 12:51:18
    [updated_at] => 2025-10-02 12:51:18
    [invitado_por] => 1
    [estado] => activo
    [token_activacion] => 
)

DEBUG - 2025-10-02 13:23:38 --> Dispositivos encontrados: Array
(
    [0] => Array
        (
            [id_dispositivo] => 1
            [nombre] => medidor de ecovolt
            [id_usuario] => 1
            [mac_address] => 00:1A:2B:3C:4D:5E
            [ip_address] => 
            [ultima_conexion] => 
            [estado] => activo
            [created_at] => 2025-04-10 22:26:34
            [stock] => 43
            [precio] => 85
            [descripcion] => 
            [fecha_actualizacion] => 2025-06-27 08:44:59
            [updated_at] => 2025-06-12 15:06:14
            [codigo_activacion] => 
            [fecha_activacion] => 
            [nombre_usuario] => brunito
            [email_usuario] => brunocameille@alumnos.itr3.edu.ar
            [ultima_lectura] => 
        )

    [1] => Array
        (
            [id_dispositivo] => 2
            [nombre] => ECOVOLT HOYY 18
            [id_usuario] => 1
            [mac_address] => 08:D1:F9:A5:2A:14
            [ip_address] => 
            [ultima_conexion] => 
            [estado] => activo
            [created_at] => 2025-04-11 10:03:27
            [stock] => 0
            [precio] => 0
            [descripcion] => funciona

            [fecha_actualizacion] => 2025-09-18 08:05:52
            [updated_at] => 2025-09-18 08:05:52
            [codigo_activacion] => 
            [fecha_activacion] => 
            [nombre_usuario] => brunito
            [email_usuario] => brunocameille@alumnos.itr3.edu.ar
            [ultima_lectura] => Array
                (
                    [id] => 12098
                    [id_dispositivo] => 2
                    [id_usuario] => 1
                    [voltaje] => 219
                    [corriente] => 0.45
                    [potencia] => 99
                    [kwh] => 0.35
                    [limite_superado] => 0
                    [fecha] => 2025-08-28 22:00:00
                    [mac_address] => 08:D1:F9:A5:2A:14
                )

        )

    [2] => Array
        (
            [id_dispositivo] => 29
            [nombre] => sadasd
            [id_usuario] => 1
            [mac_address] => AA:C3:CC:D1:EE:2F
            [ip_address] => 
            [ultima_conexion] => 
            [estado] => inactivo
            [created_at] => 2025-06-27 10:12:51
            [stock] => 0
            [precio] => 0
            [descripcion] => 
            [fecha_actualizacion] => 2025-09-18 08:04:51
            [updated_at] => 
            [codigo_activacion] => 
            [fecha_activacion] => 
            [nombre_usuario] => brunito
            [email_usuario] => brunocameille@alumnos.itr3.edu.ar
            [ultima_lectura] => 
        )

)

DEBUG - 2025-10-02 13:23:38 --> Consumo 24h: 0
DEBUG - 2025-10-02 13:23:38 --> Consumo promedio: 0
DEBUG - 2025-10-02 13:23:38 --> Datos enviados a la vista: Array
(
    [usuario] => Array
        (
            [id_usuario] => 80
            [nombre] => user
            [apellido] => camello
            [email] => enzog@gmail.com
            [contrasena] => $2y$10$McYkEf2xjBAE9J2yIKLBoOStlEwNexk.YS14G3cLphKVZBfBtlc5W
            [direccion_id] => 0
            [id_rol] => 2
            [created_at] => 2025-10-02 12:51:18
            [updated_at] => 2025-10-02 12:51:18
            [invitado_por] => 1
            [estado] => activo
            [token_activacion] => 
        )

    [dispositivos] => Array
        (
            [0] => Array
                (
                    [id_dispositivo] => 1
                    [nombre] => medidor de ecovolt
                    [id_usuario] => 1
                    [mac_address] => 00:1A:2B:3C:4D:5E
                    [ip_address] => 
                    [ultima_conexion] => 
                    [estado] => activo
                    [created_at] => 2025-04-10 22:26:34
                    [stock] => 43
                    [precio] => 85
                    [descripcion] => 
                    [fecha_actualizacion] => 2025-06-27 08:44:59
                    [updated_at] => 2025-06-12 15:06:14
                    [codigo_activacion] => 
                    [fecha_activacion] => 
                    [nombre_usuario] => brunito
                    [email_usuario] => brunocameille@alumnos.itr3.edu.ar
                    [ultima_lectura] => 
                )

            [1] => Array
                (
                    [id_dispositivo] => 2
                    [nombre] => ECOVOLT HOYY 18
                    [id_usuario] => 1
                    [mac_address] => 08:D1:F9:A5:2A:14
                    [ip_address] => 
                    [ultima_conexion] => 
                    [estado] => activo
                    [created_at] => 2025-04-11 10:03:27
                    [stock] => 0
                    [precio] => 0
                    [descripcion] => funciona

                    [fecha_actualizacion] => 2025-09-18 08:05:52
                    [updated_at] => 2025-09-18 08:05:52
                    [codigo_activacion] => 
                    [fecha_activacion] => 
                    [nombre_usuario] => brunito
                    [email_usuario] => brunocameille@alumnos.itr3.edu.ar
                    [ultima_lectura] => Array
                        (
                            [id] => 12098
                            [id_dispositivo] => 2
                            [id_usuario] => 1
                            [voltaje] => 219
                            [corriente] => 0.45
                            [potencia] => 99
                            [kwh] => 0.35
                            [limite_superado] => 0
                            [fecha] => 2025-08-28 22:00:00
                            [mac_address] => 08:D1:F9:A5:2A:14
                        )

                )

            [2] => Array
                (
                    [id_dispositivo] => 29
                    [nombre] => sadasd
                    [id_usuario] => 1
                    [mac_address] => AA:C3:CC:D1:EE:2F
                    [ip_address] => 
                    [ultima_conexion] => 
                    [estado] => inactivo
                    [created_at] => 2025-06-27 10:12:51
                    [stock] => 0
                    [precio] => 0
                    [descripcion] => 
                    [fecha_actualizacion] => 2025-09-18 08:04:51
                    [updated_at] => 
                    [codigo_activacion] => 
                    [fecha_activacion] => 
                    [nombre_usuario] => brunito
                    [email_usuario] => brunocameille@alumnos.itr3.edu.ar
                    [ultima_lectura] => 
                )

        )

    [dispositivos_propios] => Array
        (
        )

    [dispositivos_compartidos] => Array
        (
            [0] => Array
                (
                    [id_dispositivo] => 1
                    [nombre] => medidor de ecovolt
                    [id_usuario] => 1
                    [mac_address] => 00:1A:2B:3C:4D:5E
                    [ip_address] => 
                    [ultima_conexion] => 
                    [estado] => activo
                    [created_at] => 2025-04-10 22:26:34
                    [stock] => 43
                    [precio] => 85
                    [descripcion] => 
                    [fecha_actualizacion] => 2025-06-27 08:44:59
                    [updated_at] => 2025-06-12 15:06:14
                    [codigo_activacion] => 
                    [fecha_activacion] => 
                    [nombre_usuario] => brunito
                    [email_usuario] => brunocameille@alumnos.itr3.edu.ar
                    [ultima_lectura] => 
                )

            [1] => Array
                (
                    [id_dispositivo] => 2
                    [nombre] => ECOVOLT HOYY 18
                    [id_usuario] => 1
                    [mac_address] => 08:D1:F9:A5:2A:14
                    [ip_address] => 
                    [ultima_conexion] => 
                    [estado] => activo
                    [created_at] => 2025-04-11 10:03:27
                    [stock] => 0
                    [precio] => 0
                    [descripcion] => funciona

                    [fecha_actualizacion] => 2025-09-18 08:05:52
                    [updated_at] => 2025-09-18 08:05:52
                    [codigo_activacion] => 
                    [fecha_activacion] => 
                    [nombre_usuario] => brunito
                    [email_usuario] => brunocameille@alumnos.itr3.edu.ar
                    [ultima_lectura] => Array
                        (
                            [id] => 12098
                            [id_dispositivo] => 2
                            [id_usuario] => 1
                            [voltaje] => 219
                            [corriente] => 0.45
                            [potencia] => 99
                            [kwh] => 0.35
                            [limite_superado] => 0
                            [fecha] => 2025-08-28 22:00:00
                            [mac_address] => 08:D1:F9:A5:2A:14
                        )

                )

            [2] => Array
                (
                    [id_dispositivo] => 29
                    [nombre] => sadasd
                    [id_usuario] => 1
                    [mac_address] => AA:C3:CC:D1:EE:2F
                    [ip_address] => 
                    [ultima_conexion] => 
                    [estado] => inactivo
                    [created_at] => 2025-06-27 10:12:51
                    [stock] => 0
                    [precio] => 0
                    [descripcion] => 
                    [fecha_actualizacion] => 2025-09-18 08:04:51
                    [updated_at] => 
                    [codigo_activacion] => 
                    [fecha_activacion] => 
                    [nombre_usuario] => brunito
                    [email_usuario] => brunocameille@alumnos.itr3.edu.ar
                    [ultima_lectura] => 
                )

        )

    [consumo24h] => 0
    [consumoPromedio] => 0
    [activosPropios] => 0
)

DEBUG - 2025-10-02 13:23:42 --> Ruta actual: /Tesina/public/perfil/perfil
INFO - 2025-10-02 13:23:42 --> Session: Class initialized using 'CodeIgniter\Session\Handlers\FileHandler' driver.
DEBUG - 2025-10-02 13:23:42 --> Datos en sesión: Array
(
    [__ci_last_regenerate] => 1759422218
    [_ci_previous_url] => http://192.168.2.118/Tesina/public/usuario
    [id_usuario] => 80
    [nombre] => user
    [apellido] => camello
    [email] => enzog@gmail.com
    [rol] => usuario
    [logged_in] => 1
    [tarifa_kwh] => 121213
)

DEBUG - 2025-10-02 13:23:42 --> === INICIO ACTUALIZACIÓN PERFIL ===
DEBUG - 2025-10-02 13:23:42 --> ID Usuario: 80
DEBUG - 2025-10-02 13:23:42 --> Buscando usuario ID: 80
DEBUG - 2025-10-02 13:23:42 --> Resultado de la búsqueda: Array
(
    [id_usuario] => 80
    [nombre] => user
    [apellido] => camello
    [email] => enzog@gmail.com
    [contrasena] => $2y$10$McYkEf2xjBAE9J2yIKLBoOStlEwNexk.YS14G3cLphKVZBfBtlc5W
    [direccion_id] => 0
    [id_rol] => 2
    [created_at] => 2025-10-02 12:51:18
    [updated_at] => 2025-10-02 12:51:18
    [invitado_por] => 1
    [estado] => activo
    [token_activacion] => 
)

DEBUG - 2025-10-02 13:23:42 --> Datos actuales del usuario: Array
(
    [id_usuario] => 80
    [nombre] => user
    [apellido] => camello
    [email] => enzog@gmail.com
    [contrasena] => $2y$10$McYkEf2xjBAE9J2yIKLBoOStlEwNexk.YS14G3cLphKVZBfBtlc5W
    [direccion_id] => 0
    [id_rol] => 2
    [created_at] => 2025-10-02 12:51:18
    [updated_at] => 2025-10-02 12:51:18
    [invitado_por] => 1
    [estado] => activo
    [token_activacion] => 
)

DEBUG - 2025-10-02 13:23:47 --> Ruta actual: /Tesina/public/usuario
INFO - 2025-10-02 13:23:47 --> Session: Class initialized using 'CodeIgniter\Session\Handlers\FileHandler' driver.
DEBUG - 2025-10-02 13:23:47 --> Datos en sesión: Array
(
    [__ci_last_regenerate] => 1759422218
    [_ci_previous_url] => http://192.168.2.118/Tesina/public/perfil/perfil
    [id_usuario] => 80
    [nombre] => user
    [apellido] => camello
    [email] => enzog@gmail.com
    [rol] => usuario
    [logged_in] => 1
    [tarifa_kwh] => 121213
)

DEBUG - 2025-10-02 13:23:47 --> Usuario ID: 80
DEBUG - 2025-10-02 13:23:47 --> Buscando usuario ID: 80
DEBUG - 2025-10-02 13:23:47 --> Resultado de la búsqueda: Array
(
    [id_usuario] => 80
    [nombre] => user
    [apellido] => camello
    [email] => enzog@gmail.com
    [contrasena] => $2y$10$McYkEf2xjBAE9J2yIKLBoOStlEwNexk.YS14G3cLphKVZBfBtlc5W
    [direccion_id] => 0
    [id_rol] => 2
    [created_at] => 2025-10-02 12:51:18
    [updated_at] => 2025-10-02 12:51:18
    [invitado_por] => 1
    [estado] => activo
    [token_activacion] => 
)

DEBUG - 2025-10-02 13:23:47 --> Datos del usuario: Array
(
    [id_usuario] => 80
    [nombre] => user
    [apellido] => camello
    [email] => enzog@gmail.com
    [contrasena] => $2y$10$McYkEf2xjBAE9J2yIKLBoOStlEwNexk.YS14G3cLphKVZBfBtlc5W
    [direccion_id] => 0
    [id_rol] => 2
    [created_at] => 2025-10-02 12:51:18
    [updated_at] => 2025-10-02 12:51:18
    [invitado_por] => 1
    [estado] => activo
    [token_activacion] => 
)

DEBUG - 2025-10-02 13:23:47 --> Dispositivos encontrados: Array
(
    [0] => Array
        (
            [id_dispositivo] => 1
            [nombre] => medidor de ecovolt
            [id_usuario] => 1
            [mac_address] => 00:1A:2B:3C:4D:5E
            [ip_address] => 
            [ultima_conexion] => 
            [estado] => activo
            [created_at] => 2025-04-10 22:26:34
            [stock] => 43
            [precio] => 85
            [descripcion] => 
            [fecha_actualizacion] => 2025-06-27 08:44:59
            [updated_at] => 2025-06-12 15:06:14
            [codigo_activacion] => 
            [fecha_activacion] => 
            [nombre_usuario] => brunito
            [email_usuario] => brunocameille@alumnos.itr3.edu.ar
            [ultima_lectura] => 
        )

    [1] => Array
        (
            [id_dispositivo] => 2
            [nombre] => ECOVOLT HOYY 18
            [id_usuario] => 1
            [mac_address] => 08:D1:F9:A5:2A:14
            [ip_address] => 
            [ultima_conexion] => 
            [estado] => activo
            [created_at] => 2025-04-11 10:03:27
            [stock] => 0
            [precio] => 0
            [descripcion] => funciona

            [fecha_actualizacion] => 2025-09-18 08:05:52
            [updated_at] => 2025-09-18 08:05:52
            [codigo_activacion] => 
            [fecha_activacion] => 
            [nombre_usuario] => brunito
            [email_usuario] => brunocameille@alumnos.itr3.edu.ar
            [ultima_lectura] => Array
                (
                    [id] => 12098
                    [id_dispositivo] => 2
                    [id_usuario] => 1
                    [voltaje] => 219
                    [corriente] => 0.45
                    [potencia] => 99
                    [kwh] => 0.35
                    [limite_superado] => 0
                    [fecha] => 2025-08-28 22:00:00
                    [mac_address] => 08:D1:F9:A5:2A:14
                )

        )

    [2] => Array
        (
            [id_dispositivo] => 29
            [nombre] => sadasd
            [id_usuario] => 1
            [mac_address] => AA:C3:CC:D1:EE:2F
            [ip_address] => 
            [ultima_conexion] => 
            [estado] => inactivo
            [created_at] => 2025-06-27 10:12:51
            [stock] => 0
            [precio] => 0
            [descripcion] => 
            [fecha_actualizacion] => 2025-09-18 08:04:51
            [updated_at] => 
            [codigo_activacion] => 
            [fecha_activacion] => 
            [nombre_usuario] => brunito
            [email_usuario] => brunocameille@alumnos.itr3.edu.ar
            [ultima_lectura] => 
        )

)

DEBUG - 2025-10-02 13:23:47 --> Consumo 24h: 0
DEBUG - 2025-10-02 13:23:47 --> Consumo promedio: 0
DEBUG - 2025-10-02 13:23:47 --> Datos enviados a la vista: Array
(
    [usuario] => Array
        (
            [id_usuario] => 80
            [nombre] => user
            [apellido] => camello
            [email] => enzog@gmail.com
            [contrasena] => $2y$10$McYkEf2xjBAE9J2yIKLBoOStlEwNexk.YS14G3cLphKVZBfBtlc5W
            [direccion_id] => 0
            [id_rol] => 2
            [created_at] => 2025-10-02 12:51:18
            [updated_at] => 2025-10-02 12:51:18
            [invitado_por] => 1
            [estado] => activo
            [token_activacion] => 
        )

    [dispositivos] => Array
        (
            [0] => Array
                (
                    [id_dispositivo] => 1
                    [nombre] => medidor de ecovolt
                    [id_usuario] => 1
                    [mac_address] => 00:1A:2B:3C:4D:5E
                    [ip_address] => 
                    [ultima_conexion] => 
                    [estado] => activo
                    [created_at] => 2025-04-10 22:26:34
                    [stock] => 43
                    [precio] => 85
                    [descripcion] => 
                    [fecha_actualizacion] => 2025-06-27 08:44:59
                    [updated_at] => 2025-06-12 15:06:14
                    [codigo_activacion] => 
                    [fecha_activacion] => 
                    [nombre_usuario] => brunito
                    [email_usuario] => brunocameille@alumnos.itr3.edu.ar
                    [ultima_lectura] => 
                )

            [1] => Array
                (
                    [id_dispositivo] => 2
                    [nombre] => ECOVOLT HOYY 18
                    [id_usuario] => 1
                    [mac_address] => 08:D1:F9:A5:2A:14
                    [ip_address] => 
                    [ultima_conexion] => 
                    [estado] => activo
                    [created_at] => 2025-04-11 10:03:27
                    [stock] => 0
                    [precio] => 0
                    [descripcion] => funciona

                    [fecha_actualizacion] => 2025-09-18 08:05:52
                    [updated_at] => 2025-09-18 08:05:52
                    [codigo_activacion] => 
                    [fecha_activacion] => 
                    [nombre_usuario] => brunito
                    [email_usuario] => brunocameille@alumnos.itr3.edu.ar
                    [ultima_lectura] => Array
                        (
                            [id] => 12098
                            [id_dispositivo] => 2
                            [id_usuario] => 1
                            [voltaje] => 219
                            [corriente] => 0.45
                            [potencia] => 99
                            [kwh] => 0.35
                            [limite_superado] => 0
                            [fecha] => 2025-08-28 22:00:00
                            [mac_address] => 08:D1:F9:A5:2A:14
                        )

                )

            [2] => Array
                (
                    [id_dispositivo] => 29
                    [nombre] => sadasd
                    [id_usuario] => 1
                    [mac_address] => AA:C3:CC:D1:EE:2F
                    [ip_address] => 
                    [ultima_conexion] => 
                    [estado] => inactivo
                    [created_at] => 2025-06-27 10:12:51
                    [stock] => 0
                    [precio] => 0
                    [descripcion] => 
                    [fecha_actualizacion] => 2025-09-18 08:04:51
                    [updated_at] => 
                    [codigo_activacion] => 
                    [fecha_activacion] => 
                    [nombre_usuario] => brunito
                    [email_usuario] => brunocameille@alumnos.itr3.edu.ar
                    [ultima_lectura] => 
                )

        )

    [dispositivos_propios] => Array
        (
        )

    [dispositivos_compartidos] => Array
        (
            [0] => Array
                (
                    [id_dispositivo] => 1
                    [nombre] => medidor de ecovolt
                    [id_usuario] => 1
                    [mac_address] => 00:1A:2B:3C:4D:5E
                    [ip_address] => 
                    [ultima_conexion] => 
                    [estado] => activo
                    [created_at] => 2025-04-10 22:26:34
                    [stock] => 43
                    [precio] => 85
                    [descripcion] => 
                    [fecha_actualizacion] => 2025-06-27 08:44:59
                    [updated_at] => 2025-06-12 15:06:14
                    [codigo_activacion] => 
                    [fecha_activacion] => 
                    [nombre_usuario] => brunito
                    [email_usuario] => brunocameille@alumnos.itr3.edu.ar
                    [ultima_lectura] => 
                )

            [1] => Array
                (
                    [id_dispositivo] => 2
                    [nombre] => ECOVOLT HOYY 18
                    [id_usuario] => 1
                    [mac_address] => 08:D1:F9:A5:2A:14
                    [ip_address] => 
                    [ultima_conexion] => 
                    [estado] => activo
                    [created_at] => 2025-04-11 10:03:27
                    [stock] => 0
                    [precio] => 0
                    [descripcion] => funciona

                    [fecha_actualizacion] => 2025-09-18 08:05:52
                    [updated_at] => 2025-09-18 08:05:52
                    [codigo_activacion] => 
                    [fecha_activacion] => 
                    [nombre_usuario] => brunito
                    [email_usuario] => brunocameille@alumnos.itr3.edu.ar
                    [ultima_lectura] => Array
                        (
                            [id] => 12098
                            [id_dispositivo] => 2
                            [id_usuario] => 1
                            [voltaje] => 219
                            [corriente] => 0.45
                            [potencia] => 99
                            [kwh] => 0.35
                            [limite_superado] => 0
                            [fecha] => 2025-08-28 22:00:00
                            [mac_address] => 08:D1:F9:A5:2A:14
                        )

                )

            [2] => Array
                (
                    [id_dispositivo] => 29
                    [nombre] => sadasd
                    [id_usuario] => 1
                    [mac_address] => AA:C3:CC:D1:EE:2F
                    [ip_address] => 
                    [ultima_conexion] => 
                    [estado] => inactivo
                    [created_at] => 2025-06-27 10:12:51
                    [stock] => 0
                    [precio] => 0
                    [descripcion] => 
                    [fecha_actualizacion] => 2025-09-18 08:04:51
                    [updated_at] => 
                    [codigo_activacion] => 
                    [fecha_activacion] => 
                    [nombre_usuario] => brunito
                    [email_usuario] => brunocameille@alumnos.itr3.edu.ar
                    [ultima_lectura] => 
                )

        )

    [consumo24h] => 0
    [consumoPromedio] => 0
    [activosPropios] => 0
)

INFO - 2025-10-02 13:23:49 --> Session: Class initialized using 'CodeIgniter\Session\Handlers\FileHandler' driver.
DEBUG - 2025-10-02 13:24:17 --> Ruta actual: /Tesina/public/perfil/perfil
INFO - 2025-10-02 13:24:17 --> Session: Class initialized using 'CodeIgniter\Session\Handlers\FileHandler' driver.
DEBUG - 2025-10-02 13:24:17 --> Datos en sesión: Array
(
    [__ci_last_regenerate] => 1759422218
    [_ci_previous_url] => http://192.168.2.118/Tesina/public/home/manual
    [id_usuario] => 80
    [nombre] => user
    [apellido] => camello
    [email] => enzog@gmail.com
    [rol] => usuario
    [logged_in] => 1
    [tarifa_kwh] => 121213
)

DEBUG - 2025-10-02 13:24:17 --> === INICIO ACTUALIZACIÓN PERFIL ===
DEBUG - 2025-10-02 13:24:17 --> ID Usuario: 80
DEBUG - 2025-10-02 13:24:17 --> Buscando usuario ID: 80
DEBUG - 2025-10-02 13:24:17 --> Resultado de la búsqueda: Array
(
    [id_usuario] => 80
    [nombre] => user
    [apellido] => camello
    [email] => enzog@gmail.com
    [contrasena] => $2y$10$McYkEf2xjBAE9J2yIKLBoOStlEwNexk.YS14G3cLphKVZBfBtlc5W
    [direccion_id] => 0
    [id_rol] => 2
    [created_at] => 2025-10-02 12:51:18
    [updated_at] => 2025-10-02 12:51:18
    [invitado_por] => 1
    [estado] => activo
    [token_activacion] => 
)

DEBUG - 2025-10-02 13:24:17 --> Datos actuales del usuario: Array
(
    [id_usuario] => 80
    [nombre] => user
    [apellido] => camello
    [email] => enzog@gmail.com
    [contrasena] => $2y$10$McYkEf2xjBAE9J2yIKLBoOStlEwNexk.YS14G3cLphKVZBfBtlc5W
    [direccion_id] => 0
    [id_rol] => 2
    [created_at] => 2025-10-02 12:51:18
    [updated_at] => 2025-10-02 12:51:18
    [invitado_por] => 1
    [estado] => activo
    [token_activacion] => 
)

INFO - 2025-10-02 13:25:16 --> Session: Class initialized using 'CodeIgniter\Session\Handlers\FileHandler' driver.
DEBUG - 2025-10-02 13:27:05 --> Ruta actual: /Tesina/public/usuario
INFO - 2025-10-02 13:27:05 --> Session: Class initialized using 'CodeIgniter\Session\Handlers\FileHandler' driver.
DEBUG - 2025-10-02 13:27:05 --> Datos en sesión: Array
(
    [__ci_last_regenerate] => 1759422218
    [_ci_previous_url] => http://192.168.2.118/Tesina/public/home/manual
    [id_usuario] => 80
    [nombre] => user
    [apellido] => camello
    [email] => enzog@gmail.com
    [rol] => usuario
    [logged_in] => 1
    [tarifa_kwh] => 121213
)

DEBUG - 2025-10-02 13:27:05 --> Usuario ID: 80
DEBUG - 2025-10-02 13:27:05 --> Buscando usuario ID: 80
DEBUG - 2025-10-02 13:27:05 --> Resultado de la búsqueda: Array
(
    [id_usuario] => 80
    [nombre] => user
    [apellido] => camello
    [email] => enzog@gmail.com
    [contrasena] => $2y$10$McYkEf2xjBAE9J2yIKLBoOStlEwNexk.YS14G3cLphKVZBfBtlc5W
    [direccion_id] => 0
    [id_rol] => 2
    [created_at] => 2025-10-02 12:51:18
    [updated_at] => 2025-10-02 12:51:18
    [invitado_por] => 1
    [estado] => activo
    [token_activacion] => 
)

DEBUG - 2025-10-02 13:27:05 --> Datos del usuario: Array
(
    [id_usuario] => 80
    [nombre] => user
    [apellido] => camello
    [email] => enzog@gmail.com
    [contrasena] => $2y$10$McYkEf2xjBAE9J2yIKLBoOStlEwNexk.YS14G3cLphKVZBfBtlc5W
    [direccion_id] => 0
    [id_rol] => 2
    [created_at] => 2025-10-02 12:51:18
    [updated_at] => 2025-10-02 12:51:18
    [invitado_por] => 1
    [estado] => activo
    [token_activacion] => 
)

DEBUG - 2025-10-02 13:27:05 --> Dispositivos encontrados: Array
(
    [0] => Array
        (
            [id_dispositivo] => 1
            [nombre] => medidor de ecovolt
            [id_usuario] => 1
            [mac_address] => 00:1A:2B:3C:4D:5E
            [ip_address] => 
            [ultima_conexion] => 
            [estado] => activo
            [created_at] => 2025-04-10 22:26:34
            [stock] => 43
            [precio] => 85
            [descripcion] => 
            [fecha_actualizacion] => 2025-06-27 08:44:59
            [updated_at] => 2025-06-12 15:06:14
            [codigo_activacion] => 
            [fecha_activacion] => 
            [nombre_usuario] => brunito
            [email_usuario] => brunocameille@alumnos.itr3.edu.ar
            [ultima_lectura] => 
        )

    [1] => Array
        (
            [id_dispositivo] => 2
            [nombre] => ECOVOLT HOYY 18
            [id_usuario] => 1
            [mac_address] => 08:D1:F9:A5:2A:14
            [ip_address] => 
            [ultima_conexion] => 
            [estado] => activo
            [created_at] => 2025-04-11 10:03:27
            [stock] => 0
            [precio] => 0
            [descripcion] => funciona

            [fecha_actualizacion] => 2025-09-18 08:05:52
            [updated_at] => 2025-09-18 08:05:52
            [codigo_activacion] => 
            [fecha_activacion] => 
            [nombre_usuario] => brunito
            [email_usuario] => brunocameille@alumnos.itr3.edu.ar
            [ultima_lectura] => Array
                (
                    [id] => 12098
                    [id_dispositivo] => 2
                    [id_usuario] => 1
                    [voltaje] => 219
                    [corriente] => 0.45
                    [potencia] => 99
                    [kwh] => 0.35
                    [limite_superado] => 0
                    [fecha] => 2025-08-28 22:00:00
                    [mac_address] => 08:D1:F9:A5:2A:14
                )

        )

    [2] => Array
        (
            [id_dispositivo] => 29
            [nombre] => sadasd
            [id_usuario] => 1
            [mac_address] => AA:C3:CC:D1:EE:2F
            [ip_address] => 
            [ultima_conexion] => 
            [estado] => inactivo
            [created_at] => 2025-06-27 10:12:51
            [stock] => 0
            [precio] => 0
            [descripcion] => 
            [fecha_actualizacion] => 2025-09-18 08:04:51
            [updated_at] => 
            [codigo_activacion] => 
            [fecha_activacion] => 
            [nombre_usuario] => brunito
            [email_usuario] => brunocameille@alumnos.itr3.edu.ar
            [ultima_lectura] => 
        )

)

DEBUG - 2025-10-02 13:27:05 --> Consumo 24h: 0
DEBUG - 2025-10-02 13:27:05 --> Consumo promedio: 0
DEBUG - 2025-10-02 13:27:05 --> Datos enviados a la vista: Array
(
    [usuario] => Array
        (
            [id_usuario] => 80
            [nombre] => user
            [apellido] => camello
            [email] => enzog@gmail.com
            [contrasena] => $2y$10$McYkEf2xjBAE9J2yIKLBoOStlEwNexk.YS14G3cLphKVZBfBtlc5W
            [direccion_id] => 0
            [id_rol] => 2
            [created_at] => 2025-10-02 12:51:18
            [updated_at] => 2025-10-02 12:51:18
            [invitado_por] => 1
            [estado] => activo
            [token_activacion] => 
        )

    [dispositivos] => Array
        (
            [0] => Array
                (
                    [id_dispositivo] => 1
                    [nombre] => medidor de ecovolt
                    [id_usuario] => 1
                    [mac_address] => 00:1A:2B:3C:4D:5E
                    [ip_address] => 
                    [ultima_conexion] => 
                    [estado] => activo
                    [created_at] => 2025-04-10 22:26:34
                    [stock] => 43
                    [precio] => 85
                    [descripcion] => 
                    [fecha_actualizacion] => 2025-06-27 08:44:59
                    [updated_at] => 2025-06-12 15:06:14
                    [codigo_activacion] => 
                    [fecha_activacion] => 
                    [nombre_usuario] => brunito
                    [email_usuario] => brunocameille@alumnos.itr3.edu.ar
                    [ultima_lectura] => 
                )

            [1] => Array
                (
                    [id_dispositivo] => 2
                    [nombre] => ECOVOLT HOYY 18
                    [id_usuario] => 1
                    [mac_address] => 08:D1:F9:A5:2A:14
                    [ip_address] => 
                    [ultima_conexion] => 
                    [estado] => activo
                    [created_at] => 2025-04-11 10:03:27
                    [stock] => 0
                    [precio] => 0
                    [descripcion] => funciona

                    [fecha_actualizacion] => 2025-09-18 08:05:52
                    [updated_at] => 2025-09-18 08:05:52
                    [codigo_activacion] => 
                    [fecha_activacion] => 
                    [nombre_usuario] => brunito
                    [email_usuario] => brunocameille@alumnos.itr3.edu.ar
                    [ultima_lectura] => Array
                        (
                            [id] => 12098
                            [id_dispositivo] => 2
                            [id_usuario] => 1
                            [voltaje] => 219
                            [corriente] => 0.45
                            [potencia] => 99
                            [kwh] => 0.35
                            [limite_superado] => 0
                            [fecha] => 2025-08-28 22:00:00
                            [mac_address] => 08:D1:F9:A5:2A:14
                        )

                )

            [2] => Array
                (
                    [id_dispositivo] => 29
                    [nombre] => sadasd
                    [id_usuario] => 1
                    [mac_address] => AA:C3:CC:D1:EE:2F
                    [ip_address] => 
                    [ultima_conexion] => 
                    [estado] => inactivo
                    [created_at] => 2025-06-27 10:12:51
                    [stock] => 0
                    [precio] => 0
                    [descripcion] => 
                    [fecha_actualizacion] => 2025-09-18 08:04:51
                    [updated_at] => 
                    [codigo_activacion] => 
                    [fecha_activacion] => 
                    [nombre_usuario] => brunito
                    [email_usuario] => brunocameille@alumnos.itr3.edu.ar
                    [ultima_lectura] => 
                )

        )

    [dispositivos_propios] => Array
        (
        )

    [dispositivos_compartidos] => Array
        (
            [0] => Array
                (
                    [id_dispositivo] => 1
                    [nombre] => medidor de ecovolt
                    [id_usuario] => 1
                    [mac_address] => 00:1A:2B:3C:4D:5E
                    [ip_address] => 
                    [ultima_conexion] => 
                    [estado] => activo
                    [created_at] => 2025-04-10 22:26:34
                    [stock] => 43
                    [precio] => 85
                    [descripcion] => 
                    [fecha_actualizacion] => 2025-06-27 08:44:59
                    [updated_at] => 2025-06-12 15:06:14
                    [codigo_activacion] => 
                    [fecha_activacion] => 
                    [nombre_usuario] => brunito
                    [email_usuario] => brunocameille@alumnos.itr3.edu.ar
                    [ultima_lectura] => 
                )

            [1] => Array
                (
                    [id_dispositivo] => 2
                    [nombre] => ECOVOLT HOYY 18
                    [id_usuario] => 1
                    [mac_address] => 08:D1:F9:A5:2A:14
                    [ip_address] => 
                    [ultima_conexion] => 
                    [estado] => activo
                    [created_at] => 2025-04-11 10:03:27
                    [stock] => 0
                    [precio] => 0
                    [descripcion] => funciona

                    [fecha_actualizacion] => 2025-09-18 08:05:52
                    [updated_at] => 2025-09-18 08:05:52
                    [codigo_activacion] => 
                    [fecha_activacion] => 
                    [nombre_usuario] => brunito
                    [email_usuario] => brunocameille@alumnos.itr3.edu.ar
                    [ultima_lectura] => Array
                        (
                            [id] => 12098
                            [id_dispositivo] => 2
                            [id_usuario] => 1
                            [voltaje] => 219
                            [corriente] => 0.45
                            [potencia] => 99
                            [kwh] => 0.35
                            [limite_superado] => 0
                            [fecha] => 2025-08-28 22:00:00
                            [mac_address] => 08:D1:F9:A5:2A:14
                        )

                )

            [2] => Array
                (
                    [id_dispositivo] => 29
                    [nombre] => sadasd
                    [id_usuario] => 1
                    [mac_address] => AA:C3:CC:D1:EE:2F
                    [ip_address] => 
                    [ultima_conexion] => 
                    [estado] => inactivo
                    [created_at] => 2025-06-27 10:12:51
                    [stock] => 0
                    [precio] => 0
                    [descripcion] => 
                    [fecha_actualizacion] => 2025-09-18 08:04:51
                    [updated_at] => 
                    [codigo_activacion] => 
                    [fecha_activacion] => 
                    [nombre_usuario] => brunito
                    [email_usuario] => brunocameille@alumnos.itr3.edu.ar
                    [ultima_lectura] => 
                )

        )

    [consumo24h] => 0
    [consumoPromedio] => 0
    [activosPropios] => 0
)

INFO - 2025-10-02 13:27:07 --> Session: Class initialized using 'CodeIgniter\Session\Handlers\FileHandler' driver.
DEBUG - 2025-10-02 13:27:15 --> Ruta actual: /Tesina/public/usuario
INFO - 2025-10-02 13:27:15 --> Session: Class initialized using 'CodeIgniter\Session\Handlers\FileHandler' driver.
DEBUG - 2025-10-02 13:27:15 --> Datos en sesión: Array
(
    [__ci_last_regenerate] => 1759422218
    [_ci_previous_url] => http://192.168.2.118/Tesina/public/home/manual
    [id_usuario] => 80
    [nombre] => user
    [apellido] => camello
    [email] => enzog@gmail.com
    [rol] => usuario
    [logged_in] => 1
    [tarifa_kwh] => 121213
)

DEBUG - 2025-10-02 13:27:15 --> Usuario ID: 80
DEBUG - 2025-10-02 13:27:15 --> Buscando usuario ID: 80
DEBUG - 2025-10-02 13:27:15 --> Resultado de la búsqueda: Array
(
    [id_usuario] => 80
    [nombre] => user
    [apellido] => camello
    [email] => enzog@gmail.com
    [contrasena] => $2y$10$McYkEf2xjBAE9J2yIKLBoOStlEwNexk.YS14G3cLphKVZBfBtlc5W
    [direccion_id] => 0
    [id_rol] => 2
    [created_at] => 2025-10-02 12:51:18
    [updated_at] => 2025-10-02 12:51:18
    [invitado_por] => 1
    [estado] => activo
    [token_activacion] => 
)

DEBUG - 2025-10-02 13:27:15 --> Datos del usuario: Array
(
    [id_usuario] => 80
    [nombre] => user
    [apellido] => camello
    [email] => enzog@gmail.com
    [contrasena] => $2y$10$McYkEf2xjBAE9J2yIKLBoOStlEwNexk.YS14G3cLphKVZBfBtlc5W
    [direccion_id] => 0
    [id_rol] => 2
    [created_at] => 2025-10-02 12:51:18
    [updated_at] => 2025-10-02 12:51:18
    [invitado_por] => 1
    [estado] => activo
    [token_activacion] => 
)

DEBUG - 2025-10-02 13:27:15 --> Dispositivos encontrados: Array
(
    [0] => Array
        (
            [id_dispositivo] => 1
            [nombre] => medidor de ecovolt
            [id_usuario] => 1
            [mac_address] => 00:1A:2B:3C:4D:5E
            [ip_address] => 
            [ultima_conexion] => 
            [estado] => activo
            [created_at] => 2025-04-10 22:26:34
            [stock] => 43
            [precio] => 85
            [descripcion] => 
            [fecha_actualizacion] => 2025-06-27 08:44:59
            [updated_at] => 2025-06-12 15:06:14
            [codigo_activacion] => 
            [fecha_activacion] => 
            [nombre_usuario] => brunito
            [email_usuario] => brunocameille@alumnos.itr3.edu.ar
            [ultima_lectura] => 
        )

    [1] => Array
        (
            [id_dispositivo] => 2
            [nombre] => ECOVOLT HOYY 18
            [id_usuario] => 1
            [mac_address] => 08:D1:F9:A5:2A:14
            [ip_address] => 
            [ultima_conexion] => 
            [estado] => activo
            [created_at] => 2025-04-11 10:03:27
            [stock] => 0
            [precio] => 0
            [descripcion] => funciona

            [fecha_actualizacion] => 2025-09-18 08:05:52
            [updated_at] => 2025-09-18 08:05:52
            [codigo_activacion] => 
            [fecha_activacion] => 
            [nombre_usuario] => brunito
            [email_usuario] => brunocameille@alumnos.itr3.edu.ar
            [ultima_lectura] => Array
                (
                    [id] => 12098
                    [id_dispositivo] => 2
                    [id_usuario] => 1
                    [voltaje] => 219
                    [corriente] => 0.45
                    [potencia] => 99
                    [kwh] => 0.35
                    [limite_superado] => 0
                    [fecha] => 2025-08-28 22:00:00
                    [mac_address] => 08:D1:F9:A5:2A:14
                )

        )

    [2] => Array
        (
            [id_dispositivo] => 29
            [nombre] => sadasd
            [id_usuario] => 1
            [mac_address] => AA:C3:CC:D1:EE:2F
            [ip_address] => 
            [ultima_conexion] => 
            [estado] => inactivo
            [created_at] => 2025-06-27 10:12:51
            [stock] => 0
            [precio] => 0
            [descripcion] => 
            [fecha_actualizacion] => 2025-09-18 08:04:51
            [updated_at] => 
            [codigo_activacion] => 
            [fecha_activacion] => 
            [nombre_usuario] => brunito
            [email_usuario] => brunocameille@alumnos.itr3.edu.ar
            [ultima_lectura] => 
        )

)

DEBUG - 2025-10-02 13:27:15 --> Consumo 24h: 0
DEBUG - 2025-10-02 13:27:15 --> Consumo promedio: 0
DEBUG - 2025-10-02 13:27:15 --> Datos enviados a la vista: Array
(
    [usuario] => Array
        (
            [id_usuario] => 80
            [nombre] => user
            [apellido] => camello
            [email] => enzog@gmail.com
            [contrasena] => $2y$10$McYkEf2xjBAE9J2yIKLBoOStlEwNexk.YS14G3cLphKVZBfBtlc5W
            [direccion_id] => 0
            [id_rol] => 2
            [created_at] => 2025-10-02 12:51:18
            [updated_at] => 2025-10-02 12:51:18
            [invitado_por] => 1
            [estado] => activo
            [token_activacion] => 
        )

    [dispositivos] => Array
        (
            [0] => Array
                (
                    [id_dispositivo] => 1
                    [nombre] => medidor de ecovolt
                    [id_usuario] => 1
                    [mac_address] => 00:1A:2B:3C:4D:5E
                    [ip_address] => 
                    [ultima_conexion] => 
                    [estado] => activo
                    [created_at] => 2025-04-10 22:26:34
                    [stock] => 43
                    [precio] => 85
                    [descripcion] => 
                    [fecha_actualizacion] => 2025-06-27 08:44:59
                    [updated_at] => 2025-06-12 15:06:14
                    [codigo_activacion] => 
                    [fecha_activacion] => 
                    [nombre_usuario] => brunito
                    [email_usuario] => brunocameille@alumnos.itr3.edu.ar
                    [ultima_lectura] => 
                )

            [1] => Array
                (
                    [id_dispositivo] => 2
                    [nombre] => ECOVOLT HOYY 18
                    [id_usuario] => 1
                    [mac_address] => 08:D1:F9:A5:2A:14
                    [ip_address] => 
                    [ultima_conexion] => 
                    [estado] => activo
                    [created_at] => 2025-04-11 10:03:27
                    [stock] => 0
                    [precio] => 0
                    [descripcion] => funciona

                    [fecha_actualizacion] => 2025-09-18 08:05:52
                    [updated_at] => 2025-09-18 08:05:52
                    [codigo_activacion] => 
                    [fecha_activacion] => 
                    [nombre_usuario] => brunito
                    [email_usuario] => brunocameille@alumnos.itr3.edu.ar
                    [ultima_lectura] => Array
                        (
                            [id] => 12098
                            [id_dispositivo] => 2
                            [id_usuario] => 1
                            [voltaje] => 219
                            [corriente] => 0.45
                            [potencia] => 99
                            [kwh] => 0.35
                            [limite_superado] => 0
                            [fecha] => 2025-08-28 22:00:00
                            [mac_address] => 08:D1:F9:A5:2A:14
                        )

                )

            [2] => Array
                (
                    [id_dispositivo] => 29
                    [nombre] => sadasd
                    [id_usuario] => 1
                    [mac_address] => AA:C3:CC:D1:EE:2F
                    [ip_address] => 
                    [ultima_conexion] => 
                    [estado] => inactivo
                    [created_at] => 2025-06-27 10:12:51
                    [stock] => 0
                    [precio] => 0
                    [descripcion] => 
                    [fecha_actualizacion] => 2025-09-18 08:04:51
                    [updated_at] => 
                    [codigo_activacion] => 
                    [fecha_activacion] => 
                    [nombre_usuario] => brunito
                    [email_usuario] => brunocameille@alumnos.itr3.edu.ar
                    [ultima_lectura] => 
                )

        )

    [dispositivos_propios] => Array
        (
        )

    [dispositivos_compartidos] => Array
        (
            [0] => Array
                (
                    [id_dispositivo] => 1
                    [nombre] => medidor de ecovolt
                    [id_usuario] => 1
                    [mac_address] => 00:1A:2B:3C:4D:5E
                    [ip_address] => 
                    [ultima_conexion] => 
                    [estado] => activo
                    [created_at] => 2025-04-10 22:26:34
                    [stock] => 43
                    [precio] => 85
                    [descripcion] => 
                    [fecha_actualizacion] => 2025-06-27 08:44:59
                    [updated_at] => 2025-06-12 15:06:14
                    [codigo_activacion] => 
                    [fecha_activacion] => 
                    [nombre_usuario] => brunito
                    [email_usuario] => brunocameille@alumnos.itr3.edu.ar
                    [ultima_lectura] => 
                )

            [1] => Array
                (
                    [id_dispositivo] => 2
                    [nombre] => ECOVOLT HOYY 18
                    [id_usuario] => 1
                    [mac_address] => 08:D1:F9:A5:2A:14
                    [ip_address] => 
                    [ultima_conexion] => 
                    [estado] => activo
                    [created_at] => 2025-04-11 10:03:27
                    [stock] => 0
                    [precio] => 0
                    [descripcion] => funciona

                    [fecha_actualizacion] => 2025-09-18 08:05:52
                    [updated_at] => 2025-09-18 08:05:52
                    [codigo_activacion] => 
                    [fecha_activacion] => 
                    [nombre_usuario] => brunito
                    [email_usuario] => brunocameille@alumnos.itr3.edu.ar
                    [ultima_lectura] => Array
                        (
                            [id] => 12098
                            [id_dispositivo] => 2
                            [id_usuario] => 1
                            [voltaje] => 219
                            [corriente] => 0.45
                            [potencia] => 99
                            [kwh] => 0.35
                            [limite_superado] => 0
                            [fecha] => 2025-08-28 22:00:00
                            [mac_address] => 08:D1:F9:A5:2A:14
                        )

                )

            [2] => Array
                (
                    [id_dispositivo] => 29
                    [nombre] => sadasd
                    [id_usuario] => 1
                    [mac_address] => AA:C3:CC:D1:EE:2F
                    [ip_address] => 
                    [ultima_conexion] => 
                    [estado] => inactivo
                    [created_at] => 2025-06-27 10:12:51
                    [stock] => 0
                    [precio] => 0
                    [descripcion] => 
                    [fecha_actualizacion] => 2025-09-18 08:04:51
                    [updated_at] => 
                    [codigo_activacion] => 
                    [fecha_activacion] => 
                    [nombre_usuario] => brunito
                    [email_usuario] => brunocameille@alumnos.itr3.edu.ar
                    [ultima_lectura] => 
                )

        )

    [consumo24h] => 0
    [consumoPromedio] => 0
    [activosPropios] => 0
)

DEBUG - 2025-10-02 13:28:40 --> Ruta actual: /Tesina/public/energia/dispositivo/2
INFO - 2025-10-02 13:28:41 --> Session: Class initialized using 'CodeIgniter\Session\Handlers\FileHandler' driver.
DEBUG - 2025-10-02 13:28:41 --> Datos en sesión: Array
(
    [__ci_last_regenerate] => 1759422520
    [_ci_previous_url] => http://192.168.2.118/Tesina/public/usuario
    [id_usuario] => 80
    [nombre] => user
    [apellido] => camello
    [email] => enzog@gmail.com
    [rol] => usuario
    [logged_in] => 1
    [tarifa_kwh] => 121213
)

INFO - 2025-10-02 13:28:43 --> Session: Class initialized using 'CodeIgniter\Session\Handlers\FileHandler' driver.
INFO - 2025-10-02 13:28:46 --> Session: Class initialized using 'CodeIgniter\Session\Handlers\FileHandler' driver.
INFO - 2025-10-02 13:28:51 --> Session: Class initialized using 'CodeIgniter\Session\Handlers\FileHandler' driver.
INFO - 2025-10-02 13:28:57 --> Session: Class initialized using 'CodeIgniter\Session\Handlers\FileHandler' driver.
INFO - 2025-10-02 13:29:02 --> Session: Class initialized using 'CodeIgniter\Session\Handlers\FileHandler' driver.
INFO - 2025-10-02 13:29:06 --> Session: Class initialized using 'CodeIgniter\Session\Handlers\FileHandler' driver.
INFO - 2025-10-02 13:29:11 --> Session: Class initialized using 'CodeIgniter\Session\Handlers\FileHandler' driver.
INFO - 2025-10-02 13:29:16 --> Session: Class initialized using 'CodeIgniter\Session\Handlers\FileHandler' driver.
INFO - 2025-10-02 13:29:21 --> Session: Class initialized using 'CodeIgniter\Session\Handlers\FileHandler' driver.
INFO - 2025-10-02 13:29:26 --> Session: Class initialized using 'CodeIgniter\Session\Handlers\FileHandler' driver.
INFO - 2025-10-02 13:29:31 --> Session: Class initialized using 'CodeIgniter\Session\Handlers\FileHandler' driver.
INFO - 2025-10-02 13:29:37 --> Session: Class initialized using 'CodeIgniter\Session\Handlers\FileHandler' driver.
INFO - 2025-10-02 13:29:41 --> Session: Class initialized using 'CodeIgniter\Session\Handlers\FileHandler' driver.
INFO - 2025-10-02 13:29:46 --> Session: Class initialized using 'CodeIgniter\Session\Handlers\FileHandler' driver.
INFO - 2025-10-02 13:29:51 --> Session: Class initialized using 'CodeIgniter\Session\Handlers\FileHandler' driver.
INFO - 2025-10-02 13:29:56 --> Session: Class initialized using 'CodeIgniter\Session\Handlers\FileHandler' driver.
INFO - 2025-10-02 13:30:01 --> Session: Class initialized using 'CodeIgniter\Session\Handlers\FileHandler' driver.
INFO - 2025-10-02 13:30:06 --> Session: Class initialized using 'CodeIgniter\Session\Handlers\FileHandler' driver.
INFO - 2025-10-02 13:30:11 --> Session: Class initialized using 'CodeIgniter\Session\Handlers\FileHandler' driver.
DEBUG - 2025-10-02 13:30:16 --> Ruta actual: /Tesina/public/energia/dispositivo/2
INFO - 2025-10-02 13:30:16 --> Session: Class initialized using 'CodeIgniter\Session\Handlers\FileHandler' driver.
DEBUG - 2025-10-02 13:30:16 --> Datos en sesión: Array
(
    [__ci_last_regenerate] => 1759422520
    [_ci_previous_url] => http://192.168.2.118/Tesina/public/energia/dispositivo/2
    [id_usuario] => 80
    [nombre] => user
    [apellido] => camello
    [email] => enzog@gmail.com
    [rol] => usuario
    [logged_in] => 1
    [tarifa_kwh] => 121213
)

INFO - 2025-10-02 13:30:18 --> Session: Class initialized using 'CodeIgniter\Session\Handlers\FileHandler' driver.
INFO - 2025-10-02 13:30:22 --> Session: Class initialized using 'CodeIgniter\Session\Handlers\FileHandler' driver.
INFO - 2025-10-02 13:30:27 --> Session: Class initialized using 'CodeIgniter\Session\Handlers\FileHandler' driver.
INFO - 2025-10-02 13:30:32 --> Session: Class initialized using 'CodeIgniter\Session\Handlers\FileHandler' driver.
INFO - 2025-10-02 13:30:37 --> Session: Class initialized using 'CodeIgniter\Session\Handlers\FileHandler' driver.
DEBUG - 2025-10-02 13:30:37 --> Ruta actual: /Tesina/public/energia/dispositivo/2
INFO - 2025-10-02 13:30:37 --> Session: Class initialized using 'CodeIgniter\Session\Handlers\FileHandler' driver.
DEBUG - 2025-10-02 13:30:37 --> Datos en sesión: Array
(
    [__ci_last_regenerate] => 1759422520
    [_ci_previous_url] => http://192.168.2.118/Tesina/public/energia/dispositivo/2
    [id_usuario] => 80
    [nombre] => user
    [apellido] => camello
    [email] => enzog@gmail.com
    [rol] => usuario
    [logged_in] => 1
    [tarifa_kwh] => 121213
)

INFO - 2025-10-02 13:30:39 --> Session: Class initialized using 'CodeIgniter\Session\Handlers\FileHandler' driver.
INFO - 2025-10-02 13:30:44 --> Session: Class initialized using 'CodeIgniter\Session\Handlers\FileHandler' driver.
INFO - 2025-10-02 13:30:48 --> Session: Class initialized using 'CodeIgniter\Session\Handlers\FileHandler' driver.
INFO - 2025-10-02 13:30:54 --> Session: Class initialized using 'CodeIgniter\Session\Handlers\FileHandler' driver.
INFO - 2025-10-02 13:30:59 --> Session: Class initialized using 'CodeIgniter\Session\Handlers\FileHandler' driver.
INFO - 2025-10-02 13:31:03 --> Session: Class initialized using 'CodeIgniter\Session\Handlers\FileHandler' driver.
INFO - 2025-10-02 13:31:08 --> Session: Class initialized using 'CodeIgniter\Session\Handlers\FileHandler' driver.
INFO - 2025-10-02 13:31:13 --> Session: Class initialized using 'CodeIgniter\Session\Handlers\FileHandler' driver.
INFO - 2025-10-02 13:31:19 --> Session: Class initialized using 'CodeIgniter\Session\Handlers\FileHandler' driver.
INFO - 2025-10-02 13:31:24 --> Session: Class initialized using 'CodeIgniter\Session\Handlers\FileHandler' driver.
INFO - 2025-10-02 13:31:28 --> Session: Class initialized using 'CodeIgniter\Session\Handlers\FileHandler' driver.
INFO - 2025-10-02 13:31:33 --> Session: Class initialized using 'CodeIgniter\Session\Handlers\FileHandler' driver.
INFO - 2025-10-02 13:31:39 --> Session: Class initialized using 'CodeIgniter\Session\Handlers\FileHandler' driver.
INFO - 2025-10-02 13:31:43 --> Session: Class initialized using 'CodeIgniter\Session\Handlers\FileHandler' driver.
INFO - 2025-10-02 13:31:48 --> Session: Class initialized using 'CodeIgniter\Session\Handlers\FileHandler' driver.
INFO - 2025-10-02 13:31:54 --> Session: Class initialized using 'CodeIgniter\Session\Handlers\FileHandler' driver.
INFO - 2025-10-02 13:31:58 --> Session: Class initialized using 'CodeIgniter\Session\Handlers\FileHandler' driver.
INFO - 2025-10-02 13:32:04 --> Session: Class initialized using 'CodeIgniter\Session\Handlers\FileHandler' driver.
INFO - 2025-10-02 13:32:09 --> Session: Class initialized using 'CodeIgniter\Session\Handlers\FileHandler' driver.
INFO - 2025-10-02 13:32:13 --> Session: Class initialized using 'CodeIgniter\Session\Handlers\FileHandler' driver.
INFO - 2025-10-02 13:32:19 --> Session: Class initialized using 'CodeIgniter\Session\Handlers\FileHandler' driver.
DEBUG - 2025-10-02 13:32:20 --> Ruta actual: /Tesina/public/energia/dispositivo/2
INFO - 2025-10-02 13:32:20 --> Session: Class initialized using 'CodeIgniter\Session\Handlers\FileHandler' driver.
DEBUG - 2025-10-02 13:32:20 --> Datos en sesión: Array
(
    [__ci_last_regenerate] => 1759422520
    [_ci_previous_url] => http://192.168.2.118/Tesina/public/energia/dispositivo/2
    [id_usuario] => 80
    [nombre] => user
    [apellido] => camello
    [email] => enzog@gmail.com
    [rol] => usuario
    [logged_in] => 1
    [tarifa_kwh] => 121213
)

INFO - 2025-10-02 13:32:23 --> Session: Class initialized using 'CodeIgniter\Session\Handlers\FileHandler' driver.
INFO - 2025-10-02 13:32:27 --> Session: Class initialized using 'CodeIgniter\Session\Handlers\FileHandler' driver.
INFO - 2025-10-02 13:32:32 --> Session: Class initialized using 'CodeIgniter\Session\Handlers\FileHandler' driver.
INFO - 2025-10-02 13:32:37 --> Session: Class initialized using 'CodeIgniter\Session\Handlers\FileHandler' driver.
INFO - 2025-10-02 13:32:41 --> Session: Class initialized using 'CodeIgniter\Session\Handlers\FileHandler' driver.
INFO - 2025-10-02 13:32:46 --> Session: Class initialized using 'CodeIgniter\Session\Handlers\FileHandler' driver.
INFO - 2025-10-02 13:32:51 --> Session: Class initialized using 'CodeIgniter\Session\Handlers\FileHandler' driver.
INFO - 2025-10-02 13:32:56 --> Session: Class initialized using 'CodeIgniter\Session\Handlers\FileHandler' driver.
INFO - 2025-10-02 13:33:01 --> Session: Class initialized using 'CodeIgniter\Session\Handlers\FileHandler' driver.
INFO - 2025-10-02 13:33:06 --> Session: Class initialized using 'CodeIgniter\Session\Handlers\FileHandler' driver.
INFO - 2025-10-02 13:33:12 --> Session: Class initialized using 'CodeIgniter\Session\Handlers\FileHandler' driver.
INFO - 2025-10-02 13:33:16 --> Session: Class initialized using 'CodeIgniter\Session\Handlers\FileHandler' driver.
INFO - 2025-10-02 13:33:21 --> Session: Class initialized using 'CodeIgniter\Session\Handlers\FileHandler' driver.
INFO - 2025-10-02 13:33:26 --> Session: Class initialized using 'CodeIgniter\Session\Handlers\FileHandler' driver.
INFO - 2025-10-02 13:33:31 --> Session: Class initialized using 'CodeIgniter\Session\Handlers\FileHandler' driver.
INFO - 2025-10-02 13:33:36 --> Session: Class initialized using 'CodeIgniter\Session\Handlers\FileHandler' driver.
INFO - 2025-10-02 13:33:42 --> Session: Class initialized using 'CodeIgniter\Session\Handlers\FileHandler' driver.
INFO - 2025-10-02 13:33:46 --> Session: Class initialized using 'CodeIgniter\Session\Handlers\FileHandler' driver.
INFO - 2025-10-02 13:33:51 --> Session: Class initialized using 'CodeIgniter\Session\Handlers\FileHandler' driver.
INFO - 2025-10-02 13:33:56 --> Session: Class initialized using 'CodeIgniter\Session\Handlers\FileHandler' driver.
INFO - 2025-10-02 13:34:01 --> Session: Class initialized using 'CodeIgniter\Session\Handlers\FileHandler' driver.
INFO - 2025-10-02 13:34:06 --> Session: Class initialized using 'CodeIgniter\Session\Handlers\FileHandler' driver.
INFO - 2025-10-02 13:34:11 --> Session: Class initialized using 'CodeIgniter\Session\Handlers\FileHandler' driver.
INFO - 2025-10-02 13:34:16 --> Session: Class initialized using 'CodeIgniter\Session\Handlers\FileHandler' driver.
INFO - 2025-10-02 13:34:21 --> Session: Class initialized using 'CodeIgniter\Session\Handlers\FileHandler' driver.
INFO - 2025-10-02 13:34:26 --> Session: Class initialized using 'CodeIgniter\Session\Handlers\FileHandler' driver.
INFO - 2025-10-02 13:34:31 --> Session: Class initialized using 'CodeIgniter\Session\Handlers\FileHandler' driver.
INFO - 2025-10-02 13:34:36 --> Session: Class initialized using 'CodeIgniter\Session\Handlers\FileHandler' driver.
INFO - 2025-10-02 13:34:41 --> Session: Class initialized using 'CodeIgniter\Session\Handlers\FileHandler' driver.
INFO - 2025-10-02 13:34:46 --> Session: Class initialized using 'CodeIgniter\Session\Handlers\FileHandler' driver.
INFO - 2025-10-02 13:34:51 --> Session: Class initialized using 'CodeIgniter\Session\Handlers\FileHandler' driver.
INFO - 2025-10-02 13:34:56 --> Session: Class initialized using 'CodeIgniter\Session\Handlers\FileHandler' driver.
INFO - 2025-10-02 13:35:01 --> Session: Class initialized using 'CodeIgniter\Session\Handlers\FileHandler' driver.
INFO - 2025-10-02 13:35:06 --> Session: Class initialized using 'CodeIgniter\Session\Handlers\FileHandler' driver.
DEBUG - 2025-10-02 13:35:07 --> Ruta actual: /Tesina/public/energia/dispositivo/2
INFO - 2025-10-02 13:35:07 --> Session: Class initialized using 'CodeIgniter\Session\Handlers\FileHandler' driver.
DEBUG - 2025-10-02 13:35:07 --> Datos en sesión: Array
(
    [__ci_last_regenerate] => 1759422822
    [_ci_previous_url] => http://192.168.2.118/Tesina/public/energia/dispositivo/2
    [id_usuario] => 80
    [nombre] => user
    [apellido] => camello
    [email] => enzog@gmail.com
    [rol] => usuario
    [logged_in] => 1
    [tarifa_kwh] => 121213
)

INFO - 2025-10-02 13:35:10 --> Session: Class initialized using 'CodeIgniter\Session\Handlers\FileHandler' driver.
INFO - 2025-10-02 13:35:13 --> Session: Class initialized using 'CodeIgniter\Session\Handlers\FileHandler' driver.
INFO - 2025-10-02 13:35:18 --> Session: Class initialized using 'CodeIgniter\Session\Handlers\FileHandler' driver.
INFO - 2025-10-02 13:35:19 --> Session: Class initialized using 'CodeIgniter\Session\Handlers\FileHandler' driver.
INFO - 2025-10-02 13:35:24 --> Session: Class initialized using 'CodeIgniter\Session\Handlers\FileHandler' driver.
INFO - 2025-10-02 13:35:29 --> Session: Class initialized using 'CodeIgniter\Session\Handlers\FileHandler' driver.
INFO - 2025-10-02 13:35:34 --> Session: Class initialized using 'CodeIgniter\Session\Handlers\FileHandler' driver.
INFO - 2025-10-02 13:35:39 --> Session: Class initialized using 'CodeIgniter\Session\Handlers\FileHandler' driver.
INFO - 2025-10-02 13:35:44 --> Session: Class initialized using 'CodeIgniter\Session\Handlers\FileHandler' driver.
DEBUG - 2025-10-02 13:35:46 --> Ruta actual: /Tesina/public/energia/dispositivo/2
INFO - 2025-10-02 13:35:46 --> Session: Class initialized using 'CodeIgniter\Session\Handlers\FileHandler' driver.
DEBUG - 2025-10-02 13:35:46 --> Datos en sesión: Array
(
    [__ci_last_regenerate] => 1759422822
    [_ci_previous_url] => http://192.168.2.118/Tesina/public/energia/dispositivo/2
    [id_usuario] => 80
    [nombre] => user
    [apellido] => camello
    [email] => enzog@gmail.com
    [rol] => usuario
    [logged_in] => 1
    [tarifa_kwh] => 121213
)

INFO - 2025-10-02 13:35:49 --> Session: Class initialized using 'CodeIgniter\Session\Handlers\FileHandler' driver.
INFO - 2025-10-02 13:35:53 --> Session: Class initialized using 'CodeIgniter\Session\Handlers\FileHandler' driver.
INFO - 2025-10-02 13:35:58 --> Session: Class initialized using 'CodeIgniter\Session\Handlers\FileHandler' driver.
DEBUG - 2025-10-02 13:36:02 --> Ruta actual: /Tesina/public/energia/dispositivo/2
INFO - 2025-10-02 13:36:02 --> Session: Class initialized using 'CodeIgniter\Session\Handlers\FileHandler' driver.
DEBUG - 2025-10-02 13:36:02 --> Datos en sesión: Array
(
    [__ci_last_regenerate] => 1759422822
    [_ci_previous_url] => http://192.168.2.118/Tesina/public/energia/dispositivo/2
    [id_usuario] => 80
    [nombre] => user
    [apellido] => camello
    [email] => enzog@gmail.com
    [rol] => usuario
    [logged_in] => 1
    [tarifa_kwh] => 121213
)

INFO - 2025-10-02 13:36:04 --> Session: Class initialized using 'CodeIgniter\Session\Handlers\FileHandler' driver.
INFO - 2025-10-02 13:36:08 --> Session: Class initialized using 'CodeIgniter\Session\Handlers\FileHandler' driver.
DEBUG - 2025-10-02 13:36:10 --> Ruta actual: /Tesina/public/energia/dispositivo/2
INFO - 2025-10-02 13:36:10 --> Session: Class initialized using 'CodeIgniter\Session\Handlers\FileHandler' driver.
DEBUG - 2025-10-02 13:36:10 --> Datos en sesión: Array
(
    [__ci_last_regenerate] => 1759422822
    [_ci_previous_url] => http://192.168.2.118/Tesina/public/energia/dispositivo/2
    [id_usuario] => 80
    [nombre] => user
    [apellido] => camello
    [email] => enzog@gmail.com
    [rol] => usuario
    [logged_in] => 1
    [tarifa_kwh] => 121213
)

INFO - 2025-10-02 13:36:12 --> Session: Class initialized using 'CodeIgniter\Session\Handlers\FileHandler' driver.
INFO - 2025-10-02 13:36:16 --> Session: Class initialized using 'CodeIgniter\Session\Handlers\FileHandler' driver.
INFO - 2025-10-02 13:36:21 --> Session: Class initialized using 'CodeIgniter\Session\Handlers\FileHandler' driver.
INFO - 2025-10-02 13:36:26 --> Session: Class initialized using 'CodeIgniter\Session\Handlers\FileHandler' driver.
INFO - 2025-10-02 13:36:31 --> Session: Class initialized using 'CodeIgniter\Session\Handlers\FileHandler' driver.
INFO - 2025-10-02 13:36:36 --> Session: Class initialized using 'CodeIgniter\Session\Handlers\FileHandler' driver.
INFO - 2025-10-02 13:36:41 --> Session: Class initialized using 'CodeIgniter\Session\Handlers\FileHandler' driver.
INFO - 2025-10-02 13:36:46 --> Session: Class initialized using 'CodeIgniter\Session\Handlers\FileHandler' driver.
INFO - 2025-10-02 13:36:51 --> Session: Class initialized using 'CodeIgniter\Session\Handlers\FileHandler' driver.
INFO - 2025-10-02 13:36:56 --> Session: Class initialized using 'CodeIgniter\Session\Handlers\FileHandler' driver.
INFO - 2025-10-02 13:37:01 --> Session: Class initialized using 'CodeIgniter\Session\Handlers\FileHandler' driver.
INFO - 2025-10-02 13:37:06 --> Session: Class initialized using 'CodeIgniter\Session\Handlers\FileHandler' driver.
INFO - 2025-10-02 13:37:11 --> Session: Class initialized using 'CodeIgniter\Session\Handlers\FileHandler' driver.
INFO - 2025-10-02 13:37:16 --> Session: Class initialized using 'CodeIgniter\Session\Handlers\FileHandler' driver.
INFO - 2025-10-02 13:37:21 --> Session: Class initialized using 'CodeIgniter\Session\Handlers\FileHandler' driver.
INFO - 2025-10-02 13:37:26 --> Session: Class initialized using 'CodeIgniter\Session\Handlers\FileHandler' driver.
INFO - 2025-10-02 13:37:31 --> Session: Class initialized using 'CodeIgniter\Session\Handlers\FileHandler' driver.
INFO - 2025-10-02 13:37:36 --> Session: Class initialized using 'CodeIgniter\Session\Handlers\FileHandler' driver.
INFO - 2025-10-02 13:37:41 --> Session: Class initialized using 'CodeIgniter\Session\Handlers\FileHandler' driver.
INFO - 2025-10-02 13:37:46 --> Session: Class initialized using 'CodeIgniter\Session\Handlers\FileHandler' driver.
INFO - 2025-10-02 13:37:51 --> Session: Class initialized using 'CodeIgniter\Session\Handlers\FileHandler' driver.
INFO - 2025-10-02 13:37:56 --> Session: Class initialized using 'CodeIgniter\Session\Handlers\FileHandler' driver.
INFO - 2025-10-02 13:38:01 --> Session: Class initialized using 'CodeIgniter\Session\Handlers\FileHandler' driver.
INFO - 2025-10-02 13:38:06 --> Session: Class initialized using 'CodeIgniter\Session\Handlers\FileHandler' driver.
DEBUG - 2025-10-02 13:38:08 --> Ruta actual: /Tesina/public/energia/dispositivo/2
INFO - 2025-10-02 13:38:08 --> Session: Class initialized using 'CodeIgniter\Session\Handlers\FileHandler' driver.
DEBUG - 2025-10-02 13:38:08 --> Datos en sesión: Array
(
    [__ci_last_regenerate] => 1759422822
    [_ci_previous_url] => http://192.168.2.118/Tesina/public/energia/dispositivo/2
    [id_usuario] => 80
    [nombre] => user
    [apellido] => camello
    [email] => enzog@gmail.com
    [rol] => usuario
    [logged_in] => 1
    [tarifa_kwh] => 121213
)

INFO - 2025-10-02 13:38:11 --> Session: Class initialized using 'CodeIgniter\Session\Handlers\FileHandler' driver.
INFO - 2025-10-02 13:38:15 --> Session: Class initialized using 'CodeIgniter\Session\Handlers\FileHandler' driver.
INFO - 2025-10-02 13:38:19 --> Session: Class initialized using 'CodeIgniter\Session\Handlers\FileHandler' driver.
INFO - 2025-10-02 13:38:24 --> Session: Class initialized using 'CodeIgniter\Session\Handlers\FileHandler' driver.
INFO - 2025-10-02 13:38:30 --> Session: Class initialized using 'CodeIgniter\Session\Handlers\FileHandler' driver.
INFO - 2025-10-02 13:38:34 --> Session: Class initialized using 'CodeIgniter\Session\Handlers\FileHandler' driver.
INFO - 2025-10-02 13:38:39 --> Session: Class initialized using 'CodeIgniter\Session\Handlers\FileHandler' driver.
INFO - 2025-10-02 13:38:44 --> Session: Class initialized using 'CodeIgniter\Session\Handlers\FileHandler' driver.
INFO - 2025-10-02 13:38:49 --> Session: Class initialized using 'CodeIgniter\Session\Handlers\FileHandler' driver.
INFO - 2025-10-02 13:38:54 --> Session: Class initialized using 'CodeIgniter\Session\Handlers\FileHandler' driver.
INFO - 2025-10-02 13:38:59 --> Session: Class initialized using 'CodeIgniter\Session\Handlers\FileHandler' driver.
INFO - 2025-10-02 13:39:04 --> Session: Class initialized using 'CodeIgniter\Session\Handlers\FileHandler' driver.
INFO - 2025-10-02 13:39:09 --> Session: Class initialized using 'CodeIgniter\Session\Handlers\FileHandler' driver.
INFO - 2025-10-02 13:39:14 --> Session: Class initialized using 'CodeIgniter\Session\Handlers\FileHandler' driver.
INFO - 2025-10-02 13:39:19 --> Session: Class initialized using 'CodeIgniter\Session\Handlers\FileHandler' driver.
INFO - 2025-10-02 13:39:24 --> Session: Class initialized using 'CodeIgniter\Session\Handlers\FileHandler' driver.
INFO - 2025-10-02 13:39:29 --> Session: Class initialized using 'CodeIgniter\Session\Handlers\FileHandler' driver.
INFO - 2025-10-02 13:39:34 --> Session: Class initialized using 'CodeIgniter\Session\Handlers\FileHandler' driver.
INFO - 2025-10-02 13:39:39 --> Session: Class initialized using 'CodeIgniter\Session\Handlers\FileHandler' driver.
INFO - 2025-10-02 13:39:44 --> Session: Class initialized using 'CodeIgniter\Session\Handlers\FileHandler' driver.
INFO - 2025-10-02 13:39:49 --> Session: Class initialized using 'CodeIgniter\Session\Handlers\FileHandler' driver.
INFO - 2025-10-02 13:39:54 --> Session: Class initialized using 'CodeIgniter\Session\Handlers\FileHandler' driver.
INFO - 2025-10-02 13:40:00 --> Session: Class initialized using 'CodeIgniter\Session\Handlers\FileHandler' driver.
INFO - 2025-10-02 13:40:05 --> Session: Class initialized using 'CodeIgniter\Session\Handlers\FileHandler' driver.
DEBUG - 2025-10-02 13:40:08 --> Ruta actual: /Tesina/public/perfil/perfil
INFO - 2025-10-02 13:40:08 --> Session: Class initialized using 'CodeIgniter\Session\Handlers\FileHandler' driver.
DEBUG - 2025-10-02 13:40:08 --> Datos en sesión: Array
(
    [__ci_last_regenerate] => 1759423124
    [_ci_previous_url] => http://192.168.2.118/Tesina/public/energia/dispositivo/2
    [id_usuario] => 80
    [nombre] => user
    [apellido] => camello
    [email] => enzog@gmail.com
    [rol] => usuario
    [logged_in] => 1
    [tarifa_kwh] => 121213
)

DEBUG - 2025-10-02 13:40:08 --> === INICIO ACTUALIZACIÓN PERFIL ===
DEBUG - 2025-10-02 13:40:08 --> ID Usuario: 80
DEBUG - 2025-10-02 13:40:08 --> Buscando usuario ID: 80
DEBUG - 2025-10-02 13:40:08 --> Resultado de la búsqueda: Array
(
    [id_usuario] => 80
    [nombre] => user
    [apellido] => camello
    [email] => enzog@gmail.com
    [contrasena] => $2y$10$McYkEf2xjBAE9J2yIKLBoOStlEwNexk.YS14G3cLphKVZBfBtlc5W
    [direccion_id] => 0
    [id_rol] => 2
    [created_at] => 2025-10-02 12:51:18
    [updated_at] => 2025-10-02 12:51:18
    [invitado_por] => 1
    [estado] => activo
    [token_activacion] => 
)

DEBUG - 2025-10-02 13:40:08 --> Datos actuales del usuario: Array
(
    [id_usuario] => 80
    [nombre] => user
    [apellido] => camello
    [email] => enzog@gmail.com
    [contrasena] => $2y$10$McYkEf2xjBAE9J2yIKLBoOStlEwNexk.YS14G3cLphKVZBfBtlc5W
    [direccion_id] => 0
    [id_rol] => 2
    [created_at] => 2025-10-02 12:51:18
    [updated_at] => 2025-10-02 12:51:18
    [invitado_por] => 1
    [estado] => activo
    [token_activacion] => 
)

DEBUG - 2025-10-02 13:40:12 --> Ruta actual: /Tesina/public/usuario
INFO - 2025-10-02 13:40:12 --> Session: Class initialized using 'CodeIgniter\Session\Handlers\FileHandler' driver.
DEBUG - 2025-10-02 13:40:12 --> Datos en sesión: Array
(
    [__ci_last_regenerate] => 1759423124
    [_ci_previous_url] => http://192.168.2.118/Tesina/public/perfil/perfil
    [id_usuario] => 80
    [nombre] => user
    [apellido] => camello
    [email] => enzog@gmail.com
    [rol] => usuario
    [logged_in] => 1
    [tarifa_kwh] => 121213
)

DEBUG - 2025-10-02 13:40:12 --> Usuario ID: 80
DEBUG - 2025-10-02 13:40:12 --> Buscando usuario ID: 80
DEBUG - 2025-10-02 13:40:12 --> Resultado de la búsqueda: Array
(
    [id_usuario] => 80
    [nombre] => user
    [apellido] => camello
    [email] => enzog@gmail.com
    [contrasena] => $2y$10$McYkEf2xjBAE9J2yIKLBoOStlEwNexk.YS14G3cLphKVZBfBtlc5W
    [direccion_id] => 0
    [id_rol] => 2
    [created_at] => 2025-10-02 12:51:18
    [updated_at] => 2025-10-02 12:51:18
    [invitado_por] => 1
    [estado] => activo
    [token_activacion] => 
)

DEBUG - 2025-10-02 13:40:12 --> Datos del usuario: Array
(
    [id_usuario] => 80
    [nombre] => user
    [apellido] => camello
    [email] => enzog@gmail.com
    [contrasena] => $2y$10$McYkEf2xjBAE9J2yIKLBoOStlEwNexk.YS14G3cLphKVZBfBtlc5W
    [direccion_id] => 0
    [id_rol] => 2
    [created_at] => 2025-10-02 12:51:18
    [updated_at] => 2025-10-02 12:51:18
    [invitado_por] => 1
    [estado] => activo
    [token_activacion] => 
)

DEBUG - 2025-10-02 13:40:12 --> Dispositivos encontrados: Array
(
    [0] => Array
        (
            [id_dispositivo] => 1
            [nombre] => medidor de ecovolt
            [id_usuario] => 1
            [mac_address] => 00:1A:2B:3C:4D:5E
            [ip_address] => 
            [ultima_conexion] => 
            [estado] => activo
            [created_at] => 2025-04-10 22:26:34
            [stock] => 43
            [precio] => 85
            [descripcion] => 
            [fecha_actualizacion] => 2025-06-27 08:44:59
            [updated_at] => 2025-06-12 15:06:14
            [codigo_activacion] => 
            [fecha_activacion] => 
            [nombre_usuario] => brunito
            [email_usuario] => brunocameille@alumnos.itr3.edu.ar
            [ultima_lectura] => 
        )

    [1] => Array
        (
            [id_dispositivo] => 2
            [nombre] => ECOVOLT HOYY 18
            [id_usuario] => 1
            [mac_address] => 08:D1:F9:A5:2A:14
            [ip_address] => 
            [ultima_conexion] => 
            [estado] => activo
            [created_at] => 2025-04-11 10:03:27
            [stock] => 0
            [precio] => 0
            [descripcion] => funciona

            [fecha_actualizacion] => 2025-09-18 08:05:52
            [updated_at] => 2025-09-18 08:05:52
            [codigo_activacion] => 
            [fecha_activacion] => 
            [nombre_usuario] => brunito
            [email_usuario] => brunocameille@alumnos.itr3.edu.ar
            [ultima_lectura] => Array
                (
                    [id] => 12098
                    [id_dispositivo] => 2
                    [id_usuario] => 1
                    [voltaje] => 219
                    [corriente] => 0.45
                    [potencia] => 99
                    [kwh] => 0.35
                    [limite_superado] => 0
                    [fecha] => 2025-08-28 22:00:00
                    [mac_address] => 08:D1:F9:A5:2A:14
                )

        )

    [2] => Array
        (
            [id_dispositivo] => 29
            [nombre] => sadasd
            [id_usuario] => 1
            [mac_address] => AA:C3:CC:D1:EE:2F
            [ip_address] => 
            [ultima_conexion] => 
            [estado] => inactivo
            [created_at] => 2025-06-27 10:12:51
            [stock] => 0
            [precio] => 0
            [descripcion] => 
            [fecha_actualizacion] => 2025-09-18 08:04:51
            [updated_at] => 
            [codigo_activacion] => 
            [fecha_activacion] => 
            [nombre_usuario] => brunito
            [email_usuario] => brunocameille@alumnos.itr3.edu.ar
            [ultima_lectura] => 
        )

)

DEBUG - 2025-10-02 13:40:12 --> Consumo 24h: 0
DEBUG - 2025-10-02 13:40:12 --> Consumo promedio: 0
DEBUG - 2025-10-02 13:40:12 --> Datos enviados a la vista: Array
(
    [usuario] => Array
        (
            [id_usuario] => 80
            [nombre] => user
            [apellido] => camello
            [email] => enzog@gmail.com
            [contrasena] => $2y$10$McYkEf2xjBAE9J2yIKLBoOStlEwNexk.YS14G3cLphKVZBfBtlc5W
            [direccion_id] => 0
            [id_rol] => 2
            [created_at] => 2025-10-02 12:51:18
            [updated_at] => 2025-10-02 12:51:18
            [invitado_por] => 1
            [estado] => activo
            [token_activacion] => 
        )

    [dispositivos] => Array
        (
            [0] => Array
                (
                    [id_dispositivo] => 1
                    [nombre] => medidor de ecovolt
                    [id_usuario] => 1
                    [mac_address] => 00:1A:2B:3C:4D:5E
                    [ip_address] => 
                    [ultima_conexion] => 
                    [estado] => activo
                    [created_at] => 2025-04-10 22:26:34
                    [stock] => 43
                    [precio] => 85
                    [descripcion] => 
                    [fecha_actualizacion] => 2025-06-27 08:44:59
                    [updated_at] => 2025-06-12 15:06:14
                    [codigo_activacion] => 
                    [fecha_activacion] => 
                    [nombre_usuario] => brunito
                    [email_usuario] => brunocameille@alumnos.itr3.edu.ar
                    [ultima_lectura] => 
                )

            [1] => Array
                (
                    [id_dispositivo] => 2
                    [nombre] => ECOVOLT HOYY 18
                    [id_usuario] => 1
                    [mac_address] => 08:D1:F9:A5:2A:14
                    [ip_address] => 
                    [ultima_conexion] => 
                    [estado] => activo
                    [created_at] => 2025-04-11 10:03:27
                    [stock] => 0
                    [precio] => 0
                    [descripcion] => funciona

                    [fecha_actualizacion] => 2025-09-18 08:05:52
                    [updated_at] => 2025-09-18 08:05:52
                    [codigo_activacion] => 
                    [fecha_activacion] => 
                    [nombre_usuario] => brunito
                    [email_usuario] => brunocameille@alumnos.itr3.edu.ar
                    [ultima_lectura] => Array
                        (
                            [id] => 12098
                            [id_dispositivo] => 2
                            [id_usuario] => 1
                            [voltaje] => 219
                            [corriente] => 0.45
                            [potencia] => 99
                            [kwh] => 0.35
                            [limite_superado] => 0
                            [fecha] => 2025-08-28 22:00:00
                            [mac_address] => 08:D1:F9:A5:2A:14
                        )

                )

            [2] => Array
                (
                    [id_dispositivo] => 29
                    [nombre] => sadasd
                    [id_usuario] => 1
                    [mac_address] => AA:C3:CC:D1:EE:2F
                    [ip_address] => 
                    [ultima_conexion] => 
                    [estado] => inactivo
                    [created_at] => 2025-06-27 10:12:51
                    [stock] => 0
                    [precio] => 0
                    [descripcion] => 
                    [fecha_actualizacion] => 2025-09-18 08:04:51
                    [updated_at] => 
                    [codigo_activacion] => 
                    [fecha_activacion] => 
                    [nombre_usuario] => brunito
                    [email_usuario] => brunocameille@alumnos.itr3.edu.ar
                    [ultima_lectura] => 
                )

        )

    [dispositivos_propios] => Array
        (
        )

    [dispositivos_compartidos] => Array
        (
            [0] => Array
                (
                    [id_dispositivo] => 1
                    [nombre] => medidor de ecovolt
                    [id_usuario] => 1
                    [mac_address] => 00:1A:2B:3C:4D:5E
                    [ip_address] => 
                    [ultima_conexion] => 
                    [estado] => activo
                    [created_at] => 2025-04-10 22:26:34
                    [stock] => 43
                    [precio] => 85
                    [descripcion] => 
                    [fecha_actualizacion] => 2025-06-27 08:44:59
                    [updated_at] => 2025-06-12 15:06:14
                    [codigo_activacion] => 
                    [fecha_activacion] => 
                    [nombre_usuario] => brunito
                    [email_usuario] => brunocameille@alumnos.itr3.edu.ar
                    [ultima_lectura] => 
                )

            [1] => Array
                (
                    [id_dispositivo] => 2
                    [nombre] => ECOVOLT HOYY 18
                    [id_usuario] => 1
                    [mac_address] => 08:D1:F9:A5:2A:14
                    [ip_address] => 
                    [ultima_conexion] => 
                    [estado] => activo
                    [created_at] => 2025-04-11 10:03:27
                    [stock] => 0
                    [precio] => 0
                    [descripcion] => funciona

                    [fecha_actualizacion] => 2025-09-18 08:05:52
                    [updated_at] => 2025-09-18 08:05:52
                    [codigo_activacion] => 
                    [fecha_activacion] => 
                    [nombre_usuario] => brunito
                    [email_usuario] => brunocameille@alumnos.itr3.edu.ar
                    [ultima_lectura] => Array
                        (
                            [id] => 12098
                            [id_dispositivo] => 2
                            [id_usuario] => 1
                            [voltaje] => 219
                            [corriente] => 0.45
                            [potencia] => 99
                            [kwh] => 0.35
                            [limite_superado] => 0
                            [fecha] => 2025-08-28 22:00:00
                            [mac_address] => 08:D1:F9:A5:2A:14
                        )

                )

            [2] => Array
                (
                    [id_dispositivo] => 29
                    [nombre] => sadasd
                    [id_usuario] => 1
                    [mac_address] => AA:C3:CC:D1:EE:2F
                    [ip_address] => 
                    [ultima_conexion] => 
                    [estado] => inactivo
                    [created_at] => 2025-06-27 10:12:51
                    [stock] => 0
                    [precio] => 0
                    [descripcion] => 
                    [fecha_actualizacion] => 2025-09-18 08:04:51
                    [updated_at] => 
                    [codigo_activacion] => 
                    [fecha_activacion] => 
                    [nombre_usuario] => brunito
                    [email_usuario] => brunocameille@alumnos.itr3.edu.ar
                    [ultima_lectura] => 
                )

        )

    [consumo24h] => 0
    [consumoPromedio] => 0
    [activosPropios] => 0
)

DEBUG - 2025-10-02 13:40:18 --> Ruta actual: /Tesina/public/energia/dispositivo/2
INFO - 2025-10-02 13:40:18 --> Session: Class initialized using 'CodeIgniter\Session\Handlers\FileHandler' driver.
DEBUG - 2025-10-02 13:40:18 --> Datos en sesión: Array
(
    [__ci_last_regenerate] => 1759423124
    [_ci_previous_url] => http://192.168.2.118/Tesina/public/usuario
    [id_usuario] => 80
    [nombre] => user
    [apellido] => camello
    [email] => enzog@gmail.com
    [rol] => usuario
    [logged_in] => 1
    [tarifa_kwh] => 121213
)

INFO - 2025-10-02 13:40:20 --> Session: Class initialized using 'CodeIgniter\Session\Handlers\FileHandler' driver.
DEBUG - 2025-10-02 13:40:21 --> Ruta actual: /Tesina/public/perfil/perfil
INFO - 2025-10-02 13:40:21 --> Session: Class initialized using 'CodeIgniter\Session\Handlers\FileHandler' driver.
DEBUG - 2025-10-02 13:40:21 --> Datos en sesión: Array
(
    [__ci_last_regenerate] => 1759423124
    [_ci_previous_url] => http://192.168.2.118/Tesina/public/energia/dispositivo/2
    [id_usuario] => 80
    [nombre] => user
    [apellido] => camello
    [email] => enzog@gmail.com
    [rol] => usuario
    [logged_in] => 1
    [tarifa_kwh] => 121213
)

DEBUG - 2025-10-02 13:40:21 --> === INICIO ACTUALIZACIÓN PERFIL ===
DEBUG - 2025-10-02 13:40:21 --> ID Usuario: 80
DEBUG - 2025-10-02 13:40:21 --> Buscando usuario ID: 80
DEBUG - 2025-10-02 13:40:21 --> Resultado de la búsqueda: Array
(
    [id_usuario] => 80
    [nombre] => user
    [apellido] => camello
    [email] => enzog@gmail.com
    [contrasena] => $2y$10$McYkEf2xjBAE9J2yIKLBoOStlEwNexk.YS14G3cLphKVZBfBtlc5W
    [direccion_id] => 0
    [id_rol] => 2
    [created_at] => 2025-10-02 12:51:18
    [updated_at] => 2025-10-02 12:51:18
    [invitado_por] => 1
    [estado] => activo
    [token_activacion] => 
)

DEBUG - 2025-10-02 13:40:21 --> Datos actuales del usuario: Array
(
    [id_usuario] => 80
    [nombre] => user
    [apellido] => camello
    [email] => enzog@gmail.com
    [contrasena] => $2y$10$McYkEf2xjBAE9J2yIKLBoOStlEwNexk.YS14G3cLphKVZBfBtlc5W
    [direccion_id] => 0
    [id_rol] => 2
    [created_at] => 2025-10-02 12:51:18
    [updated_at] => 2025-10-02 12:51:18
    [invitado_por] => 1
    [estado] => activo
    [token_activacion] => 
)

DEBUG - 2025-10-02 13:40:24 --> Ruta actual: /Tesina/public/energia/dispositivo/2
INFO - 2025-10-02 13:40:24 --> Session: Class initialized using 'CodeIgniter\Session\Handlers\FileHandler' driver.
DEBUG - 2025-10-02 13:40:24 --> Datos en sesión: Array
(
    [__ci_last_regenerate] => 1759423124
    [_ci_previous_url] => http://192.168.2.118/Tesina/public/perfil/perfil
    [id_usuario] => 80
    [nombre] => user
    [apellido] => camello
    [email] => enzog@gmail.com
    [rol] => usuario
    [logged_in] => 1
    [tarifa_kwh] => 121213
)

INFO - 2025-10-02 13:40:25 --> Session: Class initialized using 'CodeIgniter\Session\Handlers\FileHandler' driver.
INFO - 2025-10-02 13:40:30 --> Session: Class initialized using 'CodeIgniter\Session\Handlers\FileHandler' driver.
INFO - 2025-10-02 13:40:35 --> Session: Class initialized using 'CodeIgniter\Session\Handlers\FileHandler' driver.
INFO - 2025-10-02 13:40:40 --> Session: Class initialized using 'CodeIgniter\Session\Handlers\FileHandler' driver.
INFO - 2025-10-02 13:40:45 --> Session: Class initialized using 'CodeIgniter\Session\Handlers\FileHandler' driver.
INFO - 2025-10-02 13:40:50 --> Session: Class initialized using 'CodeIgniter\Session\Handlers\FileHandler' driver.
INFO - 2025-10-02 13:40:55 --> Session: Class initialized using 'CodeIgniter\Session\Handlers\FileHandler' driver.
INFO - 2025-10-02 13:41:00 --> Session: Class initialized using 'CodeIgniter\Session\Handlers\FileHandler' driver.
INFO - 2025-10-02 13:41:05 --> Session: Class initialized using 'CodeIgniter\Session\Handlers\FileHandler' driver.
INFO - 2025-10-02 13:41:10 --> Session: Class initialized using 'CodeIgniter\Session\Handlers\FileHandler' driver.
INFO - 2025-10-02 13:41:11 --> Session: Class initialized using 'CodeIgniter\Session\Handlers\FileHandler' driver.
INFO - 2025-10-02 13:41:12 --> Session: Class initialized using 'CodeIgniter\Session\Handlers\FileHandler' driver.
INFO - 2025-10-02 13:41:36 --> Session: Class initialized using 'CodeIgniter\Session\Handlers\FileHandler' driver.
DEBUG - 2025-10-02 13:41:36 --> Intento de inicio de sesión para email: brunocameille@alumnos.itr3.edu.ar
DEBUG - 2025-10-02 13:41:36 --> Longitud de la contraseña ingresada: 17
DEBUG - 2025-10-02 13:41:36 --> Usuario encontrado: {"id":"1","email":"brunocameille@alumnos.itr3.edu.ar","estado":"activo","rol":"1"}
DEBUG - 2025-10-02 13:41:36 --> Resultado de verificación de contraseña: true
DEBUG - 2025-10-02 13:41:36 --> Hash almacenado en la base de datos: $2y$10$F4xQfULyrVhG1JD8Y21QR.vgn9Fzd257acxjmQqHQ3OYfEqBaAPb6
DEBUG - 2025-10-02 13:41:36 --> Inicio de sesión exitoso para usuario: brunocameille@alumnos.itr3.edu.ar
DEBUG - 2025-10-02 13:41:36 --> Datos de sesión guardados: {"id_usuario":"1","nombre":"brunito","apellido":"barber","email":"brunocameille@alumnos.itr3.edu.ar","rol":"admin","logged_in":true}
DEBUG - 2025-10-02 13:41:36 --> Ruta actual: /Tesina/public/admin
INFO - 2025-10-02 13:41:36 --> Session: Class initialized using 'CodeIgniter\Session\Handlers\FileHandler' driver.
DEBUG - 2025-10-02 13:41:36 --> Datos en sesión: Array
(
    [__ci_last_regenerate] => 1759423272
    [_ci_previous_url] => http://192.168.2.118/Tesina/public/autenticacion/login
    [id_usuario] => 1
    [nombre] => brunito
    [apellido] => barber
    [email] => brunocameille@alumnos.itr3.edu.ar
    [rol] => admin
    [logged_in] => 1
)

DEBUG - 2025-10-02 13:41:38 --> Ruta actual: /Tesina/public/admin/dispositivos
INFO - 2025-10-02 13:41:38 --> Session: Class initialized using 'CodeIgniter\Session\Handlers\FileHandler' driver.
DEBUG - 2025-10-02 13:41:38 --> Datos en sesión: Array
(
    [__ci_last_regenerate] => 1759423272
    [_ci_previous_url] => http://192.168.2.118/Tesina/public/admin
    [id_usuario] => 1
    [nombre] => brunito
    [apellido] => barber
    [email] => brunocameille@alumnos.itr3.edu.ar
    [rol] => admin
    [logged_in] => 1
)

DEBUG - 2025-10-02 13:41:38 --> Buscando usuario ID: 1
DEBUG - 2025-10-02 13:41:38 --> Resultado de la búsqueda: Array
(
    [id_usuario] => 1
    [nombre] => brunito
    [apellido] => barber
    [email] => brunocameille@alumnos.itr3.edu.ar
    [contrasena] => $2y$10$F4xQfULyrVhG1JD8Y21QR.vgn9Fzd257acxjmQqHQ3OYfEqBaAPb6
    [direccion_id] => 0
    [id_rol] => 1
    [created_at] => 2025-04-07 13:37:30
    [updated_at] => 2025-07-24 14:07:31
    [invitado_por] => 
    [estado] => activo
    [token_activacion] => 
)

DEBUG - 2025-10-02 13:41:43 --> Ruta actual: /Tesina/public/energia/dispositivo/2
INFO - 2025-10-02 13:41:43 --> Session: Class initialized using 'CodeIgniter\Session\Handlers\FileHandler' driver.
DEBUG - 2025-10-02 13:41:43 --> Datos en sesión: Array
(
    [__ci_last_regenerate] => 1759423272
    [_ci_previous_url] => http://192.168.2.118/Tesina/public/admin/dispositivos
    [id_usuario] => 1
    [nombre] => brunito
    [apellido] => barber
    [email] => brunocameille@alumnos.itr3.edu.ar
    [rol] => admin
    [logged_in] => 1
)

INFO - 2025-10-02 13:41:46 --> Session: Class initialized using 'CodeIgniter\Session\Handlers\FileHandler' driver.
DEBUG - 2025-10-02 13:41:46 --> Ruta actual: /Tesina/public/admin/dispositivos
INFO - 2025-10-02 13:41:46 --> Session: Class initialized using 'CodeIgniter\Session\Handlers\FileHandler' driver.
DEBUG - 2025-10-02 13:41:46 --> Datos en sesión: Array
(
    [__ci_last_regenerate] => 1759423272
    [_ci_previous_url] => http://192.168.2.118/Tesina/public/energia/dispositivo/2
    [id_usuario] => 1
    [nombre] => brunito
    [apellido] => barber
    [email] => brunocameille@alumnos.itr3.edu.ar
    [rol] => admin
    [logged_in] => 1
)

DEBUG - 2025-10-02 13:41:46 --> Buscando usuario ID: 1
DEBUG - 2025-10-02 13:41:46 --> Resultado de la búsqueda: Array
(
    [id_usuario] => 1
    [nombre] => brunito
    [apellido] => barber
    [email] => brunocameille@alumnos.itr3.edu.ar
    [contrasena] => $2y$10$F4xQfULyrVhG1JD8Y21QR.vgn9Fzd257acxjmQqHQ3OYfEqBaAPb6
    [direccion_id] => 0
    [id_rol] => 1
    [created_at] => 2025-04-07 13:37:30
    [updated_at] => 2025-07-24 14:07:31
    [invitado_por] => 
    [estado] => activo
    [token_activacion] => 
)

DEBUG - 2025-10-02 13:41:59 --> Ruta actual: /Tesina/public/admin/dispositivos/detalles/2
INFO - 2025-10-02 13:41:59 --> Session: Class initialized using 'CodeIgniter\Session\Handlers\FileHandler' driver.
DEBUG - 2025-10-02 13:41:59 --> Datos en sesión: Array
(
    [__ci_last_regenerate] => 1759423272
    [_ci_previous_url] => http://192.168.2.118/Tesina/public/admin/dispositivos
    [id_usuario] => 1
    [nombre] => brunito
    [apellido] => barber
    [email] => brunocameille@alumnos.itr3.edu.ar
    [rol] => admin
    [logged_in] => 1
)

DEBUG - 2025-10-02 13:42:06 --> Ruta actual: /Tesina/public/energia/dispositivo/2
INFO - 2025-10-02 13:42:06 --> Session: Class initialized using 'CodeIgniter\Session\Handlers\FileHandler' driver.
DEBUG - 2025-10-02 13:42:06 --> Datos en sesión: Array
(
    [__ci_last_regenerate] => 1759423272
    [_ci_previous_url] => http://192.168.2.118/Tesina/public/admin/dispositivos
    [id_usuario] => 1
    [nombre] => brunito
    [apellido] => barber
    [email] => brunocameille@alumnos.itr3.edu.ar
    [rol] => admin
    [logged_in] => 1
)

INFO - 2025-10-02 13:42:08 --> Session: Class initialized using 'CodeIgniter\Session\Handlers\FileHandler' driver.
INFO - 2025-10-02 13:42:12 --> Session: Class initialized using 'CodeIgniter\Session\Handlers\FileHandler' driver.
INFO - 2025-10-02 13:42:17 --> Session: Class initialized using 'CodeIgniter\Session\Handlers\FileHandler' driver.
INFO - 2025-10-02 13:42:22 --> Session: Class initialized using 'CodeIgniter\Session\Handlers\FileHandler' driver.
INFO - 2025-10-02 13:42:27 --> Session: Class initialized using 'CodeIgniter\Session\Handlers\FileHandler' driver.
INFO - 2025-10-02 13:42:32 --> Session: Class initialized using 'CodeIgniter\Session\Handlers\FileHandler' driver.
INFO - 2025-10-02 13:42:37 --> Session: Class initialized using 'CodeIgniter\Session\Handlers\FileHandler' driver.
INFO - 2025-10-02 13:42:42 --> Session: Class initialized using 'CodeIgniter\Session\Handlers\FileHandler' driver.
DEBUG - 2025-10-02 13:42:46 --> Ruta actual: /Tesina/public/admin/dispositivos
INFO - 2025-10-02 13:42:46 --> Session: Class initialized using 'CodeIgniter\Session\Handlers\FileHandler' driver.
DEBUG - 2025-10-02 13:42:46 --> Datos en sesión: Array
(
    [__ci_last_regenerate] => 1759423272
    [_ci_previous_url] => http://192.168.2.118/Tesina/public/energia/dispositivo/2
    [id_usuario] => 1
    [nombre] => brunito
    [apellido] => barber
    [email] => brunocameille@alumnos.itr3.edu.ar
    [rol] => admin
    [logged_in] => 1
)

DEBUG - 2025-10-02 13:42:46 --> Buscando usuario ID: 1
DEBUG - 2025-10-02 13:42:46 --> Resultado de la búsqueda: Array
(
    [id_usuario] => 1
    [nombre] => brunito
    [apellido] => barber
    [email] => brunocameille@alumnos.itr3.edu.ar
    [contrasena] => $2y$10$F4xQfULyrVhG1JD8Y21QR.vgn9Fzd257acxjmQqHQ3OYfEqBaAPb6
    [direccion_id] => 0
    [id_rol] => 1
    [created_at] => 2025-04-07 13:37:30
    [updated_at] => 2025-07-24 14:07:31
    [invitado_por] => 
    [estado] => activo
    [token_activacion] => 
)

DEBUG - 2025-10-02 13:42:50 --> Ruta actual: /Tesina/public/admin
INFO - 2025-10-02 13:42:50 --> Session: Class initialized using 'CodeIgniter\Session\Handlers\FileHandler' driver.
DEBUG - 2025-10-02 13:42:50 --> Datos en sesión: Array
(
    [__ci_last_regenerate] => 1759423272
    [_ci_previous_url] => http://192.168.2.118/Tesina/public/admin/dispositivos
    [id_usuario] => 1
    [nombre] => brunito
    [apellido] => barber
    [email] => brunocameille@alumnos.itr3.edu.ar
    [rol] => admin
    [logged_in] => 1
)

DEBUG - 2025-10-02 13:42:53 --> Ruta actual: /Tesina/public/admin/dispositivos
INFO - 2025-10-02 13:42:53 --> Session: Class initialized using 'CodeIgniter\Session\Handlers\FileHandler' driver.
DEBUG - 2025-10-02 13:42:53 --> Datos en sesión: Array
(
    [__ci_last_regenerate] => 1759423272
    [_ci_previous_url] => http://192.168.2.118/Tesina/public/admin
    [id_usuario] => 1
    [nombre] => brunito
    [apellido] => barber
    [email] => brunocameille@alumnos.itr3.edu.ar
    [rol] => admin
    [logged_in] => 1
)

DEBUG - 2025-10-02 13:42:53 --> Buscando usuario ID: 1
DEBUG - 2025-10-02 13:42:53 --> Resultado de la búsqueda: Array
(
    [id_usuario] => 1
    [nombre] => brunito
    [apellido] => barber
    [email] => brunocameille@alumnos.itr3.edu.ar
    [contrasena] => $2y$10$F4xQfULyrVhG1JD8Y21QR.vgn9Fzd257acxjmQqHQ3OYfEqBaAPb6
    [direccion_id] => 0
    [id_rol] => 1
    [created_at] => 2025-04-07 13:37:30
    [updated_at] => 2025-07-24 14:07:31
    [invitado_por] => 
    [estado] => activo
    [token_activacion] => 
)

DEBUG - 2025-10-02 13:43:19 --> Ruta actual: /Tesina/public/admin/dispositivos/desactivar/1
INFO - 2025-10-02 13:43:19 --> Session: Class initialized using 'CodeIgniter\Session\Handlers\FileHandler' driver.
DEBUG - 2025-10-02 13:43:19 --> Datos en sesión: Array
(
    [__ci_last_regenerate] => 1759423272
    [_ci_previous_url] => http://192.168.2.118/Tesina/public/admin/dispositivos
    [id_usuario] => 1
    [nombre] => brunito
    [apellido] => barber
    [email] => brunocameille@alumnos.itr3.edu.ar
    [rol] => admin
    [logged_in] => 1
)

DEBUG - 2025-10-02 13:43:20 --> Ruta actual: /Tesina/public/admin/dispositivos
INFO - 2025-10-02 13:43:20 --> Session: Class initialized using 'CodeIgniter\Session\Handlers\FileHandler' driver.
DEBUG - 2025-10-02 13:43:20 --> Datos en sesión: Array
(
    [__ci_last_regenerate] => 1759423272
    [_ci_previous_url] => http://192.168.2.118/Tesina/public/admin/dispositivos
    [id_usuario] => 1
    [nombre] => brunito
    [apellido] => barber
    [email] => brunocameille@alumnos.itr3.edu.ar
    [rol] => admin
    [logged_in] => 1
)

DEBUG - 2025-10-02 13:43:20 --> Buscando usuario ID: 1
DEBUG - 2025-10-02 13:43:20 --> Resultado de la búsqueda: Array
(
    [id_usuario] => 1
    [nombre] => brunito
    [apellido] => barber
    [email] => brunocameille@alumnos.itr3.edu.ar
    [contrasena] => $2y$10$F4xQfULyrVhG1JD8Y21QR.vgn9Fzd257acxjmQqHQ3OYfEqBaAPb6
    [direccion_id] => 0
    [id_rol] => 1
    [created_at] => 2025-04-07 13:37:30
    [updated_at] => 2025-07-24 14:07:31
    [invitado_por] => 
    [estado] => activo
    [token_activacion] => 
)

DEBUG - 2025-10-02 13:43:23 --> Ruta actual: /Tesina/public/admin/dispositivos/activar/1
INFO - 2025-10-02 13:43:23 --> Session: Class initialized using 'CodeIgniter\Session\Handlers\FileHandler' driver.
DEBUG - 2025-10-02 13:43:23 --> Datos en sesión: Array
(
    [__ci_last_regenerate] => 1759423272
    [_ci_previous_url] => http://192.168.2.118/Tesina/public/admin/dispositivos
    [id_usuario] => 1
    [nombre] => brunito
    [apellido] => barber
    [email] => brunocameille@alumnos.itr3.edu.ar
    [rol] => admin
    [logged_in] => 1
)

DEBUG - 2025-10-02 13:43:24 --> Ruta actual: /Tesina/public/admin/dispositivos
INFO - 2025-10-02 13:43:24 --> Session: Class initialized using 'CodeIgniter\Session\Handlers\FileHandler' driver.
DEBUG - 2025-10-02 13:43:24 --> Datos en sesión: Array
(
    [__ci_last_regenerate] => 1759423272
    [_ci_previous_url] => http://192.168.2.118/Tesina/public/admin/dispositivos
    [id_usuario] => 1
    [nombre] => brunito
    [apellido] => barber
    [email] => brunocameille@alumnos.itr3.edu.ar
    [rol] => admin
    [logged_in] => 1
)

DEBUG - 2025-10-02 13:43:24 --> Buscando usuario ID: 1
DEBUG - 2025-10-02 13:43:24 --> Resultado de la búsqueda: Array
(
    [id_usuario] => 1
    [nombre] => brunito
    [apellido] => barber
    [email] => brunocameille@alumnos.itr3.edu.ar
    [contrasena] => $2y$10$F4xQfULyrVhG1JD8Y21QR.vgn9Fzd257acxjmQqHQ3OYfEqBaAPb6
    [direccion_id] => 0
    [id_rol] => 1
    [created_at] => 2025-04-07 13:37:30
    [updated_at] => 2025-07-24 14:07:31
    [invitado_por] => 
    [estado] => activo
    [token_activacion] => 
)

DEBUG - 2025-10-02 13:43:42 --> Ruta actual: /Tesina/public/admin/dispositivos/buscar
INFO - 2025-10-02 13:43:42 --> Session: Class initialized using 'CodeIgniter\Session\Handlers\FileHandler' driver.
DEBUG - 2025-10-02 13:43:42 --> Datos en sesión: Array
(
    [__ci_last_regenerate] => 1759423272
    [_ci_previous_url] => http://192.168.2.118/Tesina/public/admin/dispositivos
    [id_usuario] => 1
    [nombre] => brunito
    [apellido] => barber
    [email] => brunocameille@alumnos.itr3.edu.ar
    [rol] => admin
    [logged_in] => 1
)

DEBUG - 2025-10-02 13:43:42 --> Buscando usuario ID: 1
DEBUG - 2025-10-02 13:43:42 --> Resultado de la búsqueda: Array
(
    [id_usuario] => 1
    [nombre] => brunito
    [apellido] => barber
    [email] => brunocameille@alumnos.itr3.edu.ar
    [contrasena] => $2y$10$F4xQfULyrVhG1JD8Y21QR.vgn9Fzd257acxjmQqHQ3OYfEqBaAPb6
    [direccion_id] => 0
    [id_rol] => 1
    [created_at] => 2025-04-07 13:37:30
    [updated_at] => 2025-07-24 14:07:31
    [invitado_por] => 
    [estado] => activo
    [token_activacion] => 
)

DEBUG - 2025-10-02 13:43:48 --> Ruta actual: /Tesina/public/dispositivo/agregar
INFO - 2025-10-02 13:43:48 --> Session: Class initialized using 'CodeIgniter\Session\Handlers\FileHandler' driver.
DEBUG - 2025-10-02 13:43:48 --> Datos en sesión: Array
(
    [__ci_last_regenerate] => 1759423272
    [_ci_previous_url] => http://192.168.2.118/Tesina/public/admin/dispositivos/buscar
    [id_usuario] => 1
    [nombre] => brunito
    [apellido] => barber
    [email] => brunocameille@alumnos.itr3.edu.ar
    [rol] => admin
    [logged_in] => 1
)

DEBUG - 2025-10-02 13:43:51 --> Ruta actual: /Tesina/public/admin/dispositivos
INFO - 2025-10-02 13:43:51 --> Session: Class initialized using 'CodeIgniter\Session\Handlers\FileHandler' driver.
DEBUG - 2025-10-02 13:43:51 --> Datos en sesión: Array
(
    [__ci_last_regenerate] => 1759423272
    [_ci_previous_url] => http://192.168.2.118/Tesina/public/dispositivo/agregar
    [id_usuario] => 1
    [nombre] => brunito
    [apellido] => barber
    [email] => brunocameille@alumnos.itr3.edu.ar
    [rol] => admin
    [logged_in] => 1
)

DEBUG - 2025-10-02 13:43:51 --> Buscando usuario ID: 1
DEBUG - 2025-10-02 13:43:51 --> Resultado de la búsqueda: Array
(
    [id_usuario] => 1
    [nombre] => brunito
    [apellido] => barber
    [email] => brunocameille@alumnos.itr3.edu.ar
    [contrasena] => $2y$10$F4xQfULyrVhG1JD8Y21QR.vgn9Fzd257acxjmQqHQ3OYfEqBaAPb6
    [direccion_id] => 0
    [id_rol] => 1
    [created_at] => 2025-04-07 13:37:30
    [updated_at] => 2025-07-24 14:07:31
    [invitado_por] => 
    [estado] => activo
    [token_activacion] => 
)

DEBUG - 2025-10-02 13:43:53 --> Ruta actual: /Tesina/public/admin
INFO - 2025-10-02 13:43:53 --> Session: Class initialized using 'CodeIgniter\Session\Handlers\FileHandler' driver.
DEBUG - 2025-10-02 13:43:53 --> Datos en sesión: Array
(
    [__ci_last_regenerate] => 1759423272
    [_ci_previous_url] => http://192.168.2.118/Tesina/public/admin/dispositivos
    [id_usuario] => 1
    [nombre] => brunito
    [apellido] => barber
    [email] => brunocameille@alumnos.itr3.edu.ar
    [rol] => admin
    [logged_in] => 1
)

DEBUG - 2025-10-02 13:44:18 --> Ruta actual: /Tesina/public/admin/dispositivos
INFO - 2025-10-02 13:44:18 --> Session: Class initialized using 'CodeIgniter\Session\Handlers\FileHandler' driver.
DEBUG - 2025-10-02 13:44:18 --> Datos en sesión: Array
(
    [__ci_last_regenerate] => 1759423272
    [_ci_previous_url] => http://192.168.2.118/Tesina/public/admin
    [id_usuario] => 1
    [nombre] => brunito
    [apellido] => barber
    [email] => brunocameille@alumnos.itr3.edu.ar
    [rol] => admin
    [logged_in] => 1
)

DEBUG - 2025-10-02 13:44:18 --> Buscando usuario ID: 1
DEBUG - 2025-10-02 13:44:18 --> Resultado de la búsqueda: Array
(
    [id_usuario] => 1
    [nombre] => brunito
    [apellido] => barber
    [email] => brunocameille@alumnos.itr3.edu.ar
    [contrasena] => $2y$10$F4xQfULyrVhG1JD8Y21QR.vgn9Fzd257acxjmQqHQ3OYfEqBaAPb6
    [direccion_id] => 0
    [id_rol] => 1
    [created_at] => 2025-04-07 13:37:30
    [updated_at] => 2025-07-24 14:07:31
    [invitado_por] => 
    [estado] => activo
    [token_activacion] => 
)

DEBUG - 2025-10-02 13:44:20 --> Ruta actual: /Tesina/public/admin
INFO - 2025-10-02 13:44:20 --> Session: Class initialized using 'CodeIgniter\Session\Handlers\FileHandler' driver.
DEBUG - 2025-10-02 13:44:20 --> Datos en sesión: Array
(
    [__ci_last_regenerate] => 1759423272
    [_ci_previous_url] => http://192.168.2.118/Tesina/public/admin/dispositivos
    [id_usuario] => 1
    [nombre] => brunito
    [apellido] => barber
    [email] => brunocameille@alumnos.itr3.edu.ar
    [rol] => admin
    [logged_in] => 1
)

DEBUG - 2025-10-02 13:44:48 --> Ruta actual: /Tesina/public/admin/dispositivos
INFO - 2025-10-02 13:44:48 --> Session: Class initialized using 'CodeIgniter\Session\Handlers\FileHandler' driver.
DEBUG - 2025-10-02 13:44:48 --> Datos en sesión: Array
(
    [__ci_last_regenerate] => 1759423272
    [_ci_previous_url] => http://192.168.2.118/Tesina/public/admin
    [id_usuario] => 1
    [nombre] => brunito
    [apellido] => barber
    [email] => brunocameille@alumnos.itr3.edu.ar
    [rol] => admin
    [logged_in] => 1
)

DEBUG - 2025-10-02 13:44:48 --> Buscando usuario ID: 1
DEBUG - 2025-10-02 13:44:48 --> Resultado de la búsqueda: Array
(
    [id_usuario] => 1
    [nombre] => brunito
    [apellido] => barber
    [email] => brunocameille@alumnos.itr3.edu.ar
    [contrasena] => $2y$10$F4xQfULyrVhG1JD8Y21QR.vgn9Fzd257acxjmQqHQ3OYfEqBaAPb6
    [direccion_id] => 0
    [id_rol] => 1
    [created_at] => 2025-04-07 13:37:30
    [updated_at] => 2025-07-24 14:07:31
    [invitado_por] => 
    [estado] => activo
    [token_activacion] => 
)

DEBUG - 2025-10-02 13:44:50 --> Ruta actual: /Tesina/public/admin
INFO - 2025-10-02 13:44:50 --> Session: Class initialized using 'CodeIgniter\Session\Handlers\FileHandler' driver.
DEBUG - 2025-10-02 13:44:50 --> Datos en sesión: Array
(
    [__ci_last_regenerate] => 1759423272
    [_ci_previous_url] => http://192.168.2.118/Tesina/public/admin/dispositivos
    [id_usuario] => 1
    [nombre] => brunito
    [apellido] => barber
    [email] => brunocameille@alumnos.itr3.edu.ar
    [rol] => admin
    [logged_in] => 1
)

DEBUG - 2025-10-02 13:45:31 --> Ruta actual: /Tesina/public/admin/dispositivos
INFO - 2025-10-02 13:45:31 --> Session: Class initialized using 'CodeIgniter\Session\Handlers\FileHandler' driver.
DEBUG - 2025-10-02 13:45:31 --> Datos en sesión: Array
(
    [__ci_last_regenerate] => 1759423272
    [_ci_previous_url] => http://192.168.2.118/Tesina/public/admin
    [id_usuario] => 1
    [nombre] => brunito
    [apellido] => barber
    [email] => brunocameille@alumnos.itr3.edu.ar
    [rol] => admin
    [logged_in] => 1
)

DEBUG - 2025-10-02 13:45:31 --> Buscando usuario ID: 1
DEBUG - 2025-10-02 13:45:31 --> Resultado de la búsqueda: Array
(
    [id_usuario] => 1
    [nombre] => brunito
    [apellido] => barber
    [email] => brunocameille@alumnos.itr3.edu.ar
    [contrasena] => $2y$10$F4xQfULyrVhG1JD8Y21QR.vgn9Fzd257acxjmQqHQ3OYfEqBaAPb6
    [direccion_id] => 0
    [id_rol] => 1
    [created_at] => 2025-04-07 13:37:30
    [updated_at] => 2025-07-24 14:07:31
    [invitado_por] => 
    [estado] => activo
    [token_activacion] => 
)

DEBUG - 2025-10-02 13:45:33 --> Ruta actual: /Tesina/public/admin
INFO - 2025-10-02 13:45:33 --> Session: Class initialized using 'CodeIgniter\Session\Handlers\FileHandler' driver.
DEBUG - 2025-10-02 13:45:33 --> Datos en sesión: Array
(
    [__ci_last_regenerate] => 1759423272
    [_ci_previous_url] => http://192.168.2.118/Tesina/public/admin/dispositivos
    [id_usuario] => 1
    [nombre] => brunito
    [apellido] => barber
    [email] => brunocameille@alumnos.itr3.edu.ar
    [rol] => admin
    [logged_in] => 1
)

DEBUG - 2025-10-02 13:45:36 --> Ruta actual: /Tesina/public/admin/dispositivos
INFO - 2025-10-02 13:45:36 --> Session: Class initialized using 'CodeIgniter\Session\Handlers\FileHandler' driver.
DEBUG - 2025-10-02 13:45:36 --> Datos en sesión: Array
(
    [__ci_last_regenerate] => 1759423272
    [_ci_previous_url] => http://192.168.2.118/Tesina/public/admin
    [id_usuario] => 1
    [nombre] => brunito
    [apellido] => barber
    [email] => brunocameille@alumnos.itr3.edu.ar
    [rol] => admin
    [logged_in] => 1
)

DEBUG - 2025-10-02 13:45:36 --> Buscando usuario ID: 1
DEBUG - 2025-10-02 13:45:37 --> Resultado de la búsqueda: Array
(
    [id_usuario] => 1
    [nombre] => brunito
    [apellido] => barber
    [email] => brunocameille@alumnos.itr3.edu.ar
    [contrasena] => $2y$10$F4xQfULyrVhG1JD8Y21QR.vgn9Fzd257acxjmQqHQ3OYfEqBaAPb6
    [direccion_id] => 0
    [id_rol] => 1
    [created_at] => 2025-04-07 13:37:30
    [updated_at] => 2025-07-24 14:07:31
    [invitado_por] => 
    [estado] => activo
    [token_activacion] => 
)

DEBUG - 2025-10-02 13:45:40 --> Ruta actual: /Tesina/public/energia/dispositivo/2
INFO - 2025-10-02 13:45:40 --> Session: Class initialized using 'CodeIgniter\Session\Handlers\FileHandler' driver.
DEBUG - 2025-10-02 13:45:40 --> Datos en sesión: Array
(
    [__ci_last_regenerate] => 1759423272
    [_ci_previous_url] => http://192.168.2.118/Tesina/public/admin/dispositivos
    [id_usuario] => 1
    [nombre] => brunito
    [apellido] => barber
    [email] => brunocameille@alumnos.itr3.edu.ar
    [rol] => admin
    [logged_in] => 1
)

INFO - 2025-10-02 13:45:43 --> Session: Class initialized using 'CodeIgniter\Session\Handlers\FileHandler' driver.
DEBUG - 2025-10-02 13:45:45 --> Ruta actual: /Tesina/public/admin/dispositivos
INFO - 2025-10-02 13:45:45 --> Session: Class initialized using 'CodeIgniter\Session\Handlers\FileHandler' driver.
DEBUG - 2025-10-02 13:45:45 --> Datos en sesión: Array
(
    [__ci_last_regenerate] => 1759423272
    [_ci_previous_url] => http://192.168.2.118/Tesina/public/energia/dispositivo/2
    [id_usuario] => 1
    [nombre] => brunito
    [apellido] => barber
    [email] => brunocameille@alumnos.itr3.edu.ar
    [rol] => admin
    [logged_in] => 1
)

DEBUG - 2025-10-02 13:45:45 --> Buscando usuario ID: 1
DEBUG - 2025-10-02 13:45:45 --> Resultado de la búsqueda: Array
(
    [id_usuario] => 1
    [nombre] => brunito
    [apellido] => barber
    [email] => brunocameille@alumnos.itr3.edu.ar
    [contrasena] => $2y$10$F4xQfULyrVhG1JD8Y21QR.vgn9Fzd257acxjmQqHQ3OYfEqBaAPb6
    [direccion_id] => 0
    [id_rol] => 1
    [created_at] => 2025-04-07 13:37:30
    [updated_at] => 2025-07-24 14:07:31
    [invitado_por] => 
    [estado] => activo
    [token_activacion] => 
)

DEBUG - 2025-10-02 13:45:47 --> Ruta actual: /Tesina/public/admin
INFO - 2025-10-02 13:45:47 --> Session: Class initialized using 'CodeIgniter\Session\Handlers\FileHandler' driver.
DEBUG - 2025-10-02 13:45:47 --> Datos en sesión: Array
(
    [__ci_last_regenerate] => 1759423272
    [_ci_previous_url] => http://192.168.2.118/Tesina/public/admin/dispositivos
    [id_usuario] => 1
    [nombre] => brunito
    [apellido] => barber
    [email] => brunocameille@alumnos.itr3.edu.ar
    [rol] => admin
    [logged_in] => 1
)

INFO - 2025-10-02 13:46:33 --> Session: Class initialized using 'CodeIgniter\Session\Handlers\FileHandler' driver.
INFO - 2025-10-02 13:46:34 --> Session: Class initialized using 'CodeIgniter\Session\Handlers\FileHandler' driver.
DEBUG - 2025-10-02 13:46:35 --> Ruta actual: /Tesina/public/admin
INFO - 2025-10-02 13:46:35 --> Session: Class initialized using 'CodeIgniter\Session\Handlers\FileHandler' driver.
DEBUG - 2025-10-02 13:46:35 --> Datos en sesión: Array
(
    [__ci_last_regenerate] => 1759423593
    [_ci_previous_url] => http://192.168.2.118/Tesina/public/admin
    [id_usuario] => 1
    [nombre] => brunito
    [apellido] => barber
    [email] => brunocameille@alumnos.itr3.edu.ar
    [rol] => admin
    [logged_in] => 1
    [locale] => en
)

INFO - 2025-10-02 13:46:39 --> Session: Class initialized using 'CodeIgniter\Session\Handlers\FileHandler' driver.
INFO - 2025-10-02 13:46:43 --> Session: Class initialized using 'CodeIgniter\Session\Handlers\FileHandler' driver.
INFO - 2025-10-02 13:46:43 --> Session: Class initialized using 'CodeIgniter\Session\Handlers\FileHandler' driver.
INFO - 2025-10-02 13:46:46 --> Session: Class initialized using 'CodeIgniter\Session\Handlers\FileHandler' driver.
INFO - 2025-10-02 13:46:50 --> Session: Class initialized using 'CodeIgniter\Session\Handlers\FileHandler' driver.
INFO - 2025-10-02 13:46:53 --> Session: Class initialized using 'CodeIgniter\Session\Handlers\FileHandler' driver.
INFO - 2025-10-02 13:46:54 --> Session: Class initialized using 'CodeIgniter\Session\Handlers\FileHandler' driver.
INFO - 2025-10-02 13:47:01 --> Session: Class initialized using 'CodeIgniter\Session\Handlers\FileHandler' driver.
INFO - 2025-10-02 13:47:56 --> Session: Class initialized using 'CodeIgniter\Session\Handlers\FileHandler' driver.
INFO - 2025-10-02 13:47:56 --> Session: Class initialized using 'CodeIgniter\Session\Handlers\FileHandler' driver.
INFO - 2025-10-02 13:47:59 --> Session: Class initialized using 'CodeIgniter\Session\Handlers\FileHandler' driver.
INFO - 2025-10-02 13:48:12 --> Session: Class initialized using 'CodeIgniter\Session\Handlers\FileHandler' driver.
INFO - 2025-10-02 13:48:26 --> Session: Class initialized using 'CodeIgniter\Session\Handlers\FileHandler' driver.
INFO - 2025-10-02 13:48:26 --> Session: Class initialized using 'CodeIgniter\Session\Handlers\FileHandler' driver.
INFO - 2025-10-02 13:48:50 --> Session: Class initialized using 'CodeIgniter\Session\Handlers\FileHandler' driver.
INFO - 2025-10-02 13:49:06 --> Session: Class initialized using 'CodeIgniter\Session\Handlers\FileHandler' driver.
INFO - 2025-10-02 13:49:44 --> Session: Class initialized using 'CodeIgniter\Session\Handlers\FileHandler' driver.
DEBUG - 2025-10-02 13:49:44 --> Intento de inicio de sesión para email: brunocameille@alumnos.itr3.edu.ar
DEBUG - 2025-10-02 13:49:44 --> Longitud de la contraseña ingresada: 17
DEBUG - 2025-10-02 13:49:44 --> Usuario encontrado: {"id":"1","email":"brunocameille@alumnos.itr3.edu.ar","estado":"activo","rol":"1"}
DEBUG - 2025-10-02 13:49:44 --> Resultado de verificación de contraseña: true
DEBUG - 2025-10-02 13:49:44 --> Hash almacenado en la base de datos: $2y$10$F4xQfULyrVhG1JD8Y21QR.vgn9Fzd257acxjmQqHQ3OYfEqBaAPb6
DEBUG - 2025-10-02 13:49:44 --> Inicio de sesión exitoso para usuario: brunocameille@alumnos.itr3.edu.ar
DEBUG - 2025-10-02 13:49:44 --> Datos de sesión guardados: {"id_usuario":"1","nombre":"brunito","apellido":"barber","email":"brunocameille@alumnos.itr3.edu.ar","rol":"admin","logged_in":true}
DEBUG - 2025-10-02 13:49:45 --> Ruta actual: /Tesina/public/admin
INFO - 2025-10-02 13:49:45 --> Session: Class initialized using 'CodeIgniter\Session\Handlers\FileHandler' driver.
DEBUG - 2025-10-02 13:49:45 --> Datos en sesión: Array
(
    [__ci_last_regenerate] => 1759423603
    [_ci_previous_url] => http://192.168.2.118/Tesina/public/autenticacion/login
    [locale] => en
    [id_usuario] => 1
    [nombre] => brunito
    [apellido] => barber
    [email] => brunocameille@alumnos.itr3.edu.ar
    [rol] => admin
    [logged_in] => 1
)

DEBUG - 2025-10-02 13:49:48 --> Ruta actual: /Tesina/public/admin/dispositivos
INFO - 2025-10-02 13:49:48 --> Session: Class initialized using 'CodeIgniter\Session\Handlers\FileHandler' driver.
DEBUG - 2025-10-02 13:49:48 --> Datos en sesión: Array
(
    [__ci_last_regenerate] => 1759423603
    [_ci_previous_url] => http://192.168.2.118/Tesina/public/admin
    [locale] => en
    [id_usuario] => 1
    [nombre] => brunito
    [apellido] => barber
    [email] => brunocameille@alumnos.itr3.edu.ar
    [rol] => admin
    [logged_in] => 1
)

DEBUG - 2025-10-02 13:49:48 --> Buscando usuario ID: 1
DEBUG - 2025-10-02 13:49:48 --> Resultado de la búsqueda: Array
(
    [id_usuario] => 1
    [nombre] => brunito
    [apellido] => barber
    [email] => brunocameille@alumnos.itr3.edu.ar
    [contrasena] => $2y$10$F4xQfULyrVhG1JD8Y21QR.vgn9Fzd257acxjmQqHQ3OYfEqBaAPb6
    [direccion_id] => 0
    [id_rol] => 1
    [created_at] => 2025-04-07 13:37:30
    [updated_at] => 2025-07-24 14:07:31
    [invitado_por] => 
    [estado] => activo
    [token_activacion] => 
)

DEBUG - 2025-10-02 13:49:51 --> Ruta actual: /Tesina/public/dispositivo/control/2
INFO - 2025-10-02 13:49:51 --> Session: Class initialized using 'CodeIgniter\Session\Handlers\FileHandler' driver.
DEBUG - 2025-10-02 13:49:51 --> Datos en sesión: Array
(
    [__ci_last_regenerate] => 1759423603
    [_ci_previous_url] => http://192.168.2.118/Tesina/public/admin/dispositivos
    [locale] => en
    [id_usuario] => 1
    [nombre] => brunito
    [apellido] => barber
    [email] => brunocameille@alumnos.itr3.edu.ar
    [rol] => admin
    [logged_in] => 1
)

DEBUG - 2025-10-02 13:49:56 --> Ruta actual: /Tesina/public/energia/dispositivo/2
INFO - 2025-10-02 13:49:56 --> Session: Class initialized using 'CodeIgniter\Session\Handlers\FileHandler' driver.
DEBUG - 2025-10-02 13:49:56 --> Datos en sesión: Array
(
    [__ci_last_regenerate] => 1759423603
    [_ci_previous_url] => http://192.168.2.118/Tesina/public/dispositivo/control/2
    [locale] => en
    [id_usuario] => 1
    [nombre] => brunito
    [apellido] => barber
    [email] => brunocameille@alumnos.itr3.edu.ar
    [rol] => admin
    [logged_in] => 1
)

INFO - 2025-10-02 13:49:58 --> Session: Class initialized using 'CodeIgniter\Session\Handlers\FileHandler' driver.
INFO - 2025-10-02 13:50:02 --> Session: Class initialized using 'CodeIgniter\Session\Handlers\FileHandler' driver.
INFO - 2025-10-02 13:50:07 --> Session: Class initialized using 'CodeIgniter\Session\Handlers\FileHandler' driver.
INFO - 2025-10-02 13:50:12 --> Session: Class initialized using 'CodeIgniter\Session\Handlers\FileHandler' driver.
INFO - 2025-10-02 13:50:17 --> Session: Class initialized using 'CodeIgniter\Session\Handlers\FileHandler' driver.
INFO - 2025-10-02 13:50:22 --> Session: Class initialized using 'CodeIgniter\Session\Handlers\FileHandler' driver.
INFO - 2025-10-02 13:50:27 --> Session: Class initialized using 'CodeIgniter\Session\Handlers\FileHandler' driver.
INFO - 2025-10-02 13:50:32 --> Session: Class initialized using 'CodeIgniter\Session\Handlers\FileHandler' driver.
INFO - 2025-10-02 13:50:35 --> Session: Class initialized using 'CodeIgniter\Session\Handlers\FileHandler' driver.
INFO - 2025-10-02 13:50:35 --> Session: Class initialized using 'CodeIgniter\Session\Handlers\FileHandler' driver.
INFO - 2025-10-02 13:50:35 --> Session: Class initialized using 'CodeIgniter\Session\Handlers\FileHandler' driver.
INFO - 2025-10-02 13:50:35 --> Session: Class initialized using 'CodeIgniter\Session\Handlers\FileHandler' driver.
INFO - 2025-10-02 13:50:35 --> Session: Class initialized using 'CodeIgniter\Session\Handlers\FileHandler' driver.
INFO - 2025-10-02 13:50:35 --> Session: Class initialized using 'CodeIgniter\Session\Handlers\FileHandler' driver.
INFO - 2025-10-02 13:50:35 --> Session: Class initialized using 'CodeIgniter\Session\Handlers\FileHandler' driver.
INFO - 2025-10-02 13:50:37 --> Session: Class initialized using 'CodeIgniter\Session\Handlers\FileHandler' driver.
INFO - 2025-10-02 13:50:37 --> Session: Class initialized using 'CodeIgniter\Session\Handlers\FileHandler' driver.
DEBUG - 2025-10-02 13:50:38 --> Ruta actual: /Tesina/public/energia/generarPDF/2
INFO - 2025-10-02 13:50:38 --> Session: Class initialized using 'CodeIgniter\Session\Handlers\FileHandler' driver.
DEBUG - 2025-10-02 13:50:38 --> Datos en sesión: Array
(
    [__ci_last_regenerate] => 1759423603
    [_ci_previous_url] => http://192.168.2.118/Tesina/public/energia/dispositivo/2
    [locale] => en
    [id_usuario] => 1
    [nombre] => brunito
    [apellido] => barber
    [email] => brunocameille@alumnos.itr3.edu.ar
    [rol] => admin
    [logged_in] => 1
    [tarifa_kwh] => 6777676
)

INFO - 2025-10-02 13:50:43 --> Session: Class initialized using 'CodeIgniter\Session\Handlers\FileHandler' driver.
INFO - 2025-10-02 13:50:48 --> Session: Class initialized using 'CodeIgniter\Session\Handlers\FileHandler' driver.
INFO - 2025-10-02 13:50:53 --> Session: Class initialized using 'CodeIgniter\Session\Handlers\FileHandler' driver.
INFO - 2025-10-02 13:50:58 --> Session: Class initialized using 'CodeIgniter\Session\Handlers\FileHandler' driver.
INFO - 2025-10-02 13:51:02 --> Session: Class initialized using 'CodeIgniter\Session\Handlers\FileHandler' driver.
INFO - 2025-10-02 13:51:04 --> Session: Class initialized using 'CodeIgniter\Session\Handlers\FileHandler' driver.
INFO - 2025-10-02 13:51:07 --> Session: Class initialized using 'CodeIgniter\Session\Handlers\FileHandler' driver.
INFO - 2025-10-02 13:51:07 --> Session: Class initialized using 'CodeIgniter\Session\Handlers\FileHandler' driver.
INFO - 2025-10-02 13:51:12 --> Session: Class initialized using 'CodeIgniter\Session\Handlers\FileHandler' driver.
INFO - 2025-10-02 13:51:15 --> Session: Class initialized using 'CodeIgniter\Session\Handlers\FileHandler' driver.
INFO - 2025-10-02 13:51:17 --> Session: Class initialized using 'CodeIgniter\Session\Handlers\FileHandler' driver.
INFO - 2025-10-02 13:51:17 --> Session: Class initialized using 'CodeIgniter\Session\Handlers\FileHandler' driver.
INFO - 2025-10-02 13:51:22 --> Session: Class initialized using 'CodeIgniter\Session\Handlers\FileHandler' driver.
INFO - 2025-10-02 13:51:27 --> Session: Class initialized using 'CodeIgniter\Session\Handlers\FileHandler' driver.
INFO - 2025-10-02 13:51:33 --> Session: Class initialized using 'CodeIgniter\Session\Handlers\FileHandler' driver.
INFO - 2025-10-02 13:51:38 --> Session: Class initialized using 'CodeIgniter\Session\Handlers\FileHandler' driver.
INFO - 2025-10-02 13:51:43 --> Session: Class initialized using 'CodeIgniter\Session\Handlers\FileHandler' driver.
INFO - 2025-10-02 13:51:48 --> Session: Class initialized using 'CodeIgniter\Session\Handlers\FileHandler' driver.
INFO - 2025-10-02 13:51:53 --> Session: Class initialized using 'CodeIgniter\Session\Handlers\FileHandler' driver.
INFO - 2025-10-02 13:51:58 --> Session: Class initialized using 'CodeIgniter\Session\Handlers\FileHandler' driver.
INFO - 2025-10-02 13:52:03 --> Session: Class initialized using 'CodeIgniter\Session\Handlers\FileHandler' driver.
INFO - 2025-10-02 13:52:08 --> Session: Class initialized using 'CodeIgniter\Session\Handlers\FileHandler' driver.
INFO - 2025-10-02 13:52:13 --> Session: Class initialized using 'CodeIgniter\Session\Handlers\FileHandler' driver.
INFO - 2025-10-02 13:52:18 --> Session: Class initialized using 'CodeIgniter\Session\Handlers\FileHandler' driver.
INFO - 2025-10-02 13:52:23 --> Session: Class initialized using 'CodeIgniter\Session\Handlers\FileHandler' driver.
INFO - 2025-10-02 13:52:28 --> Session: Class initialized using 'CodeIgniter\Session\Handlers\FileHandler' driver.
INFO - 2025-10-02 13:52:55 --> Session: Class initialized using 'CodeIgniter\Session\Handlers\FileHandler' driver.
INFO - 2025-10-02 13:53:55 --> Session: Class initialized using 'CodeIgniter\Session\Handlers\FileHandler' driver.
INFO - 2025-10-02 13:54:55 --> Session: Class initialized using 'CodeIgniter\Session\Handlers\FileHandler' driver.
INFO - 2025-10-02 13:55:55 --> Session: Class initialized using 'CodeIgniter\Session\Handlers\FileHandler' driver.
INFO - 2025-10-02 13:56:55 --> Session: Class initialized using 'CodeIgniter\Session\Handlers\FileHandler' driver.
INFO - 2025-10-02 13:57:55 --> Session: Class initialized using 'CodeIgniter\Session\Handlers\FileHandler' driver.
INFO - 2025-10-02 13:58:55 --> Session: Class initialized using 'CodeIgniter\Session\Handlers\FileHandler' driver.
INFO - 2025-10-02 13:59:55 --> Session: Class initialized using 'CodeIgniter\Session\Handlers\FileHandler' driver.
INFO - 2025-10-02 14:00:55 --> Session: Class initialized using 'CodeIgniter\Session\Handlers\FileHandler' driver.
INFO - 2025-10-02 14:01:55 --> Session: Class initialized using 'CodeIgniter\Session\Handlers\FileHandler' driver.
INFO - 2025-10-02 14:02:55 --> Session: Class initialized using 'CodeIgniter\Session\Handlers\FileHandler' driver.
INFO - 2025-10-02 14:03:55 --> Session: Class initialized using 'CodeIgniter\Session\Handlers\FileHandler' driver.
INFO - 2025-10-02 14:04:55 --> Session: Class initialized using 'CodeIgniter\Session\Handlers\FileHandler' driver.
INFO - 2025-10-02 14:05:55 --> Session: Class initialized using 'CodeIgniter\Session\Handlers\FileHandler' driver.
INFO - 2025-10-02 14:06:55 --> Session: Class initialized using 'CodeIgniter\Session\Handlers\FileHandler' driver.
INFO - 2025-10-02 14:07:06 --> Session: Class initialized using 'CodeIgniter\Session\Handlers\FileHandler' driver.
INFO - 2025-10-02 14:07:07 --> Session: Class initialized using 'CodeIgniter\Session\Handlers\FileHandler' driver.
INFO - 2025-10-02 14:07:17 --> Session: Class initialized using 'CodeIgniter\Session\Handlers\FileHandler' driver.
INFO - 2025-10-02 14:07:18 --> Session: Class initialized using 'CodeIgniter\Session\Handlers\FileHandler' driver.
INFO - 2025-10-02 14:07:22 --> Session: Class initialized using 'CodeIgniter\Session\Handlers\FileHandler' driver.
INFO - 2025-10-02 14:07:27 --> Session: Class initialized using 'CodeIgniter\Session\Handlers\FileHandler' driver.
INFO - 2025-10-02 14:07:32 --> Session: Class initialized using 'CodeIgniter\Session\Handlers\FileHandler' driver.
INFO - 2025-10-02 14:07:34 --> Session: Class initialized using 'CodeIgniter\Session\Handlers\FileHandler' driver.
INFO - 2025-10-02 14:07:37 --> Session: Class initialized using 'CodeIgniter\Session\Handlers\FileHandler' driver.
INFO - 2025-10-02 14:07:37 --> Session: Class initialized using 'CodeIgniter\Session\Handlers\FileHandler' driver.
INFO - 2025-10-02 14:07:42 --> Session: Class initialized using 'CodeIgniter\Session\Handlers\FileHandler' driver.
INFO - 2025-10-02 14:07:48 --> Session: Class initialized using 'CodeIgniter\Session\Handlers\FileHandler' driver.
INFO - 2025-10-02 14:07:53 --> Session: Class initialized using 'CodeIgniter\Session\Handlers\FileHandler' driver.
INFO - 2025-10-02 14:07:58 --> Session: Class initialized using 'CodeIgniter\Session\Handlers\FileHandler' driver.
INFO - 2025-10-02 14:08:03 --> Session: Class initialized using 'CodeIgniter\Session\Handlers\FileHandler' driver.
INFO - 2025-10-02 14:08:09 --> Session: Class initialized using 'CodeIgniter\Session\Handlers\FileHandler' driver.
INFO - 2025-10-02 14:08:13 --> Session: Class initialized using 'CodeIgniter\Session\Handlers\FileHandler' driver.
INFO - 2025-10-02 14:08:19 --> Session: Class initialized using 'CodeIgniter\Session\Handlers\FileHandler' driver.
INFO - 2025-10-02 14:08:23 --> Session: Class initialized using 'CodeIgniter\Session\Handlers\FileHandler' driver.
INFO - 2025-10-02 14:08:28 --> Session: Class initialized using 'CodeIgniter\Session\Handlers\FileHandler' driver.
INFO - 2025-10-02 14:08:33 --> Session: Class initialized using 'CodeIgniter\Session\Handlers\FileHandler' driver.
INFO - 2025-10-02 14:08:39 --> Session: Class initialized using 'CodeIgniter\Session\Handlers\FileHandler' driver.
INFO - 2025-10-02 14:08:43 --> Session: Class initialized using 'CodeIgniter\Session\Handlers\FileHandler' driver.
INFO - 2025-10-02 14:08:55 --> Session: Class initialized using 'CodeIgniter\Session\Handlers\FileHandler' driver.
INFO - 2025-10-02 14:09:55 --> Session: Class initialized using 'CodeIgniter\Session\Handlers\FileHandler' driver.
INFO - 2025-10-02 14:10:55 --> Session: Class initialized using 'CodeIgniter\Session\Handlers\FileHandler' driver.
INFO - 2025-10-02 14:11:56 --> Session: Class initialized using 'CodeIgniter\Session\Handlers\FileHandler' driver.
INFO - 2025-10-02 14:12:04 --> Session: Class initialized using 'CodeIgniter\Session\Handlers\FileHandler' driver.
DEBUG - 2025-10-02 14:12:04 --> Intento de inicio de sesión para email: eljkosieisis@gmail.com
DEBUG - 2025-10-02 14:12:04 --> Longitud de la contraseña ingresada: 10
DEBUG - 2025-10-02 14:12:04 --> Usuario no encontrado para email: eljkosieisis@gmail.com
DEBUG - 2025-10-02 14:12:06 --> Ruta actual: /Tesina/public/energia/generarPDF/2
INFO - 2025-10-02 14:12:06 --> Session: Class initialized using 'CodeIgniter\Session\Handlers\FileHandler' driver.
DEBUG - 2025-10-02 14:12:06 --> Datos en sesión: Array
(
    [__ci_last_regenerate] => 1759424878
    [_ci_previous_url] => http://192.168.2.118/Tesina/public/energia/generarPDF/2
    [locale] => en
    [id_usuario] => 1
    [nombre] => brunito
    [apellido] => barber
    [email] => brunocameille@alumnos.itr3.edu.ar
    [rol] => admin
    [logged_in] => 1
    [tarifa_kwh] => 6777676
)

INFO - 2025-10-02 14:12:10 --> Session: Class initialized using 'CodeIgniter\Session\Handlers\FileHandler' driver.
DEBUG - 2025-10-02 14:12:10 --> Intento de inicio de sesión para email: eljkosieisis@gmail.com
DEBUG - 2025-10-02 14:12:10 --> Longitud de la contraseña ingresada: 10
DEBUG - 2025-10-02 14:12:10 --> Usuario no encontrado para email: eljkosieisis@gmail.com
DEBUG - 2025-10-02 14:12:11 --> Ruta actual: /Tesina/public/energia/generarPDF/2
INFO - 2025-10-02 14:12:11 --> Session: Class initialized using 'CodeIgniter\Session\Handlers\FileHandler' driver.
DEBUG - 2025-10-02 14:12:11 --> Datos en sesión: Array
(
    [__ci_last_regenerate] => 1759424878
    [_ci_previous_url] => http://192.168.2.118/Tesina/public/energia/generarPDF/2
    [locale] => en
    [id_usuario] => 1
    [nombre] => brunito
    [apellido] => barber
    [email] => brunocameille@alumnos.itr3.edu.ar
    [rol] => admin
    [logged_in] => 1
    [tarifa_kwh] => 6777676
)

INFO - 2025-10-02 14:12:15 --> Session: Class initialized using 'CodeIgniter\Session\Handlers\FileHandler' driver.
DEBUG - 2025-10-02 14:12:17 --> Ruta actual: /Tesina/public/admin/dispositivos
INFO - 2025-10-02 14:12:17 --> Session: Class initialized using 'CodeIgniter\Session\Handlers\FileHandler' driver.
DEBUG - 2025-10-02 14:12:17 --> Datos en sesión: Array
(
    [__ci_last_regenerate] => 1759424878
    [_ci_previous_url] => http://192.168.2.118/Tesina/public/energia/generarPDF/2
    [locale] => en
    [id_usuario] => 1
    [nombre] => brunito
    [apellido] => barber
    [email] => brunocameille@alumnos.itr3.edu.ar
    [rol] => admin
    [logged_in] => 1
    [tarifa_kwh] => 6777676
)

DEBUG - 2025-10-02 14:12:17 --> Buscando usuario ID: 1
DEBUG - 2025-10-02 14:12:17 --> Resultado de la búsqueda: Array
(
    [id_usuario] => 1
    [nombre] => brunito
    [apellido] => barber
    [email] => brunocameille@alumnos.itr3.edu.ar
    [contrasena] => $2y$10$F4xQfULyrVhG1JD8Y21QR.vgn9Fzd257acxjmQqHQ3OYfEqBaAPb6
    [direccion_id] => 0
    [id_rol] => 1
    [created_at] => 2025-04-07 13:37:30
    [updated_at] => 2025-07-24 14:07:31
    [invitado_por] => 
    [estado] => activo
    [token_activacion] => 
)

INFO - 2025-10-02 14:12:18 --> Session: Class initialized using 'CodeIgniter\Session\Handlers\FileHandler' driver.
INFO - 2025-10-02 14:12:19 --> Session: Class initialized using 'CodeIgniter\Session\Handlers\FileHandler' driver.
INFO - 2025-10-02 14:12:27 --> Session: Class initialized using 'CodeIgniter\Session\Handlers\FileHandler' driver.
DEBUG - 2025-10-02 14:12:27 --> Intento de inicio de sesión para email: brunocameille@alumnos.itr3.edu.ar
DEBUG - 2025-10-02 14:12:27 --> Longitud de la contraseña ingresada: 17
DEBUG - 2025-10-02 14:12:27 --> Usuario encontrado: {"id":"1","email":"brunocameille@alumnos.itr3.edu.ar","estado":"activo","rol":"1"}
DEBUG - 2025-10-02 14:12:27 --> Resultado de verificación de contraseña: true
DEBUG - 2025-10-02 14:12:27 --> Hash almacenado en la base de datos: $2y$10$F4xQfULyrVhG1JD8Y21QR.vgn9Fzd257acxjmQqHQ3OYfEqBaAPb6
DEBUG - 2025-10-02 14:12:27 --> Inicio de sesión exitoso para usuario: brunocameille@alumnos.itr3.edu.ar
DEBUG - 2025-10-02 14:12:27 --> Datos de sesión guardados: {"id_usuario":"1","nombre":"brunito","apellido":"barber","email":"brunocameille@alumnos.itr3.edu.ar","rol":"admin","logged_in":true}
DEBUG - 2025-10-02 14:12:27 --> Ruta actual: /Tesina/public/admin
INFO - 2025-10-02 14:12:27 --> Session: Class initialized using 'CodeIgniter\Session\Handlers\FileHandler' driver.
DEBUG - 2025-10-02 14:12:27 --> Datos en sesión: Array
(
    [__ci_last_regenerate] => 1759425139
    [_ci_previous_url] => http://192.168.2.118/Tesina/public/autenticacion/login
    [id_usuario] => 1
    [nombre] => brunito
    [apellido] => barber
    [email] => brunocameille@alumnos.itr3.edu.ar
    [rol] => admin
    [logged_in] => 1
)

INFO - 2025-10-02 14:12:30 --> Session: Class initialized using 'CodeIgniter\Session\Handlers\FileHandler' driver.
INFO - 2025-10-02 14:12:30 --> Session: Class initialized using 'CodeIgniter\Session\Handlers\FileHandler' driver.
INFO - 2025-10-02 14:12:39 --> Session: Class initialized using 'CodeIgniter\Session\Handlers\FileHandler' driver.
DEBUG - 2025-10-02 14:12:39 --> Intento de inicio de sesión para email: eljkosieisis@gmail.com
DEBUG - 2025-10-02 14:12:39 --> Longitud de la contraseña ingresada: 10
DEBUG - 2025-10-02 14:12:39 --> Usuario no encontrado para email: eljkosieisis@gmail.com
INFO - 2025-10-02 14:12:39 --> Session: Class initialized using 'CodeIgniter\Session\Handlers\FileHandler' driver.
INFO - 2025-10-02 14:12:54 --> Session: Class initialized using 'CodeIgniter\Session\Handlers\FileHandler' driver.
DEBUG - 2025-10-02 14:12:54 --> Intento de inicio de sesión para email: eljkosieisis@gmail.com
DEBUG - 2025-10-02 14:12:54 --> Longitud de la contraseña ingresada: 10
DEBUG - 2025-10-02 14:12:54 --> Usuario no encontrado para email: eljkosieisis@gmail.com
INFO - 2025-10-02 14:12:54 --> Session: Class initialized using 'CodeIgniter\Session\Handlers\FileHandler' driver.
INFO - 2025-10-02 14:13:13 --> Session: Class initialized using 'CodeIgniter\Session\Handlers\FileHandler' driver.
INFO - 2025-10-02 14:13:13 --> Session: Class initialized using 'CodeIgniter\Session\Handlers\FileHandler' driver.
INFO - 2025-10-02 14:13:38 --> Session: Class initialized using 'CodeIgniter\Session\Handlers\FileHandler' driver.
DEBUG - 2025-10-02 14:13:38 --> Intento de inicio de sesión para email: eljkosieisis@gmial.com
DEBUG - 2025-10-02 14:13:38 --> Longitud de la contraseña ingresada: 10
DEBUG - 2025-10-02 14:13:38 --> Usuario no encontrado para email: eljkosieisis@gmial.com
INFO - 2025-10-02 14:13:39 --> Session: Class initialized using 'CodeIgniter\Session\Handlers\FileHandler' driver.
INFO - 2025-10-02 14:13:53 --> Session: Class initialized using 'CodeIgniter\Session\Handlers\FileHandler' driver.
DEBUG - 2025-10-02 14:13:53 --> Intento de inicio de sesión para email: brunocameille@alumnos.itr3.edu.ar
DEBUG - 2025-10-02 14:13:53 --> Longitud de la contraseña ingresada: 17
DEBUG - 2025-10-02 14:13:53 --> Usuario encontrado: {"id":"1","email":"brunocameille@alumnos.itr3.edu.ar","estado":"activo","rol":"1"}
DEBUG - 2025-10-02 14:13:53 --> Resultado de verificación de contraseña: true
DEBUG - 2025-10-02 14:13:53 --> Hash almacenado en la base de datos: $2y$10$F4xQfULyrVhG1JD8Y21QR.vgn9Fzd257acxjmQqHQ3OYfEqBaAPb6
DEBUG - 2025-10-02 14:13:53 --> Inicio de sesión exitoso para usuario: brunocameille@alumnos.itr3.edu.ar
DEBUG - 2025-10-02 14:13:53 --> Datos de sesión guardados: {"id_usuario":"1","nombre":"brunito","apellido":"barber","email":"brunocameille@alumnos.itr3.edu.ar","rol":"admin","logged_in":true}
DEBUG - 2025-10-02 14:13:54 --> Ruta actual: /Tesina/public/admin
INFO - 2025-10-02 14:13:54 --> Session: Class initialized using 'CodeIgniter\Session\Handlers\FileHandler' driver.
DEBUG - 2025-10-02 14:13:54 --> Datos en sesión: Array
(
    [__ci_last_regenerate] => 1759425193
    [_ci_previous_url] => http://192.168.2.118/Tesina/public/autenticacion/login
    [id_usuario] => 1
    [nombre] => brunito
    [apellido] => barber
    [email] => brunocameille@alumnos.itr3.edu.ar
    [rol] => admin
    [logged_in] => 1
)

DEBUG - 2025-10-02 14:14:03 --> Ruta actual: /Tesina/public/admin/dispositivos
INFO - 2025-10-02 14:14:03 --> Session: Class initialized using 'CodeIgniter\Session\Handlers\FileHandler' driver.
DEBUG - 2025-10-02 14:14:03 --> Datos en sesión: Array
(
    [__ci_last_regenerate] => 1759425193
    [_ci_previous_url] => http://192.168.2.118/Tesina/public/admin
    [id_usuario] => 1
    [nombre] => brunito
    [apellido] => barber
    [email] => brunocameille@alumnos.itr3.edu.ar
    [rol] => admin
    [logged_in] => 1
)

DEBUG - 2025-10-02 14:14:03 --> Buscando usuario ID: 1
DEBUG - 2025-10-02 14:14:03 --> Resultado de la búsqueda: Array
(
    [id_usuario] => 1
    [nombre] => brunito
    [apellido] => barber
    [email] => brunocameille@alumnos.itr3.edu.ar
    [contrasena] => $2y$10$F4xQfULyrVhG1JD8Y21QR.vgn9Fzd257acxjmQqHQ3OYfEqBaAPb6
    [direccion_id] => 0
    [id_rol] => 1
    [created_at] => 2025-04-07 13:37:30
    [updated_at] => 2025-07-24 14:07:31
    [invitado_por] => 
    [estado] => activo
    [token_activacion] => 
)

DEBUG - 2025-10-02 14:14:06 --> Ruta actual: /Tesina/public/energia/dispositivo/2
INFO - 2025-10-02 14:14:06 --> Session: Class initialized using 'CodeIgniter\Session\Handlers\FileHandler' driver.
DEBUG - 2025-10-02 14:14:06 --> Datos en sesión: Array
(
    [__ci_last_regenerate] => 1759425193
    [_ci_previous_url] => http://192.168.2.118/Tesina/public/admin/dispositivos
    [id_usuario] => 1
    [nombre] => brunito
    [apellido] => barber
    [email] => brunocameille@alumnos.itr3.edu.ar
    [rol] => admin
    [logged_in] => 1
)

INFO - 2025-10-02 14:14:08 --> Session: Class initialized using 'CodeIgniter\Session\Handlers\FileHandler' driver.
INFO - 2025-10-02 14:14:12 --> Session: Class initialized using 'CodeIgniter\Session\Handlers\FileHandler' driver.
INFO - 2025-10-02 14:14:17 --> Session: Class initialized using 'CodeIgniter\Session\Handlers\FileHandler' driver.
INFO - 2025-10-02 14:14:22 --> Session: Class initialized using 'CodeIgniter\Session\Handlers\FileHandler' driver.
INFO - 2025-10-02 14:14:26 --> Session: Class initialized using 'CodeIgniter\Session\Handlers\FileHandler' driver.
INFO - 2025-10-02 14:14:32 --> Session: Class initialized using 'CodeIgniter\Session\Handlers\FileHandler' driver.
INFO - 2025-10-02 14:14:37 --> Session: Class initialized using 'CodeIgniter\Session\Handlers\FileHandler' driver.
INFO - 2025-10-02 14:14:42 --> Session: Class initialized using 'CodeIgniter\Session\Handlers\FileHandler' driver.
DEBUG - 2025-10-02 14:14:43 --> Ruta actual: /Tesina/public/admin/dispositivos
INFO - 2025-10-02 14:14:43 --> Session: Class initialized using 'CodeIgniter\Session\Handlers\FileHandler' driver.
DEBUG - 2025-10-02 14:14:43 --> Datos en sesión: Array
(
    [__ci_last_regenerate] => 1759425193
    [_ci_previous_url] => http://192.168.2.118/Tesina/public/energia/dispositivo/2
    [id_usuario] => 1
    [nombre] => brunito
    [apellido] => barber
    [email] => brunocameille@alumnos.itr3.edu.ar
    [rol] => admin
    [logged_in] => 1
)

DEBUG - 2025-10-02 14:14:43 --> Buscando usuario ID: 1
DEBUG - 2025-10-02 14:14:43 --> Resultado de la búsqueda: Array
(
    [id_usuario] => 1
    [nombre] => brunito
    [apellido] => barber
    [email] => brunocameille@alumnos.itr3.edu.ar
    [contrasena] => $2y$10$F4xQfULyrVhG1JD8Y21QR.vgn9Fzd257acxjmQqHQ3OYfEqBaAPb6
    [direccion_id] => 0
    [id_rol] => 1
    [created_at] => 2025-04-07 13:37:30
    [updated_at] => 2025-07-24 14:07:31
    [invitado_por] => 
    [estado] => activo
    [token_activacion] => 
)

DEBUG - 2025-10-02 14:14:47 --> Ruta actual: /Tesina/public/admin
INFO - 2025-10-02 14:14:47 --> Session: Class initialized using 'CodeIgniter\Session\Handlers\FileHandler' driver.
DEBUG - 2025-10-02 14:14:47 --> Datos en sesión: Array
(
    [__ci_last_regenerate] => 1759425193
    [_ci_previous_url] => http://192.168.2.118/Tesina/public/admin/dispositivos
    [id_usuario] => 1
    [nombre] => brunito
    [apellido] => barber
    [email] => brunocameille@alumnos.itr3.edu.ar
    [rol] => admin
    [logged_in] => 1
)

DEBUG - 2025-10-02 14:15:55 --> Ruta actual: /Tesina/public/admin/dispositivos
INFO - 2025-10-02 14:15:55 --> Session: Class initialized using 'CodeIgniter\Session\Handlers\FileHandler' driver.
DEBUG - 2025-10-02 14:15:55 --> Datos en sesión: Array
(
    [__ci_last_regenerate] => 1759425193
    [_ci_previous_url] => http://192.168.2.118/Tesina/public/admin
    [id_usuario] => 1
    [nombre] => brunito
    [apellido] => barber
    [email] => brunocameille@alumnos.itr3.edu.ar
    [rol] => admin
    [logged_in] => 1
)

DEBUG - 2025-10-02 14:15:55 --> Buscando usuario ID: 1
DEBUG - 2025-10-02 14:15:55 --> Resultado de la búsqueda: Array
(
    [id_usuario] => 1
    [nombre] => brunito
    [apellido] => barber
    [email] => brunocameille@alumnos.itr3.edu.ar
    [contrasena] => $2y$10$F4xQfULyrVhG1JD8Y21QR.vgn9Fzd257acxjmQqHQ3OYfEqBaAPb6
    [direccion_id] => 0
    [id_rol] => 1
    [created_at] => 2025-04-07 13:37:30
    [updated_at] => 2025-07-24 14:07:31
    [invitado_por] => 
    [estado] => activo
    [token_activacion] => 
)

DEBUG - 2025-10-02 14:15:59 --> Ruta actual: /Tesina/public/admin
INFO - 2025-10-02 14:15:59 --> Session: Class initialized using 'CodeIgniter\Session\Handlers\FileHandler' driver.
DEBUG - 2025-10-02 14:15:59 --> Datos en sesión: Array
(
    [__ci_last_regenerate] => 1759425193
    [_ci_previous_url] => http://192.168.2.118/Tesina/public/admin/dispositivos
    [id_usuario] => 1
    [nombre] => brunito
    [apellido] => barber
    [email] => brunocameille@alumnos.itr3.edu.ar
    [rol] => admin
    [logged_in] => 1
)

DEBUG - 2025-10-02 14:16:04 --> Ruta actual: /Tesina/public/admin/gestionarUsuarios
INFO - 2025-10-02 14:16:04 --> Session: Class initialized using 'CodeIgniter\Session\Handlers\FileHandler' driver.
DEBUG - 2025-10-02 14:16:04 --> Datos en sesión: Array
(
    [__ci_last_regenerate] => 1759425193
    [_ci_previous_url] => http://192.168.2.118/Tesina/public/admin
    [id_usuario] => 1
    [nombre] => brunito
    [apellido] => barber
    [email] => brunocameille@alumnos.itr3.edu.ar
    [rol] => admin
    [logged_in] => 1
)

DEBUG - 2025-10-02 14:16:53 --> Ruta actual: /Tesina/public/admin/gestionarUsuarios
INFO - 2025-10-02 14:16:53 --> Session: Class initialized using 'CodeIgniter\Session\Handlers\FileHandler' driver.
DEBUG - 2025-10-02 14:16:53 --> Datos en sesión: Array
(
    [__ci_last_regenerate] => 1759425193
    [_ci_previous_url] => http://192.168.2.118/Tesina/public/admin/gestionarUsuarios
    [id_usuario] => 1
    [nombre] => brunito
    [apellido] => barber
    [email] => brunocameille@alumnos.itr3.edu.ar
    [rol] => admin
    [logged_in] => 1
)

DEBUG - 2025-10-02 14:16:56 --> Ruta actual: /Tesina/public/admin/dashboard
INFO - 2025-10-02 14:16:56 --> Session: Class initialized using 'CodeIgniter\Session\Handlers\FileHandler' driver.
DEBUG - 2025-10-02 14:16:56 --> Datos en sesión: Array
(
    [__ci_last_regenerate] => 1759425193
    [_ci_previous_url] => http://192.168.2.118/Tesina/public/admin/gestionarUsuarios
    [id_usuario] => 1
    [nombre] => brunito
    [apellido] => barber
    [email] => brunocameille@alumnos.itr3.edu.ar
    [rol] => admin
    [logged_in] => 1
)

DEBUG - 2025-10-02 14:20:04 --> Ruta actual: /Tesina/public/admin/gestionarUsuarios
INFO - 2025-10-02 14:20:04 --> Session: Class initialized using 'CodeIgniter\Session\Handlers\FileHandler' driver.
DEBUG - 2025-10-02 14:20:04 --> Datos en sesión: Array
(
    [__ci_last_regenerate] => 1759425604
    [_ci_previous_url] => http://192.168.2.118/Tesina/public/admin/dashboard
    [id_usuario] => 1
    [nombre] => brunito
    [apellido] => barber
    [email] => brunocameille@alumnos.itr3.edu.ar
    [rol] => admin
    [logged_in] => 1
)

DEBUG - 2025-10-02 14:22:20 --> Ruta actual: /Tesina/public/admin/gestionarUsuarios
INFO - 2025-10-02 14:22:20 --> Session: Class initialized using 'CodeIgniter\Session\Handlers\FileHandler' driver.
DEBUG - 2025-10-02 14:22:20 --> Datos en sesión: Array
(
    [__ci_last_regenerate] => 1759425604
    [_ci_previous_url] => http://192.168.2.118/Tesina/public/admin/gestionarUsuarios
    [id_usuario] => 1
    [nombre] => brunito
    [apellido] => barber
    [email] => brunocameille@alumnos.itr3.edu.ar
    [rol] => admin
    [logged_in] => 1
)

DEBUG - 2025-10-02 14:24:51 --> Ruta actual: /Tesina/public/admin/gestionarUsuarios
INFO - 2025-10-02 14:24:51 --> Session: Class initialized using 'CodeIgniter\Session\Handlers\FileHandler' driver.
DEBUG - 2025-10-02 14:24:51 --> Datos en sesión: Array
(
    [__ci_last_regenerate] => 1759425604
    [_ci_previous_url] => http://192.168.2.118/Tesina/public/admin/gestionarUsuarios
    [id_usuario] => 1
    [nombre] => brunito
    [apellido] => barber
    [email] => brunocameille@alumnos.itr3.edu.ar
    [rol] => admin
    [logged_in] => 1
)

DEBUG - 2025-10-02 14:25:17 --> Ruta actual: /Tesina/public/admin/gestionarUsuarios
INFO - 2025-10-02 14:25:17 --> Session: Class initialized using 'CodeIgniter\Session\Handlers\FileHandler' driver.
DEBUG - 2025-10-02 14:25:17 --> Datos en sesión: Array
(
    [__ci_last_regenerate] => 1759425917
    [_ci_previous_url] => http://192.168.2.118/Tesina/public/admin/gestionarUsuarios
    [id_usuario] => 1
    [nombre] => brunito
    [apellido] => barber
    [email] => brunocameille@alumnos.itr3.edu.ar
    [rol] => admin
    [logged_in] => 1
)

DEBUG - 2025-10-02 14:25:46 --> Ruta actual: /Tesina/public/admin/gestionarUsuarios
INFO - 2025-10-02 14:25:46 --> Session: Class initialized using 'CodeIgniter\Session\Handlers\FileHandler' driver.
DEBUG - 2025-10-02 14:25:46 --> Datos en sesión: Array
(
    [__ci_last_regenerate] => 1759425917
    [_ci_previous_url] => http://192.168.2.118/Tesina/public/admin/gestionarUsuarios
    [id_usuario] => 1
    [nombre] => brunito
    [apellido] => barber
    [email] => brunocameille@alumnos.itr3.edu.ar
    [rol] => admin
    [logged_in] => 1
)

DEBUG - 2025-10-02 14:25:51 --> Ruta actual: /Tesina/public/admin/dashboard
INFO - 2025-10-02 14:25:51 --> Session: Class initialized using 'CodeIgniter\Session\Handlers\FileHandler' driver.
DEBUG - 2025-10-02 14:25:51 --> Datos en sesión: Array
(
    [__ci_last_regenerate] => 1759425917
    [_ci_previous_url] => http://192.168.2.118/Tesina/public/admin/gestionarUsuarios
    [id_usuario] => 1
    [nombre] => brunito
    [apellido] => barber
    [email] => brunocameille@alumnos.itr3.edu.ar
    [rol] => admin
    [logged_in] => 1
)

DEBUG - 2025-10-02 14:25:54 --> Ruta actual: /Tesina/public/admin/dispositivos
INFO - 2025-10-02 14:25:54 --> Session: Class initialized using 'CodeIgniter\Session\Handlers\FileHandler' driver.
DEBUG - 2025-10-02 14:25:54 --> Datos en sesión: Array
(
    [__ci_last_regenerate] => 1759425917
    [_ci_previous_url] => http://192.168.2.118/Tesina/public/admin/dashboard
    [id_usuario] => 1
    [nombre] => brunito
    [apellido] => barber
    [email] => brunocameille@alumnos.itr3.edu.ar
    [rol] => admin
    [logged_in] => 1
)

DEBUG - 2025-10-02 14:25:54 --> Buscando usuario ID: 1
DEBUG - 2025-10-02 14:25:54 --> Resultado de la búsqueda: Array
(
    [id_usuario] => 1
    [nombre] => brunito
    [apellido] => barber
    [email] => brunocameille@alumnos.itr3.edu.ar
    [contrasena] => $2y$10$F4xQfULyrVhG1JD8Y21QR.vgn9Fzd257acxjmQqHQ3OYfEqBaAPb6
    [direccion_id] => 0
    [id_rol] => 1
    [created_at] => 2025-04-07 13:37:30
    [updated_at] => 2025-07-24 14:07:31
    [invitado_por] => 
    [estado] => activo
    [token_activacion] => 
)

DEBUG - 2025-10-02 14:26:00 --> Ruta actual: /Tesina/public/admin
INFO - 2025-10-02 14:26:00 --> Session: Class initialized using 'CodeIgniter\Session\Handlers\FileHandler' driver.
DEBUG - 2025-10-02 14:26:00 --> Datos en sesión: Array
(
    [__ci_last_regenerate] => 1759425917
    [_ci_previous_url] => http://192.168.2.118/Tesina/public/admin/dispositivos
    [id_usuario] => 1
    [nombre] => brunito
    [apellido] => barber
    [email] => brunocameille@alumnos.itr3.edu.ar
    [rol] => admin
    [logged_in] => 1
)

DEBUG - 2025-10-02 14:26:03 --> Ruta actual: /Tesina/public/admin/dispositivos
INFO - 2025-10-02 14:26:03 --> Session: Class initialized using 'CodeIgniter\Session\Handlers\FileHandler' driver.
DEBUG - 2025-10-02 14:26:03 --> Datos en sesión: Array
(
    [__ci_last_regenerate] => 1759425917
    [_ci_previous_url] => http://192.168.2.118/Tesina/public/admin
    [id_usuario] => 1
    [nombre] => brunito
    [apellido] => barber
    [email] => brunocameille@alumnos.itr3.edu.ar
    [rol] => admin
    [logged_in] => 1
)

DEBUG - 2025-10-02 14:26:03 --> Buscando usuario ID: 1
DEBUG - 2025-10-02 14:26:03 --> Resultado de la búsqueda: Array
(
    [id_usuario] => 1
    [nombre] => brunito
    [apellido] => barber
    [email] => brunocameille@alumnos.itr3.edu.ar
    [contrasena] => $2y$10$F4xQfULyrVhG1JD8Y21QR.vgn9Fzd257acxjmQqHQ3OYfEqBaAPb6
    [direccion_id] => 0
    [id_rol] => 1
    [created_at] => 2025-04-07 13:37:30
    [updated_at] => 2025-07-24 14:07:31
    [invitado_por] => 
    [estado] => activo
    [token_activacion] => 
)

DEBUG - 2025-10-02 14:26:06 --> Ruta actual: /Tesina/public/admin/gestionarUsuarios
INFO - 2025-10-02 14:26:06 --> Session: Class initialized using 'CodeIgniter\Session\Handlers\FileHandler' driver.
DEBUG - 2025-10-02 14:26:06 --> Datos en sesión: Array
(
    [__ci_last_regenerate] => 1759425917
    [_ci_previous_url] => http://192.168.2.118/Tesina/public/admin/dispositivos
    [id_usuario] => 1
    [nombre] => brunito
    [apellido] => barber
    [email] => brunocameille@alumnos.itr3.edu.ar
    [rol] => admin
    [logged_in] => 1
)

DEBUG - 2025-10-02 14:26:24 --> Ruta actual: /Tesina/public/admin/gestionarUsuarios
INFO - 2025-10-02 14:26:24 --> Session: Class initialized using 'CodeIgniter\Session\Handlers\FileHandler' driver.
DEBUG - 2025-10-02 14:26:24 --> Datos en sesión: Array
(
    [__ci_last_regenerate] => 1759425917
    [_ci_previous_url] => http://192.168.2.118/Tesina/public/admin/gestionarUsuarios
    [id_usuario] => 1
    [nombre] => brunito
    [apellido] => barber
    [email] => brunocameille@alumnos.itr3.edu.ar
    [rol] => admin
    [logged_in] => 1
)

DEBUG - 2025-10-02 14:26:46 --> Ruta actual: /Tesina/public/admin
INFO - 2025-10-02 14:26:46 --> Session: Class initialized using 'CodeIgniter\Session\Handlers\FileHandler' driver.
DEBUG - 2025-10-02 14:26:46 --> Datos en sesión: Array
(
    [__ci_last_regenerate] => 1759425917
    [_ci_previous_url] => http://192.168.2.118/Tesina/public/admin/gestionarUsuarios
    [id_usuario] => 1
    [nombre] => brunito
    [apellido] => barber
    [email] => brunocameille@alumnos.itr3.edu.ar
    [rol] => admin
    [logged_in] => 1
)

INFO - 2025-10-02 14:26:50 --> Session: Class initialized using 'CodeIgniter\Session\Handlers\FileHandler' driver.
INFO - 2025-10-02 14:26:51 --> Session: Class initialized using 'CodeIgniter\Session\Handlers\FileHandler' driver.
INFO - 2025-10-02 14:29:43 --> Session: Class initialized using 'CodeIgniter\Session\Handlers\FileHandler' driver.
INFO - 2025-10-02 14:35:05 --> Session: Class initialized using 'CodeIgniter\Session\Handlers\FileHandler' driver.
INFO - 2025-10-02 14:35:34 --> Session: Class initialized using 'CodeIgniter\Session\Handlers\FileHandler' driver.
INFO - 2025-10-02 14:36:40 --> Session: Class initialized using 'CodeIgniter\Session\Handlers\FileHandler' driver.
INFO - 2025-10-02 14:37:07 --> Session: Class initialized using 'CodeIgniter\Session\Handlers\FileHandler' driver.
INFO - 2025-10-02 14:37:26 --> Session: Class initialized using 'CodeIgniter\Session\Handlers\FileHandler' driver.
INFO - 2025-10-02 14:37:57 --> Session: Class initialized using 'CodeIgniter\Session\Handlers\FileHandler' driver.
INFO - 2025-10-02 14:38:10 --> Session: Class initialized using 'CodeIgniter\Session\Handlers\FileHandler' driver.
DEBUG - 2025-10-02 14:38:54 --> Ruta actual: /Tesina/public/admin
INFO - 2025-10-02 14:38:54 --> Session: Class initialized using 'CodeIgniter\Session\Handlers\FileHandler' driver.
DEBUG - 2025-10-02 14:38:54 --> Datos en sesión: Array
(
    [__ci_last_regenerate] => 1759426505
    [_ci_previous_url] => http://192.168.2.118/Tesina/public/autenticacion/login
)

INFO - 2025-10-02 14:38:55 --> Session: Class initialized using 'CodeIgniter\Session\Handlers\FileHandler' driver.
INFO - 2025-10-02 14:38:56 --> Session: Class initialized using 'CodeIgniter\Session\Handlers\FileHandler' driver.
INFO - 2025-10-02 14:39:46 --> Session: Class initialized using 'CodeIgniter\Session\Handlers\FileHandler' driver.
INFO - 2025-10-02 14:39:53 --> Session: Class initialized using 'CodeIgniter\Session\Handlers\FileHandler' driver.
INFO - 2025-10-02 14:39:56 --> Session: Class initialized using 'CodeIgniter\Session\Handlers\FileHandler' driver.
INFO - 2025-10-02 14:39:58 --> Session: Class initialized using 'CodeIgniter\Session\Handlers\FileHandler' driver.
INFO - 2025-10-02 14:40:09 --> Session: Class initialized using 'CodeIgniter\Session\Handlers\FileHandler' driver.
DEBUG - 2025-10-02 14:40:09 --> Intento de inicio de sesión para email: brunocameille@alumnos.itr3.edu.ar
DEBUG - 2025-10-02 14:40:09 --> Longitud de la contraseña ingresada: 11
DEBUG - 2025-10-02 14:40:09 --> Usuario encontrado: {"id":"1","email":"brunocameille@alumnos.itr3.edu.ar","estado":"activo","rol":"1"}
DEBUG - 2025-10-02 14:40:09 --> Resultado de verificación de contraseña: false
DEBUG - 2025-10-02 14:40:09 --> Hash almacenado en la base de datos: $2y$10$F4xQfULyrVhG1JD8Y21QR.vgn9Fzd257acxjmQqHQ3OYfEqBaAPb6
DEBUG - 2025-10-02 14:40:09 --> Contraseña incorrecta para usuario: brunocameille@alumnos.itr3.edu.ar
INFO - 2025-10-02 14:40:10 --> Session: Class initialized using 'CodeIgniter\Session\Handlers\FileHandler' driver.
INFO - 2025-10-02 14:40:13 --> Session: Class initialized using 'CodeIgniter\Session\Handlers\FileHandler' driver.
INFO - 2025-10-02 14:40:26 --> Session: Class initialized using 'CodeIgniter\Session\Handlers\FileHandler' driver.
DEBUG - 2025-10-02 14:40:26 --> Intento de inicio de sesión para email: brunocameille@alumnos.itr3.edu.ar
DEBUG - 2025-10-02 14:40:26 --> Longitud de la contraseña ingresada: 17
DEBUG - 2025-10-02 14:40:26 --> Usuario encontrado: {"id":"1","email":"brunocameille@alumnos.itr3.edu.ar","estado":"activo","rol":"1"}
DEBUG - 2025-10-02 14:40:26 --> Resultado de verificación de contraseña: true
DEBUG - 2025-10-02 14:40:26 --> Hash almacenado en la base de datos: $2y$10$F4xQfULyrVhG1JD8Y21QR.vgn9Fzd257acxjmQqHQ3OYfEqBaAPb6
DEBUG - 2025-10-02 14:40:26 --> Inicio de sesión exitoso para usuario: brunocameille@alumnos.itr3.edu.ar
DEBUG - 2025-10-02 14:40:26 --> Datos de sesión guardados: {"id_usuario":"1","nombre":"brunito","apellido":"barber","email":"brunocameille@alumnos.itr3.edu.ar","rol":"admin","logged_in":true}
DEBUG - 2025-10-02 14:40:27 --> Ruta actual: /Tesina/public/admin
INFO - 2025-10-02 14:40:27 --> Session: Class initialized using 'CodeIgniter\Session\Handlers\FileHandler' driver.
DEBUG - 2025-10-02 14:40:27 --> Datos en sesión: Array
(
    [__ci_last_regenerate] => 1759426809
    [_ci_previous_url] => http://192.168.2.118/Tesina/public/autenticacion/login
    [id_usuario] => 1
    [nombre] => brunito
    [apellido] => barber
    [email] => brunocameille@alumnos.itr3.edu.ar
    [rol] => admin
    [logged_in] => 1
)

DEBUG - 2025-10-02 14:40:30 --> Ruta actual: /Tesina/public/admin/dispositivos
INFO - 2025-10-02 14:40:30 --> Session: Class initialized using 'CodeIgniter\Session\Handlers\FileHandler' driver.
DEBUG - 2025-10-02 14:40:30 --> Datos en sesión: Array
(
    [__ci_last_regenerate] => 1759426809
    [_ci_previous_url] => http://192.168.2.118/Tesina/public/admin
    [id_usuario] => 1
    [nombre] => brunito
    [apellido] => barber
    [email] => brunocameille@alumnos.itr3.edu.ar
    [rol] => admin
    [logged_in] => 1
)

DEBUG - 2025-10-02 14:40:30 --> Buscando usuario ID: 1
DEBUG - 2025-10-02 14:40:30 --> Resultado de la búsqueda: Array
(
    [id_usuario] => 1
    [nombre] => brunito
    [apellido] => barber
    [email] => brunocameille@alumnos.itr3.edu.ar
    [contrasena] => $2y$10$F4xQfULyrVhG1JD8Y21QR.vgn9Fzd257acxjmQqHQ3OYfEqBaAPb6
    [direccion_id] => 0
    [id_rol] => 1
    [created_at] => 2025-04-07 13:37:30
    [updated_at] => 2025-07-24 14:07:31
    [invitado_por] => 
    [estado] => activo
    [token_activacion] => 
)

DEBUG - 2025-10-02 14:40:33 --> Ruta actual: /Tesina/public/energia/dispositivo/2
INFO - 2025-10-02 14:40:33 --> Session: Class initialized using 'CodeIgniter\Session\Handlers\FileHandler' driver.
DEBUG - 2025-10-02 14:40:33 --> Datos en sesión: Array
(
    [__ci_last_regenerate] => 1759426809
    [_ci_previous_url] => http://192.168.2.118/Tesina/public/admin/dispositivos
    [id_usuario] => 1
    [nombre] => brunito
    [apellido] => barber
    [email] => brunocameille@alumnos.itr3.edu.ar
    [rol] => admin
    [logged_in] => 1
)

INFO - 2025-10-02 14:40:36 --> Session: Class initialized using 'CodeIgniter\Session\Handlers\FileHandler' driver.
INFO - 2025-10-02 14:40:39 --> Session: Class initialized using 'CodeIgniter\Session\Handlers\FileHandler' driver.
INFO - 2025-10-02 14:40:45 --> Session: Class initialized using 'CodeIgniter\Session\Handlers\FileHandler' driver.
INFO - 2025-10-02 14:40:50 --> Session: Class initialized using 'CodeIgniter\Session\Handlers\FileHandler' driver.
INFO - 2025-10-02 14:40:55 --> Session: Class initialized using 'CodeIgniter\Session\Handlers\FileHandler' driver.
INFO - 2025-10-02 14:41:00 --> Session: Class initialized using 'CodeIgniter\Session\Handlers\FileHandler' driver.
INFO - 2025-10-02 14:41:05 --> Session: Class initialized using 'CodeIgniter\Session\Handlers\FileHandler' driver.
INFO - 2025-10-02 14:41:10 --> Session: Class initialized using 'CodeIgniter\Session\Handlers\FileHandler' driver.
INFO - 2025-10-02 14:41:15 --> Session: Class initialized using 'CodeIgniter\Session\Handlers\FileHandler' driver.
INFO - 2025-10-02 14:41:20 --> Session: Class initialized using 'CodeIgniter\Session\Handlers\FileHandler' driver.
INFO - 2025-10-02 14:41:25 --> Session: Class initialized using 'CodeIgniter\Session\Handlers\FileHandler' driver.
INFO - 2025-10-02 14:41:30 --> Session: Class initialized using 'CodeIgniter\Session\Handlers\FileHandler' driver.
INFO - 2025-10-02 14:41:36 --> Session: Class initialized using 'CodeIgniter\Session\Handlers\FileHandler' driver.
INFO - 2025-10-02 14:41:40 --> Session: Class initialized using 'CodeIgniter\Session\Handlers\FileHandler' driver.
INFO - 2025-10-02 14:41:45 --> Session: Class initialized using 'CodeIgniter\Session\Handlers\FileHandler' driver.
INFO - 2025-10-02 14:41:51 --> Session: Class initialized using 'CodeIgniter\Session\Handlers\FileHandler' driver.
INFO - 2025-10-02 14:41:55 --> Session: Class initialized using 'CodeIgniter\Session\Handlers\FileHandler' driver.
INFO - 2025-10-02 14:42:01 --> Session: Class initialized using 'CodeIgniter\Session\Handlers\FileHandler' driver.
INFO - 2025-10-02 14:42:05 --> Session: Class initialized using 'CodeIgniter\Session\Handlers\FileHandler' driver.
INFO - 2025-10-02 14:42:10 --> Session: Class initialized using 'CodeIgniter\Session\Handlers\FileHandler' driver.
INFO - 2025-10-02 14:42:15 --> Session: Class initialized using 'CodeIgniter\Session\Handlers\FileHandler' driver.
INFO - 2025-10-02 14:42:20 --> Session: Class initialized using 'CodeIgniter\Session\Handlers\FileHandler' driver.
INFO - 2025-10-02 14:42:25 --> Session: Class initialized using 'CodeIgniter\Session\Handlers\FileHandler' driver.
INFO - 2025-10-02 14:42:30 --> Session: Class initialized using 'CodeIgniter\Session\Handlers\FileHandler' driver.
INFO - 2025-10-02 14:42:35 --> Session: Class initialized using 'CodeIgniter\Session\Handlers\FileHandler' driver.
INFO - 2025-10-02 14:42:40 --> Session: Class initialized using 'CodeIgniter\Session\Handlers\FileHandler' driver.
INFO - 2025-10-02 14:42:55 --> Session: Class initialized using 'CodeIgniter\Session\Handlers\FileHandler' driver.
INFO - 2025-10-02 14:43:55 --> Session: Class initialized using 'CodeIgniter\Session\Handlers\FileHandler' driver.
INFO - 2025-10-02 14:44:55 --> Session: Class initialized using 'CodeIgniter\Session\Handlers\FileHandler' driver.
INFO - 2025-10-02 14:45:55 --> Session: Class initialized using 'CodeIgniter\Session\Handlers\FileHandler' driver.
INFO - 2025-10-02 14:46:08 --> Session: Class initialized using 'CodeIgniter\Session\Handlers\FileHandler' driver.
DEBUG - 2025-10-02 14:46:08 --> Ruta actual: /Tesina/public/energia/dispositivo/2
INFO - 2025-10-02 14:46:08 --> Session: Class initialized using 'CodeIgniter\Session\Handlers\FileHandler' driver.
DEBUG - 2025-10-02 14:46:08 --> Datos en sesión: Array
(
    [__ci_last_regenerate] => 1759427155
    [_ci_previous_url] => http://192.168.2.118/Tesina/public/energia/dispositivo/2
    [id_usuario] => 1
    [nombre] => brunito
    [apellido] => barber
    [email] => brunocameille@alumnos.itr3.edu.ar
    [rol] => admin
    [logged_in] => 1
)

INFO - 2025-10-02 14:46:11 --> Session: Class initialized using 'CodeIgniter\Session\Handlers\FileHandler' driver.
INFO - 2025-10-02 14:46:15 --> Session: Class initialized using 'CodeIgniter\Session\Handlers\FileHandler' driver.
INFO - 2025-10-02 14:46:20 --> Session: Class initialized using 'CodeIgniter\Session\Handlers\FileHandler' driver.
INFO - 2025-10-02 14:46:20 --> Session: Class initialized using 'CodeIgniter\Session\Handlers\FileHandler' driver.
INFO - 2025-10-02 14:46:21 --> Session: Class initialized using 'CodeIgniter\Session\Handlers\FileHandler' driver.
INFO - 2025-10-02 14:46:21 --> Session: Class initialized using 'CodeIgniter\Session\Handlers\FileHandler' driver.
INFO - 2025-10-02 14:46:22 --> Session: Class initialized using 'CodeIgniter\Session\Handlers\FileHandler' driver.
INFO - 2025-10-02 14:46:22 --> Session: Class initialized using 'CodeIgniter\Session\Handlers\FileHandler' driver.
INFO - 2025-10-02 14:46:23 --> Session: Class initialized using 'CodeIgniter\Session\Handlers\FileHandler' driver.
INFO - 2025-10-02 14:46:23 --> Session: Class initialized using 'CodeIgniter\Session\Handlers\FileHandler' driver.
INFO - 2025-10-02 14:46:23 --> Session: Class initialized using 'CodeIgniter\Session\Handlers\FileHandler' driver.
INFO - 2025-10-02 14:46:23 --> Session: Class initialized using 'CodeIgniter\Session\Handlers\FileHandler' driver.
INFO - 2025-10-02 14:46:25 --> Session: Class initialized using 'CodeIgniter\Session\Handlers\FileHandler' driver.
INFO - 2025-10-02 14:46:30 --> Session: Class initialized using 'CodeIgniter\Session\Handlers\FileHandler' driver.
INFO - 2025-10-02 14:46:35 --> Session: Class initialized using 'CodeIgniter\Session\Handlers\FileHandler' driver.
DEBUG - 2025-10-02 14:46:38 --> Ruta actual: /Tesina/public/admin/dispositivos
INFO - 2025-10-02 14:46:38 --> Session: Class initialized using 'CodeIgniter\Session\Handlers\FileHandler' driver.
DEBUG - 2025-10-02 14:46:38 --> Datos en sesión: Array
(
    [__ci_last_regenerate] => 1759427155
    [_ci_previous_url] => http://192.168.2.118/Tesina/public/energia/dispositivo/2
    [id_usuario] => 1
    [nombre] => brunito
    [apellido] => barber
    [email] => brunocameille@alumnos.itr3.edu.ar
    [rol] => admin
    [logged_in] => 1
    [tarifa_kwh] => 23212213
)

DEBUG - 2025-10-02 14:46:38 --> Buscando usuario ID: 1
DEBUG - 2025-10-02 14:46:38 --> Resultado de la búsqueda: Array
(
    [id_usuario] => 1
    [nombre] => brunito
    [apellido] => barber
    [email] => brunocameille@alumnos.itr3.edu.ar
    [contrasena] => $2y$10$F4xQfULyrVhG1JD8Y21QR.vgn9Fzd257acxjmQqHQ3OYfEqBaAPb6
    [direccion_id] => 0
    [id_rol] => 1
    [created_at] => 2025-04-07 13:37:30
    [updated_at] => 2025-07-24 14:07:31
    [invitado_por] => 
    [estado] => activo
    [token_activacion] => 
)

DEBUG - 2025-10-02 14:47:11 --> Ruta actual: /Tesina/public/usuario/perfil
INFO - 2025-10-02 14:47:11 --> Session: Class initialized using 'CodeIgniter\Session\Handlers\FileHandler' driver.
DEBUG - 2025-10-02 14:47:11 --> Datos en sesión: Array
(
    [__ci_last_regenerate] => 1759427155
    [_ci_previous_url] => http://192.168.2.118/Tesina/public/admin/dispositivos
    [id_usuario] => 1
    [nombre] => brunito
    [apellido] => barber
    [email] => brunocameille@alumnos.itr3.edu.ar
    [rol] => admin
    [logged_in] => 1
    [tarifa_kwh] => 23212213
)

DEBUG - 2025-10-02 14:47:11 --> Buscando usuario ID: 1
DEBUG - 2025-10-02 14:47:11 --> Resultado de la búsqueda: Array
(
    [id_usuario] => 1
    [nombre] => brunito
    [apellido] => barber
    [email] => brunocameille@alumnos.itr3.edu.ar
    [contrasena] => $2y$10$F4xQfULyrVhG1JD8Y21QR.vgn9Fzd257acxjmQqHQ3OYfEqBaAPb6
    [direccion_id] => 0
    [id_rol] => 1
    [created_at] => 2025-04-07 13:37:30
    [updated_at] => 2025-07-24 14:07:31
    [invitado_por] => 
    [estado] => activo
    [token_activacion] => 
)

DEBUG - 2025-10-02 14:47:26 --> Ruta actual: /Tesina/public/usuario/perfil
INFO - 2025-10-02 14:47:26 --> Session: Class initialized using 'CodeIgniter\Session\Handlers\FileHandler' driver.
DEBUG - 2025-10-02 14:47:26 --> Datos en sesión: Array
(
    [__ci_last_regenerate] => 1759427155
    [_ci_previous_url] => http://192.168.2.118/Tesina/public/usuario/perfil
    [id_usuario] => 1
    [nombre] => brunito
    [apellido] => barber
    [email] => brunocameille@alumnos.itr3.edu.ar
    [rol] => admin
    [logged_in] => 1
    [tarifa_kwh] => 23212213
)

DEBUG - 2025-10-02 14:47:26 --> Buscando usuario ID: 1
DEBUG - 2025-10-02 14:47:26 --> Resultado de la búsqueda: Array
(
    [id_usuario] => 1
    [nombre] => brunito
    [apellido] => barber
    [email] => brunocameille@alumnos.itr3.edu.ar
    [contrasena] => $2y$10$F4xQfULyrVhG1JD8Y21QR.vgn9Fzd257acxjmQqHQ3OYfEqBaAPb6
    [direccion_id] => 0
    [id_rol] => 1
    [created_at] => 2025-04-07 13:37:30
    [updated_at] => 2025-07-24 14:07:31
    [invitado_por] => 
    [estado] => activo
    [token_activacion] => 
)

DEBUG - 2025-10-02 14:47:30 --> Ruta actual: /Tesina/public/admin/gestionarUsuarios
INFO - 2025-10-02 14:47:30 --> Session: Class initialized using 'CodeIgniter\Session\Handlers\FileHandler' driver.
DEBUG - 2025-10-02 14:47:30 --> Datos en sesión: Array
(
    [__ci_last_regenerate] => 1759427155
    [_ci_previous_url] => http://192.168.2.118/Tesina/public/usuario/perfil
    [id_usuario] => 1
    [nombre] => brunito
    [apellido] => barber
    [email] => brunocameille@alumnos.itr3.edu.ar
    [rol] => admin
    [logged_in] => 1
    [tarifa_kwh] => 23212213
)

DEBUG - 2025-10-02 14:47:38 --> Ruta actual: /Tesina/public/admin
INFO - 2025-10-02 14:47:38 --> Session: Class initialized using 'CodeIgniter\Session\Handlers\FileHandler' driver.
DEBUG - 2025-10-02 14:47:38 --> Datos en sesión: Array
(
    [__ci_last_regenerate] => 1759427155
    [_ci_previous_url] => http://192.168.2.118/Tesina/public/admin/gestionarUsuarios
    [id_usuario] => 1
    [nombre] => brunito
    [apellido] => barber
    [email] => brunocameille@alumnos.itr3.edu.ar
    [rol] => admin
    [logged_in] => 1
    [tarifa_kwh] => 23212213
)

DEBUG - 2025-10-02 14:48:08 --> Ruta actual: /Tesina/public/admin/dispositivos
INFO - 2025-10-02 14:48:08 --> Session: Class initialized using 'CodeIgniter\Session\Handlers\FileHandler' driver.
DEBUG - 2025-10-02 14:48:08 --> Datos en sesión: Array
(
    [__ci_last_regenerate] => 1759427155
    [_ci_previous_url] => http://192.168.2.118/Tesina/public/admin
    [id_usuario] => 1
    [nombre] => brunito
    [apellido] => barber
    [email] => brunocameille@alumnos.itr3.edu.ar
    [rol] => admin
    [logged_in] => 1
    [tarifa_kwh] => 23212213
)

DEBUG - 2025-10-02 14:48:08 --> Buscando usuario ID: 1
DEBUG - 2025-10-02 14:48:08 --> Resultado de la búsqueda: Array
(
    [id_usuario] => 1
    [nombre] => brunito
    [apellido] => barber
    [email] => brunocameille@alumnos.itr3.edu.ar
    [contrasena] => $2y$10$F4xQfULyrVhG1JD8Y21QR.vgn9Fzd257acxjmQqHQ3OYfEqBaAPb6
    [direccion_id] => 0
    [id_rol] => 1
    [created_at] => 2025-04-07 13:37:30
    [updated_at] => 2025-07-24 14:07:31
    [invitado_por] => 
    [estado] => activo
    [token_activacion] => 
)

DEBUG - 2025-10-02 14:48:38 --> Ruta actual: /Tesina/public/admin
INFO - 2025-10-02 14:48:38 --> Session: Class initialized using 'CodeIgniter\Session\Handlers\FileHandler' driver.
DEBUG - 2025-10-02 14:48:38 --> Datos en sesión: Array
(
    [__ci_last_regenerate] => 1759427155
    [_ci_previous_url] => http://192.168.2.118/Tesina/public/admin/dispositivos
    [id_usuario] => 1
    [nombre] => brunito
    [apellido] => barber
    [email] => brunocameille@alumnos.itr3.edu.ar
    [rol] => admin
    [logged_in] => 1
    [tarifa_kwh] => 23212213
)

DEBUG - 2025-10-02 14:48:41 --> Ruta actual: /Tesina/public/admin/dispositivos
INFO - 2025-10-02 14:48:41 --> Session: Class initialized using 'CodeIgniter\Session\Handlers\FileHandler' driver.
DEBUG - 2025-10-02 14:48:41 --> Datos en sesión: Array
(
    [__ci_last_regenerate] => 1759427155
    [_ci_previous_url] => http://192.168.2.118/Tesina/public/admin
    [id_usuario] => 1
    [nombre] => brunito
    [apellido] => barber
    [email] => brunocameille@alumnos.itr3.edu.ar
    [rol] => admin
    [logged_in] => 1
    [tarifa_kwh] => 23212213
)

DEBUG - 2025-10-02 14:48:41 --> Buscando usuario ID: 1
DEBUG - 2025-10-02 14:48:41 --> Resultado de la búsqueda: Array
(
    [id_usuario] => 1
    [nombre] => brunito
    [apellido] => barber
    [email] => brunocameille@alumnos.itr3.edu.ar
    [contrasena] => $2y$10$F4xQfULyrVhG1JD8Y21QR.vgn9Fzd257acxjmQqHQ3OYfEqBaAPb6
    [direccion_id] => 0
    [id_rol] => 1
    [created_at] => 2025-04-07 13:37:30
    [updated_at] => 2025-07-24 14:07:31
    [invitado_por] => 
    [estado] => activo
    [token_activacion] => 
)

DEBUG - 2025-10-02 14:48:44 --> Ruta actual: /Tesina/public/admin
INFO - 2025-10-02 14:48:45 --> Session: Class initialized using 'CodeIgniter\Session\Handlers\FileHandler' driver.
DEBUG - 2025-10-02 14:48:45 --> Datos en sesión: Array
(
    [__ci_last_regenerate] => 1759427155
    [_ci_previous_url] => http://192.168.2.118/Tesina/public/admin/dispositivos
    [id_usuario] => 1
    [nombre] => brunito
    [apellido] => barber
    [email] => brunocameille@alumnos.itr3.edu.ar
    [rol] => admin
    [logged_in] => 1
    [tarifa_kwh] => 23212213
)

DEBUG - 2025-10-02 14:48:57 --> Ruta actual: /Tesina/public/admin
INFO - 2025-10-02 14:48:57 --> Session: Class initialized using 'CodeIgniter\Session\Handlers\FileHandler' driver.
DEBUG - 2025-10-02 14:48:57 --> Datos en sesión: Array
(
    [__ci_last_regenerate] => 1759427155
    [_ci_previous_url] => http://192.168.2.118/Tesina/public/admin
    [id_usuario] => 1
    [nombre] => brunito
    [apellido] => barber
    [email] => brunocameille@alumnos.itr3.edu.ar
    [rol] => admin
    [logged_in] => 1
    [tarifa_kwh] => 23212213
)

DEBUG - 2025-10-02 14:49:00 --> Ruta actual: /Tesina/public/admin/dispositivos/buscar
INFO - 2025-10-02 14:49:00 --> Session: Class initialized using 'CodeIgniter\Session\Handlers\FileHandler' driver.
DEBUG - 2025-10-02 14:49:00 --> Datos en sesión: Array
(
    [__ci_last_regenerate] => 1759427155
    [_ci_previous_url] => http://192.168.2.118/Tesina/public/admin
    [id_usuario] => 1
    [nombre] => brunito
    [apellido] => barber
    [email] => brunocameille@alumnos.itr3.edu.ar
    [rol] => admin
    [logged_in] => 1
    [tarifa_kwh] => 23212213
)

DEBUG - 2025-10-02 14:49:00 --> Buscando usuario ID: 1
DEBUG - 2025-10-02 14:49:00 --> Resultado de la búsqueda: Array
(
    [id_usuario] => 1
    [nombre] => brunito
    [apellido] => barber
    [email] => brunocameille@alumnos.itr3.edu.ar
    [contrasena] => $2y$10$F4xQfULyrVhG1JD8Y21QR.vgn9Fzd257acxjmQqHQ3OYfEqBaAPb6
    [direccion_id] => 0
    [id_rol] => 1
    [created_at] => 2025-04-07 13:37:30
    [updated_at] => 2025-07-24 14:07:31
    [invitado_por] => 
    [estado] => activo
    [token_activacion] => 
)

DEBUG - 2025-10-02 14:49:15 --> Ruta actual: /Tesina/public/admin/dispositivos/buscar
INFO - 2025-10-02 14:49:15 --> Session: Class initialized using 'CodeIgniter\Session\Handlers\FileHandler' driver.
DEBUG - 2025-10-02 14:49:15 --> Datos en sesión: Array
(
    [__ci_last_regenerate] => 1759427155
    [_ci_previous_url] => http://192.168.2.118/Tesina/public/admin/dispositivos/buscar
    [id_usuario] => 1
    [nombre] => brunito
    [apellido] => barber
    [email] => brunocameille@alumnos.itr3.edu.ar
    [rol] => admin
    [logged_in] => 1
    [tarifa_kwh] => 23212213
)

DEBUG - 2025-10-02 14:49:15 --> Buscando usuario ID: 1
DEBUG - 2025-10-02 14:49:15 --> Resultado de la búsqueda: Array
(
    [id_usuario] => 1
    [nombre] => brunito
    [apellido] => barber
    [email] => brunocameille@alumnos.itr3.edu.ar
    [contrasena] => $2y$10$F4xQfULyrVhG1JD8Y21QR.vgn9Fzd257acxjmQqHQ3OYfEqBaAPb6
    [direccion_id] => 0
    [id_rol] => 1
    [created_at] => 2025-04-07 13:37:30
    [updated_at] => 2025-07-24 14:07:31
    [invitado_por] => 
    [estado] => activo
    [token_activacion] => 
)

DEBUG - 2025-10-02 14:51:17 --> Ruta actual: /Tesina/public/admin
INFO - 2025-10-02 14:51:17 --> Session: Class initialized using 'CodeIgniter\Session\Handlers\FileHandler' driver.
DEBUG - 2025-10-02 14:51:17 --> Datos en sesión: Array
(
    [__ci_last_regenerate] => 1759427477
    [_ci_previous_url] => http://192.168.2.118/Tesina/public/admin/dispositivos/buscar
    [id_usuario] => 1
    [nombre] => brunito
    [apellido] => barber
    [email] => brunocameille@alumnos.itr3.edu.ar
    [rol] => admin
    [logged_in] => 1
    [tarifa_kwh] => 23212213
)

DEBUG - 2025-10-02 14:51:22 --> Ruta actual: /Tesina/public/dispositivo/agregar
INFO - 2025-10-02 14:51:22 --> Session: Class initialized using 'CodeIgniter\Session\Handlers\FileHandler' driver.
DEBUG - 2025-10-02 14:51:22 --> Datos en sesión: Array
(
    [__ci_last_regenerate] => 1759427477
    [_ci_previous_url] => http://192.168.2.118/Tesina/public/admin
    [id_usuario] => 1
    [nombre] => brunito
    [apellido] => barber
    [email] => brunocameille@alumnos.itr3.edu.ar
    [rol] => admin
    [logged_in] => 1
    [tarifa_kwh] => 23212213
)

DEBUG - 2025-10-02 14:51:24 --> Ruta actual: /Tesina/public/admin/dispositivos
INFO - 2025-10-02 14:51:24 --> Session: Class initialized using 'CodeIgniter\Session\Handlers\FileHandler' driver.
DEBUG - 2025-10-02 14:51:24 --> Datos en sesión: Array
(
    [__ci_last_regenerate] => 1759427477
    [_ci_previous_url] => http://192.168.2.118/Tesina/public/dispositivo/agregar
    [id_usuario] => 1
    [nombre] => brunito
    [apellido] => barber
    [email] => brunocameille@alumnos.itr3.edu.ar
    [rol] => admin
    [logged_in] => 1
    [tarifa_kwh] => 23212213
)

DEBUG - 2025-10-02 14:51:24 --> Buscando usuario ID: 1
DEBUG - 2025-10-02 14:51:24 --> Resultado de la búsqueda: Array
(
    [id_usuario] => 1
    [nombre] => brunito
    [apellido] => barber
    [email] => brunocameille@alumnos.itr3.edu.ar
    [contrasena] => $2y$10$F4xQfULyrVhG1JD8Y21QR.vgn9Fzd257acxjmQqHQ3OYfEqBaAPb6
    [direccion_id] => 0
    [id_rol] => 1
    [created_at] => 2025-04-07 13:37:30
    [updated_at] => 2025-07-24 14:07:31
    [invitado_por] => 
    [estado] => activo
    [token_activacion] => 
)

DEBUG - 2025-10-02 14:51:27 --> Ruta actual: /Tesina/public/admin
INFO - 2025-10-02 14:51:27 --> Session: Class initialized using 'CodeIgniter\Session\Handlers\FileHandler' driver.
DEBUG - 2025-10-02 14:51:27 --> Datos en sesión: Array
(
    [__ci_last_regenerate] => 1759427477
    [_ci_previous_url] => http://192.168.2.118/Tesina/public/admin/dispositivos
    [id_usuario] => 1
    [nombre] => brunito
    [apellido] => barber
    [email] => brunocameille@alumnos.itr3.edu.ar
    [rol] => admin
    [logged_in] => 1
    [tarifa_kwh] => 23212213
)

DEBUG - 2025-10-02 14:51:29 --> Ruta actual: /Tesina/public/admin/dispositivos/buscar
INFO - 2025-10-02 14:51:29 --> Session: Class initialized using 'CodeIgniter\Session\Handlers\FileHandler' driver.
DEBUG - 2025-10-02 14:51:29 --> Datos en sesión: Array
(
    [__ci_last_regenerate] => 1759427477
    [_ci_previous_url] => http://192.168.2.118/Tesina/public/admin
    [id_usuario] => 1
    [nombre] => brunito
    [apellido] => barber
    [email] => brunocameille@alumnos.itr3.edu.ar
    [rol] => admin
    [logged_in] => 1
    [tarifa_kwh] => 23212213
)

DEBUG - 2025-10-02 14:51:29 --> Buscando usuario ID: 1
DEBUG - 2025-10-02 14:51:29 --> Resultado de la búsqueda: Array
(
    [id_usuario] => 1
    [nombre] => brunito
    [apellido] => barber
    [email] => brunocameille@alumnos.itr3.edu.ar
    [contrasena] => $2y$10$F4xQfULyrVhG1JD8Y21QR.vgn9Fzd257acxjmQqHQ3OYfEqBaAPb6
    [direccion_id] => 0
    [id_rol] => 1
    [created_at] => 2025-04-07 13:37:30
    [updated_at] => 2025-07-24 14:07:31
    [invitado_por] => 
    [estado] => activo
    [token_activacion] => 
)

DEBUG - 2025-10-02 14:51:33 --> Ruta actual: /Tesina/public/dispositivo/agregar
INFO - 2025-10-02 14:51:33 --> Session: Class initialized using 'CodeIgniter\Session\Handlers\FileHandler' driver.
DEBUG - 2025-10-02 14:51:33 --> Datos en sesión: Array
(
    [__ci_last_regenerate] => 1759427477
    [_ci_previous_url] => http://192.168.2.118/Tesina/public/admin/dispositivos/buscar
    [id_usuario] => 1
    [nombre] => brunito
    [apellido] => barber
    [email] => brunocameille@alumnos.itr3.edu.ar
    [rol] => admin
    [logged_in] => 1
    [tarifa_kwh] => 23212213
)

DEBUG - 2025-10-02 14:51:35 --> Ruta actual: /Tesina/public/admin/dispositivos
INFO - 2025-10-02 14:51:35 --> Session: Class initialized using 'CodeIgniter\Session\Handlers\FileHandler' driver.
DEBUG - 2025-10-02 14:51:35 --> Datos en sesión: Array
(
    [__ci_last_regenerate] => 1759427477
    [_ci_previous_url] => http://192.168.2.118/Tesina/public/dispositivo/agregar
    [id_usuario] => 1
    [nombre] => brunito
    [apellido] => barber
    [email] => brunocameille@alumnos.itr3.edu.ar
    [rol] => admin
    [logged_in] => 1
    [tarifa_kwh] => 23212213
)

DEBUG - 2025-10-02 14:51:35 --> Buscando usuario ID: 1
DEBUG - 2025-10-02 14:51:35 --> Resultado de la búsqueda: Array
(
    [id_usuario] => 1
    [nombre] => brunito
    [apellido] => barber
    [email] => brunocameille@alumnos.itr3.edu.ar
    [contrasena] => $2y$10$F4xQfULyrVhG1JD8Y21QR.vgn9Fzd257acxjmQqHQ3OYfEqBaAPb6
    [direccion_id] => 0
    [id_rol] => 1
    [created_at] => 2025-04-07 13:37:30
    [updated_at] => 2025-07-24 14:07:31
    [invitado_por] => 
    [estado] => activo
    [token_activacion] => 
)

DEBUG - 2025-10-02 14:51:37 --> Ruta actual: /Tesina/public/admin
INFO - 2025-10-02 14:51:37 --> Session: Class initialized using 'CodeIgniter\Session\Handlers\FileHandler' driver.
DEBUG - 2025-10-02 14:51:37 --> Datos en sesión: Array
(
    [__ci_last_regenerate] => 1759427477
    [_ci_previous_url] => http://192.168.2.118/Tesina/public/admin/dispositivos
    [id_usuario] => 1
    [nombre] => brunito
    [apellido] => barber
    [email] => brunocameille@alumnos.itr3.edu.ar
    [rol] => admin
    [logged_in] => 1
    [tarifa_kwh] => 23212213
)

DEBUG - 2025-10-02 14:52:24 --> Ruta actual: /Tesina/public/admin
INFO - 2025-10-02 14:52:24 --> Session: Class initialized using 'CodeIgniter\Session\Handlers\FileHandler' driver.
DEBUG - 2025-10-02 14:52:24 --> Datos en sesión: Array
(
    [__ci_last_regenerate] => 1759427477
    [_ci_previous_url] => http://192.168.2.118/Tesina/public/admin
    [id_usuario] => 1
    [nombre] => brunito
    [apellido] => barber
    [email] => brunocameille@alumnos.itr3.edu.ar
    [rol] => admin
    [logged_in] => 1
    [tarifa_kwh] => 23212213
)

DEBUG - 2025-10-02 14:52:28 --> Ruta actual: /Tesina/public/dispositivo/agregar
INFO - 2025-10-02 14:52:28 --> Session: Class initialized using 'CodeIgniter\Session\Handlers\FileHandler' driver.
DEBUG - 2025-10-02 14:52:28 --> Datos en sesión: Array
(
    [__ci_last_regenerate] => 1759427477
    [_ci_previous_url] => http://192.168.2.118/Tesina/public/admin
    [id_usuario] => 1
    [nombre] => brunito
    [apellido] => barber
    [email] => brunocameille@alumnos.itr3.edu.ar
    [rol] => admin
    [logged_in] => 1
    [tarifa_kwh] => 23212213
)

DEBUG - 2025-10-02 14:52:31 --> Ruta actual: /Tesina/public/admin/dispositivos
INFO - 2025-10-02 14:52:31 --> Session: Class initialized using 'CodeIgniter\Session\Handlers\FileHandler' driver.
DEBUG - 2025-10-02 14:52:31 --> Datos en sesión: Array
(
    [__ci_last_regenerate] => 1759427477
    [_ci_previous_url] => http://192.168.2.118/Tesina/public/dispositivo/agregar
    [id_usuario] => 1
    [nombre] => brunito
    [apellido] => barber
    [email] => brunocameille@alumnos.itr3.edu.ar
    [rol] => admin
    [logged_in] => 1
    [tarifa_kwh] => 23212213
)

DEBUG - 2025-10-02 14:52:31 --> Buscando usuario ID: 1
DEBUG - 2025-10-02 14:52:31 --> Resultado de la búsqueda: Array
(
    [id_usuario] => 1
    [nombre] => brunito
    [apellido] => barber
    [email] => brunocameille@alumnos.itr3.edu.ar
    [contrasena] => $2y$10$F4xQfULyrVhG1JD8Y21QR.vgn9Fzd257acxjmQqHQ3OYfEqBaAPb6
    [direccion_id] => 0
    [id_rol] => 1
    [created_at] => 2025-04-07 13:37:30
    [updated_at] => 2025-07-24 14:07:31
    [invitado_por] => 
    [estado] => activo
    [token_activacion] => 
)

DEBUG - 2025-10-02 14:52:39 --> Ruta actual: /Tesina/public/admin/gestionarUsuarios
INFO - 2025-10-02 14:52:39 --> Session: Class initialized using 'CodeIgniter\Session\Handlers\FileHandler' driver.
DEBUG - 2025-10-02 14:52:39 --> Datos en sesión: Array
(
    [__ci_last_regenerate] => 1759427477
    [_ci_previous_url] => http://192.168.2.118/Tesina/public/admin/dispositivos
    [id_usuario] => 1
    [nombre] => brunito
    [apellido] => barber
    [email] => brunocameille@alumnos.itr3.edu.ar
    [rol] => admin
    [logged_in] => 1
    [tarifa_kwh] => 23212213
)

DEBUG - 2025-10-02 14:52:39 --> Ruta actual: /Tesina/public/admin
INFO - 2025-10-02 14:52:39 --> Session: Class initialized using 'CodeIgniter\Session\Handlers\FileHandler' driver.
DEBUG - 2025-10-02 14:52:39 --> Datos en sesión: Array
(
    [__ci_last_regenerate] => 1759427477
    [_ci_previous_url] => http://192.168.2.118/Tesina/public/admin/gestionarUsuarios
    [id_usuario] => 1
    [nombre] => brunito
    [apellido] => barber
    [email] => brunocameille@alumnos.itr3.edu.ar
    [rol] => admin
    [logged_in] => 1
    [tarifa_kwh] => 23212213
)

DEBUG - 2025-10-02 14:57:04 --> Ruta actual: /Tesina/public/usuario/perfil
INFO - 2025-10-02 14:57:04 --> Session: Class initialized using 'CodeIgniter\Session\Handlers\FileHandler' driver.
DEBUG - 2025-10-02 14:57:04 --> Datos en sesión: Array
(
    [__ci_last_regenerate] => 1759427824
    [_ci_previous_url] => http://192.168.2.118/Tesina/public/admin
    [id_usuario] => 1
    [nombre] => brunito
    [apellido] => barber
    [email] => brunocameille@alumnos.itr3.edu.ar
    [rol] => admin
    [logged_in] => 1
    [tarifa_kwh] => 23212213
)

DEBUG - 2025-10-02 14:57:04 --> Buscando usuario ID: 1
DEBUG - 2025-10-02 14:57:04 --> Resultado de la búsqueda: Array
(
    [id_usuario] => 1
    [nombre] => brunito
    [apellido] => barber
    [email] => brunocameille@alumnos.itr3.edu.ar
    [contrasena] => $2y$10$F4xQfULyrVhG1JD8Y21QR.vgn9Fzd257acxjmQqHQ3OYfEqBaAPb6
    [direccion_id] => 0
    [id_rol] => 1
    [created_at] => 2025-04-07 13:37:30
    [updated_at] => 2025-07-24 14:07:31
    [invitado_por] => 
    [estado] => activo
    [token_activacion] => 
)

DEBUG - 2025-10-02 14:57:08 --> Ruta actual: /Tesina/public/admin
INFO - 2025-10-02 14:57:08 --> Session: Class initialized using 'CodeIgniter\Session\Handlers\FileHandler' driver.
DEBUG - 2025-10-02 14:57:08 --> Datos en sesión: Array
(
    [__ci_last_regenerate] => 1759427824
    [_ci_previous_url] => http://192.168.2.118/Tesina/public/usuario/perfil
    [id_usuario] => 1
    [nombre] => brunito
    [apellido] => barber
    [email] => brunocameille@alumnos.itr3.edu.ar
    [rol] => admin
    [logged_in] => 1
    [tarifa_kwh] => 23212213
)

DEBUG - 2025-10-02 14:57:15 --> Ruta actual: /Tesina/public/usuario/perfil
INFO - 2025-10-02 14:57:15 --> Session: Class initialized using 'CodeIgniter\Session\Handlers\FileHandler' driver.
DEBUG - 2025-10-02 14:57:15 --> Datos en sesión: Array
(
    [__ci_last_regenerate] => 1759427824
    [_ci_previous_url] => http://192.168.2.118/Tesina/public/admin
    [id_usuario] => 1
    [nombre] => brunito
    [apellido] => barber
    [email] => brunocameille@alumnos.itr3.edu.ar
    [rol] => admin
    [logged_in] => 1
    [tarifa_kwh] => 23212213
)

DEBUG - 2025-10-02 14:57:15 --> Buscando usuario ID: 1
DEBUG - 2025-10-02 14:57:15 --> Resultado de la búsqueda: Array
(
    [id_usuario] => 1
    [nombre] => brunito
    [apellido] => barber
    [email] => brunocameille@alumnos.itr3.edu.ar
    [contrasena] => $2y$10$F4xQfULyrVhG1JD8Y21QR.vgn9Fzd257acxjmQqHQ3OYfEqBaAPb6
    [direccion_id] => 0
    [id_rol] => 1
    [created_at] => 2025-04-07 13:37:30
    [updated_at] => 2025-07-24 14:07:31
    [invitado_por] => 
    [estado] => activo
    [token_activacion] => 
)

DEBUG - 2025-10-02 14:57:34 --> Ruta actual: /Tesina/public/admin
INFO - 2025-10-02 14:57:34 --> Session: Class initialized using 'CodeIgniter\Session\Handlers\FileHandler' driver.
DEBUG - 2025-10-02 14:57:34 --> Datos en sesión: Array
(
    [__ci_last_regenerate] => 1759427824
    [_ci_previous_url] => http://192.168.2.118/Tesina/public/usuario/perfil
    [id_usuario] => 1
    [nombre] => brunito
    [apellido] => barber
    [email] => brunocameille@alumnos.itr3.edu.ar
    [rol] => admin
    [logged_in] => 1
    [tarifa_kwh] => 23212213
)

DEBUG - 2025-10-02 14:57:45 --> Ruta actual: /Tesina/public/admin/dispositivos
INFO - 2025-10-02 14:57:45 --> Session: Class initialized using 'CodeIgniter\Session\Handlers\FileHandler' driver.
DEBUG - 2025-10-02 14:57:45 --> Datos en sesión: Array
(
    [__ci_last_regenerate] => 1759427824
    [_ci_previous_url] => http://192.168.2.118/Tesina/public/admin
    [id_usuario] => 1
    [nombre] => brunito
    [apellido] => barber
    [email] => brunocameille@alumnos.itr3.edu.ar
    [rol] => admin
    [logged_in] => 1
    [tarifa_kwh] => 23212213
)

DEBUG - 2025-10-02 14:57:45 --> Buscando usuario ID: 1
DEBUG - 2025-10-02 14:57:45 --> Resultado de la búsqueda: Array
(
    [id_usuario] => 1
    [nombre] => brunito
    [apellido] => barber
    [email] => brunocameille@alumnos.itr3.edu.ar
    [contrasena] => $2y$10$F4xQfULyrVhG1JD8Y21QR.vgn9Fzd257acxjmQqHQ3OYfEqBaAPb6
    [direccion_id] => 0
    [id_rol] => 1
    [created_at] => 2025-04-07 13:37:30
    [updated_at] => 2025-07-24 14:07:31
    [invitado_por] => 
    [estado] => activo
    [token_activacion] => 
)

DEBUG - 2025-10-02 14:57:50 --> Ruta actual: /Tesina/public/energia/dispositivo/2
INFO - 2025-10-02 14:57:50 --> Session: Class initialized using 'CodeIgniter\Session\Handlers\FileHandler' driver.
DEBUG - 2025-10-02 14:57:50 --> Datos en sesión: Array
(
    [__ci_last_regenerate] => 1759427824
    [_ci_previous_url] => http://192.168.2.118/Tesina/public/admin/dispositivos
    [id_usuario] => 1
    [nombre] => brunito
    [apellido] => barber
    [email] => brunocameille@alumnos.itr3.edu.ar
    [rol] => admin
    [logged_in] => 1
    [tarifa_kwh] => 23212213
)

INFO - 2025-10-02 14:57:53 --> Session: Class initialized using 'CodeIgniter\Session\Handlers\FileHandler' driver.
INFO - 2025-10-02 14:57:57 --> Session: Class initialized using 'CodeIgniter\Session\Handlers\FileHandler' driver.
INFO - 2025-10-02 14:58:02 --> Session: Class initialized using 'CodeIgniter\Session\Handlers\FileHandler' driver.
INFO - 2025-10-02 14:58:07 --> Session: Class initialized using 'CodeIgniter\Session\Handlers\FileHandler' driver.
INFO - 2025-10-02 14:58:12 --> Session: Class initialized using 'CodeIgniter\Session\Handlers\FileHandler' driver.
INFO - 2025-10-02 14:58:17 --> Session: Class initialized using 'CodeIgniter\Session\Handlers\FileHandler' driver.
INFO - 2025-10-02 14:58:22 --> Session: Class initialized using 'CodeIgniter\Session\Handlers\FileHandler' driver.
INFO - 2025-10-02 14:58:29 --> Session: Class initialized using 'CodeIgniter\Session\Handlers\FileHandler' driver.
INFO - 2025-10-02 14:58:32 --> Session: Class initialized using 'CodeIgniter\Session\Handlers\FileHandler' driver.
INFO - 2025-10-02 14:58:37 --> Session: Class initialized using 'CodeIgniter\Session\Handlers\FileHandler' driver.
INFO - 2025-10-02 14:58:42 --> Session: Class initialized using 'CodeIgniter\Session\Handlers\FileHandler' driver.
INFO - 2025-10-02 14:58:47 --> Session: Class initialized using 'CodeIgniter\Session\Handlers\FileHandler' driver.
INFO - 2025-10-02 14:58:52 --> Session: Class initialized using 'CodeIgniter\Session\Handlers\FileHandler' driver.
INFO - 2025-10-02 14:58:57 --> Session: Class initialized using 'CodeIgniter\Session\Handlers\FileHandler' driver.
INFO - 2025-10-02 14:59:02 --> Session: Class initialized using 'CodeIgniter\Session\Handlers\FileHandler' driver.
INFO - 2025-10-02 14:59:07 --> Session: Class initialized using 'CodeIgniter\Session\Handlers\FileHandler' driver.
INFO - 2025-10-02 14:59:12 --> Session: Class initialized using 'CodeIgniter\Session\Handlers\FileHandler' driver.
INFO - 2025-10-02 14:59:17 --> Session: Class initialized using 'CodeIgniter\Session\Handlers\FileHandler' driver.
INFO - 2025-10-02 14:59:27 --> Session: Class initialized using 'CodeIgniter\Session\Handlers\FileHandler' driver.
INFO - 2025-10-02 14:59:55 --> Session: Class initialized using 'CodeIgniter\Session\Handlers\FileHandler' driver.
INFO - 2025-10-02 15:00:30 --> Session: Class initialized using 'CodeIgniter\Session\Handlers\FileHandler' driver.
INFO - 2025-10-02 15:00:32 --> Session: Class initialized using 'CodeIgniter\Session\Handlers\FileHandler' driver.
INFO - 2025-10-02 15:00:33 --> Session: Class initialized using 'CodeIgniter\Session\Handlers\FileHandler' driver.
INFO - 2025-10-02 15:00:34 --> Session: Class initialized using 'CodeIgniter\Session\Handlers\FileHandler' driver.
INFO - 2025-10-02 15:00:39 --> Session: Class initialized using 'CodeIgniter\Session\Handlers\FileHandler' driver.
INFO - 2025-10-02 15:01:04 --> Session: Class initialized using 'CodeIgniter\Session\Handlers\FileHandler' driver.
INFO - 2025-10-02 15:01:10 --> Session: Class initialized using 'CodeIgniter\Session\Handlers\FileHandler' driver.
INFO - 2025-10-02 15:02:10 --> Session: Class initialized using 'CodeIgniter\Session\Handlers\FileHandler' driver.
INFO - 2025-10-02 15:02:37 --> Session: Class initialized using 'CodeIgniter\Session\Handlers\FileHandler' driver.
INFO - 2025-10-02 15:02:44 --> Session: Class initialized using 'CodeIgniter\Session\Handlers\FileHandler' driver.
INFO - 2025-10-02 15:06:10 --> Session: Class initialized using 'CodeIgniter\Session\Handlers\FileHandler' driver.
INFO - 2025-10-02 15:09:48 --> Session: Class initialized using 'CodeIgniter\Session\Handlers\FileHandler' driver.
INFO - 2025-10-02 15:11:12 --> Session: Class initialized using 'CodeIgniter\Session\Handlers\FileHandler' driver.
DEBUG - 2025-10-02 15:11:12 --> === INICIO PROCESO DE COMPRA ===
DEBUG - 2025-10-02 15:11:12 --> Datos recibidos: {"nombre":"garabatito","email":"garabatito@gmail.com","id_dispositivo":"1"}
DEBUG - 2025-10-02 15:11:12 --> Dispositivo encontrado: {"id_dispositivo":"1","nombre":"medidor de ecovolt","id_usuario":"1","mac_address":"00:1A:2B:3C:4D:5E","ip_address":null,"ultima_conexion":null,"estado":"activo","created_at":"2025-04-10 22:26:34","stock":"43","precio":"85","descripcion":"","fecha_actualizacion":"2025-10-02 13:43:23","updated_at":"2025-06-12 15:06:14","codigo_activacion":null,"fecha_activacion":null}
DEBUG - 2025-10-02 15:11:12 --> Creando usuario con datos: {"email":"garabatito@gmail.com","rol":1,"estado":"pendiente"}
DEBUG - 2025-10-02 15:11:12 --> Iniciando hashPassword con datos: {"data":{"nombre":"garabatito","apellido":"toruli","email":"garabatito@gmail.com","contrasena":"Garabatito_07$","id_rol":1,"estado":"pendiente","created_at":"2025-10-02 15:11:12","updated_at":"2025-10-02 15:11:12"}}
DEBUG - 2025-10-02 15:11:12 --> Contraseña original: Garabatito_07$
DEBUG - 2025-10-02 15:11:12 --> Longitud de la contraseña original: 14
DEBUG - 2025-10-02 15:11:12 --> Hash generado: $2y$10$2A9oNml4EwoKMjzNOt/8H.1eLb8s3i5/UT2R6US0PBc1XHO8svjBe
DEBUG - 2025-10-02 15:11:12 --> Usuario creado con ID: 81
DEBUG - 2025-10-02 15:11:12 --> Dirección creada con ID: 22
DEBUG - 2025-10-02 15:11:12 --> Datos guardados en sesión: {"id_usuario":81,"id_dispositivo":"1"}
DEBUG - 2025-10-02 15:11:12 --> === FIN PROCESO DE COMPRA ===
INFO - 2025-10-02 15:11:13 --> Session: Class initialized using 'CodeIgniter\Session\Handlers\FileHandler' driver.
INFO - 2025-10-02 15:18:01 --> Session: Class initialized using 'CodeIgniter\Session\Handlers\FileHandler' driver.
