INFO - 2025-10-29 09:57:34 --> Session: Class initialized using 'CodeIgniter\Session\Handlers\FileHandler' driver.
INFO - 2025-10-29 09:59:39 --> Session: Class initialized using 'CodeIgniter\Session\Handlers\FileHandler' driver.
INFO - 2025-10-29 09:59:42 --> Session: Class initialized using 'CodeIgniter\Session\Handlers\FileHandler' driver.
INFO - 2025-10-29 09:59:42 --> Session: Class initialized using 'CodeIgniter\Session\Handlers\FileHandler' driver.
INFO - 2025-10-29 10:00:08 --> Session: Class initialized using 'CodeIgniter\Session\Handlers\FileHandler' driver.
DEBUG - 2025-10-29 10:00:08 --> Intento de login para compra adicional - Email: brunocameille@alumnos.itr3.edu.ar
DEBUG - 2025-10-29 10:00:08 --> Usuario encontrado para compra adicional: {"id":"1","email":"brunocameille@alumnos.itr3.edu.ar","estado":"activo","rol":"1"}
DEBUG - 2025-10-29 10:00:08 --> Contraseña incorrecta para compra adicional - Email: brunocameille@alumnos.itr3.edu.ar
INFO - 2025-10-29 10:00:08 --> Session: Class initialized using 'CodeIgniter\Session\Handlers\FileHandler' driver.
INFO - 2025-10-29 10:00:32 --> Session: Class initialized using 'CodeIgniter\Session\Handlers\FileHandler' driver.
DEBUG - 2025-10-29 10:00:32 --> Intento de login para compra adicional - Email: brunocameille@alumnos.itr3.edu.ar
DEBUG - 2025-10-29 10:00:32 --> Usuario encontrado para compra adicional: {"id":"1","email":"brunocameille@alumnos.itr3.edu.ar","estado":"activo","rol":"1"}
DEBUG - 2025-10-29 10:00:32 --> Login exitoso para compra adicional - Email: brunocameille@alumnos.itr3.edu.ar
DEBUG - 2025-10-29 10:00:32 --> Redirigiendo a compra adicional para usuario: brunocameille@alumnos.itr3.edu.ar
INFO - 2025-10-29 10:00:33 --> Session: Class initialized using 'CodeIgniter\Session\Handlers\FileHandler' driver.
DEBUG - 2025-10-29 10:00:33 --> Buscando usuario ID: 1
DEBUG - 2025-10-29 10:00:33 --> Resultado de la búsqueda: Array
(
    [id_usuario] => 1
    [nombre] => brunito
    [apellido] => barber
    [email] => brunocameille@alumnos.itr3.edu.ar
    [contrasena] => $2y$10$DfVf5j75GUow.8KQIROrQ.HgppT0Rq0gHjnl3td.ZZBDLZAYggz.u
    [direccion_id] => 0
    [id_rol] => 1
    [created_at] => 2025-04-07 13:37:30
    [updated_at] => 2025-10-13 19:57:07
    [invitado_por] => 
    [estado] => activo
    [token_activacion] => 
)

INFO - 2025-10-29 10:01:17 --> Session: Class initialized using 'CodeIgniter\Session\Handlers\FileHandler' driver.
INFO - 2025-10-29 10:01:17 --> Session: Class initialized using 'CodeIgniter\Session\Handlers\FileHandler' driver.
DEBUG - 2025-10-29 10:01:17 --> Buscando usuario ID: 1
DEBUG - 2025-10-29 10:01:17 --> Resultado de la búsqueda: Array
(
    [id_usuario] => 1
    [nombre] => brunito
    [apellido] => barber
    [email] => brunocameille@alumnos.itr3.edu.ar
    [contrasena] => $2y$10$DfVf5j75GUow.8KQIROrQ.HgppT0Rq0gHjnl3td.ZZBDLZAYggz.u
    [direccion_id] => 0
    [id_rol] => 1
    [created_at] => 2025-04-07 13:37:30
    [updated_at] => 2025-10-13 19:57:07
    [invitado_por] => 
    [estado] => activo
    [token_activacion] => 
)

INFO - 2025-10-29 10:01:47 --> Session: Class initialized using 'CodeIgniter\Session\Handlers\FileHandler' driver.
DEBUG - 2025-10-29 10:01:47 --> === INICIO PROCESAR PAGO USUARIO EXISTENTE ===
DEBUG - 2025-10-29 10:01:47 --> Payment data recibido: {"id":"9KR15864TM648225S","intent":"CAPTURE","status":"COMPLETED","purchase_units":[{"reference_id":"default","amount":{"currency_code":"USD","value":"150.00","breakdown":{"item_total":{"currency_code":"USD","value":"150.00"},"shipping":{"currency_code":"USD","value":"0.00"},"handling":{"currency_code":"USD","value":"0.00"},"insurance":{"currency_code":"USD","value":"0.00"},"shipping_discount":{"currency_code":"USD","value":"0.00"}}},"payee":{"email_address":"sb-hgsm4739665145@business.example.com","merchant_id":"RLNSU5SN9HKR2"},"description":"EcoVolt Pro Premium - Dispositivo Adicional","soft_descriptor":"PAYPAL *TEST STORE","items":[{"name":"EcoVolt Pro Premium Adicional","unit_amount":{"currency_code":"USD","value":"150.00"},"tax":{"currency_code":"USD","value":"0.00"},"quantity":"1","description":"Dispositivo adicional para cuenta premium existente"}],"shipping":{"name":{"full_name":"Enzo Guerreiro"},"address":{"address_line_1":"Free Trade Zone","admin_area_2":"Buenos Aires","admin_area_1":"Buenos Aires","postal_code":"B1675","country_code":"AR"}},"payments":{"captures":[{"id":"3D635295TN642534L","status":"COMPLETED","amount":{"currency_code":"USD","value":"150.00"},"final_capture":true,"seller_protection":{"status":"ELIGIBLE","dispute_categories":["ITEM_NOT_RECEIVED","UNAUTHORIZED_TRANSACTION"]},"create_time":"2025-10-29T13:01:46Z","update_time":"2025-10-29T13:01:46Z"}]}}],"payer":{"name":{"given_name":"Enzo","surname":"Guerreiro"},"email_address":"enzoguerreiro@alumnos.itr3.edu.ar","payer_id":"5SYG3QNM343Y2","address":{"country_code":"AR"}},"create_time":"2025-10-29T13:01:32Z","update_time":"2025-10-29T13:01:46Z","links":[{"href":"https:\/\/api.sandbox.paypal.com\/v2\/checkout\/orders\/9KR15864TM648225S","rel":"self","method":"GET"}]}
DEBUG - 2025-10-29 10:01:47 --> Datos de sesión: {"id_usuario":"1","id_dispositivo":"1","tipo_compra":"usuario_existente"}
DEBUG - 2025-10-29 10:01:47 --> Buscando usuario ID: 1
DEBUG - 2025-10-29 10:01:47 --> Resultado de la búsqueda: Array
(
    [id_usuario] => 1
    [nombre] => brunito
    [apellido] => barber
    [email] => brunocameille@alumnos.itr3.edu.ar
    [contrasena] => $2y$10$DfVf5j75GUow.8KQIROrQ.HgppT0Rq0gHjnl3td.ZZBDLZAYggz.u
    [direccion_id] => 0
    [id_rol] => 1
    [created_at] => 2025-04-07 13:37:30
    [updated_at] => 2025-10-13 19:57:07
    [invitado_por] => 
    [estado] => activo
    [token_activacion] => 
)

DEBUG - 2025-10-29 10:01:47 --> Creando compra: {"id_usuario":"1","id_dispositivo":"1","direccion_envio":"Direcci\u00f3n del usuario existente","estado":"completada","fecha_compra":"2025-10-29 10:01:47","payment_id":"9KR15864TM648225S"}
DEBUG - 2025-10-29 10:01:52 --> Compra procesada exitosamente, redirigiendo...
INFO - 2025-10-29 10:01:52 --> Session: Class initialized using 'CodeIgniter\Session\Handlers\FileHandler' driver.
DEBUG - 2025-10-29 10:01:52 --> Buscando usuario ID: 1
DEBUG - 2025-10-29 10:01:52 --> Resultado de la búsqueda: Array
(
    [id_usuario] => 1
    [nombre] => brunito
    [apellido] => barber
    [email] => brunocameille@alumnos.itr3.edu.ar
    [contrasena] => $2y$10$DfVf5j75GUow.8KQIROrQ.HgppT0Rq0gHjnl3td.ZZBDLZAYggz.u
    [direccion_id] => 0
    [id_rol] => 1
    [created_at] => 2025-04-07 13:37:30
    [updated_at] => 2025-10-13 19:57:07
    [invitado_por] => 
    [estado] => activo
    [token_activacion] => 
)

DEBUG - 2025-10-29 10:02:36 --> Ruta actual: /Tesina/public/admin/dispositivos
INFO - 2025-10-29 10:02:36 --> Session: Class initialized using 'CodeIgniter\Session\Handlers\FileHandler' driver.
DEBUG - 2025-10-29 10:02:36 --> Datos en sesión: Array
(
    [__ci_last_regenerate] => 1761742779
    [_ci_previous_url] => http://192.168.0.138/Tesina/public/compra-existente/pago-exitoso
    [id_usuario] => 1
    [nombre] => brunito
    [email] => brunocameille@alumnos.itr3.edu.ar
    [id_rol] => 1
    [logged_in] => 1
)

DEBUG - 2025-10-29 10:02:36 --> Buscando usuario ID: 1
DEBUG - 2025-10-29 10:02:36 --> Resultado de la búsqueda: Array
(
    [id_usuario] => 1
    [nombre] => brunito
    [apellido] => barber
    [email] => brunocameille@alumnos.itr3.edu.ar
    [contrasena] => $2y$10$DfVf5j75GUow.8KQIROrQ.HgppT0Rq0gHjnl3td.ZZBDLZAYggz.u
    [direccion_id] => 0
    [id_rol] => 1
    [created_at] => 2025-04-07 13:37:30
    [updated_at] => 2025-10-13 19:57:07
    [invitado_por] => 
    [estado] => activo
    [token_activacion] => 
)

DEBUG - 2025-10-29 10:02:42 --> Ruta actual: /Tesina/public/admin/dashboard
INFO - 2025-10-29 10:02:42 --> Session: Class initialized using 'CodeIgniter\Session\Handlers\FileHandler' driver.
DEBUG - 2025-10-29 10:02:42 --> Datos en sesión: Array
(
    [__ci_last_regenerate] => 1761742779
    [_ci_previous_url] => http://192.168.0.138/Tesina/public/admin/dispositivos
    [id_usuario] => 1
    [nombre] => brunito
    [email] => brunocameille@alumnos.itr3.edu.ar
    [id_rol] => 1
    [logged_in] => 1
)

INFO - 2025-10-29 10:04:05 --> Session: Class initialized using 'CodeIgniter\Session\Handlers\FileHandler' driver.
INFO - 2025-10-29 10:04:05 --> Session: Class initialized using 'CodeIgniter\Session\Handlers\FileHandler' driver.
DEBUG - 2025-10-29 10:04:05 --> Buscando usuario ID: 1
DEBUG - 2025-10-29 10:04:05 --> Resultado de la búsqueda: Array
(
    [id_usuario] => 1
    [nombre] => brunito
    [apellido] => barber
    [email] => brunocameille@alumnos.itr3.edu.ar
    [contrasena] => $2y$10$DfVf5j75GUow.8KQIROrQ.HgppT0Rq0gHjnl3td.ZZBDLZAYggz.u
    [direccion_id] => 0
    [id_rol] => 1
    [created_at] => 2025-04-07 13:37:30
    [updated_at] => 2025-10-13 19:57:07
    [invitado_por] => 
    [estado] => activo
    [token_activacion] => 
)

INFO - 2025-10-29 10:04:07 --> Session: Class initialized using 'CodeIgniter\Session\Handlers\FileHandler' driver.
INFO - 2025-10-29 10:04:07 --> Session: Class initialized using 'CodeIgniter\Session\Handlers\FileHandler' driver.
INFO - 2025-10-29 10:04:10 --> Session: Class initialized using 'CodeIgniter\Session\Handlers\FileHandler' driver.
INFO - 2025-10-29 10:04:12 --> Session: Class initialized using 'CodeIgniter\Session\Handlers\FileHandler' driver.
INFO - 2025-10-29 10:04:12 --> Session: Class initialized using 'CodeIgniter\Session\Handlers\FileHandler' driver.
INFO - 2025-10-29 10:04:17 --> Session: Class initialized using 'CodeIgniter\Session\Handlers\FileHandler' driver.
INFO - 2025-10-29 10:04:20 --> Session: Class initialized using 'CodeIgniter\Session\Handlers\FileHandler' driver.
INFO - 2025-10-29 10:04:20 --> Session: Class initialized using 'CodeIgniter\Session\Handlers\FileHandler' driver.
INFO - 2025-10-29 10:04:39 --> Session: Class initialized using 'CodeIgniter\Session\Handlers\FileHandler' driver.
DEBUG - 2025-10-29 10:04:39 --> Intento de login para compra adicional - Email: brunocameille@alumnos.itr3.edu.ar
DEBUG - 2025-10-29 10:04:39 --> Usuario encontrado para compra adicional: {"id":"1","email":"brunocameille@alumnos.itr3.edu.ar","estado":"activo","rol":"1"}
DEBUG - 2025-10-29 10:04:39 --> Contraseña incorrecta para compra adicional - Email: brunocameille@alumnos.itr3.edu.ar
INFO - 2025-10-29 10:04:39 --> Session: Class initialized using 'CodeIgniter\Session\Handlers\FileHandler' driver.
INFO - 2025-10-29 10:04:56 --> Session: Class initialized using 'CodeIgniter\Session\Handlers\FileHandler' driver.
DEBUG - 2025-10-29 10:04:56 --> Intento de login para compra adicional - Email: brunocameille@alumnos.itr3.edu.ar
DEBUG - 2025-10-29 10:04:56 --> Usuario encontrado para compra adicional: {"id":"1","email":"brunocameille@alumnos.itr3.edu.ar","estado":"activo","rol":"1"}
DEBUG - 2025-10-29 10:04:57 --> Login exitoso para compra adicional - Email: brunocameille@alumnos.itr3.edu.ar
DEBUG - 2025-10-29 10:04:57 --> Redirigiendo a compra adicional para usuario: brunocameille@alumnos.itr3.edu.ar
INFO - 2025-10-29 10:04:57 --> Session: Class initialized using 'CodeIgniter\Session\Handlers\FileHandler' driver.
DEBUG - 2025-10-29 10:04:57 --> Buscando usuario ID: 1
DEBUG - 2025-10-29 10:04:57 --> Resultado de la búsqueda: Array
(
    [id_usuario] => 1
    [nombre] => brunito
    [apellido] => barber
    [email] => brunocameille@alumnos.itr3.edu.ar
    [contrasena] => $2y$10$DfVf5j75GUow.8KQIROrQ.HgppT0Rq0gHjnl3td.ZZBDLZAYggz.u
    [direccion_id] => 0
    [id_rol] => 1
    [created_at] => 2025-04-07 13:37:30
    [updated_at] => 2025-10-13 19:57:07
    [invitado_por] => 
    [estado] => activo
    [token_activacion] => 
)

INFO - 2025-10-29 10:05:09 --> Session: Class initialized using 'CodeIgniter\Session\Handlers\FileHandler' driver.
INFO - 2025-10-29 10:05:10 --> Session: Class initialized using 'CodeIgniter\Session\Handlers\FileHandler' driver.
DEBUG - 2025-10-29 10:05:10 --> Buscando usuario ID: 1
DEBUG - 2025-10-29 10:05:10 --> Resultado de la búsqueda: Array
(
    [id_usuario] => 1
    [nombre] => brunito
    [apellido] => barber
    [email] => brunocameille@alumnos.itr3.edu.ar
    [contrasena] => $2y$10$DfVf5j75GUow.8KQIROrQ.HgppT0Rq0gHjnl3td.ZZBDLZAYggz.u
    [direccion_id] => 0
    [id_rol] => 1
    [created_at] => 2025-04-07 13:37:30
    [updated_at] => 2025-10-13 19:57:07
    [invitado_por] => 
    [estado] => activo
    [token_activacion] => 
)

INFO - 2025-10-29 10:05:28 --> Session: Class initialized using 'CodeIgniter\Session\Handlers\FileHandler' driver.
DEBUG - 2025-10-29 10:05:28 --> === INICIO PROCESAR PAGO USUARIO EXISTENTE ===
DEBUG - 2025-10-29 10:05:28 --> Payment data recibido: {"id":"3GB48932YX9141840","intent":"CAPTURE","status":"COMPLETED","purchase_units":[{"reference_id":"default","amount":{"currency_code":"USD","value":"150.00","breakdown":{"item_total":{"currency_code":"USD","value":"150.00"},"shipping":{"currency_code":"USD","value":"0.00"},"handling":{"currency_code":"USD","value":"0.00"},"insurance":{"currency_code":"USD","value":"0.00"},"shipping_discount":{"currency_code":"USD","value":"0.00"}}},"payee":{"email_address":"sb-hgsm4739665145@business.example.com","merchant_id":"RLNSU5SN9HKR2"},"description":"EcoVolt Pro Premium - Dispositivo Adicional","soft_descriptor":"PAYPAL *TEST STORE","items":[{"name":"EcoVolt Pro Premium Adicional","unit_amount":{"currency_code":"USD","value":"150.00"},"tax":{"currency_code":"USD","value":"0.00"},"quantity":"1","description":"Dispositivo adicional para cuenta premium existente"}],"shipping":{"name":{"full_name":"Enzo Guerreiro"},"address":{"address_line_1":"Free Trade Zone","admin_area_2":"Buenos Aires","admin_area_1":"Buenos Aires","postal_code":"B1675","country_code":"AR"}},"payments":{"captures":[{"id":"4FK64655HT168754L","status":"COMPLETED","amount":{"currency_code":"USD","value":"150.00"},"final_capture":true,"seller_protection":{"status":"ELIGIBLE","dispute_categories":["ITEM_NOT_RECEIVED","UNAUTHORIZED_TRANSACTION"]},"create_time":"2025-10-29T13:05:27Z","update_time":"2025-10-29T13:05:27Z"}]}}],"payer":{"name":{"given_name":"Enzo","surname":"Guerreiro"},"email_address":"enzoguerreiro@alumnos.itr3.edu.ar","payer_id":"5SYG3QNM343Y2","address":{"country_code":"AR"}},"create_time":"2025-10-29T13:05:17Z","update_time":"2025-10-29T13:05:27Z","links":[{"href":"https:\/\/api.sandbox.paypal.com\/v2\/checkout\/orders\/3GB48932YX9141840","rel":"self","method":"GET"}]}
DEBUG - 2025-10-29 10:05:28 --> Datos de sesión: {"id_usuario":"1","id_dispositivo":"1","tipo_compra":"usuario_existente"}
DEBUG - 2025-10-29 10:05:28 --> Buscando usuario ID: 1
DEBUG - 2025-10-29 10:05:28 --> Resultado de la búsqueda: Array
(
    [id_usuario] => 1
    [nombre] => brunito
    [apellido] => barber
    [email] => brunocameille@alumnos.itr3.edu.ar
    [contrasena] => $2y$10$DfVf5j75GUow.8KQIROrQ.HgppT0Rq0gHjnl3td.ZZBDLZAYggz.u
    [direccion_id] => 0
    [id_rol] => 1
    [created_at] => 2025-04-07 13:37:30
    [updated_at] => 2025-10-13 19:57:07
    [invitado_por] => 
    [estado] => activo
    [token_activacion] => 
)

DEBUG - 2025-10-29 10:05:28 --> Creando compra: {"id_usuario":"1","id_dispositivo":"1","direccion_envio":"Direcci\u00f3n del usuario existente","estado":"completada","fecha_compra":"2025-10-29 10:05:28","payment_id":"3GB48932YX9141840"}
DEBUG - 2025-10-29 10:05:32 --> Compra procesada exitosamente, redirigiendo...
INFO - 2025-10-29 10:05:32 --> Session: Class initialized using 'CodeIgniter\Session\Handlers\FileHandler' driver.
DEBUG - 2025-10-29 10:05:32 --> Buscando usuario ID: 1
DEBUG - 2025-10-29 10:05:32 --> Resultado de la búsqueda: Array
(
    [id_usuario] => 1
    [nombre] => brunito
    [apellido] => barber
    [email] => brunocameille@alumnos.itr3.edu.ar
    [contrasena] => $2y$10$DfVf5j75GUow.8KQIROrQ.HgppT0Rq0gHjnl3td.ZZBDLZAYggz.u
    [direccion_id] => 0
    [id_rol] => 1
    [created_at] => 2025-04-07 13:37:30
    [updated_at] => 2025-10-13 19:57:07
    [invitado_por] => 
    [estado] => activo
    [token_activacion] => 
)

INFO - 2025-10-29 10:11:59 --> Session: Class initialized using 'CodeIgniter\Session\Handlers\FileHandler' driver.
INFO - 2025-10-29 10:11:59 --> Session: Class initialized using 'CodeIgniter\Session\Handlers\FileHandler' driver.
INFO - 2025-10-29 10:12:02 --> Session: Class initialized using 'CodeIgniter\Session\Handlers\FileHandler' driver.
INFO - 2025-10-29 10:12:04 --> Session: Class initialized using 'CodeIgniter\Session\Handlers\FileHandler' driver.
INFO - 2025-10-29 10:12:12 --> Session: Class initialized using 'CodeIgniter\Session\Handlers\FileHandler' driver.
INFO - 2025-10-29 10:12:12 --> Session: Class initialized using 'CodeIgniter\Session\Handlers\FileHandler' driver.
INFO - 2025-10-29 10:12:46 --> Session: Class initialized using 'CodeIgniter\Session\Handlers\FileHandler' driver.
DEBUG - 2025-10-29 10:12:46 --> Intento de login para compra adicional - Email: brunocameille@alumnos.itr3.edu.ar
DEBUG - 2025-10-29 10:12:46 --> Usuario encontrado para compra adicional: {"id":"1","email":"brunocameille@alumnos.itr3.edu.ar","estado":"activo","rol":"1"}
DEBUG - 2025-10-29 10:12:46 --> Login exitoso para compra adicional - Email: brunocameille@alumnos.itr3.edu.ar
DEBUG - 2025-10-29 10:12:46 --> Redirigiendo a compra adicional para usuario: brunocameille@alumnos.itr3.edu.ar
INFO - 2025-10-29 10:12:47 --> Session: Class initialized using 'CodeIgniter\Session\Handlers\FileHandler' driver.
DEBUG - 2025-10-29 10:12:47 --> Buscando usuario ID: 1
DEBUG - 2025-10-29 10:12:47 --> Resultado de la búsqueda: Array
(
    [id_usuario] => 1
    [nombre] => brunito
    [apellido] => barber
    [email] => brunocameille@alumnos.itr3.edu.ar
    [contrasena] => $2y$10$DfVf5j75GUow.8KQIROrQ.HgppT0Rq0gHjnl3td.ZZBDLZAYggz.u
    [direccion_id] => 0
    [id_rol] => 1
    [created_at] => 2025-04-07 13:37:30
    [updated_at] => 2025-10-13 19:57:07
    [invitado_por] => 
    [estado] => activo
    [token_activacion] => 
)

INFO - 2025-10-29 10:13:38 --> Session: Class initialized using 'CodeIgniter\Session\Handlers\FileHandler' driver.
INFO - 2025-10-29 10:13:39 --> Session: Class initialized using 'CodeIgniter\Session\Handlers\FileHandler' driver.
DEBUG - 2025-10-29 10:13:39 --> Buscando usuario ID: 1
DEBUG - 2025-10-29 10:13:39 --> Resultado de la búsqueda: Array
(
    [id_usuario] => 1
    [nombre] => brunito
    [apellido] => barber
    [email] => brunocameille@alumnos.itr3.edu.ar
    [contrasena] => $2y$10$DfVf5j75GUow.8KQIROrQ.HgppT0Rq0gHjnl3td.ZZBDLZAYggz.u
    [direccion_id] => 0
    [id_rol] => 1
    [created_at] => 2025-04-07 13:37:30
    [updated_at] => 2025-10-13 19:57:07
    [invitado_por] => 
    [estado] => activo
    [token_activacion] => 
)

INFO - 2025-10-29 10:17:40 --> Session: Class initialized using 'CodeIgniter\Session\Handlers\FileHandler' driver.
DEBUG - 2025-10-29 10:17:40 --> Buscando usuario ID: 1
DEBUG - 2025-10-29 10:17:40 --> Resultado de la búsqueda: Array
(
    [id_usuario] => 1
    [nombre] => brunito
    [apellido] => barber
    [email] => brunocameille@alumnos.itr3.edu.ar
    [contrasena] => $2y$10$DfVf5j75GUow.8KQIROrQ.HgppT0Rq0gHjnl3td.ZZBDLZAYggz.u
    [direccion_id] => 0
    [id_rol] => 1
    [created_at] => 2025-04-07 13:37:30
    [updated_at] => 2025-10-13 19:57:07
    [invitado_por] => 
    [estado] => activo
    [token_activacion] => 
)

INFO - 2025-10-29 10:17:58 --> Session: Class initialized using 'CodeIgniter\Session\Handlers\FileHandler' driver.
INFO - 2025-10-29 10:17:59 --> Session: Class initialized using 'CodeIgniter\Session\Handlers\FileHandler' driver.
DEBUG - 2025-10-29 10:17:59 --> Buscando usuario ID: 1
DEBUG - 2025-10-29 10:17:59 --> Resultado de la búsqueda: Array
(
    [id_usuario] => 1
    [nombre] => brunito
    [apellido] => barber
    [email] => brunocameille@alumnos.itr3.edu.ar
    [contrasena] => $2y$10$DfVf5j75GUow.8KQIROrQ.HgppT0Rq0gHjnl3td.ZZBDLZAYggz.u
    [direccion_id] => 0
    [id_rol] => 1
    [created_at] => 2025-04-07 13:37:30
    [updated_at] => 2025-10-13 19:57:07
    [invitado_por] => 
    [estado] => activo
    [token_activacion] => 
)

INFO - 2025-10-29 10:18:51 --> Session: Class initialized using 'CodeIgniter\Session\Handlers\FileHandler' driver.
DEBUG - 2025-10-29 10:18:51 --> Buscando usuario ID: 1
DEBUG - 2025-10-29 10:18:51 --> Resultado de la búsqueda: Array
(
    [id_usuario] => 1
    [nombre] => brunito
    [apellido] => barber
    [email] => brunocameille@alumnos.itr3.edu.ar
    [contrasena] => $2y$10$DfVf5j75GUow.8KQIROrQ.HgppT0Rq0gHjnl3td.ZZBDLZAYggz.u
    [direccion_id] => 0
    [id_rol] => 1
    [created_at] => 2025-04-07 13:37:30
    [updated_at] => 2025-10-13 19:57:07
    [invitado_por] => 
    [estado] => activo
    [token_activacion] => 
)

INFO - 2025-10-29 10:18:55 --> Session: Class initialized using 'CodeIgniter\Session\Handlers\FileHandler' driver.
INFO - 2025-10-29 10:18:55 --> Session: Class initialized using 'CodeIgniter\Session\Handlers\FileHandler' driver.
DEBUG - 2025-10-29 10:18:55 --> Buscando usuario ID: 1
DEBUG - 2025-10-29 10:18:55 --> Resultado de la búsqueda: Array
(
    [id_usuario] => 1
    [nombre] => brunito
    [apellido] => barber
    [email] => brunocameille@alumnos.itr3.edu.ar
    [contrasena] => $2y$10$DfVf5j75GUow.8KQIROrQ.HgppT0Rq0gHjnl3td.ZZBDLZAYggz.u
    [direccion_id] => 0
    [id_rol] => 1
    [created_at] => 2025-04-07 13:37:30
    [updated_at] => 2025-10-13 19:57:07
    [invitado_por] => 
    [estado] => activo
    [token_activacion] => 
)

INFO - 2025-10-29 10:19:03 --> Session: Class initialized using 'CodeIgniter\Session\Handlers\FileHandler' driver.
DEBUG - 2025-10-29 10:19:03 --> Buscando usuario ID: 1
DEBUG - 2025-10-29 10:19:03 --> Resultado de la búsqueda: Array
(
    [id_usuario] => 1
    [nombre] => brunito
    [apellido] => barber
    [email] => brunocameille@alumnos.itr3.edu.ar
    [contrasena] => $2y$10$DfVf5j75GUow.8KQIROrQ.HgppT0Rq0gHjnl3td.ZZBDLZAYggz.u
    [direccion_id] => 0
    [id_rol] => 1
    [created_at] => 2025-04-07 13:37:30
    [updated_at] => 2025-10-13 19:57:07
    [invitado_por] => 
    [estado] => activo
    [token_activacion] => 
)

INFO - 2025-10-29 10:42:16 --> Session: Class initialized using 'CodeIgniter\Session\Handlers\FileHandler' driver.
DEBUG - 2025-10-29 10:42:16 --> Buscando usuario ID: 1
DEBUG - 2025-10-29 10:42:16 --> Resultado de la búsqueda: Array
(
    [id_usuario] => 1
    [nombre] => brunito
    [apellido] => barber
    [email] => brunocameille@alumnos.itr3.edu.ar
    [contrasena] => $2y$10$DfVf5j75GUow.8KQIROrQ.HgppT0Rq0gHjnl3td.ZZBDLZAYggz.u
    [direccion_id] => 0
    [id_rol] => 1
    [created_at] => 2025-04-07 13:37:30
    [updated_at] => 2025-10-13 19:57:07
    [invitado_por] => 
    [estado] => activo
    [token_activacion] => 
)

INFO - 2025-10-29 10:43:31 --> Session: Class initialized using 'CodeIgniter\Session\Handlers\FileHandler' driver.
INFO - 2025-10-29 10:43:33 --> Session: Class initialized using 'CodeIgniter\Session\Handlers\FileHandler' driver.
DEBUG - 2025-10-29 10:43:33 --> Buscando usuario ID: 1
DEBUG - 2025-10-29 10:43:33 --> Resultado de la búsqueda: Array
(
    [id_usuario] => 1
    [nombre] => brunito
    [apellido] => barber
    [email] => brunocameille@alumnos.itr3.edu.ar
    [contrasena] => $2y$10$DfVf5j75GUow.8KQIROrQ.HgppT0Rq0gHjnl3td.ZZBDLZAYggz.u
    [direccion_id] => 0
    [id_rol] => 1
    [created_at] => 2025-04-07 13:37:30
    [updated_at] => 2025-10-13 19:57:07
    [invitado_por] => 
    [estado] => activo
    [token_activacion] => 
)

INFO - 2025-10-29 10:43:55 --> Session: Class initialized using 'CodeIgniter\Session\Handlers\FileHandler' driver.
INFO - 2025-10-29 10:43:56 --> Session: Class initialized using 'CodeIgniter\Session\Handlers\FileHandler' driver.
DEBUG - 2025-10-29 10:43:56 --> Buscando usuario ID: 1
DEBUG - 2025-10-29 10:43:56 --> Resultado de la búsqueda: Array
(
    [id_usuario] => 1
    [nombre] => brunito
    [apellido] => barber
    [email] => brunocameille@alumnos.itr3.edu.ar
    [contrasena] => $2y$10$DfVf5j75GUow.8KQIROrQ.HgppT0Rq0gHjnl3td.ZZBDLZAYggz.u
    [direccion_id] => 0
    [id_rol] => 1
    [created_at] => 2025-04-07 13:37:30
    [updated_at] => 2025-10-13 19:57:07
    [invitado_por] => 
    [estado] => activo
    [token_activacion] => 
)

INFO - 2025-10-29 10:44:02 --> Session: Class initialized using 'CodeIgniter\Session\Handlers\FileHandler' driver.
INFO - 2025-10-29 10:44:02 --> Session: Class initialized using 'CodeIgniter\Session\Handlers\FileHandler' driver.
DEBUG - 2025-10-29 10:44:02 --> Buscando usuario ID: 1
DEBUG - 2025-10-29 10:44:02 --> Resultado de la búsqueda: Array
(
    [id_usuario] => 1
    [nombre] => brunito
    [apellido] => barber
    [email] => brunocameille@alumnos.itr3.edu.ar
    [contrasena] => $2y$10$DfVf5j75GUow.8KQIROrQ.HgppT0Rq0gHjnl3td.ZZBDLZAYggz.u
    [direccion_id] => 0
    [id_rol] => 1
    [created_at] => 2025-04-07 13:37:30
    [updated_at] => 2025-10-13 19:57:07
    [invitado_por] => 
    [estado] => activo
    [token_activacion] => 
)

INFO - 2025-10-29 10:50:41 --> Session: Class initialized using 'CodeIgniter\Session\Handlers\FileHandler' driver.
DEBUG - 2025-10-29 10:50:41 --> Buscando usuario ID: 1
DEBUG - 2025-10-29 10:50:41 --> Resultado de la búsqueda: Array
(
    [id_usuario] => 1
    [nombre] => brunito
    [apellido] => barber
    [email] => brunocameille@alumnos.itr3.edu.ar
    [contrasena] => $2y$10$DfVf5j75GUow.8KQIROrQ.HgppT0Rq0gHjnl3td.ZZBDLZAYggz.u
    [direccion_id] => 0
    [id_rol] => 1
    [created_at] => 2025-04-07 13:37:30
    [updated_at] => 2025-10-13 19:57:07
    [invitado_por] => 
    [estado] => activo
    [token_activacion] => 
)

INFO - 2025-10-29 10:50:55 --> Session: Class initialized using 'CodeIgniter\Session\Handlers\FileHandler' driver.
INFO - 2025-10-29 10:50:55 --> Session: Class initialized using 'CodeIgniter\Session\Handlers\FileHandler' driver.
DEBUG - 2025-10-29 10:50:55 --> Buscando usuario ID: 1
DEBUG - 2025-10-29 10:50:55 --> Resultado de la búsqueda: Array
(
    [id_usuario] => 1
    [nombre] => brunito
    [apellido] => barber
    [email] => brunocameille@alumnos.itr3.edu.ar
    [contrasena] => $2y$10$DfVf5j75GUow.8KQIROrQ.HgppT0Rq0gHjnl3td.ZZBDLZAYggz.u
    [direccion_id] => 0
    [id_rol] => 1
    [created_at] => 2025-04-07 13:37:30
    [updated_at] => 2025-10-13 19:57:07
    [invitado_por] => 
    [estado] => activo
    [token_activacion] => 
)

INFO - 2025-10-29 10:51:31 --> Session: Class initialized using 'CodeIgniter\Session\Handlers\FileHandler' driver.
DEBUG - 2025-10-29 10:51:31 --> === INICIO PROCESAR PAGO USUARIO EXISTENTE ===
DEBUG - 2025-10-29 10:51:31 --> Payment data recibido: {"id":"1D053232KL094015M","intent":"CAPTURE","status":"COMPLETED","purchase_units":[{"reference_id":"default","amount":{"currency_code":"USD","value":"150.00","breakdown":{"item_total":{"currency_code":"USD","value":"150.00"},"shipping":{"currency_code":"USD","value":"0.00"},"handling":{"currency_code":"USD","value":"0.00"},"insurance":{"currency_code":"USD","value":"0.00"},"shipping_discount":{"currency_code":"USD","value":"0.00"}}},"payee":{"email_address":"sb-hgsm4739665145@business.example.com","merchant_id":"RLNSU5SN9HKR2"},"description":"EcoVolt Pro Premium - Dispositivo Adicional","soft_descriptor":"PAYPAL *TEST STORE","items":[{"name":"EcoVolt Pro Premium Adicional","unit_amount":{"currency_code":"USD","value":"150.00"},"tax":{"currency_code":"USD","value":"0.00"},"quantity":"1","description":"Dispositivo adicional para cuenta premium existente"}],"shipping":{"name":{"full_name":"Enzo Guerreiro"},"address":{"address_line_1":"Free Trade Zone","admin_area_2":"Buenos Aires","admin_area_1":"Buenos Aires","postal_code":"B1675","country_code":"AR"}},"payments":{"captures":[{"id":"7DN56093M6812070P","status":"COMPLETED","amount":{"currency_code":"USD","value":"150.00"},"final_capture":true,"seller_protection":{"status":"ELIGIBLE","dispute_categories":["ITEM_NOT_RECEIVED","UNAUTHORIZED_TRANSACTION"]},"create_time":"2025-10-29T13:51:30Z","update_time":"2025-10-29T13:51:30Z"}]}}],"payer":{"name":{"given_name":"Enzo","surname":"Guerreiro"},"email_address":"enzoguerreiro@alumnos.itr3.edu.ar","payer_id":"5SYG3QNM343Y2","address":{"country_code":"AR"}},"create_time":"2025-10-29T13:51:08Z","update_time":"2025-10-29T13:51:30Z","links":[{"href":"https:\/\/api.sandbox.paypal.com\/v2\/checkout\/orders\/1D053232KL094015M","rel":"self","method":"GET"}]}
DEBUG - 2025-10-29 10:51:31 --> Datos de sesión: {"id_usuario":"1","id_dispositivo":"1","direccion_envio":"Justiniano Posse 2782, Rio Tercero, 5850, Argentina","tipo_compra":"usuario_existente"}
DEBUG - 2025-10-29 10:51:31 --> Buscando usuario ID: 1
DEBUG - 2025-10-29 10:51:31 --> Resultado de la búsqueda: Array
(
    [id_usuario] => 1
    [nombre] => brunito
    [apellido] => barber
    [email] => brunocameille@alumnos.itr3.edu.ar
    [contrasena] => $2y$10$DfVf5j75GUow.8KQIROrQ.HgppT0Rq0gHjnl3td.ZZBDLZAYggz.u
    [direccion_id] => 0
    [id_rol] => 1
    [created_at] => 2025-04-07 13:37:30
    [updated_at] => 2025-10-13 19:57:07
    [invitado_por] => 
    [estado] => activo
    [token_activacion] => 
)

DEBUG - 2025-10-29 10:51:31 --> Creando compra: {"id_usuario":"1","id_dispositivo":"1","direccion_envio":"Direcci\u00f3n del usuario existente","estado":"completada","fecha_compra":"2025-10-29 10:51:31","payment_id":"1D053232KL094015M"}
DEBUG - 2025-10-29 10:51:36 --> Compra procesada exitosamente, redirigiendo...
INFO - 2025-10-29 10:51:37 --> Session: Class initialized using 'CodeIgniter\Session\Handlers\FileHandler' driver.
DEBUG - 2025-10-29 10:51:37 --> Buscando usuario ID: 1
DEBUG - 2025-10-29 10:51:37 --> Resultado de la búsqueda: Array
(
    [id_usuario] => 1
    [nombre] => brunito
    [apellido] => barber
    [email] => brunocameille@alumnos.itr3.edu.ar
    [contrasena] => $2y$10$DfVf5j75GUow.8KQIROrQ.HgppT0Rq0gHjnl3td.ZZBDLZAYggz.u
    [direccion_id] => 0
    [id_rol] => 1
    [created_at] => 2025-04-07 13:37:30
    [updated_at] => 2025-10-13 19:57:07
    [invitado_por] => 
    [estado] => activo
    [token_activacion] => 
)

CRITICAL - 2025-10-29 10:56:29 --> ErrorException: Cannot redeclare App\Controllers\CompraExistente::formatearDireccion()
[Method: GET, Route: compra-existente/pago-exitoso]
in APPPATH\Controllers\CompraExistente.php on line 347.
 1 [internal function]: CodeIgniter\Debug\Exceptions->shutdownHandler()
INFO - 2025-10-29 11:00:34 --> Session: Class initialized using 'CodeIgniter\Session\Handlers\FileHandler' driver.
INFO - 2025-10-29 11:00:34 --> Session: Class initialized using 'CodeIgniter\Session\Handlers\FileHandler' driver.
DEBUG - 2025-10-29 11:00:34 --> Buscando usuario ID: 1
DEBUG - 2025-10-29 11:00:34 --> Resultado de la búsqueda: Array
(
    [id_usuario] => 1
    [nombre] => brunito
    [apellido] => barber
    [email] => brunocameille@alumnos.itr3.edu.ar
    [contrasena] => $2y$10$DfVf5j75GUow.8KQIROrQ.HgppT0Rq0gHjnl3td.ZZBDLZAYggz.u
    [direccion_id] => 0
    [id_rol] => 1
    [created_at] => 2025-04-07 13:37:30
    [updated_at] => 2025-10-13 19:57:07
    [invitado_por] => 
    [estado] => activo
    [token_activacion] => 
)

INFO - 2025-10-29 11:00:41 --> Session: Class initialized using 'CodeIgniter\Session\Handlers\FileHandler' driver.
INFO - 2025-10-29 11:00:41 --> Session: Class initialized using 'CodeIgniter\Session\Handlers\FileHandler' driver.
DEBUG - 2025-10-29 11:00:41 --> Buscando usuario ID: 1
DEBUG - 2025-10-29 11:00:41 --> Resultado de la búsqueda: Array
(
    [id_usuario] => 1
    [nombre] => brunito
    [apellido] => barber
    [email] => brunocameille@alumnos.itr3.edu.ar
    [contrasena] => $2y$10$DfVf5j75GUow.8KQIROrQ.HgppT0Rq0gHjnl3td.ZZBDLZAYggz.u
    [direccion_id] => 0
    [id_rol] => 1
    [created_at] => 2025-04-07 13:37:30
    [updated_at] => 2025-10-13 19:57:07
    [invitado_por] => 
    [estado] => activo
    [token_activacion] => 
)

INFO - 2025-10-29 11:00:54 --> Session: Class initialized using 'CodeIgniter\Session\Handlers\FileHandler' driver.
DEBUG - 2025-10-29 11:00:54 --> === INICIO PROCESAR PAGO USUARIO EXISTENTE ===
DEBUG - 2025-10-29 11:00:54 --> Payment data recibido: {"id":"8RH470729W009464E","intent":"CAPTURE","status":"COMPLETED","purchase_units":[{"reference_id":"default","amount":{"currency_code":"USD","value":"150.00","breakdown":{"item_total":{"currency_code":"USD","value":"150.00"},"shipping":{"currency_code":"USD","value":"0.00"},"handling":{"currency_code":"USD","value":"0.00"},"insurance":{"currency_code":"USD","value":"0.00"},"shipping_discount":{"currency_code":"USD","value":"0.00"}}},"payee":{"email_address":"sb-hgsm4739665145@business.example.com","merchant_id":"RLNSU5SN9HKR2"},"description":"EcoVolt Pro Premium - Dispositivo Adicional","soft_descriptor":"PAYPAL *TEST STORE","items":[{"name":"EcoVolt Pro Premium Adicional","unit_amount":{"currency_code":"USD","value":"150.00"},"tax":{"currency_code":"USD","value":"0.00"},"quantity":"1","description":"Dispositivo adicional para cuenta premium existente"}],"shipping":{"name":{"full_name":"Enzo Guerreiro"},"address":{"address_line_1":"Free Trade Zone","admin_area_2":"Buenos Aires","admin_area_1":"Buenos Aires","postal_code":"B1675","country_code":"AR"}},"payments":{"captures":[{"id":"3EG929782U2212230","status":"COMPLETED","amount":{"currency_code":"USD","value":"150.00"},"final_capture":true,"seller_protection":{"status":"ELIGIBLE","dispute_categories":["ITEM_NOT_RECEIVED","UNAUTHORIZED_TRANSACTION"]},"create_time":"2025-10-29T14:00:53Z","update_time":"2025-10-29T14:00:53Z"}]}}],"payer":{"name":{"given_name":"Enzo","surname":"Guerreiro"},"email_address":"enzoguerreiro@alumnos.itr3.edu.ar","payer_id":"5SYG3QNM343Y2","address":{"country_code":"AR"}},"create_time":"2025-10-29T14:00:45Z","update_time":"2025-10-29T14:00:53Z","links":[{"href":"https:\/\/api.sandbox.paypal.com\/v2\/checkout\/orders\/8RH470729W009464E","rel":"self","method":"GET"}]}
DEBUG - 2025-10-29 11:00:54 --> Datos de sesión: {"id_usuario":"1","id_dispositivo":"1","direccion_envio":"Justiniano Posse 2782, Rio Tercero, 5850, Argentina","tipo_compra":"usuario_existente"}
DEBUG - 2025-10-29 11:00:54 --> Buscando usuario ID: 1
DEBUG - 2025-10-29 11:00:54 --> Resultado de la búsqueda: Array
(
    [id_usuario] => 1
    [nombre] => brunito
    [apellido] => barber
    [email] => brunocameille@alumnos.itr3.edu.ar
    [contrasena] => $2y$10$DfVf5j75GUow.8KQIROrQ.HgppT0Rq0gHjnl3td.ZZBDLZAYggz.u
    [direccion_id] => 0
    [id_rol] => 1
    [created_at] => 2025-04-07 13:37:30
    [updated_at] => 2025-10-13 19:57:07
    [invitado_por] => 
    [estado] => activo
    [token_activacion] => 
)

DEBUG - 2025-10-29 11:00:54 --> Creando compra: {"id_usuario":"1","id_dispositivo":"1","direccion_envio":"Justiniano Posse 2782, Rio Tercero, 5850, Argentina","estado":"completada","fecha_compra":"2025-10-29 11:00:54","payment_id":"8RH470729W009464E"}
DEBUG - 2025-10-29 11:01:00 --> Compra procesada exitosamente, redirigiendo...
INFO - 2025-10-29 11:01:00 --> Session: Class initialized using 'CodeIgniter\Session\Handlers\FileHandler' driver.
DEBUG - 2025-10-29 11:01:00 --> Buscando usuario ID: 1
DEBUG - 2025-10-29 11:01:00 --> Resultado de la búsqueda: Array
(
    [id_usuario] => 1
    [nombre] => brunito
    [apellido] => barber
    [email] => brunocameille@alumnos.itr3.edu.ar
    [contrasena] => $2y$10$DfVf5j75GUow.8KQIROrQ.HgppT0Rq0gHjnl3td.ZZBDLZAYggz.u
    [direccion_id] => 0
    [id_rol] => 1
    [created_at] => 2025-04-07 13:37:30
    [updated_at] => 2025-10-13 19:57:07
    [invitado_por] => 
    [estado] => activo
    [token_activacion] => 
)

DEBUG - 2025-10-29 11:01:30 --> Ruta actual: /Tesina/public/admin/dashboard
INFO - 2025-10-29 11:01:30 --> Session: Class initialized using 'CodeIgniter\Session\Handlers\FileHandler' driver.
DEBUG - 2025-10-29 11:01:30 --> Datos en sesión: Array
(
    [__ci_last_regenerate] => 1761746434
    [_ci_previous_url] => http://192.168.0.138/Tesina/public/compra-existente/pago-exitoso
    [id_usuario] => 1
    [nombre] => brunito
    [email] => brunocameille@alumnos.itr3.edu.ar
    [id_rol] => 1
    [logged_in] => 1
)

DEBUG - 2025-10-29 11:01:33 --> Ruta actual: /Tesina/public/admin/dispositivos
INFO - 2025-10-29 11:01:33 --> Session: Class initialized using 'CodeIgniter\Session\Handlers\FileHandler' driver.
DEBUG - 2025-10-29 11:01:33 --> Datos en sesión: Array
(
    [__ci_last_regenerate] => 1761746434
    [_ci_previous_url] => http://192.168.0.138/Tesina/public/admin/dashboard
    [id_usuario] => 1
    [nombre] => brunito
    [email] => brunocameille@alumnos.itr3.edu.ar
    [id_rol] => 1
    [logged_in] => 1
)

DEBUG - 2025-10-29 11:01:33 --> Buscando usuario ID: 1
DEBUG - 2025-10-29 11:01:33 --> Resultado de la búsqueda: Array
(
    [id_usuario] => 1
    [nombre] => brunito
    [apellido] => barber
    [email] => brunocameille@alumnos.itr3.edu.ar
    [contrasena] => $2y$10$DfVf5j75GUow.8KQIROrQ.HgppT0Rq0gHjnl3td.ZZBDLZAYggz.u
    [direccion_id] => 0
    [id_rol] => 1
    [created_at] => 2025-04-07 13:37:30
    [updated_at] => 2025-10-13 19:57:07
    [invitado_por] => 
    [estado] => activo
    [token_activacion] => 
)

DEBUG - 2025-10-29 11:01:36 --> Ruta actual: /Tesina/public/energia/dispositivo/2
INFO - 2025-10-29 11:01:36 --> Session: Class initialized using 'CodeIgniter\Session\Handlers\FileHandler' driver.
DEBUG - 2025-10-29 11:01:36 --> Datos en sesión: Array
(
    [__ci_last_regenerate] => 1761746434
    [_ci_previous_url] => http://192.168.0.138/Tesina/public/admin/dispositivos
    [id_usuario] => 1
    [nombre] => brunito
    [email] => brunocameille@alumnos.itr3.edu.ar
    [id_rol] => 1
    [logged_in] => 1
)

INFO - 2025-10-29 11:01:37 --> Session: Class initialized using 'CodeIgniter\Session\Handlers\FileHandler' driver.
INFO - 2025-10-29 11:01:37 --> Session: Class initialized using 'CodeIgniter\Session\Handlers\FileHandler' driver.
INFO - 2025-10-29 11:01:38 --> Session: Class initialized using 'CodeIgniter\Session\Handlers\FileHandler' driver.
INFO - 2025-10-29 11:01:42 --> Session: Class initialized using 'CodeIgniter\Session\Handlers\FileHandler' driver.
INFO - 2025-10-29 11:01:46 --> Session: Class initialized using 'CodeIgniter\Session\Handlers\FileHandler' driver.
INFO - 2025-10-29 11:01:46 --> Session: Class initialized using 'CodeIgniter\Session\Handlers\FileHandler' driver.
INFO - 2025-10-29 11:41:40 --> Session: Class initialized using 'CodeIgniter\Session\Handlers\FileHandler' driver.
INFO - 2025-10-29 11:41:45 --> Session: Class initialized using 'CodeIgniter\Session\Handlers\FileHandler' driver.
INFO - 2025-10-29 11:41:46 --> Session: Class initialized using 'CodeIgniter\Session\Handlers\FileHandler' driver.
INFO - 2025-10-29 11:41:57 --> Session: Class initialized using 'CodeIgniter\Session\Handlers\FileHandler' driver.
INFO - 2025-10-29 11:41:57 --> Session: Class initialized using 'CodeIgniter\Session\Handlers\FileHandler' driver.
INFO - 2025-10-29 11:41:57 --> Session: Class initialized using 'CodeIgniter\Session\Handlers\FileHandler' driver.
INFO - 2025-10-29 11:42:33 --> Session: Class initialized using 'CodeIgniter\Session\Handlers\FileHandler' driver.
INFO - 2025-10-29 11:42:48 --> Session: Class initialized using 'CodeIgniter\Session\Handlers\FileHandler' driver.
INFO - 2025-10-29 11:42:59 --> Session: Class initialized using 'CodeIgniter\Session\Handlers\FileHandler' driver.
INFO - 2025-10-29 11:42:59 --> Session: Class initialized using 'CodeIgniter\Session\Handlers\FileHandler' driver.
INFO - 2025-10-29 11:43:14 --> Session: Class initialized using 'CodeIgniter\Session\Handlers\FileHandler' driver.
INFO - 2025-10-29 11:43:14 --> Session: Class initialized using 'CodeIgniter\Session\Handlers\FileHandler' driver.
INFO - 2025-10-29 11:43:25 --> Session: Class initialized using 'CodeIgniter\Session\Handlers\FileHandler' driver.
DEBUG - 2025-10-29 11:43:25 --> Datos recibidos: Array
(
    [codigo] => 845041
    [email] => julito@gmail.com
    [nueva_contrasena] => dasdsdsar2radadasd
    [confirmar_contrasena] => dadsdadad
)

DEBUG - 2025-10-29 11:43:25 --> Usuario encontrado: Array
(
    [id_usuario] => 86
    [nombre] => julito
    [apellido] => kaka
    [email] => julito@gmail.com
    [contrasena] => $2y$10$x4e5d5SIXvCwuUR5e/vbk.YWMJ9.U.XA/cbGNwZ4kWcgsfErs3lbK
    [direccion_id] => 0
    [id_rol] => 1
    [created_at] => 2025-10-13 18:14:09
    [updated_at] => 2025-10-13 18:14:09
    [invitado_por] => 
    [estado] => activo
    [token_activacion] => 
)

INFO - 2025-10-29 11:43:25 --> Session: Class initialized using 'CodeIgniter\Session\Handlers\FileHandler' driver.
INFO - 2025-10-29 11:44:30 --> Session: Class initialized using 'CodeIgniter\Session\Handlers\FileHandler' driver.
DEBUG - 2025-10-29 11:44:30 --> Datos recibidos: Array
(
    [codigo] => 333549
    [email] => julito@gmail.com
    [nueva_contrasena] => Julio_07$
    [confirmar_contrasena] => Julio_07$
)

DEBUG - 2025-10-29 11:44:30 --> Usuario encontrado: Array
(
    [id_usuario] => 86
    [nombre] => julito
    [apellido] => kaka
    [email] => julito@gmail.com
    [contrasena] => $2y$10$x4e5d5SIXvCwuUR5e/vbk.YWMJ9.U.XA/cbGNwZ4kWcgsfErs3lbK
    [direccion_id] => 0
    [id_rol] => 1
    [created_at] => 2025-10-13 18:14:09
    [updated_at] => 2025-10-13 18:14:09
    [invitado_por] => 
    [estado] => activo
    [token_activacion] => 
)

DEBUG - 2025-10-29 11:44:30 --> Código válido: Array
(
    [id_codigo] => 0
    [id_usuario] => 86
    [codigo] => 333549
    [expiracion] => 2025-10-29 12:43:10
)

CRITICAL - 2025-10-29 11:44:30 --> ErrorException: Undefined variable $nuevaConttrasena
[Method: POST, Route: actualizar-contrasena]
in APPPATH\Controllers\CNuevacontrasena.php on line 81.
 1 APPPATH\Controllers\CNuevacontrasena.php(81): CodeIgniter\Debug\Exceptions->errorHandler(2, 'Undefined variable $nuevaConttrasena', 'C:\\xampp\\htdocs\\Tesina\\app\\Controllers\\CNuevacontrasena.php', 81)
 2 SYSTEMPATH\CodeIgniter.php(933): App\Controllers\CNuevacontrasena->actualizar()
 3 SYSTEMPATH\CodeIgniter.php(509): CodeIgniter\CodeIgniter->runController(Object(App\Controllers\CNuevacontrasena))
 4 SYSTEMPATH\CodeIgniter.php(355): CodeIgniter\CodeIgniter->handleRequest(null, Object(Config\Cache), false)
 5 SYSTEMPATH\Boot.php(325): CodeIgniter\CodeIgniter->run()
 6 SYSTEMPATH\Boot.php(67): CodeIgniter\Boot::runCodeIgniter(Object(CodeIgniter\CodeIgniter))
 7 FCPATH\index.php(56): CodeIgniter\Boot::bootWeb(Object(Config\Paths))
INFO - 2025-10-29 11:46:25 --> Session: Class initialized using 'CodeIgniter\Session\Handlers\FileHandler' driver.
DEBUG - 2025-10-29 11:46:25 --> Datos recibidos: Array
(
    [codigo] => 333549
    [email] => julito@gmail.com
    [nueva_contrasena] => Julio_07$
    [confirmar_contrasena] => Julio_07$
)

DEBUG - 2025-10-29 11:46:25 --> Usuario encontrado: Array
(
    [id_usuario] => 86
    [nombre] => julito
    [apellido] => kaka
    [email] => julito@gmail.com
    [contrasena] => $2y$10$x4e5d5SIXvCwuUR5e/vbk.YWMJ9.U.XA/cbGNwZ4kWcgsfErs3lbK
    [direccion_id] => 0
    [id_rol] => 1
    [created_at] => 2025-10-13 18:14:09
    [updated_at] => 2025-10-13 18:14:09
    [invitado_por] => 
    [estado] => activo
    [token_activacion] => 
)

DEBUG - 2025-10-29 11:46:25 --> Código válido: Array
(
    [id_codigo] => 0
    [id_usuario] => 86
    [codigo] => 333549
    [expiracion] => 2025-10-29 12:43:10
)

DEBUG - 2025-10-29 11:46:26 --> === INICIO ACTUALIZACIÓN USUARIO ===
DEBUG - 2025-10-29 11:46:26 --> ID Usuario: 86
DEBUG - 2025-10-29 11:46:26 --> Datos recibidos: Array
(
    [contrasena] => $2y$10$SX0yEyCRVc5gy9ilv1sVEezlC2.OCRuW8SMEmMQfYXccWip2iX3Hq
)

DEBUG - 2025-10-29 11:46:26 --> Buscando usuario ID: 86
DEBUG - 2025-10-29 11:46:26 --> Resultado de la búsqueda: Array
(
    [id_usuario] => 86
    [nombre] => julito
    [apellido] => kaka
    [email] => julito@gmail.com
    [contrasena] => $2y$10$x4e5d5SIXvCwuUR5e/vbk.YWMJ9.U.XA/cbGNwZ4kWcgsfErs3lbK
    [direccion_id] => 0
    [id_rol] => 1
    [created_at] => 2025-10-13 18:14:09
    [updated_at] => 2025-10-13 18:14:09
    [invitado_por] => 
    [estado] => activo
    [token_activacion] => 
)

DEBUG - 2025-10-29 11:46:26 --> Datos finales para actualización: Array
(
    [contrasena] => $2y$10$SX0yEyCRVc5gy9ilv1sVEezlC2.OCRuW8SMEmMQfYXccWip2iX3Hq
    [updated_at] => 2025-10-29 11:46:26
)

DEBUG - 2025-10-29 11:46:26 --> Resultado de la actualización: true
INFO - 2025-10-29 11:46:26 --> Session: Class initialized using 'CodeIgniter\Session\Handlers\FileHandler' driver.
INFO - 2025-10-29 11:46:37 --> Session: Class initialized using 'CodeIgniter\Session\Handlers\FileHandler' driver.
DEBUG - 2025-10-29 11:46:37 --> Intento de inicio de sesión para email: julito@gmail.com
DEBUG - 2025-10-29 11:46:37 --> Longitud de la contraseña ingresada: 9
DEBUG - 2025-10-29 11:46:37 --> Usuario encontrado: {"id":"86","email":"julito@gmail.com","estado":"activo","rol":"1"}
DEBUG - 2025-10-29 11:46:37 --> Resultado de verificación de contraseña: true
DEBUG - 2025-10-29 11:46:37 --> Hash almacenado en la base de datos: $2y$10$SX0yEyCRVc5gy9ilv1sVEezlC2.OCRuW8SMEmMQfYXccWip2iX3Hq
DEBUG - 2025-10-29 11:46:37 --> Inicio de sesión exitoso para usuario: julito@gmail.com
DEBUG - 2025-10-29 11:46:37 --> Datos de sesión guardados: {"id_usuario":"86","nombre":"julito","apellido":"kaka","email":"julito@gmail.com","rol":"admin","logged_in":true}
DEBUG - 2025-10-29 11:46:38 --> Ruta actual: /Tesina/public/admin
INFO - 2025-10-29 11:46:38 --> Session: Class initialized using 'CodeIgniter\Session\Handlers\FileHandler' driver.
DEBUG - 2025-10-29 11:46:38 --> Datos en sesión: Array
(
    [__ci_last_regenerate] => 1761748900
    [_ci_previous_url] => http://192.168.0.138/Tesina/public/autenticacion/login
    [id_usuario] => 86
    [nombre] => julito
    [apellido] => kaka
    [email] => julito@gmail.com
    [rol] => admin
    [logged_in] => 1
)

INFO - 2025-10-29 11:46:40 --> Session: Class initialized using 'CodeIgniter\Session\Handlers\FileHandler' driver.
INFO - 2025-10-29 11:46:40 --> Session: Class initialized using 'CodeIgniter\Session\Handlers\FileHandler' driver.
INFO - 2025-10-29 11:46:41 --> Session: Class initialized using 'CodeIgniter\Session\Handlers\FileHandler' driver.
INFO - 2025-10-29 11:46:42 --> Session: Class initialized using 'CodeIgniter\Session\Handlers\FileHandler' driver.
INFO - 2025-10-29 11:46:52 --> Session: Class initialized using 'CodeIgniter\Session\Handlers\FileHandler' driver.
INFO - 2025-10-29 11:46:52 --> Session: Class initialized using 'CodeIgniter\Session\Handlers\FileHandler' driver.
INFO - 2025-10-29 11:47:35 --> Session: Class initialized using 'CodeIgniter\Session\Handlers\FileHandler' driver.
DEBUG - 2025-10-29 11:47:35 --> Datos recibidos: Array
(
    [codigo] => 749992
    [email] => julito@gmail.com
    [nueva_contrasena] => Julito_07$
    [confirmar_contrasena] => Julito_07$
)

DEBUG - 2025-10-29 11:47:35 --> Usuario encontrado: Array
(
    [id_usuario] => 86
    [nombre] => julito
    [apellido] => kaka
    [email] => julito@gmail.com
    [contrasena] => $2y$10$SX0yEyCRVc5gy9ilv1sVEezlC2.OCRuW8SMEmMQfYXccWip2iX3Hq
    [direccion_id] => 0
    [id_rol] => 1
    [created_at] => 2025-10-13 18:14:09
    [updated_at] => 2025-10-29 11:46:26
    [invitado_por] => 
    [estado] => activo
    [token_activacion] => 
)

DEBUG - 2025-10-29 11:47:35 --> Código válido: Array
(
    [id_codigo] => 0
    [id_usuario] => 86
    [codigo] => 749992
    [expiracion] => 2025-10-29 12:46:47
)

DEBUG - 2025-10-29 11:47:35 --> === INICIO ACTUALIZACIÓN USUARIO ===
DEBUG - 2025-10-29 11:47:35 --> ID Usuario: 86
DEBUG - 2025-10-29 11:47:35 --> Datos recibidos: Array
(
    [contrasena] => $2y$10$hydt1GOKe8nwljyeDy2jn.fyM9u6XEN4pbm8qhXWICkRrcfUqU2v2
)

DEBUG - 2025-10-29 11:47:35 --> Buscando usuario ID: 86
DEBUG - 2025-10-29 11:47:35 --> Resultado de la búsqueda: Array
(
    [id_usuario] => 86
    [nombre] => julito
    [apellido] => kaka
    [email] => julito@gmail.com
    [contrasena] => $2y$10$SX0yEyCRVc5gy9ilv1sVEezlC2.OCRuW8SMEmMQfYXccWip2iX3Hq
    [direccion_id] => 0
    [id_rol] => 1
    [created_at] => 2025-10-13 18:14:09
    [updated_at] => 2025-10-29 11:46:26
    [invitado_por] => 
    [estado] => activo
    [token_activacion] => 
)

DEBUG - 2025-10-29 11:47:35 --> Datos finales para actualización: Array
(
    [contrasena] => $2y$10$hydt1GOKe8nwljyeDy2jn.fyM9u6XEN4pbm8qhXWICkRrcfUqU2v2
    [updated_at] => 2025-10-29 11:47:35
)

DEBUG - 2025-10-29 11:47:35 --> Resultado de la actualización: true
INFO - 2025-10-29 11:47:35 --> Session: Class initialized using 'CodeIgniter\Session\Handlers\FileHandler' driver.
DEBUG - 2025-10-29 11:47:35 --> Datos recibidos: Array
(
    [codigo] => 749992
    [email] => 
    [nueva_contrasena] => Julito_07$
    [confirmar_contrasena] => Julito_07$
)

INFO - 2025-10-29 11:47:35 --> Session: Class initialized using 'CodeIgniter\Session\Handlers\FileHandler' driver.
INFO - 2025-10-29 11:52:31 --> Session: Class initialized using 'CodeIgniter\Session\Handlers\FileHandler' driver.
INFO - 2025-10-29 11:52:37 --> Session: Class initialized using 'CodeIgniter\Session\Handlers\FileHandler' driver.
INFO - 2025-10-29 11:52:37 --> Session: Class initialized using 'CodeIgniter\Session\Handlers\FileHandler' driver.
INFO - 2025-10-29 11:52:46 --> Session: Class initialized using 'CodeIgniter\Session\Handlers\FileHandler' driver.
INFO - 2025-10-29 11:52:46 --> Session: Class initialized using 'CodeIgniter\Session\Handlers\FileHandler' driver.
INFO - 2025-10-29 11:53:35 --> Session: Class initialized using 'CodeIgniter\Session\Handlers\FileHandler' driver.
DEBUG - 2025-10-29 11:53:35 --> Datos recibidos: Array
(
    [codigo] => 795038
    [email] => julito@gmail.com
    [nueva_contrasena] => Julito_07$
    [confirmar_contrasena] => Julito_07$
)

DEBUG - 2025-10-29 11:53:35 --> Usuario encontrado: Array
(
    [id_usuario] => 86
    [nombre] => julito
    [apellido] => kaka
    [email] => julito@gmail.com
    [contrasena] => $2y$10$hydt1GOKe8nwljyeDy2jn.fyM9u6XEN4pbm8qhXWICkRrcfUqU2v2
    [direccion_id] => 0
    [id_rol] => 1
    [created_at] => 2025-10-13 18:14:09
    [updated_at] => 2025-10-29 11:47:35
    [invitado_por] => 
    [estado] => activo
    [token_activacion] => 
)

DEBUG - 2025-10-29 11:53:35 --> Código válido: Array
(
    [id_codigo] => 0
    [id_usuario] => 86
    [codigo] => 795038
    [expiracion] => 2025-10-29 12:52:42
)

DEBUG - 2025-10-29 11:53:35 --> === INICIO ACTUALIZACIÓN USUARIO ===
DEBUG - 2025-10-29 11:53:35 --> ID Usuario: 86
DEBUG - 2025-10-29 11:53:35 --> Datos recibidos: Array
(
    [contrasena] => $2y$10$tJjxiHlpquMOqCybO4.Sn.bznnEMc/bUNf.2MF01lCFLKvlQSJbv.
)

DEBUG - 2025-10-29 11:53:35 --> Buscando usuario ID: 86
DEBUG - 2025-10-29 11:53:35 --> Resultado de la búsqueda: Array
(
    [id_usuario] => 86
    [nombre] => julito
    [apellido] => kaka
    [email] => julito@gmail.com
    [contrasena] => $2y$10$hydt1GOKe8nwljyeDy2jn.fyM9u6XEN4pbm8qhXWICkRrcfUqU2v2
    [direccion_id] => 0
    [id_rol] => 1
    [created_at] => 2025-10-13 18:14:09
    [updated_at] => 2025-10-29 11:47:35
    [invitado_por] => 
    [estado] => activo
    [token_activacion] => 
)

DEBUG - 2025-10-29 11:53:35 --> Datos finales para actualización: Array
(
    [contrasena] => $2y$10$tJjxiHlpquMOqCybO4.Sn.bznnEMc/bUNf.2MF01lCFLKvlQSJbv.
    [updated_at] => 2025-10-29 11:53:35
)

DEBUG - 2025-10-29 11:53:35 --> Resultado de la actualización: true
INFO - 2025-10-29 11:53:35 --> Session: Class initialized using 'CodeIgniter\Session\Handlers\FileHandler' driver.
INFO - 2025-10-29 11:53:50 --> Session: Class initialized using 'CodeIgniter\Session\Handlers\FileHandler' driver.
DEBUG - 2025-10-29 11:53:50 --> Intento de inicio de sesión para email: julito@gmail.com
DEBUG - 2025-10-29 11:53:50 --> Longitud de la contraseña ingresada: 10
DEBUG - 2025-10-29 11:53:50 --> Usuario encontrado: {"id":"86","email":"julito@gmail.com","estado":"activo","rol":"1"}
DEBUG - 2025-10-29 11:53:51 --> Resultado de verificación de contraseña: true
DEBUG - 2025-10-29 11:53:51 --> Hash almacenado en la base de datos: $2y$10$tJjxiHlpquMOqCybO4.Sn.bznnEMc/bUNf.2MF01lCFLKvlQSJbv.
DEBUG - 2025-10-29 11:53:51 --> Inicio de sesión exitoso para usuario: julito@gmail.com
DEBUG - 2025-10-29 11:53:51 --> Datos de sesión guardados: {"id_usuario":"86","nombre":"julito","apellido":"kaka","email":"julito@gmail.com","rol":"admin","logged_in":true}
DEBUG - 2025-10-29 11:53:51 --> Ruta actual: /Tesina/public/admin
INFO - 2025-10-29 11:53:51 --> Session: Class initialized using 'CodeIgniter\Session\Handlers\FileHandler' driver.
DEBUG - 2025-10-29 11:53:51 --> Datos en sesión: Array
(
    [__ci_last_regenerate] => 1761749551
    [_ci_previous_url] => http://192.168.0.138/Tesina/public/autenticacion/login
    [error] => El email no está registrado.
    [exito] => Contraseña actualizada correctamente.
    [id_usuario] => 86
    [nombre] => julito
    [apellido] => kaka
    [email] => julito@gmail.com
    [rol] => admin
    [logged_in] => 1
)

INFO - 2025-10-29 11:53:53 --> Session: Class initialized using 'CodeIgniter\Session\Handlers\FileHandler' driver.
INFO - 2025-10-29 11:53:53 --> Session: Class initialized using 'CodeIgniter\Session\Handlers\FileHandler' driver.
INFO - 2025-10-29 11:57:36 --> Session: Class initialized using 'CodeIgniter\Session\Handlers\FileHandler' driver.
INFO - 2025-10-29 11:58:35 --> Session: Class initialized using 'CodeIgniter\Session\Handlers\FileHandler' driver.
INFO - 2025-10-29 12:01:44 --> Session: Class initialized using 'CodeIgniter\Session\Handlers\FileHandler' driver.
INFO - 2025-10-29 12:02:19 --> Session: Class initialized using 'CodeIgniter\Session\Handlers\FileHandler' driver.
INFO - 2025-10-29 12:03:46 --> Session: Class initialized using 'CodeIgniter\Session\Handlers\FileHandler' driver.
INFO - 2025-10-29 12:06:22 --> Session: Class initialized using 'CodeIgniter\Session\Handlers\FileHandler' driver.
INFO - 2025-10-29 12:06:30 --> Session: Class initialized using 'CodeIgniter\Session\Handlers\FileHandler' driver.
INFO - 2025-10-29 12:33:57 --> Session: Class initialized using 'CodeIgniter\Session\Handlers\FileHandler' driver.
INFO - 2025-10-29 17:26:00 --> Session: Class initialized using 'CodeIgniter\Session\Handlers\FileHandler' driver.
INFO - 2025-10-29 17:26:03 --> Session: Class initialized using 'CodeIgniter\Session\Handlers\FileHandler' driver.
INFO - 2025-10-29 17:26:03 --> Session: Class initialized using 'CodeIgniter\Session\Handlers\FileHandler' driver.
INFO - 2025-10-29 17:26:20 --> Session: Class initialized using 'CodeIgniter\Session\Handlers\FileHandler' driver.
DEBUG - 2025-10-29 17:26:20 --> Intento de login para compra adicional - Email: brunocameille@alumnos.itr3.edu.ar
DEBUG - 2025-10-29 17:26:20 --> Usuario encontrado para compra adicional: {"id":"1","email":"brunocameille@alumnos.itr3.edu.ar","estado":"activo","rol":"1"}
DEBUG - 2025-10-29 17:26:21 --> Login exitoso para compra adicional - Email: brunocameille@alumnos.itr3.edu.ar
DEBUG - 2025-10-29 17:26:21 --> Redirigiendo a compra adicional para usuario: brunocameille@alumnos.itr3.edu.ar
INFO - 2025-10-29 17:26:21 --> Session: Class initialized using 'CodeIgniter\Session\Handlers\FileHandler' driver.
DEBUG - 2025-10-29 17:26:21 --> Buscando usuario ID: 1
DEBUG - 2025-10-29 17:26:21 --> Resultado de la búsqueda: Array
(
    [id_usuario] => 1
    [nombre] => brunito
    [apellido] => barber
    [email] => brunocameille@alumnos.itr3.edu.ar
    [contrasena] => $2y$10$DfVf5j75GUow.8KQIROrQ.HgppT0Rq0gHjnl3td.ZZBDLZAYggz.u
    [direccion_id] => 0
    [id_rol] => 1
    [created_at] => 2025-04-07 13:37:30
    [updated_at] => 2025-10-13 19:57:07
    [invitado_por] => 
    [estado] => activo
    [token_activacion] => 
)

INFO - 2025-10-29 17:27:30 --> Session: Class initialized using 'CodeIgniter\Session\Handlers\FileHandler' driver.
INFO - 2025-10-29 17:27:32 --> Session: Class initialized using 'CodeIgniter\Session\Handlers\FileHandler' driver.
DEBUG - 2025-10-29 17:27:32 --> Buscando usuario ID: 1
DEBUG - 2025-10-29 17:27:32 --> Resultado de la búsqueda: Array
(
    [id_usuario] => 1
    [nombre] => brunito
    [apellido] => barber
    [email] => brunocameille@alumnos.itr3.edu.ar
    [contrasena] => $2y$10$DfVf5j75GUow.8KQIROrQ.HgppT0Rq0gHjnl3td.ZZBDLZAYggz.u
    [direccion_id] => 0
    [id_rol] => 1
    [created_at] => 2025-04-07 13:37:30
    [updated_at] => 2025-10-13 19:57:07
    [invitado_por] => 
    [estado] => activo
    [token_activacion] => 
)

INFO - 2025-10-29 17:27:40 --> Session: Class initialized using 'CodeIgniter\Session\Handlers\FileHandler' driver.
INFO - 2025-10-29 17:27:40 --> Session: Class initialized using 'CodeIgniter\Session\Handlers\FileHandler' driver.
DEBUG - 2025-10-29 17:27:40 --> Buscando usuario ID: 1
DEBUG - 2025-10-29 17:27:40 --> Resultado de la búsqueda: Array
(
    [id_usuario] => 1
    [nombre] => brunito
    [apellido] => barber
    [email] => brunocameille@alumnos.itr3.edu.ar
    [contrasena] => $2y$10$DfVf5j75GUow.8KQIROrQ.HgppT0Rq0gHjnl3td.ZZBDLZAYggz.u
    [direccion_id] => 0
    [id_rol] => 1
    [created_at] => 2025-04-07 13:37:30
    [updated_at] => 2025-10-13 19:57:07
    [invitado_por] => 
    [estado] => activo
    [token_activacion] => 
)

INFO - 2025-10-29 17:28:08 --> Session: Class initialized using 'CodeIgniter\Session\Handlers\FileHandler' driver.
DEBUG - 2025-10-29 17:28:08 --> === INICIO PROCESAR PAGO USUARIO EXISTENTE ===
DEBUG - 2025-10-29 17:28:08 --> Payment data recibido: {"id":"2G7267092H379482K","intent":"CAPTURE","status":"COMPLETED","purchase_units":[{"reference_id":"default","amount":{"currency_code":"USD","value":"150.00","breakdown":{"item_total":{"currency_code":"USD","value":"150.00"},"shipping":{"currency_code":"USD","value":"0.00"},"handling":{"currency_code":"USD","value":"0.00"},"insurance":{"currency_code":"USD","value":"0.00"},"shipping_discount":{"currency_code":"USD","value":"0.00"}}},"payee":{"email_address":"sb-hgsm4739665145@business.example.com","merchant_id":"RLNSU5SN9HKR2"},"description":"EcoVolt Pro Premium - Dispositivo Adicional","soft_descriptor":"PAYPAL *TEST STORE","items":[{"name":"EcoVolt Pro Premium Adicional","unit_amount":{"currency_code":"USD","value":"150.00"},"tax":{"currency_code":"USD","value":"0.00"},"quantity":"1","description":"Dispositivo adicional para cuenta premium existente"}],"shipping":{"name":{"full_name":"Enzo Guerreiro"},"address":{"address_line_1":"Free Trade Zone","admin_area_2":"Buenos Aires","admin_area_1":"Buenos Aires","postal_code":"B1675","country_code":"AR"}},"payments":{"captures":[{"id":"8P1221557R532310H","status":"COMPLETED","amount":{"currency_code":"USD","value":"150.00"},"final_capture":true,"seller_protection":{"status":"ELIGIBLE","dispute_categories":["ITEM_NOT_RECEIVED","UNAUTHORIZED_TRANSACTION"]},"create_time":"2025-10-29T20:28:07Z","update_time":"2025-10-29T20:28:07Z"}]}}],"payer":{"name":{"given_name":"Enzo","surname":"Guerreiro"},"email_address":"enzoguerreiro@alumnos.itr3.edu.ar","payer_id":"5SYG3QNM343Y2","address":{"country_code":"AR"}},"create_time":"2025-10-29T20:27:53Z","update_time":"2025-10-29T20:28:07Z","links":[{"href":"https:\/\/api.sandbox.paypal.com\/v2\/checkout\/orders\/2G7267092H379482K","rel":"self","method":"GET"}]}
DEBUG - 2025-10-29 17:28:08 --> Datos de sesión: {"id_usuario":"1","id_dispositivo":"1","direccion_envio":"Justiniano Posse 2789, Rio Tercero, 5850, Argentina","tipo_compra":"usuario_existente"}
DEBUG - 2025-10-29 17:28:08 --> Buscando usuario ID: 1
DEBUG - 2025-10-29 17:28:08 --> Resultado de la búsqueda: Array
(
    [id_usuario] => 1
    [nombre] => brunito
    [apellido] => barber
    [email] => brunocameille@alumnos.itr3.edu.ar
    [contrasena] => $2y$10$DfVf5j75GUow.8KQIROrQ.HgppT0Rq0gHjnl3td.ZZBDLZAYggz.u
    [direccion_id] => 0
    [id_rol] => 1
    [created_at] => 2025-04-07 13:37:30
    [updated_at] => 2025-10-13 19:57:07
    [invitado_por] => 
    [estado] => activo
    [token_activacion] => 
)

DEBUG - 2025-10-29 17:28:08 --> Creando compra: {"id_usuario":"1","id_dispositivo":"1","direccion_envio":"Justiniano Posse 2789, Rio Tercero, 5850, Argentina","estado":"completada","fecha_compra":"2025-10-29 17:28:08","payment_id":"2G7267092H379482K"}
DEBUG - 2025-10-29 17:28:13 --> Compra procesada exitosamente, redirigiendo...
INFO - 2025-10-29 17:28:14 --> Session: Class initialized using 'CodeIgniter\Session\Handlers\FileHandler' driver.
DEBUG - 2025-10-29 17:28:14 --> Buscando usuario ID: 1
DEBUG - 2025-10-29 17:28:14 --> Resultado de la búsqueda: Array
(
    [id_usuario] => 1
    [nombre] => brunito
    [apellido] => barber
    [email] => brunocameille@alumnos.itr3.edu.ar
    [contrasena] => $2y$10$DfVf5j75GUow.8KQIROrQ.HgppT0Rq0gHjnl3td.ZZBDLZAYggz.u
    [direccion_id] => 0
    [id_rol] => 1
    [created_at] => 2025-04-07 13:37:30
    [updated_at] => 2025-10-13 19:57:07
    [invitado_por] => 
    [estado] => activo
    [token_activacion] => 
)

DEBUG - 2025-10-29 17:28:45 --> Ruta actual: /Tesina/public/admin/dashboard
INFO - 2025-10-29 17:28:45 --> Session: Class initialized using 'CodeIgniter\Session\Handlers\FileHandler' driver.
DEBUG - 2025-10-29 17:28:45 --> Datos en sesión: Array
(
    [__ci_last_regenerate] => 1761769560
    [_ci_previous_url] => http://192.168.0.138/Tesina/public/compra-existente/pago-exitoso
    [id_usuario] => 1
    [nombre] => brunito
    [email] => brunocameille@alumnos.itr3.edu.ar
    [id_rol] => 1
    [logged_in] => 1
)

DEBUG - 2025-10-29 17:28:48 --> Ruta actual: /Tesina/public/admin/dispositivos
INFO - 2025-10-29 17:28:48 --> Session: Class initialized using 'CodeIgniter\Session\Handlers\FileHandler' driver.
DEBUG - 2025-10-29 17:28:48 --> Datos en sesión: Array
(
    [__ci_last_regenerate] => 1761769560
    [_ci_previous_url] => http://192.168.0.138/Tesina/public/admin/dashboard
    [id_usuario] => 1
    [nombre] => brunito
    [email] => brunocameille@alumnos.itr3.edu.ar
    [id_rol] => 1
    [logged_in] => 1
)

DEBUG - 2025-10-29 17:28:48 --> Buscando usuario ID: 1
DEBUG - 2025-10-29 17:28:48 --> Resultado de la búsqueda: Array
(
    [id_usuario] => 1
    [nombre] => brunito
    [apellido] => barber
    [email] => brunocameille@alumnos.itr3.edu.ar
    [contrasena] => $2y$10$DfVf5j75GUow.8KQIROrQ.HgppT0Rq0gHjnl3td.ZZBDLZAYggz.u
    [direccion_id] => 0
    [id_rol] => 1
    [created_at] => 2025-04-07 13:37:30
    [updated_at] => 2025-10-13 19:57:07
    [invitado_por] => 
    [estado] => activo
    [token_activacion] => 
)

DEBUG - 2025-10-29 17:28:53 --> Ruta actual: /Tesina/public/admin/dashboard
INFO - 2025-10-29 17:28:53 --> Session: Class initialized using 'CodeIgniter\Session\Handlers\FileHandler' driver.
DEBUG - 2025-10-29 17:28:53 --> Datos en sesión: Array
(
    [__ci_last_regenerate] => 1761769560
    [_ci_previous_url] => http://192.168.0.138/Tesina/public/admin/dispositivos
    [id_usuario] => 1
    [nombre] => brunito
    [email] => brunocameille@alumnos.itr3.edu.ar
    [id_rol] => 1
    [logged_in] => 1
)

INFO - 2025-10-29 17:28:55 --> Session: Class initialized using 'CodeIgniter\Session\Handlers\FileHandler' driver.
INFO - 2025-10-29 17:28:55 --> Session: Class initialized using 'CodeIgniter\Session\Handlers\FileHandler' driver.
INFO - 2025-10-29 17:28:57 --> Session: Class initialized using 'CodeIgniter\Session\Handlers\FileHandler' driver.
INFO - 2025-10-29 17:29:00 --> Session: Class initialized using 'CodeIgniter\Session\Handlers\FileHandler' driver.
INFO - 2025-10-29 17:29:03 --> Session: Class initialized using 'CodeIgniter\Session\Handlers\FileHandler' driver.
INFO - 2025-10-29 17:29:13 --> Session: Class initialized using 'CodeIgniter\Session\Handlers\FileHandler' driver.
DEBUG - 2025-10-29 17:29:13 --> === INICIO PROCESO DE COMPRA ===
DEBUG - 2025-10-29 17:29:13 --> Datos recibidos: {"nombre":"lucrecia","email":"lucrecia@gmail.com","id_dispositivo":"1"}
DEBUG - 2025-10-29 17:29:13 --> Dispositivo encontrado: {"id_dispositivo":"1","nombre":"medidor de ecovolt","id_usuario":"1","mac_address":"00:1A:2B:3C:4D:5E","ip_address":null,"ultima_conexion":null,"estado":"activo","created_at":"2025-04-10 22:26:34","stock":"20","precio":"85","descripcion":"","fecha_actualizacion":"2025-10-29 17:28:08","updated_at":"2025-06-12 15:06:14","codigo_activacion":null,"fecha_activacion":null}
DEBUG - 2025-10-29 17:29:13 --> Datos guardados en sesión: {"id_dispositivo":"1","email":"lucrecia@gmail.com"}
DEBUG - 2025-10-29 17:29:13 --> === FIN PROCESO DE COMPRA ===
INFO - 2025-10-29 17:29:13 --> Session: Class initialized using 'CodeIgniter\Session\Handlers\FileHandler' driver.
INFO - 2025-10-29 17:29:31 --> Session: Class initialized using 'CodeIgniter\Session\Handlers\FileHandler' driver.
DEBUG - 2025-10-29 17:29:31 --> === INICIO PROCESAR PAGO ===
DEBUG - 2025-10-29 17:29:31 --> Payment data recibido: {"id":"4MD08451U3506013U","intent":"CAPTURE","status":"COMPLETED","purchase_units":[{"reference_id":"default","amount":{"currency_code":"USD","value":"150.00","breakdown":{"item_total":{"currency_code":"USD","value":"150.00"},"shipping":{"currency_code":"USD","value":"0.00"},"handling":{"currency_code":"USD","value":"0.00"},"insurance":{"currency_code":"USD","value":"0.00"},"shipping_discount":{"currency_code":"USD","value":"0.00"}}},"payee":{"email_address":"sb-hgsm4739665145@business.example.com","merchant_id":"RLNSU5SN9HKR2"},"description":"EcoVolt Pro Premium - Dispositivo + Soporte Mensual","soft_descriptor":"PAYPAL *TEST STORE","items":[{"name":"EcoVolt Pro Premium","unit_amount":{"currency_code":"USD","value":"150.00"},"tax":{"currency_code":"USD","value":"0.00"},"quantity":"1","description":"Dispositivo de monitoreo + Soporte Premium Mensual"}],"shipping":{"name":{"full_name":"Enzo Guerreiro"},"address":{"address_line_1":"Free Trade Zone","admin_area_2":"Buenos Aires","admin_area_1":"Buenos Aires","postal_code":"B1675","country_code":"AR"}},"payments":{"captures":[{"id":"3W951986VX503314J","status":"COMPLETED","amount":{"currency_code":"USD","value":"150.00"},"final_capture":true,"seller_protection":{"status":"ELIGIBLE","dispute_categories":["ITEM_NOT_RECEIVED","UNAUTHORIZED_TRANSACTION"]},"create_time":"2025-10-29T20:29:30Z","update_time":"2025-10-29T20:29:30Z"}]}}],"payer":{"name":{"given_name":"Enzo","surname":"Guerreiro"},"email_address":"enzoguerreiro@alumnos.itr3.edu.ar","payer_id":"5SYG3QNM343Y2","address":{"country_code":"AR"}},"create_time":"2025-10-29T20:29:23Z","update_time":"2025-10-29T20:29:30Z","links":[{"href":"https:\/\/api.sandbox.paypal.com\/v2\/checkout\/orders\/4MD08451U3506013U","rel":"self","method":"GET"}]}
DEBUG - 2025-10-29 17:29:31 --> Datos de sesión - idDispositivo: 1
DEBUG - 2025-10-29 17:29:31 --> Datos de sesión - datosCompra: {"nombre":"lucrecia","apellido":"kaka","email":"lucrecia@gmail.com","contrasena":"Lucrecia","calle":"Felix de la Pe\u00f1a","numero":"1267","ciudad":"Rio Tercero","codigo_postal":"5850","pais":"Argentina","direccion":"Felix de la Pe\u00f1a 1267, Rio Tercero, 5850, Argentina"}
DEBUG - 2025-10-29 17:29:31 --> Creando usuario con datos: {"nombre":"lucrecia","apellido":"kaka","email":"lucrecia@gmail.com","contrasena":"Lucrecia","calle":"Felix de la Pe\u00f1a","numero":"1267","ciudad":"Rio Tercero","codigo_postal":"5850","pais":"Argentina","direccion":"Felix de la Pe\u00f1a 1267, Rio Tercero, 5850, Argentina"}
DEBUG - 2025-10-29 17:29:31 --> Datos de usuario a insertar: {"nombre":"lucrecia","apellido":"kaka","email":"lucrecia@gmail.com","contrasena":"Lucrecia","id_rol":1,"estado":"activo"}
DEBUG - 2025-10-29 17:29:31 --> Iniciando hashPassword con datos: {"data":{"nombre":"lucrecia","apellido":"kaka","email":"lucrecia@gmail.com","contrasena":"Lucrecia","id_rol":1,"estado":"activo","created_at":"2025-10-29 17:29:31","updated_at":"2025-10-29 17:29:31"}}
DEBUG - 2025-10-29 17:29:31 --> Contraseña original: Lucrecia
DEBUG - 2025-10-29 17:29:31 --> Longitud de la contraseña original: 8
DEBUG - 2025-10-29 17:29:31 --> Hash generado: $2y$10$JwOvy9gHqauj7N/oI5ATiuuP7GvTv2Mdj.yB20JngpwPcoOIuxG4q
DEBUG - 2025-10-29 17:29:31 --> Usuario creado con ID: 98
DEBUG - 2025-10-29 17:29:31 --> Enviando email a: lucrecia@gmail.com
DEBUG - 2025-10-29 17:29:35 --> Email enviado correctamente
DEBUG - 2025-10-29 17:29:35 --> Compra procesada exitosamente, redirigiendo...
INFO - 2025-10-29 17:29:36 --> Session: Class initialized using 'CodeIgniter\Session\Handlers\FileHandler' driver.
INFO - 2025-10-29 17:29:44 --> Session: Class initialized using 'CodeIgniter\Session\Handlers\FileHandler' driver.
INFO - 2025-10-29 17:29:51 --> Session: Class initialized using 'CodeIgniter\Session\Handlers\FileHandler' driver.
INFO - 2025-10-29 17:30:09 --> Session: Class initialized using 'CodeIgniter\Session\Handlers\FileHandler' driver.
INFO - 2025-10-29 17:30:11 --> Session: Class initialized using 'CodeIgniter\Session\Handlers\FileHandler' driver.
INFO - 2025-10-29 17:30:11 --> Session: Class initialized using 'CodeIgniter\Session\Handlers\FileHandler' driver.
INFO - 2025-10-29 17:30:25 --> Session: Class initialized using 'CodeIgniter\Session\Handlers\FileHandler' driver.
DEBUG - 2025-10-29 17:30:25 --> Intento de login para compra adicional - Email: lucrecia@gmail.com
DEBUG - 2025-10-29 17:30:25 --> Usuario encontrado para compra adicional: {"id":"98","email":"lucrecia@gmail.com","estado":"activo","rol":"1"}
DEBUG - 2025-10-29 17:30:25 --> Contraseña incorrecta para compra adicional - Email: lucrecia@gmail.com
INFO - 2025-10-29 17:30:25 --> Session: Class initialized using 'CodeIgniter\Session\Handlers\FileHandler' driver.
INFO - 2025-10-29 17:30:35 --> Session: Class initialized using 'CodeIgniter\Session\Handlers\FileHandler' driver.
DEBUG - 2025-10-29 17:30:35 --> Intento de login para compra adicional - Email: lucrecia@gmail.com
DEBUG - 2025-10-29 17:30:35 --> Usuario encontrado para compra adicional: {"id":"98","email":"lucrecia@gmail.com","estado":"activo","rol":"1"}
DEBUG - 2025-10-29 17:30:35 --> Contraseña incorrecta para compra adicional - Email: lucrecia@gmail.com
INFO - 2025-10-29 17:30:36 --> Session: Class initialized using 'CodeIgniter\Session\Handlers\FileHandler' driver.
INFO - 2025-10-29 17:30:54 --> Session: Class initialized using 'CodeIgniter\Session\Handlers\FileHandler' driver.
DEBUG - 2025-10-29 17:30:54 --> Intento de login para compra adicional - Email: lucrecia@gmail.com
DEBUG - 2025-10-29 17:30:54 --> Usuario encontrado para compra adicional: {"id":"98","email":"lucrecia@gmail.com","estado":"activo","rol":"1"}
DEBUG - 2025-10-29 17:30:54 --> Contraseña incorrecta para compra adicional - Email: lucrecia@gmail.com
INFO - 2025-10-29 17:30:54 --> Session: Class initialized using 'CodeIgniter\Session\Handlers\FileHandler' driver.
INFO - 2025-10-29 17:31:05 --> Session: Class initialized using 'CodeIgniter\Session\Handlers\FileHandler' driver.
DEBUG - 2025-10-29 17:31:05 --> Intento de login para compra adicional - Email: julito@gmail.com
DEBUG - 2025-10-29 17:31:05 --> Usuario encontrado para compra adicional: {"id":"86","email":"julito@gmail.com","estado":"activo","rol":"1"}
DEBUG - 2025-10-29 17:31:05 --> Login exitoso para compra adicional - Email: julito@gmail.com
DEBUG - 2025-10-29 17:31:05 --> Redirigiendo a compra adicional para usuario: julito@gmail.com
INFO - 2025-10-29 17:31:05 --> Session: Class initialized using 'CodeIgniter\Session\Handlers\FileHandler' driver.
DEBUG - 2025-10-29 17:31:05 --> Buscando usuario ID: 86
DEBUG - 2025-10-29 17:31:05 --> Resultado de la búsqueda: Array
(
    [id_usuario] => 86
    [nombre] => julito
    [apellido] => kaka
    [email] => julito@gmail.com
    [contrasena] => $2y$10$tJjxiHlpquMOqCybO4.Sn.bznnEMc/bUNf.2MF01lCFLKvlQSJbv.
    [direccion_id] => 0
    [id_rol] => 1
    [created_at] => 2025-10-13 18:14:09
    [updated_at] => 2025-10-29 11:53:35
    [invitado_por] => 
    [estado] => activo
    [token_activacion] => 
)

INFO - 2025-10-29 17:52:11 --> Session: Class initialized using 'CodeIgniter\Session\Handlers\FileHandler' driver.
DEBUG - 2025-10-29 17:52:11 --> Intento de login para compra adicional - Email: brunocameille@alumnos.itr3.edu.ar
DEBUG - 2025-10-29 17:52:11 --> Usuario encontrado para compra adicional: {"id":"1","email":"brunocameille@alumnos.itr3.edu.ar","estado":"activo","rol":"1"}
DEBUG - 2025-10-29 17:52:11 --> Login exitoso para compra adicional - Email: brunocameille@alumnos.itr3.edu.ar
DEBUG - 2025-10-29 17:52:11 --> Redirigiendo a compra adicional para usuario: brunocameille@alumnos.itr3.edu.ar
INFO - 2025-10-29 17:52:11 --> Session: Class initialized using 'CodeIgniter\Session\Handlers\FileHandler' driver.
DEBUG - 2025-10-29 17:52:11 --> Buscando usuario ID: 1
DEBUG - 2025-10-29 17:52:11 --> Resultado de la búsqueda: Array
(
    [id_usuario] => 1
    [nombre] => brunito
    [apellido] => barber
    [email] => brunocameille@alumnos.itr3.edu.ar
    [contrasena] => $2y$10$DfVf5j75GUow.8KQIROrQ.HgppT0Rq0gHjnl3td.ZZBDLZAYggz.u
    [direccion_id] => 0
    [id_rol] => 1
    [created_at] => 2025-04-07 13:37:30
    [updated_at] => 2025-10-13 19:57:07
    [invitado_por] => 
    [estado] => activo
    [token_activacion] => 
)

INFO - 2025-10-29 17:52:21 --> Session: Class initialized using 'CodeIgniter\Session\Handlers\FileHandler' driver.
INFO - 2025-10-29 17:52:21 --> Session: Class initialized using 'CodeIgniter\Session\Handlers\FileHandler' driver.
INFO - 2025-10-29 17:52:23 --> Session: Class initialized using 'CodeIgniter\Session\Handlers\FileHandler' driver.
INFO - 2025-10-29 17:52:26 --> Session: Class initialized using 'CodeIgniter\Session\Handlers\FileHandler' driver.
INFO - 2025-10-29 17:52:28 --> Session: Class initialized using 'CodeIgniter\Session\Handlers\FileHandler' driver.
INFO - 2025-10-29 17:52:28 --> Session: Class initialized using 'CodeIgniter\Session\Handlers\FileHandler' driver.
INFO - 2025-10-29 17:52:39 --> Session: Class initialized using 'CodeIgniter\Session\Handlers\FileHandler' driver.
DEBUG - 2025-10-29 17:52:39 --> Intento de login para compra adicional - Email: lauri@gmail.com
DEBUG - 2025-10-29 17:52:39 --> Usuario encontrado para compra adicional: {"id":"96","email":"lauri@gmail.com","estado":"activo","rol":"1"}
DEBUG - 2025-10-29 17:52:39 --> Contraseña incorrecta para compra adicional - Email: lauri@gmail.com
INFO - 2025-10-29 17:52:39 --> Session: Class initialized using 'CodeIgniter\Session\Handlers\FileHandler' driver.
INFO - 2025-10-29 17:52:49 --> Session: Class initialized using 'CodeIgniter\Session\Handlers\FileHandler' driver.
DEBUG - 2025-10-29 17:52:49 --> Intento de login para compra adicional - Email: lauri@gmail.com
DEBUG - 2025-10-29 17:52:49 --> Usuario encontrado para compra adicional: {"id":"96","email":"lauri@gmail.com","estado":"activo","rol":"1"}
DEBUG - 2025-10-29 17:52:49 --> Login exitoso para compra adicional - Email: lauri@gmail.com
DEBUG - 2025-10-29 17:52:49 --> Redirigiendo a compra adicional para usuario: lauri@gmail.com
INFO - 2025-10-29 17:52:49 --> Session: Class initialized using 'CodeIgniter\Session\Handlers\FileHandler' driver.
DEBUG - 2025-10-29 17:52:49 --> Buscando usuario ID: 96
DEBUG - 2025-10-29 17:52:49 --> Resultado de la búsqueda: Array
(
    [id_usuario] => 96
    [nombre] => laurita
    [apellido] => brondino
    [email] => lauri@gmail.com
    [contrasena] => $2y$10$HKtZMLchCobjhnUG1.yuxe1qwYYf5XR7y/vbbfsUerDhW5.f4Efe6
    [direccion_id] => 0
    [id_rol] => 1
    [created_at] => 2025-10-28 22:40:22
    [updated_at] => 2025-10-28 23:11:23
    [invitado_por] => 
    [estado] => activo
    [token_activacion] => 
)

INFO - 2025-10-29 17:52:52 --> Session: Class initialized using 'CodeIgniter\Session\Handlers\FileHandler' driver.
INFO - 2025-10-29 17:52:52 --> Session: Class initialized using 'CodeIgniter\Session\Handlers\FileHandler' driver.
INFO - 2025-10-29 17:52:54 --> Session: Class initialized using 'CodeIgniter\Session\Handlers\FileHandler' driver.
INFO - 2025-10-29 17:55:03 --> Session: Class initialized using 'CodeIgniter\Session\Handlers\FileHandler' driver.
INFO - 2025-10-29 17:55:10 --> Session: Class initialized using 'CodeIgniter\Session\Handlers\FileHandler' driver.
INFO - 2025-10-29 17:55:13 --> Session: Class initialized using 'CodeIgniter\Session\Handlers\FileHandler' driver.
INFO - 2025-10-29 17:55:16 --> Session: Class initialized using 'CodeIgniter\Session\Handlers\FileHandler' driver.
INFO - 2025-10-29 17:55:16 --> Session: Class initialized using 'CodeIgniter\Session\Handlers\FileHandler' driver.
INFO - 2025-10-29 17:55:19 --> Session: Class initialized using 'CodeIgniter\Session\Handlers\FileHandler' driver.
INFO - 2025-10-29 17:56:15 --> Session: Class initialized using 'CodeIgniter\Session\Handlers\FileHandler' driver.
DEBUG - 2025-10-29 17:56:15 --> === INICIO PROCESO DE COMPRA ===
DEBUG - 2025-10-29 17:56:15 --> Datos recibidos: {"nombre":"lopaya","email":"lopaya@gmail.com","id_dispositivo":"1"}
DEBUG - 2025-10-29 17:56:15 --> Dispositivo encontrado: {"id_dispositivo":"1","nombre":"medidor de ecovolt","id_usuario":"1","mac_address":"00:1A:2B:3C:4D:5E","ip_address":null,"ultima_conexion":null,"estado":"activo","created_at":"2025-04-10 22:26:34","stock":"19","precio":"85","descripcion":"","fecha_actualizacion":"2025-10-29 17:29:31","updated_at":"2025-06-12 15:06:14","codigo_activacion":null,"fecha_activacion":null}
DEBUG - 2025-10-29 17:56:15 --> Datos guardados en sesión: {"id_dispositivo":"1","email":"lopaya@gmail.com"}
DEBUG - 2025-10-29 17:56:15 --> === FIN PROCESO DE COMPRA ===
INFO - 2025-10-29 17:56:15 --> Session: Class initialized using 'CodeIgniter\Session\Handlers\FileHandler' driver.
INFO - 2025-10-29 17:56:28 --> Session: Class initialized using 'CodeIgniter\Session\Handlers\FileHandler' driver.
INFO - 2025-10-29 17:58:10 --> Session: Class initialized using 'CodeIgniter\Session\Handlers\FileHandler' driver.
INFO - 2025-10-29 17:58:12 --> Session: Class initialized using 'CodeIgniter\Session\Handlers\FileHandler' driver.
INFO - 2025-10-29 17:58:42 --> Session: Class initialized using 'CodeIgniter\Session\Handlers\FileHandler' driver.
INFO - 2025-10-29 17:59:32 --> Session: Class initialized using 'CodeIgniter\Session\Handlers\FileHandler' driver.
INFO - 2025-10-29 18:01:56 --> Session: Class initialized using 'CodeIgniter\Session\Handlers\FileHandler' driver.
INFO - 2025-10-29 18:01:57 --> Session: Class initialized using 'CodeIgniter\Session\Handlers\FileHandler' driver.
INFO - 2025-10-29 18:02:27 --> Session: Class initialized using 'CodeIgniter\Session\Handlers\FileHandler' driver.
INFO - 2025-10-29 18:02:57 --> Session: Class initialized using 'CodeIgniter\Session\Handlers\FileHandler' driver.
INFO - 2025-10-29 18:02:57 --> Session: Class initialized using 'CodeIgniter\Session\Handlers\FileHandler' driver.
INFO - 2025-10-29 18:05:50 --> Session: Class initialized using 'CodeIgniter\Session\Handlers\FileHandler' driver.
INFO - 2025-10-29 18:05:52 --> Session: Class initialized using 'CodeIgniter\Session\Handlers\FileHandler' driver.
INFO - 2025-10-29 18:05:53 --> Session: Class initialized using 'CodeIgniter\Session\Handlers\FileHandler' driver.
INFO - 2025-10-29 18:06:02 --> Session: Class initialized using 'CodeIgniter\Session\Handlers\FileHandler' driver.
INFO - 2025-10-29 18:06:03 --> Session: Class initialized using 'CodeIgniter\Session\Handlers\FileHandler' driver.
INFO - 2025-10-29 18:06:04 --> Session: Class initialized using 'CodeIgniter\Session\Handlers\FileHandler' driver.
INFO - 2025-10-29 18:06:07 --> Session: Class initialized using 'CodeIgniter\Session\Handlers\FileHandler' driver.
INFO - 2025-10-29 18:06:07 --> Session: Class initialized using 'CodeIgniter\Session\Handlers\FileHandler' driver.
INFO - 2025-10-29 18:06:08 --> Session: Class initialized using 'CodeIgniter\Session\Handlers\FileHandler' driver.
INFO - 2025-10-29 18:06:10 --> Session: Class initialized using 'CodeIgniter\Session\Handlers\FileHandler' driver.
INFO - 2025-10-29 18:06:11 --> Session: Class initialized using 'CodeIgniter\Session\Handlers\FileHandler' driver.
INFO - 2025-10-29 18:29:12 --> Session: Class initialized using 'CodeIgniter\Session\Handlers\FileHandler' driver.
INFO - 2025-10-29 18:29:13 --> Session: Class initialized using 'CodeIgniter\Session\Handlers\FileHandler' driver.
INFO - 2025-10-29 18:29:16 --> Session: Class initialized using 'CodeIgniter\Session\Handlers\FileHandler' driver.
INFO - 2025-10-29 18:29:19 --> Session: Class initialized using 'CodeIgniter\Session\Handlers\FileHandler' driver.
INFO - 2025-10-29 18:29:20 --> Session: Class initialized using 'CodeIgniter\Session\Handlers\FileHandler' driver.
INFO - 2025-10-29 18:29:22 --> Session: Class initialized using 'CodeIgniter\Session\Handlers\FileHandler' driver.
INFO - 2025-10-29 18:29:24 --> Session: Class initialized using 'CodeIgniter\Session\Handlers\FileHandler' driver.
INFO - 2025-10-29 18:29:29 --> Session: Class initialized using 'CodeIgniter\Session\Handlers\FileHandler' driver.
INFO - 2025-10-29 18:37:13 --> Session: Class initialized using 'CodeIgniter\Session\Handlers\FileHandler' driver.
INFO - 2025-10-29 20:32:24 --> Session: Class initialized using 'CodeIgniter\Session\Handlers\FileHandler' driver.
INFO - 2025-10-29 20:33:22 --> Session: Class initialized using 'CodeIgniter\Session\Handlers\FileHandler' driver.
INFO - 2025-10-29 20:33:30 --> Session: Class initialized using 'CodeIgniter\Session\Handlers\FileHandler' driver.
INFO - 2025-10-29 20:33:56 --> Session: Class initialized using 'CodeIgniter\Session\Handlers\FileHandler' driver.
INFO - 2025-10-29 20:34:18 --> Session: Class initialized using 'CodeIgniter\Session\Handlers\FileHandler' driver.
INFO - 2025-10-29 20:35:59 --> Session: Class initialized using 'CodeIgniter\Session\Handlers\FileHandler' driver.
DEBUG - 2025-10-29 20:35:59 --> === INICIO PROCESO DE COMPRA ===
DEBUG - 2025-10-29 20:35:59 --> Datos recibidos: {"nombre":"manuela","email":"manuela@gmail.com","id_dispositivo":"1"}
DEBUG - 2025-10-29 20:35:59 --> Dispositivo encontrado: {"id_dispositivo":"1","nombre":"medidor de ecovolt","id_usuario":"1","mac_address":"00:1A:2B:3C:4D:5E","ip_address":null,"ultima_conexion":null,"estado":"activo","created_at":"2025-04-10 22:26:34","stock":"19","precio":"85","descripcion":"","fecha_actualizacion":"2025-10-29 17:29:31","updated_at":"2025-06-12 15:06:14","codigo_activacion":null,"fecha_activacion":null}
DEBUG - 2025-10-29 20:35:59 --> Datos guardados en sesión: {"id_dispositivo":"1","email":"manuela@gmail.com"}
DEBUG - 2025-10-29 20:35:59 --> === FIN PROCESO DE COMPRA ===
INFO - 2025-10-29 20:35:59 --> Session: Class initialized using 'CodeIgniter\Session\Handlers\FileHandler' driver.
INFO - 2025-10-29 20:36:50 --> Session: Class initialized using 'CodeIgniter\Session\Handlers\FileHandler' driver.
DEBUG - 2025-10-29 20:36:50 --> === INICIO PROCESAR PAGO ===
DEBUG - 2025-10-29 20:36:50 --> Payment data recibido: {"id":"64S19953B5248115N","intent":"CAPTURE","status":"COMPLETED","purchase_units":[{"reference_id":"default","amount":{"currency_code":"USD","value":"150.00","breakdown":{"item_total":{"currency_code":"USD","value":"150.00"},"shipping":{"currency_code":"USD","value":"0.00"},"handling":{"currency_code":"USD","value":"0.00"},"insurance":{"currency_code":"USD","value":"0.00"},"shipping_discount":{"currency_code":"USD","value":"0.00"}}},"payee":{"email_address":"sb-hgsm4739665145@business.example.com","merchant_id":"RLNSU5SN9HKR2"},"description":"EcoVolt Pro Premium - Dispositivo + Soporte Mensual","soft_descriptor":"PAYPAL *TEST STORE","items":[{"name":"EcoVolt Pro Premium","unit_amount":{"currency_code":"USD","value":"150.00"},"tax":{"currency_code":"USD","value":"0.00"},"quantity":"1","description":"Dispositivo de monitoreo + Soporte Premium Mensual"}],"shipping":{"name":{"full_name":"Enzo Guerreiro"},"address":{"address_line_1":"Free Trade Zone","admin_area_2":"Buenos Aires","admin_area_1":"Buenos Aires","postal_code":"B1675","country_code":"AR"}},"payments":{"captures":[{"id":"40R94734R98127241","status":"COMPLETED","amount":{"currency_code":"USD","value":"150.00"},"final_capture":true,"seller_protection":{"status":"ELIGIBLE","dispute_categories":["ITEM_NOT_RECEIVED","UNAUTHORIZED_TRANSACTION"]},"create_time":"2025-10-29T23:36:50Z","update_time":"2025-10-29T23:36:50Z"}]}}],"payer":{"name":{"given_name":"Enzo","surname":"Guerreiro"},"email_address":"enzoguerreiro@alumnos.itr3.edu.ar","payer_id":"5SYG3QNM343Y2","address":{"country_code":"AR"}},"create_time":"2025-10-29T23:36:22Z","update_time":"2025-10-29T23:36:50Z","links":[{"href":"https:\/\/api.sandbox.paypal.com\/v2\/checkout\/orders\/64S19953B5248115N","rel":"self","method":"GET"}]}
DEBUG - 2025-10-29 20:36:50 --> Datos de sesión - idDispositivo: 1
DEBUG - 2025-10-29 20:36:50 --> Datos de sesión - datosCompra: {"nombre":"manuela","apellido":"Cacciola","email":"manuela@gmail.com","contrasena":"Manuela_07$","calle":"Justiniano Posse","numero":"2324","ciudad":"Rio Tercero","codigo_postal":"5850","pais":"Argentina","direccion":"Justiniano Posse 2324, Rio Tercero, 5850, Argentina"}
DEBUG - 2025-10-29 20:36:50 --> Creando usuario con datos: {"nombre":"manuela","apellido":"Cacciola","email":"manuela@gmail.com","contrasena":"Manuela_07$","calle":"Justiniano Posse","numero":"2324","ciudad":"Rio Tercero","codigo_postal":"5850","pais":"Argentina","direccion":"Justiniano Posse 2324, Rio Tercero, 5850, Argentina"}
DEBUG - 2025-10-29 20:36:50 --> Datos de usuario a insertar: {"nombre":"manuela","apellido":"Cacciola","email":"manuela@gmail.com","contrasena":"Manuela_07$","id_rol":1,"estado":"activo"}
DEBUG - 2025-10-29 20:36:50 --> Iniciando hashPassword con datos: {"data":{"nombre":"manuela","apellido":"Cacciola","email":"manuela@gmail.com","contrasena":"Manuela_07$","id_rol":1,"estado":"activo","created_at":"2025-10-29 20:36:50","updated_at":"2025-10-29 20:36:50"}}
DEBUG - 2025-10-29 20:36:50 --> Contraseña original: Manuela_07$
DEBUG - 2025-10-29 20:36:50 --> Longitud de la contraseña original: 11
DEBUG - 2025-10-29 20:36:51 --> Hash generado: $2y$10$LqLZIpExM1pGvRoBuWGz7elHztpsnBQ6lB7tXBfs71OMy3MqRSPK6
DEBUG - 2025-10-29 20:36:51 --> Usuario creado con ID: 99
DEBUG - 2025-10-29 20:36:51 --> Enviando email a: manuela@gmail.com
DEBUG - 2025-10-29 20:36:56 --> Email enviado correctamente
DEBUG - 2025-10-29 20:36:56 --> Compra procesada exitosamente, redirigiendo...
INFO - 2025-10-29 20:36:56 --> Session: Class initialized using 'CodeIgniter\Session\Handlers\FileHandler' driver.
INFO - 2025-10-29 20:37:24 --> Session: Class initialized using 'CodeIgniter\Session\Handlers\FileHandler' driver.
INFO - 2025-10-29 20:38:23 --> Session: Class initialized using 'CodeIgniter\Session\Handlers\FileHandler' driver.
DEBUG - 2025-10-29 20:38:23 --> Intento de inicio de sesión para email: manuela@gmail.com
DEBUG - 2025-10-29 20:38:23 --> Longitud de la contraseña ingresada: 11
DEBUG - 2025-10-29 20:38:23 --> Usuario encontrado: {"id":"99","email":"manuela@gmail.com","estado":"activo","rol":"1"}
DEBUG - 2025-10-29 20:38:23 --> Resultado de verificación de contraseña: true
DEBUG - 2025-10-29 20:38:23 --> Hash almacenado en la base de datos: $2y$10$LqLZIpExM1pGvRoBuWGz7elHztpsnBQ6lB7tXBfs71OMy3MqRSPK6
DEBUG - 2025-10-29 20:38:23 --> Inicio de sesión exitoso para usuario: manuela@gmail.com
DEBUG - 2025-10-29 20:38:23 --> Datos de sesión guardados: {"id_usuario":"99","nombre":"manuela","apellido":"Cacciola","email":"manuela@gmail.com","rol":"admin","logged_in":true}
DEBUG - 2025-10-29 20:38:23 --> Ruta actual: /Tesina/public/admin
INFO - 2025-10-29 20:38:23 --> Session: Class initialized using 'CodeIgniter\Session\Handlers\FileHandler' driver.
DEBUG - 2025-10-29 20:38:23 --> Datos en sesión: Array
(
    [__ci_last_regenerate] => 1761781103
    [_ci_previous_url] => http://192.168.0.138/Tesina/public/autenticacion/login
    [locale] => es
    [id_usuario] => 99
    [nombre] => manuela
    [apellido] => Cacciola
    [email] => manuela@gmail.com
    [rol] => admin
    [logged_in] => 1
)

DEBUG - 2025-10-29 20:40:43 --> Ruta actual: /Tesina/public/admin/dispositivos
INFO - 2025-10-29 20:40:43 --> Session: Class initialized using 'CodeIgniter\Session\Handlers\FileHandler' driver.
DEBUG - 2025-10-29 20:40:43 --> Datos en sesión: Array
(
    [__ci_last_regenerate] => 1761781103
    [_ci_previous_url] => http://192.168.0.138/Tesina/public/admin
    [locale] => es
    [id_usuario] => 99
    [nombre] => manuela
    [apellido] => Cacciola
    [email] => manuela@gmail.com
    [rol] => admin
    [logged_in] => 1
)

DEBUG - 2025-10-29 20:40:43 --> Buscando usuario ID: 99
DEBUG - 2025-10-29 20:40:43 --> Resultado de la búsqueda: Array
(
    [id_usuario] => 99
    [nombre] => manuela
    [apellido] => Cacciola
    [email] => manuela@gmail.com
    [contrasena] => $2y$10$LqLZIpExM1pGvRoBuWGz7elHztpsnBQ6lB7tXBfs71OMy3MqRSPK6
    [direccion_id] => 0
    [id_rol] => 1
    [created_at] => 2025-10-29 20:36:50
    [updated_at] => 2025-10-29 20:36:50
    [invitado_por] => 
    [estado] => activo
    [token_activacion] => 
)

DEBUG - 2025-10-29 20:40:56 --> Ruta actual: /Tesina/public/admin/dispositivos/buscar
INFO - 2025-10-29 20:40:56 --> Session: Class initialized using 'CodeIgniter\Session\Handlers\FileHandler' driver.
DEBUG - 2025-10-29 20:40:56 --> Datos en sesión: Array
(
    [__ci_last_regenerate] => 1761781103
    [_ci_previous_url] => http://192.168.0.138/Tesina/public/admin/dispositivos
    [locale] => es
    [id_usuario] => 99
    [nombre] => manuela
    [apellido] => Cacciola
    [email] => manuela@gmail.com
    [rol] => admin
    [logged_in] => 1
)

DEBUG - 2025-10-29 20:40:56 --> Buscando usuario ID: 99
DEBUG - 2025-10-29 20:40:56 --> Resultado de la búsqueda: Array
(
    [id_usuario] => 99
    [nombre] => manuela
    [apellido] => Cacciola
    [email] => manuela@gmail.com
    [contrasena] => $2y$10$LqLZIpExM1pGvRoBuWGz7elHztpsnBQ6lB7tXBfs71OMy3MqRSPK6
    [direccion_id] => 0
    [id_rol] => 1
    [created_at] => 2025-10-29 20:36:50
    [updated_at] => 2025-10-29 20:36:50
    [invitado_por] => 
    [estado] => activo
    [token_activacion] => 
)

DEBUG - 2025-10-29 20:42:49 --> Ruta actual: /Tesina/public/admin/dispositivos/buscar
INFO - 2025-10-29 20:42:49 --> Session: Class initialized using 'CodeIgniter\Session\Handlers\FileHandler' driver.
DEBUG - 2025-10-29 20:42:49 --> Datos en sesión: Array
(
    [__ci_last_regenerate] => 1761781103
    [_ci_previous_url] => http://192.168.0.138/Tesina/public/admin/dispositivos/buscar
    [locale] => es
    [id_usuario] => 99
    [nombre] => manuela
    [apellido] => Cacciola
    [email] => manuela@gmail.com
    [rol] => admin
    [logged_in] => 1
)

DEBUG - 2025-10-29 20:42:49 --> Buscando usuario ID: 99
DEBUG - 2025-10-29 20:42:49 --> Resultado de la búsqueda: Array
(
    [id_usuario] => 99
    [nombre] => manuela
    [apellido] => Cacciola
    [email] => manuela@gmail.com
    [contrasena] => $2y$10$LqLZIpExM1pGvRoBuWGz7elHztpsnBQ6lB7tXBfs71OMy3MqRSPK6
    [direccion_id] => 0
    [id_rol] => 1
    [created_at] => 2025-10-29 20:36:50
    [updated_at] => 2025-10-29 20:36:50
    [invitado_por] => 
    [estado] => activo
    [token_activacion] => 
)

DEBUG - 2025-10-29 20:47:59 --> Ruta actual: /Tesina/public/dispositivo/agregar
INFO - 2025-10-29 20:47:59 --> Session: Class initialized using 'CodeIgniter\Session\Handlers\FileHandler' driver.
DEBUG - 2025-10-29 20:47:59 --> Datos en sesión: Array
(
    [__ci_last_regenerate] => 1761781679
    [_ci_previous_url] => http://192.168.0.138/Tesina/public/admin/dispositivos/buscar
    [locale] => es
    [id_usuario] => 99
    [nombre] => manuela
    [apellido] => Cacciola
    [email] => manuela@gmail.com
    [rol] => admin
    [logged_in] => 1
)

DEBUG - 2025-10-29 20:48:47 --> Ruta actual: /Tesina/public/dispositivo/guardar
INFO - 2025-10-29 20:48:47 --> Session: Class initialized using 'CodeIgniter\Session\Handlers\FileHandler' driver.
DEBUG - 2025-10-29 20:48:47 --> Datos en sesión: Array
(
    [__ci_last_regenerate] => 1761781679
    [_ci_previous_url] => http://192.168.0.138/Tesina/public/dispositivo/agregar
    [locale] => es
    [id_usuario] => 99
    [nombre] => manuela
    [apellido] => Cacciola
    [email] => manuela@gmail.com
    [rol] => admin
    [logged_in] => 1
)

INFO - 2025-10-29 20:48:47 --> Iniciando guardado de dispositivo
INFO - 2025-10-29 20:48:47 --> Datos recibidos: {"csrf_test_name":"cb98287d70907690b8bda983e07d7d45","nombre":"efsaf","mac_address":"00:1A:2B:3C:4D:5E","descripcion":""}
INFO - 2025-10-29 20:48:47 --> Datos preparados para insertar : {"nombre":"efsaf","mac_address":"00:1A:2B:3C:4D:5E","id_usuario":"99","estado":"activo","created_at":"2025-10-29 20:48:47"}
WARNING - 2025-10-29 20:48:47 --> Intento de registrar MAC duplicada: 00:1A:2B:3C:4D:5E
DEBUG - 2025-10-29 20:48:47 --> Ruta actual: /Tesina/public/dispositivo/agregar
INFO - 2025-10-29 20:48:47 --> Session: Class initialized using 'CodeIgniter\Session\Handlers\FileHandler' driver.
DEBUG - 2025-10-29 20:48:47 --> Datos en sesión: Array
(
    [__ci_last_regenerate] => 1761781679
    [_ci_previous_url] => http://192.168.0.138/Tesina/public/dispositivo/agregar
    [locale] => es
    [id_usuario] => 99
    [nombre] => manuela
    [apellido] => Cacciola
    [email] => manuela@gmail.com
    [rol] => admin
    [logged_in] => 1
)

DEBUG - 2025-10-29 20:48:56 --> Ruta actual: /Tesina/public/dispositivo/guardar
INFO - 2025-10-29 20:48:56 --> Session: Class initialized using 'CodeIgniter\Session\Handlers\FileHandler' driver.
DEBUG - 2025-10-29 20:48:56 --> Datos en sesión: Array
(
    [__ci_last_regenerate] => 1761781679
    [_ci_previous_url] => http://192.168.0.138/Tesina/public/dispositivo/agregar
    [locale] => es
    [id_usuario] => 99
    [nombre] => manuela
    [apellido] => Cacciola
    [email] => manuela@gmail.com
    [rol] => admin
    [logged_in] => 1
)

INFO - 2025-10-29 20:48:56 --> Iniciando guardado de dispositivo
INFO - 2025-10-29 20:48:56 --> Datos recibidos: {"csrf_test_name":"cb98287d70907690b8bda983e07d7d45","nombre":"efsaf","mac_address":"12:13:22:32:32:32","descripcion":""}
INFO - 2025-10-29 20:48:56 --> Datos preparados para insertar : {"nombre":"efsaf","mac_address":"12:13:22:32:32:32","id_usuario":"99","estado":"activo","created_at":"2025-10-29 20:48:56"}
INFO - 2025-10-29 20:48:56 --> Intentando insertar dispositivo en la base de datos
ERROR - 2025-10-29 20:48:56 --> Error al insertar dispositivo. Errores del modelo: {"mac_address":"La direcci\u00f3n MAC no est\u00e1 registrada en la base de datos de MACs v\u00e1lidas."}
DEBUG - 2025-10-29 20:48:56 --> Ruta actual: /Tesina/public/dispositivo/agregar
INFO - 2025-10-29 20:48:56 --> Session: Class initialized using 'CodeIgniter\Session\Handlers\FileHandler' driver.
DEBUG - 2025-10-29 20:48:56 --> Datos en sesión: Array
(
    [__ci_last_regenerate] => 1761781679
    [_ci_previous_url] => http://192.168.0.138/Tesina/public/dispositivo/agregar
    [locale] => es
    [id_usuario] => 99
    [nombre] => manuela
    [apellido] => Cacciola
    [email] => manuela@gmail.com
    [rol] => admin
    [logged_in] => 1
)

DEBUG - 2025-10-29 20:49:48 --> Ruta actual: /Tesina/public/admin/dispositivos
INFO - 2025-10-29 20:49:48 --> Session: Class initialized using 'CodeIgniter\Session\Handlers\FileHandler' driver.
DEBUG - 2025-10-29 20:49:48 --> Datos en sesión: Array
(
    [__ci_last_regenerate] => 1761781679
    [_ci_previous_url] => http://192.168.0.138/Tesina/public/dispositivo/agregar
    [locale] => es
    [id_usuario] => 99
    [nombre] => manuela
    [apellido] => Cacciola
    [email] => manuela@gmail.com
    [rol] => admin
    [logged_in] => 1
)

DEBUG - 2025-10-29 20:49:48 --> Buscando usuario ID: 99
DEBUG - 2025-10-29 20:49:48 --> Resultado de la búsqueda: Array
(
    [id_usuario] => 99
    [nombre] => manuela
    [apellido] => Cacciola
    [email] => manuela@gmail.com
    [contrasena] => $2y$10$LqLZIpExM1pGvRoBuWGz7elHztpsnBQ6lB7tXBfs71OMy3MqRSPK6
    [direccion_id] => 0
    [id_rol] => 1
    [created_at] => 2025-10-29 20:36:50
    [updated_at] => 2025-10-29 20:36:50
    [invitado_por] => 
    [estado] => activo
    [token_activacion] => 
)

DEBUG - 2025-10-29 20:49:55 --> Ruta actual: /Tesina/public/admin
INFO - 2025-10-29 20:49:55 --> Session: Class initialized using 'CodeIgniter\Session\Handlers\FileHandler' driver.
DEBUG - 2025-10-29 20:49:55 --> Datos en sesión: Array
(
    [__ci_last_regenerate] => 1761781679
    [_ci_previous_url] => http://192.168.0.138/Tesina/public/admin/dispositivos
    [locale] => es
    [id_usuario] => 99
    [nombre] => manuela
    [apellido] => Cacciola
    [email] => manuela@gmail.com
    [rol] => admin
    [logged_in] => 1
)

DEBUG - 2025-10-29 20:49:57 --> Ruta actual: /Tesina/public/admin/gestionarUsuarios
INFO - 2025-10-29 20:49:57 --> Session: Class initialized using 'CodeIgniter\Session\Handlers\FileHandler' driver.
DEBUG - 2025-10-29 20:49:57 --> Datos en sesión: Array
(
    [__ci_last_regenerate] => 1761781679
    [_ci_previous_url] => http://192.168.0.138/Tesina/public/admin
    [locale] => es
    [id_usuario] => 99
    [nombre] => manuela
    [apellido] => Cacciola
    [email] => manuela@gmail.com
    [rol] => admin
    [logged_in] => 1
)

DEBUG - 2025-10-29 20:50:10 --> Ruta actual: /Tesina/public/admin/invitar
INFO - 2025-10-29 20:50:10 --> Session: Class initialized using 'CodeIgniter\Session\Handlers\FileHandler' driver.
DEBUG - 2025-10-29 20:50:10 --> Datos en sesión: Array
(
    [__ci_last_regenerate] => 1761781679
    [_ci_previous_url] => http://192.168.0.138/Tesina/public/admin/gestionarUsuarios
    [locale] => es
    [id_usuario] => 99
    [nombre] => manuela
    [apellido] => Cacciola
    [email] => manuela@gmail.com
    [rol] => admin
    [logged_in] => 1
)

DEBUG - 2025-10-29 20:51:31 --> Ruta actual: /Tesina/public/admin/enviarInvitacion
INFO - 2025-10-29 20:51:31 --> Session: Class initialized using 'CodeIgniter\Session\Handlers\FileHandler' driver.
DEBUG - 2025-10-29 20:51:31 --> Datos en sesión: Array
(
    [__ci_last_regenerate] => 1761781679
    [_ci_previous_url] => http://192.168.0.138/Tesina/public/admin/invitar
    [locale] => es
    [id_usuario] => 99
    [nombre] => manuela
    [apellido] => Cacciola
    [email] => manuela@gmail.com
    [rol] => admin
    [logged_in] => 1
)

DEBUG - 2025-10-29 20:51:35 --> Ruta actual: /Tesina/public/admin/invitar
INFO - 2025-10-29 20:51:35 --> Session: Class initialized using 'CodeIgniter\Session\Handlers\FileHandler' driver.
DEBUG - 2025-10-29 20:51:35 --> Datos en sesión: Array
(
    [__ci_last_regenerate] => 1761781679
    [_ci_previous_url] => http://192.168.0.138/Tesina/public/admin/invitar
    [locale] => es
    [id_usuario] => 99
    [nombre] => manuela
    [apellido] => Cacciola
    [email] => manuela@gmail.com
    [rol] => admin
    [logged_in] => 1
)

INFO - 2025-10-29 20:52:13 --> Session: Class initialized using 'CodeIgniter\Session\Handlers\FileHandler' driver.
INFO - 2025-10-29 20:53:49 --> Session: Class initialized using 'CodeIgniter\Session\Handlers\FileHandler' driver.
INFO - 2025-10-29 20:54:58 --> Session: Class initialized using 'CodeIgniter\Session\Handlers\FileHandler' driver.
DEBUG - 2025-10-29 20:54:58 --> Iniciando procesarRegistroInvitado.
DEBUG - 2025-10-29 20:54:58 --> Datos recibidos del POST: {"csrf_test_name":"edea25ff6c2220e2583971f7dc30e407","email":"gabrielarizzi@gmail.com","id_rol_invitado":"2","token_invitacion":"kYlDErUNzxXMj4CqCbzDqYgbwZJJF1WR","nombre":"Gabriela ","apellido":"Rizzi","contrasena":"Gabrielarizzi_07$","confirmar_contrasena":"Gabrielarizzi_07$"}
DEBUG - 2025-10-29 20:54:58 --> Token del formulario: kYlDErUNzxXMj4CqCbzDqYgbwZJJF1WR
DEBUG - 2025-10-29 20:54:58 --> Email del formulario: gabrielarizzi@gmail.com
DEBUG - 2025-10-29 20:54:58 --> ID Rol Invitado del formulario: 2
DEBUG - 2025-10-29 20:54:58 --> Invitación encontrada: {"id_invitacion":"47","email":"gabrielarizzi@gmail.com","id_rol":"2","token":"kYlDErUNzxXMj4CqCbzDqYgbwZJJF1WR","estado":"pendiente","invitado_por":"99","fecha_expiracion":"2025-10-29 20:51:31","id_usuario":"0","created_at":"2025-10-29 20:51:31"}
DEBUG - 2025-10-29 20:54:58 --> Validación de invitación inicial OK.
DEBUG - 2025-10-29 20:54:58 --> Validación de datos del formulario OK.
DEBUG - 2025-10-29 20:54:58 --> Datos de usuario a insertar: {"nombre":"Gabriela ","apellido":"Rizzi","email":"gabrielarizzi@gmail.com","contrasena":"Gabrielarizzi_07$","id_rol":"2","estado":"activo","invitado_por":"99"}
DEBUG - 2025-10-29 20:54:58 --> Datos a insertar: Array
(
    [nombre] => Gabriela 
    [apellido] => Rizzi
    [email] => gabrielarizzi@gmail.com
    [contrasena] => Gabrielarizzi_07$
    [id_rol] => 2
    [estado] => activo
    [invitado_por] => 99
)

DEBUG - 2025-10-29 20:54:58 --> Validando rol: 2
DEBUG - 2025-10-29 20:54:58 --> Resultado de validación de rol: true
DEBUG - 2025-10-29 20:54:58 --> Iniciando hashPassword con datos: {"data":{"nombre":"Gabriela ","apellido":"Rizzi","email":"gabrielarizzi@gmail.com","contrasena":"Gabrielarizzi_07$","id_rol":"2","estado":"activo","invitado_por":"99","created_at":"2025-10-29 20:54:58","updated_at":"2025-10-29 20:54:58"}}
DEBUG - 2025-10-29 20:54:58 --> Contraseña original: Gabrielarizzi_07$
DEBUG - 2025-10-29 20:54:58 --> Longitud de la contraseña original: 17
DEBUG - 2025-10-29 20:54:58 --> Hash generado: $2y$10$Yn/cxs4yHQVwKclbVvRQGu7F1nxOjgWQxRpnKPEfRpFLmtfKfgyyS
DEBUG - 2025-10-29 20:54:58 --> Usuario insertado con ID: 100
INFO - 2025-10-29 20:54:58 --> Usuario registrado exitosamente con ID: 100
INFO - 2025-10-29 20:54:58 --> Estado de la invitación actualizada a "completada" para el token: kYlDErUNzxXMj4CqCbzDqYgbwZJJF1WR
INFO - 2025-10-29 20:54:58 --> Session: Class initialized using 'CodeIgniter\Session\Handlers\FileHandler' driver.
INFO - 2025-10-29 20:55:28 --> Session: Class initialized using 'CodeIgniter\Session\Handlers\FileHandler' driver.
DEBUG - 2025-10-29 20:55:28 --> Intento de inicio de sesión para email: gabrielarizzi@gmail.com
DEBUG - 2025-10-29 20:55:28 --> Longitud de la contraseña ingresada: 17
DEBUG - 2025-10-29 20:55:28 --> Usuario encontrado: {"id":"100","email":"gabrielarizzi@gmail.com","estado":"activo","rol":"2"}
DEBUG - 2025-10-29 20:55:28 --> Resultado de verificación de contraseña: true
DEBUG - 2025-10-29 20:55:28 --> Hash almacenado en la base de datos: $2y$10$Yn/cxs4yHQVwKclbVvRQGu7F1nxOjgWQxRpnKPEfRpFLmtfKfgyyS
DEBUG - 2025-10-29 20:55:28 --> Inicio de sesión exitoso para usuario: gabrielarizzi@gmail.com
DEBUG - 2025-10-29 20:55:28 --> Datos de sesión guardados: {"id_usuario":"100","nombre":"Gabriela ","apellido":"Rizzi","email":"gabrielarizzi@gmail.com","rol":"usuario","logged_in":true}
DEBUG - 2025-10-29 20:55:28 --> Ruta actual: /Tesina/public/usuario
INFO - 2025-10-29 20:55:28 --> Session: Class initialized using 'CodeIgniter\Session\Handlers\FileHandler' driver.
DEBUG - 2025-10-29 20:55:28 --> Datos en sesión: Array
(
    [__ci_last_regenerate] => 1761781933
    [_ci_previous_url] => http://192.168.0.138/Tesina/public/autenticacion/login
    [id_usuario] => 100
    [nombre] => Gabriela 
    [apellido] => Rizzi
    [email] => gabrielarizzi@gmail.com
    [rol] => usuario
    [logged_in] => 1
)

DEBUG - 2025-10-29 20:55:28 --> Usuario ID: 100
DEBUG - 2025-10-29 20:55:28 --> Buscando usuario ID: 100
DEBUG - 2025-10-29 20:55:28 --> Resultado de la búsqueda: Array
(
    [id_usuario] => 100
    [nombre] => Gabriela 
    [apellido] => Rizzi
    [email] => gabrielarizzi@gmail.com
    [contrasena] => $2y$10$Yn/cxs4yHQVwKclbVvRQGu7F1nxOjgWQxRpnKPEfRpFLmtfKfgyyS
    [direccion_id] => 0
    [id_rol] => 2
    [created_at] => 2025-10-29 20:54:58
    [updated_at] => 2025-10-29 20:54:58
    [invitado_por] => 99
    [estado] => activo
    [token_activacion] => 
)

DEBUG - 2025-10-29 20:55:28 --> Datos del usuario: Array
(
    [id_usuario] => 100
    [nombre] => Gabriela 
    [apellido] => Rizzi
    [email] => gabrielarizzi@gmail.com
    [contrasena] => $2y$10$Yn/cxs4yHQVwKclbVvRQGu7F1nxOjgWQxRpnKPEfRpFLmtfKfgyyS
    [direccion_id] => 0
    [id_rol] => 2
    [created_at] => 2025-10-29 20:54:58
    [updated_at] => 2025-10-29 20:54:58
    [invitado_por] => 99
    [estado] => activo
    [token_activacion] => 
)

DEBUG - 2025-10-29 20:55:28 --> Dispositivos encontrados: Array
(
)

DEBUG - 2025-10-29 20:55:28 --> Consumo 24h: 0
DEBUG - 2025-10-29 20:55:28 --> Consumo promedio: 0
DEBUG - 2025-10-29 20:55:28 --> Datos enviados a la vista: Array
(
    [usuario] => Array
        (
            [id_usuario] => 100
            [nombre] => Gabriela 
            [apellido] => Rizzi
            [email] => gabrielarizzi@gmail.com
            [contrasena] => $2y$10$Yn/cxs4yHQVwKclbVvRQGu7F1nxOjgWQxRpnKPEfRpFLmtfKfgyyS
            [direccion_id] => 0
            [id_rol] => 2
            [created_at] => 2025-10-29 20:54:58
            [updated_at] => 2025-10-29 20:54:58
            [invitado_por] => 99
            [estado] => activo
            [token_activacion] => 
        )

    [dispositivos] => Array
        (
        )

    [dispositivos_propios] => Array
        (
        )

    [dispositivos_compartidos] => Array
        (
        )

    [consumo24h] => 0
    [consumoPromedio] => 0
    [activosPropios] => 0
)

DEBUG - 2025-10-29 20:55:36 --> Ruta actual: /Tesina/public/admin
INFO - 2025-10-29 20:55:36 --> Session: Class initialized using 'CodeIgniter\Session\Handlers\FileHandler' driver.
DEBUG - 2025-10-29 20:55:36 --> Datos en sesión: Array
(
    [__ci_last_regenerate] => 1761782136
    [_ci_previous_url] => http://192.168.0.138/Tesina/public/admin/invitar
    [locale] => es
    [id_usuario] => 99
    [nombre] => manuela
    [apellido] => Cacciola
    [email] => manuela@gmail.com
    [rol] => admin
    [logged_in] => 1
)

DEBUG - 2025-10-29 20:55:53 --> Ruta actual: /Tesina/public/admin/gestionarUsuarios
INFO - 2025-10-29 20:55:53 --> Session: Class initialized using 'CodeIgniter\Session\Handlers\FileHandler' driver.
DEBUG - 2025-10-29 20:55:53 --> Datos en sesión: Array
(
    [__ci_last_regenerate] => 1761782136
    [_ci_previous_url] => http://192.168.0.138/Tesina/public/admin
    [locale] => es
    [id_usuario] => 99
    [nombre] => manuela
    [apellido] => Cacciola
    [email] => manuela@gmail.com
    [rol] => admin
    [logged_in] => 1
)

DEBUG - 2025-10-29 20:56:10 --> Ruta actual: /Tesina/public/admin/cambiarRol
INFO - 2025-10-29 20:56:10 --> Session: Class initialized using 'CodeIgniter\Session\Handlers\FileHandler' driver.
DEBUG - 2025-10-29 20:56:10 --> Datos en sesión: Array
(
    [__ci_last_regenerate] => 1761782136
    [_ci_previous_url] => http://192.168.0.138/Tesina/public/admin/gestionarUsuarios
    [locale] => es
    [id_usuario] => 99
    [nombre] => manuela
    [apellido] => Cacciola
    [email] => manuela@gmail.com
    [rol] => admin
    [logged_in] => 1
)

DEBUG - 2025-10-29 20:56:10 --> Buscando usuario ID: 100
DEBUG - 2025-10-29 20:56:10 --> Resultado de la búsqueda: Array
(
    [id_usuario] => 100
    [nombre] => Gabriela 
    [apellido] => Rizzi
    [email] => gabrielarizzi@gmail.com
    [contrasena] => $2y$10$Yn/cxs4yHQVwKclbVvRQGu7F1nxOjgWQxRpnKPEfRpFLmtfKfgyyS
    [direccion_id] => 0
    [id_rol] => 2
    [created_at] => 2025-10-29 20:54:58
    [updated_at] => 2025-10-29 20:54:58
    [invitado_por] => 99
    [estado] => activo
    [token_activacion] => 
)

DEBUG - 2025-10-29 20:56:10 --> === INICIO ACTUALIZACIÓN USUARIO ===
DEBUG - 2025-10-29 20:56:10 --> ID Usuario: 100
DEBUG - 2025-10-29 20:56:10 --> Datos recibidos: Array
(
    [id_rol] => 1
)

DEBUG - 2025-10-29 20:56:10 --> Buscando usuario ID: 100
DEBUG - 2025-10-29 20:56:10 --> Resultado de la búsqueda: Array
(
    [id_usuario] => 100
    [nombre] => Gabriela 
    [apellido] => Rizzi
    [email] => gabrielarizzi@gmail.com
    [contrasena] => $2y$10$Yn/cxs4yHQVwKclbVvRQGu7F1nxOjgWQxRpnKPEfRpFLmtfKfgyyS
    [direccion_id] => 0
    [id_rol] => 2
    [created_at] => 2025-10-29 20:54:58
    [updated_at] => 2025-10-29 20:54:58
    [invitado_por] => 99
    [estado] => activo
    [token_activacion] => 
)

DEBUG - 2025-10-29 20:56:10 --> Datos finales para actualización: Array
(
    [id_rol] => 1
    [updated_at] => 2025-10-29 20:56:10
)

DEBUG - 2025-10-29 20:56:10 --> Resultado de la actualización: true
DEBUG - 2025-10-29 20:56:11 --> Ruta actual: /Tesina/public/admin/gestionarUsuarios
INFO - 2025-10-29 20:56:11 --> Session: Class initialized using 'CodeIgniter\Session\Handlers\FileHandler' driver.
DEBUG - 2025-10-29 20:56:11 --> Datos en sesión: Array
(
    [__ci_last_regenerate] => 1761782136
    [_ci_previous_url] => http://192.168.0.138/Tesina/public/admin/gestionarUsuarios
    [locale] => es
    [id_usuario] => 99
    [nombre] => manuela
    [apellido] => Cacciola
    [email] => manuela@gmail.com
    [rol] => admin
    [logged_in] => 1
)

DEBUG - 2025-10-29 20:56:13 --> Ruta actual: /Tesina/public/usuario
INFO - 2025-10-29 20:56:13 --> Session: Class initialized using 'CodeIgniter\Session\Handlers\FileHandler' driver.
DEBUG - 2025-10-29 20:56:13 --> Datos en sesión: Array
(
    [__ci_last_regenerate] => 1761781933
    [_ci_previous_url] => http://192.168.0.138/Tesina/public/usuario
    [id_usuario] => 100
    [nombre] => Gabriela 
    [apellido] => Rizzi
    [email] => gabrielarizzi@gmail.com
    [rol] => usuario
    [logged_in] => 1
)

DEBUG - 2025-10-29 20:56:13 --> Usuario ID: 100
DEBUG - 2025-10-29 20:56:13 --> Buscando usuario ID: 100
DEBUG - 2025-10-29 20:56:13 --> Resultado de la búsqueda: Array
(
    [id_usuario] => 100
    [nombre] => Gabriela 
    [apellido] => Rizzi
    [email] => gabrielarizzi@gmail.com
    [contrasena] => $2y$10$Yn/cxs4yHQVwKclbVvRQGu7F1nxOjgWQxRpnKPEfRpFLmtfKfgyyS
    [direccion_id] => 0
    [id_rol] => 1
    [created_at] => 2025-10-29 20:54:58
    [updated_at] => 2025-10-29 20:56:10
    [invitado_por] => 99
    [estado] => activo
    [token_activacion] => 
)

DEBUG - 2025-10-29 20:56:13 --> Datos del usuario: Array
(
    [id_usuario] => 100
    [nombre] => Gabriela 
    [apellido] => Rizzi
    [email] => gabrielarizzi@gmail.com
    [contrasena] => $2y$10$Yn/cxs4yHQVwKclbVvRQGu7F1nxOjgWQxRpnKPEfRpFLmtfKfgyyS
    [direccion_id] => 0
    [id_rol] => 1
    [created_at] => 2025-10-29 20:54:58
    [updated_at] => 2025-10-29 20:56:10
    [invitado_por] => 99
    [estado] => activo
    [token_activacion] => 
)

DEBUG - 2025-10-29 20:56:13 --> Dispositivos encontrados: Array
(
)

DEBUG - 2025-10-29 20:56:13 --> Consumo 24h: 0
DEBUG - 2025-10-29 20:56:13 --> Consumo promedio: 0
DEBUG - 2025-10-29 20:56:13 --> Datos enviados a la vista: Array
(
    [usuario] => Array
        (
            [id_usuario] => 100
            [nombre] => Gabriela 
            [apellido] => Rizzi
            [email] => gabrielarizzi@gmail.com
            [contrasena] => $2y$10$Yn/cxs4yHQVwKclbVvRQGu7F1nxOjgWQxRpnKPEfRpFLmtfKfgyyS
            [direccion_id] => 0
            [id_rol] => 1
            [created_at] => 2025-10-29 20:54:58
            [updated_at] => 2025-10-29 20:56:10
            [invitado_por] => 99
            [estado] => activo
            [token_activacion] => 
        )

    [dispositivos] => Array
        (
        )

    [dispositivos_propios] => Array
        (
        )

    [dispositivos_compartidos] => Array
        (
        )

    [consumo24h] => 0
    [consumoPromedio] => 0
    [activosPropios] => 0
)

INFO - 2025-10-29 20:56:17 --> Session: Class initialized using 'CodeIgniter\Session\Handlers\FileHandler' driver.
INFO - 2025-10-29 20:56:17 --> Session: Class initialized using 'CodeIgniter\Session\Handlers\FileHandler' driver.
INFO - 2025-10-29 20:56:32 --> Session: Class initialized using 'CodeIgniter\Session\Handlers\FileHandler' driver.
DEBUG - 2025-10-29 20:56:32 --> Intento de inicio de sesión para email: gabrielarizzi@gmail.com
DEBUG - 2025-10-29 20:56:32 --> Longitud de la contraseña ingresada: 17
DEBUG - 2025-10-29 20:56:32 --> Usuario encontrado: {"id":"100","email":"gabrielarizzi@gmail.com","estado":"activo","rol":"1"}
DEBUG - 2025-10-29 20:56:32 --> Resultado de verificación de contraseña: true
DEBUG - 2025-10-29 20:56:32 --> Hash almacenado en la base de datos: $2y$10$Yn/cxs4yHQVwKclbVvRQGu7F1nxOjgWQxRpnKPEfRpFLmtfKfgyyS
DEBUG - 2025-10-29 20:56:32 --> Inicio de sesión exitoso para usuario: gabrielarizzi@gmail.com
DEBUG - 2025-10-29 20:56:32 --> Datos de sesión guardados: {"id_usuario":"100","nombre":"Gabriela ","apellido":"Rizzi","email":"gabrielarizzi@gmail.com","rol":"admin","logged_in":true}
DEBUG - 2025-10-29 20:56:33 --> Ruta actual: /Tesina/public/admin
INFO - 2025-10-29 20:56:33 --> Session: Class initialized using 'CodeIgniter\Session\Handlers\FileHandler' driver.
DEBUG - 2025-10-29 20:56:33 --> Datos en sesión: Array
(
    [__ci_last_regenerate] => 1761782177
    [_ci_previous_url] => http://192.168.0.138/Tesina/public/autenticacion/login
    [id_usuario] => 100
    [nombre] => Gabriela 
    [apellido] => Rizzi
    [email] => gabrielarizzi@gmail.com
    [rol] => admin
    [logged_in] => 1
)

DEBUG - 2025-10-29 20:56:48 --> Ruta actual: /Tesina/public/admin
INFO - 2025-10-29 20:56:48 --> Session: Class initialized using 'CodeIgniter\Session\Handlers\FileHandler' driver.
DEBUG - 2025-10-29 20:56:48 --> Datos en sesión: Array
(
    [__ci_last_regenerate] => 1761782136
    [_ci_previous_url] => http://192.168.0.138/Tesina/public/admin/gestionarUsuarios
    [locale] => es
    [id_usuario] => 99
    [nombre] => manuela
    [apellido] => Cacciola
    [email] => manuela@gmail.com
    [rol] => admin
    [logged_in] => 1
)

INFO - 2025-10-29 20:56:54 --> Session: Class initialized using 'CodeIgniter\Session\Handlers\FileHandler' driver.
INFO - 2025-10-29 20:56:55 --> Session: Class initialized using 'CodeIgniter\Session\Handlers\FileHandler' driver.
INFO - 2025-10-29 20:57:10 --> Session: Class initialized using 'CodeIgniter\Session\Handlers\FileHandler' driver.
DEBUG - 2025-10-29 20:57:10 --> Intento de inicio de sesión para email: brunocameille@alumnos.itr3.edu.ar
DEBUG - 2025-10-29 20:57:10 --> Longitud de la contraseña ingresada: 17
DEBUG - 2025-10-29 20:57:10 --> Usuario encontrado: {"id":"1","email":"brunocameille@alumnos.itr3.edu.ar","estado":"activo","rol":"1"}
DEBUG - 2025-10-29 20:57:10 --> Resultado de verificación de contraseña: true
DEBUG - 2025-10-29 20:57:10 --> Hash almacenado en la base de datos: $2y$10$DfVf5j75GUow.8KQIROrQ.HgppT0Rq0gHjnl3td.ZZBDLZAYggz.u
DEBUG - 2025-10-29 20:57:10 --> Inicio de sesión exitoso para usuario: brunocameille@alumnos.itr3.edu.ar
DEBUG - 2025-10-29 20:57:10 --> Datos de sesión guardados: {"id_usuario":"1","nombre":"brunito","apellido":"barber","email":"brunocameille@alumnos.itr3.edu.ar","rol":"admin","logged_in":true}
DEBUG - 2025-10-29 20:57:11 --> Ruta actual: /Tesina/public/admin
INFO - 2025-10-29 20:57:11 --> Session: Class initialized using 'CodeIgniter\Session\Handlers\FileHandler' driver.
DEBUG - 2025-10-29 20:57:11 --> Datos en sesión: Array
(
    [__ci_last_regenerate] => 1761782215
    [_ci_previous_url] => http://192.168.0.138/Tesina/public/autenticacion/login
    [id_usuario] => 1
    [nombre] => brunito
    [apellido] => barber
    [email] => brunocameille@alumnos.itr3.edu.ar
    [rol] => admin
    [logged_in] => 1
)

DEBUG - 2025-10-29 20:57:12 --> Ruta actual: /Tesina/public/admin/dispositivos
INFO - 2025-10-29 20:57:12 --> Session: Class initialized using 'CodeIgniter\Session\Handlers\FileHandler' driver.
DEBUG - 2025-10-29 20:57:12 --> Datos en sesión: Array
(
    [__ci_last_regenerate] => 1761782215
    [_ci_previous_url] => http://192.168.0.138/Tesina/public/admin
    [id_usuario] => 1
    [nombre] => brunito
    [apellido] => barber
    [email] => brunocameille@alumnos.itr3.edu.ar
    [rol] => admin
    [logged_in] => 1
)

DEBUG - 2025-10-29 20:57:12 --> Buscando usuario ID: 1
DEBUG - 2025-10-29 20:57:12 --> Resultado de la búsqueda: Array
(
    [id_usuario] => 1
    [nombre] => brunito
    [apellido] => barber
    [email] => brunocameille@alumnos.itr3.edu.ar
    [contrasena] => $2y$10$DfVf5j75GUow.8KQIROrQ.HgppT0Rq0gHjnl3td.ZZBDLZAYggz.u
    [direccion_id] => 0
    [id_rol] => 1
    [created_at] => 2025-04-07 13:37:30
    [updated_at] => 2025-10-13 19:57:07
    [invitado_por] => 
    [estado] => activo
    [token_activacion] => 
)

DEBUG - 2025-10-29 20:57:25 --> Ruta actual: /Tesina/public/admin/dispositivos/detalles/29
INFO - 2025-10-29 20:57:25 --> Session: Class initialized using 'CodeIgniter\Session\Handlers\FileHandler' driver.
DEBUG - 2025-10-29 20:57:25 --> Datos en sesión: Array
(
    [__ci_last_regenerate] => 1761782215
    [_ci_previous_url] => http://192.168.0.138/Tesina/public/admin/dispositivos
    [id_usuario] => 1
    [nombre] => brunito
    [apellido] => barber
    [email] => brunocameille@alumnos.itr3.edu.ar
    [rol] => admin
    [logged_in] => 1
)

DEBUG - 2025-10-29 20:57:37 --> Ruta actual: /Tesina/public/admin/dispositivos/desactivar/29
INFO - 2025-10-29 20:57:37 --> Session: Class initialized using 'CodeIgniter\Session\Handlers\FileHandler' driver.
DEBUG - 2025-10-29 20:57:37 --> Datos en sesión: Array
(
    [__ci_last_regenerate] => 1761782215
    [_ci_previous_url] => http://192.168.0.138/Tesina/public/admin/dispositivos
    [id_usuario] => 1
    [nombre] => brunito
    [apellido] => barber
    [email] => brunocameille@alumnos.itr3.edu.ar
    [rol] => admin
    [logged_in] => 1
)

DEBUG - 2025-10-29 20:57:37 --> Ruta actual: /Tesina/public/admin/dispositivos
INFO - 2025-10-29 20:57:37 --> Session: Class initialized using 'CodeIgniter\Session\Handlers\FileHandler' driver.
DEBUG - 2025-10-29 20:57:37 --> Datos en sesión: Array
(
    [__ci_last_regenerate] => 1761782215
    [_ci_previous_url] => http://192.168.0.138/Tesina/public/admin/dispositivos
    [id_usuario] => 1
    [nombre] => brunito
    [apellido] => barber
    [email] => brunocameille@alumnos.itr3.edu.ar
    [rol] => admin
    [logged_in] => 1
)

DEBUG - 2025-10-29 20:57:37 --> Buscando usuario ID: 1
DEBUG - 2025-10-29 20:57:37 --> Resultado de la búsqueda: Array
(
    [id_usuario] => 1
    [nombre] => brunito
    [apellido] => barber
    [email] => brunocameille@alumnos.itr3.edu.ar
    [contrasena] => $2y$10$DfVf5j75GUow.8KQIROrQ.HgppT0Rq0gHjnl3td.ZZBDLZAYggz.u
    [direccion_id] => 0
    [id_rol] => 1
    [created_at] => 2025-04-07 13:37:30
    [updated_at] => 2025-10-13 19:57:07
    [invitado_por] => 
    [estado] => activo
    [token_activacion] => 
)

DEBUG - 2025-10-29 20:57:41 --> Ruta actual: /Tesina/public/admin/dispositivos/activar/29
INFO - 2025-10-29 20:57:41 --> Session: Class initialized using 'CodeIgniter\Session\Handlers\FileHandler' driver.
DEBUG - 2025-10-29 20:57:41 --> Datos en sesión: Array
(
    [__ci_last_regenerate] => 1761782215
    [_ci_previous_url] => http://192.168.0.138/Tesina/public/admin/dispositivos
    [id_usuario] => 1
    [nombre] => brunito
    [apellido] => barber
    [email] => brunocameille@alumnos.itr3.edu.ar
    [rol] => admin
    [logged_in] => 1
)

DEBUG - 2025-10-29 20:57:41 --> Ruta actual: /Tesina/public/admin/dispositivos
INFO - 2025-10-29 20:57:41 --> Session: Class initialized using 'CodeIgniter\Session\Handlers\FileHandler' driver.
DEBUG - 2025-10-29 20:57:41 --> Datos en sesión: Array
(
    [__ci_last_regenerate] => 1761782215
    [_ci_previous_url] => http://192.168.0.138/Tesina/public/admin/dispositivos
    [id_usuario] => 1
    [nombre] => brunito
    [apellido] => barber
    [email] => brunocameille@alumnos.itr3.edu.ar
    [rol] => admin
    [logged_in] => 1
)

DEBUG - 2025-10-29 20:57:41 --> Buscando usuario ID: 1
DEBUG - 2025-10-29 20:57:41 --> Resultado de la búsqueda: Array
(
    [id_usuario] => 1
    [nombre] => brunito
    [apellido] => barber
    [email] => brunocameille@alumnos.itr3.edu.ar
    [contrasena] => $2y$10$DfVf5j75GUow.8KQIROrQ.HgppT0Rq0gHjnl3td.ZZBDLZAYggz.u
    [direccion_id] => 0
    [id_rol] => 1
    [created_at] => 2025-04-07 13:37:30
    [updated_at] => 2025-10-13 19:57:07
    [invitado_por] => 
    [estado] => activo
    [token_activacion] => 
)

DEBUG - 2025-10-29 20:57:52 --> Ruta actual: /Tesina/public/energia/dispositivo/29
INFO - 2025-10-29 20:57:52 --> Session: Class initialized using 'CodeIgniter\Session\Handlers\FileHandler' driver.
DEBUG - 2025-10-29 20:57:52 --> Datos en sesión: Array
(
    [__ci_last_regenerate] => 1761782215
    [_ci_previous_url] => http://192.168.0.138/Tesina/public/admin/dispositivos
    [id_usuario] => 1
    [nombre] => brunito
    [apellido] => barber
    [email] => brunocameille@alumnos.itr3.edu.ar
    [rol] => admin
    [logged_in] => 1
)

DEBUG - 2025-10-29 20:57:58 --> Ruta actual: /Tesina/public/energia/dispositivo/2
INFO - 2025-10-29 20:57:58 --> Session: Class initialized using 'CodeIgniter\Session\Handlers\FileHandler' driver.
DEBUG - 2025-10-29 20:57:58 --> Datos en sesión: Array
(
    [__ci_last_regenerate] => 1761782215
    [_ci_previous_url] => http://192.168.0.138/Tesina/public/energia/dispositivo/29
    [id_usuario] => 1
    [nombre] => brunito
    [apellido] => barber
    [email] => brunocameille@alumnos.itr3.edu.ar
    [rol] => admin
    [logged_in] => 1
)

INFO - 2025-10-29 20:57:59 --> Session: Class initialized using 'CodeIgniter\Session\Handlers\FileHandler' driver.
INFO - 2025-10-29 20:57:59 --> Session: Class initialized using 'CodeIgniter\Session\Handlers\FileHandler' driver.
INFO - 2025-10-29 20:58:00 --> Session: Class initialized using 'CodeIgniter\Session\Handlers\FileHandler' driver.
INFO - 2025-10-29 20:58:03 --> Session: Class initialized using 'CodeIgniter\Session\Handlers\FileHandler' driver.
INFO - 2025-10-29 20:58:08 --> Session: Class initialized using 'CodeIgniter\Session\Handlers\FileHandler' driver.
INFO - 2025-10-29 20:58:13 --> Session: Class initialized using 'CodeIgniter\Session\Handlers\FileHandler' driver.
INFO - 2025-10-29 20:58:18 --> Session: Class initialized using 'CodeIgniter\Session\Handlers\FileHandler' driver.
INFO - 2025-10-29 20:58:23 --> Session: Class initialized using 'CodeIgniter\Session\Handlers\FileHandler' driver.
INFO - 2025-10-29 20:58:28 --> Session: Class initialized using 'CodeIgniter\Session\Handlers\FileHandler' driver.
INFO - 2025-10-29 20:58:34 --> Session: Class initialized using 'CodeIgniter\Session\Handlers\FileHandler' driver.
INFO - 2025-10-29 20:58:38 --> Session: Class initialized using 'CodeIgniter\Session\Handlers\FileHandler' driver.
INFO - 2025-10-29 20:58:43 --> Session: Class initialized using 'CodeIgniter\Session\Handlers\FileHandler' driver.
INFO - 2025-10-29 20:58:48 --> Session: Class initialized using 'CodeIgniter\Session\Handlers\FileHandler' driver.
INFO - 2025-10-29 20:58:53 --> Session: Class initialized using 'CodeIgniter\Session\Handlers\FileHandler' driver.
INFO - 2025-10-29 20:58:58 --> Session: Class initialized using 'CodeIgniter\Session\Handlers\FileHandler' driver.
INFO - 2025-10-29 20:59:03 --> Session: Class initialized using 'CodeIgniter\Session\Handlers\FileHandler' driver.
INFO - 2025-10-29 20:59:09 --> Session: Class initialized using 'CodeIgniter\Session\Handlers\FileHandler' driver.
INFO - 2025-10-29 20:59:13 --> Session: Class initialized using 'CodeIgniter\Session\Handlers\FileHandler' driver.
INFO - 2025-10-29 20:59:18 --> Session: Class initialized using 'CodeIgniter\Session\Handlers\FileHandler' driver.
INFO - 2025-10-29 20:59:23 --> Session: Class initialized using 'CodeIgniter\Session\Handlers\FileHandler' driver.
INFO - 2025-10-29 20:59:28 --> Session: Class initialized using 'CodeIgniter\Session\Handlers\FileHandler' driver.
INFO - 2025-10-29 20:59:33 --> Session: Class initialized using 'CodeIgniter\Session\Handlers\FileHandler' driver.
INFO - 2025-10-29 20:59:38 --> Session: Class initialized using 'CodeIgniter\Session\Handlers\FileHandler' driver.
INFO - 2025-10-29 20:59:43 --> Session: Class initialized using 'CodeIgniter\Session\Handlers\FileHandler' driver.
INFO - 2025-10-29 20:59:48 --> Session: Class initialized using 'CodeIgniter\Session\Handlers\FileHandler' driver.
INFO - 2025-10-29 20:59:53 --> Session: Class initialized using 'CodeIgniter\Session\Handlers\FileHandler' driver.
INFO - 2025-10-29 20:59:54 --> Session: Class initialized using 'CodeIgniter\Session\Handlers\FileHandler' driver.
INFO - 2025-10-29 20:59:54 --> Session: Class initialized using 'CodeIgniter\Session\Handlers\FileHandler' driver.
INFO - 2025-10-29 20:59:54 --> Session: Class initialized using 'CodeIgniter\Session\Handlers\FileHandler' driver.
INFO - 2025-10-29 20:59:56 --> Session: Class initialized using 'CodeIgniter\Session\Handlers\FileHandler' driver.
INFO - 2025-10-29 21:00:04 --> Session: Class initialized using 'CodeIgniter\Session\Handlers\FileHandler' driver.
INFO - 2025-10-29 21:00:08 --> Session: Class initialized using 'CodeIgniter\Session\Handlers\FileHandler' driver.
INFO - 2025-10-29 21:00:10 --> Session: Class initialized using 'CodeIgniter\Session\Handlers\FileHandler' driver.
INFO - 2025-10-29 21:00:51 --> Session: Class initialized using 'CodeIgniter\Session\Handlers\FileHandler' driver.
INFO - 2025-10-29 21:00:53 --> Session: Class initialized using 'CodeIgniter\Session\Handlers\FileHandler' driver.
INFO - 2025-10-29 21:00:53 --> Session: Class initialized using 'CodeIgniter\Session\Handlers\FileHandler' driver.
INFO - 2025-10-29 21:00:53 --> Session: Class initialized using 'CodeIgniter\Session\Handlers\FileHandler' driver.
INFO - 2025-10-29 21:00:55 --> Session: Class initialized using 'CodeIgniter\Session\Handlers\FileHandler' driver.
INFO - 2025-10-29 21:00:56 --> Session: Class initialized using 'CodeIgniter\Session\Handlers\FileHandler' driver.
INFO - 2025-10-29 21:00:57 --> Session: Class initialized using 'CodeIgniter\Session\Handlers\FileHandler' driver.
INFO - 2025-10-29 21:00:57 --> Session: Class initialized using 'CodeIgniter\Session\Handlers\FileHandler' driver.
INFO - 2025-10-29 21:00:59 --> Session: Class initialized using 'CodeIgniter\Session\Handlers\FileHandler' driver.
INFO - 2025-10-29 21:01:04 --> Session: Class initialized using 'CodeIgniter\Session\Handlers\FileHandler' driver.
INFO - 2025-10-29 21:01:06 --> Session: Class initialized using 'CodeIgniter\Session\Handlers\FileHandler' driver.
INFO - 2025-10-29 21:01:06 --> Session: Class initialized using 'CodeIgniter\Session\Handlers\FileHandler' driver.
INFO - 2025-10-29 21:01:06 --> Session: Class initialized using 'CodeIgniter\Session\Handlers\FileHandler' driver.
INFO - 2025-10-29 21:01:07 --> Session: Class initialized using 'CodeIgniter\Session\Handlers\FileHandler' driver.
INFO - 2025-10-29 21:01:54 --> Session: Class initialized using 'CodeIgniter\Session\Handlers\FileHandler' driver.
DEBUG - 2025-10-29 21:04:32 --> Ruta actual: /Tesina/public/admin
INFO - 2025-10-29 21:04:32 --> Session: Class initialized using 'CodeIgniter\Session\Handlers\FileHandler' driver.
DEBUG - 2025-10-29 21:04:32 --> Datos en sesión: Array
(
    [__ci_last_regenerate] => 1761782672
    [_ci_previous_url] => http://192.168.0.138/Tesina/public/admin
    [id_usuario] => 100
    [nombre] => Gabriela 
    [apellido] => Rizzi
    [email] => gabrielarizzi@gmail.com
    [rol] => admin
    [logged_in] => 1
)

DEBUG - 2025-10-29 21:04:37 --> Ruta actual: /Tesina/public/admin/dispositivos
INFO - 2025-10-29 21:04:37 --> Session: Class initialized using 'CodeIgniter\Session\Handlers\FileHandler' driver.
DEBUG - 2025-10-29 21:04:37 --> Datos en sesión: Array
(
    [__ci_last_regenerate] => 1761782672
    [_ci_previous_url] => http://192.168.0.138/Tesina/public/admin
    [id_usuario] => 100
    [nombre] => Gabriela 
    [apellido] => Rizzi
    [email] => gabrielarizzi@gmail.com
    [rol] => admin
    [logged_in] => 1
)

DEBUG - 2025-10-29 21:04:37 --> Buscando usuario ID: 100
DEBUG - 2025-10-29 21:04:37 --> Resultado de la búsqueda: Array
(
    [id_usuario] => 100
    [nombre] => Gabriela 
    [apellido] => Rizzi
    [email] => gabrielarizzi@gmail.com
    [contrasena] => $2y$10$Yn/cxs4yHQVwKclbVvRQGu7F1nxOjgWQxRpnKPEfRpFLmtfKfgyyS
    [direccion_id] => 0
    [id_rol] => 1
    [created_at] => 2025-10-29 20:54:58
    [updated_at] => 2025-10-29 20:56:10
    [invitado_por] => 99
    [estado] => activo
    [token_activacion] => 
)

INFO - 2025-10-29 21:04:41 --> Session: Class initialized using 'CodeIgniter\Session\Handlers\FileHandler' driver.
INFO - 2025-10-29 21:04:41 --> Session: Class initialized using 'CodeIgniter\Session\Handlers\FileHandler' driver.
INFO - 2025-10-29 21:04:43 --> Session: Class initialized using 'CodeIgniter\Session\Handlers\FileHandler' driver.
INFO - 2025-10-29 21:05:05 --> Session: Class initialized using 'CodeIgniter\Session\Handlers\FileHandler' driver.
INFO - 2025-10-29 21:05:16 --> Session: Class initialized using 'CodeIgniter\Session\Handlers\FileHandler' driver.
DEBUG - 2025-10-29 21:05:51 --> Ruta actual: /Tesina/public/energia/dispositivo/2
INFO - 2025-10-29 21:05:51 --> Session: Class initialized using 'CodeIgniter\Session\Handlers\FileHandler' driver.
DEBUG - 2025-10-29 21:05:51 --> Datos en sesión: Array
(
    [__ci_last_regenerate] => 1761782751
)

INFO - 2025-10-29 21:05:51 --> Session: Class initialized using 'CodeIgniter\Session\Handlers\FileHandler' driver.
DEBUG - 2025-10-29 21:05:52 --> Ruta actual: /Tesina/public/admin
INFO - 2025-10-29 21:05:52 --> Session: Class initialized using 'CodeIgniter\Session\Handlers\FileHandler' driver.
DEBUG - 2025-10-29 21:05:52 --> Datos en sesión: Array
(
    [__ci_last_regenerate] => 1761782751
    [_ci_previous_url] => http://192.168.0.138/Tesina/public/energia/cortes
    [id_usuario] => 1
    [nombre] => brunito
    [apellido] => barber
    [email] => brunocameille@alumnos.itr3.edu.ar
    [rol] => admin
    [logged_in] => 1
)

DEBUG - 2025-10-29 21:05:53 --> Ruta actual: /Tesina/public/admin/dispositivos
INFO - 2025-10-29 21:05:53 --> Session: Class initialized using 'CodeIgniter\Session\Handlers\FileHandler' driver.
DEBUG - 2025-10-29 21:05:53 --> Datos en sesión: Array
(
    [__ci_last_regenerate] => 1761782751
    [_ci_previous_url] => http://192.168.0.138/Tesina/public/admin
    [id_usuario] => 1
    [nombre] => brunito
    [apellido] => barber
    [email] => brunocameille@alumnos.itr3.edu.ar
    [rol] => admin
    [logged_in] => 1
)

DEBUG - 2025-10-29 21:05:53 --> Buscando usuario ID: 1
DEBUG - 2025-10-29 21:05:53 --> Resultado de la búsqueda: Array
(
    [id_usuario] => 1
    [nombre] => brunito
    [apellido] => barber
    [email] => brunocameille@alumnos.itr3.edu.ar
    [contrasena] => $2y$10$DfVf5j75GUow.8KQIROrQ.HgppT0Rq0gHjnl3td.ZZBDLZAYggz.u
    [direccion_id] => 0
    [id_rol] => 1
    [created_at] => 2025-04-07 13:37:30
    [updated_at] => 2025-10-13 19:57:07
    [invitado_por] => 
    [estado] => activo
    [token_activacion] => 
)

DEBUG - 2025-10-29 21:05:55 --> Ruta actual: /Tesina/public/energia/dispositivo/2
INFO - 2025-10-29 21:05:55 --> Session: Class initialized using 'CodeIgniter\Session\Handlers\FileHandler' driver.
DEBUG - 2025-10-29 21:05:55 --> Datos en sesión: Array
(
    [__ci_last_regenerate] => 1761782751
    [_ci_previous_url] => http://192.168.0.138/Tesina/public/admin/dispositivos
    [id_usuario] => 1
    [nombre] => brunito
    [apellido] => barber
    [email] => brunocameille@alumnos.itr3.edu.ar
    [rol] => admin
    [logged_in] => 1
)

INFO - 2025-10-29 21:05:56 --> Session: Class initialized using 'CodeIgniter\Session\Handlers\FileHandler' driver.
INFO - 2025-10-29 21:05:56 --> Session: Class initialized using 'CodeIgniter\Session\Handlers\FileHandler' driver.
INFO - 2025-10-29 21:05:57 --> Session: Class initialized using 'CodeIgniter\Session\Handlers\FileHandler' driver.
INFO - 2025-10-29 21:06:01 --> Session: Class initialized using 'CodeIgniter\Session\Handlers\FileHandler' driver.
INFO - 2025-10-29 21:06:06 --> Session: Class initialized using 'CodeIgniter\Session\Handlers\FileHandler' driver.
INFO - 2025-10-29 21:06:11 --> Session: Class initialized using 'CodeIgniter\Session\Handlers\FileHandler' driver.
INFO - 2025-10-29 21:06:16 --> Session: Class initialized using 'CodeIgniter\Session\Handlers\FileHandler' driver.
INFO - 2025-10-29 21:06:21 --> Session: Class initialized using 'CodeIgniter\Session\Handlers\FileHandler' driver.
INFO - 2025-10-29 21:06:26 --> Session: Class initialized using 'CodeIgniter\Session\Handlers\FileHandler' driver.
INFO - 2025-10-29 21:06:31 --> Session: Class initialized using 'CodeIgniter\Session\Handlers\FileHandler' driver.
INFO - 2025-10-29 21:06:36 --> Session: Class initialized using 'CodeIgniter\Session\Handlers\FileHandler' driver.
INFO - 2025-10-29 21:06:41 --> Session: Class initialized using 'CodeIgniter\Session\Handlers\FileHandler' driver.
INFO - 2025-10-29 21:06:46 --> Session: Class initialized using 'CodeIgniter\Session\Handlers\FileHandler' driver.
INFO - 2025-10-29 21:06:51 --> Session: Class initialized using 'CodeIgniter\Session\Handlers\FileHandler' driver.
INFO - 2025-10-29 21:06:56 --> Session: Class initialized using 'CodeIgniter\Session\Handlers\FileHandler' driver.
INFO - 2025-10-29 21:07:01 --> Session: Class initialized using 'CodeIgniter\Session\Handlers\FileHandler' driver.
INFO - 2025-10-29 21:07:06 --> Session: Class initialized using 'CodeIgniter\Session\Handlers\FileHandler' driver.
INFO - 2025-10-29 21:07:11 --> Session: Class initialized using 'CodeIgniter\Session\Handlers\FileHandler' driver.
INFO - 2025-10-29 21:07:16 --> Session: Class initialized using 'CodeIgniter\Session\Handlers\FileHandler' driver.
INFO - 2025-10-29 21:07:21 --> Session: Class initialized using 'CodeIgniter\Session\Handlers\FileHandler' driver.
INFO - 2025-10-29 21:07:26 --> Session: Class initialized using 'CodeIgniter\Session\Handlers\FileHandler' driver.
INFO - 2025-10-29 21:07:31 --> Session: Class initialized using 'CodeIgniter\Session\Handlers\FileHandler' driver.
INFO - 2025-10-29 21:07:36 --> Session: Class initialized using 'CodeIgniter\Session\Handlers\FileHandler' driver.
INFO - 2025-10-29 21:07:41 --> Session: Class initialized using 'CodeIgniter\Session\Handlers\FileHandler' driver.
INFO - 2025-10-29 21:07:46 --> Session: Class initialized using 'CodeIgniter\Session\Handlers\FileHandler' driver.
INFO - 2025-10-29 21:07:51 --> Session: Class initialized using 'CodeIgniter\Session\Handlers\FileHandler' driver.
INFO - 2025-10-29 21:07:56 --> Session: Class initialized using 'CodeIgniter\Session\Handlers\FileHandler' driver.
INFO - 2025-10-29 21:08:01 --> Session: Class initialized using 'CodeIgniter\Session\Handlers\FileHandler' driver.
INFO - 2025-10-29 21:08:06 --> Session: Class initialized using 'CodeIgniter\Session\Handlers\FileHandler' driver.
INFO - 2025-10-29 21:08:11 --> Session: Class initialized using 'CodeIgniter\Session\Handlers\FileHandler' driver.
INFO - 2025-10-29 21:08:16 --> Session: Class initialized using 'CodeIgniter\Session\Handlers\FileHandler' driver.
INFO - 2025-10-29 21:08:21 --> Session: Class initialized using 'CodeIgniter\Session\Handlers\FileHandler' driver.
INFO - 2025-10-29 21:08:26 --> Session: Class initialized using 'CodeIgniter\Session\Handlers\FileHandler' driver.
INFO - 2025-10-29 21:08:31 --> Session: Class initialized using 'CodeIgniter\Session\Handlers\FileHandler' driver.
INFO - 2025-10-29 21:08:36 --> Session: Class initialized using 'CodeIgniter\Session\Handlers\FileHandler' driver.
INFO - 2025-10-29 21:08:41 --> Session: Class initialized using 'CodeIgniter\Session\Handlers\FileHandler' driver.
INFO - 2025-10-29 21:08:46 --> Session: Class initialized using 'CodeIgniter\Session\Handlers\FileHandler' driver.
INFO - 2025-10-29 21:08:51 --> Session: Class initialized using 'CodeIgniter\Session\Handlers\FileHandler' driver.
INFO - 2025-10-29 21:08:56 --> Session: Class initialized using 'CodeIgniter\Session\Handlers\FileHandler' driver.
INFO - 2025-10-29 21:09:01 --> Session: Class initialized using 'CodeIgniter\Session\Handlers\FileHandler' driver.
INFO - 2025-10-29 21:09:06 --> Session: Class initialized using 'CodeIgniter\Session\Handlers\FileHandler' driver.
INFO - 2025-10-29 21:09:11 --> Session: Class initialized using 'CodeIgniter\Session\Handlers\FileHandler' driver.
INFO - 2025-10-29 21:09:16 --> Session: Class initialized using 'CodeIgniter\Session\Handlers\FileHandler' driver.
INFO - 2025-10-29 21:09:17 --> Session: Class initialized using 'CodeIgniter\Session\Handlers\FileHandler' driver.
INFO - 2025-10-29 21:09:18 --> Último kWh obtenido: 7.60948 para MAC: 08D1F9A52A14
INFO - 2025-10-29 21:09:19 --> Session: Class initialized using 'CodeIgniter\Session\Handlers\FileHandler' driver.
INFO - 2025-10-29 21:09:19 --> Límite obtenido (general): 4.1000 kWh, IP: 192.168.0.232
INFO - 2025-10-29 21:09:20 --> Session: Class initialized using 'CodeIgniter\Session\Handlers\FileHandler' driver.
DEBUG - 2025-10-29 21:09:20 --> Buscando usuario ID: 1
DEBUG - 2025-10-29 21:09:20 --> Resultado de la búsqueda: Array
(
    [id_usuario] => 1
    [nombre] => brunito
    [apellido] => barber
    [email] => brunocameille@alumnos.itr3.edu.ar
    [contrasena] => $2y$10$DfVf5j75GUow.8KQIROrQ.HgppT0Rq0gHjnl3td.ZZBDLZAYggz.u
    [direccion_id] => 0
    [id_rol] => 1
    [created_at] => 2025-04-07 13:37:30
    [updated_at] => 2025-10-13 19:57:07
    [invitado_por] => 
    [estado] => activo
    [token_activacion] => 
)

INFO - 2025-10-29 21:09:21 --> Session: Class initialized using 'CodeIgniter\Session\Handlers\FileHandler' driver.
INFO - 2025-10-29 21:09:24 --> Alerta de consumo enviada correctamente a brunocameille@alumnos.itr3.edu.ar
INFO - 2025-10-29 21:09:26 --> Session: Class initialized using 'CodeIgniter\Session\Handlers\FileHandler' driver.
INFO - 2025-10-29 21:09:31 --> Session: Class initialized using 'CodeIgniter\Session\Handlers\FileHandler' driver.
INFO - 2025-10-29 21:09:32 --> Session: Class initialized using 'CodeIgniter\Session\Handlers\FileHandler' driver.
INFO - 2025-10-29 21:09:32 --> Límite obtenido (general): 4.1000 kWh, IP: 192.168.0.232
INFO - 2025-10-29 21:09:33 --> Session: Class initialized using 'CodeIgniter\Session\Handlers\FileHandler' driver.
INFO - 2025-10-29 21:09:36 --> Session: Class initialized using 'CodeIgniter\Session\Handlers\FileHandler' driver.
INFO - 2025-10-29 21:09:40 --> Session: Class initialized using 'CodeIgniter\Session\Handlers\FileHandler' driver.
INFO - 2025-10-29 21:09:40 --> Límite obtenido (general): 4.1000 kWh, IP: 192.168.0.232
INFO - 2025-10-29 21:09:41 --> Session: Class initialized using 'CodeIgniter\Session\Handlers\FileHandler' driver.
INFO - 2025-10-29 21:09:42 --> Session: Class initialized using 'CodeIgniter\Session\Handlers\FileHandler' driver.
INFO - 2025-10-29 21:09:46 --> Session: Class initialized using 'CodeIgniter\Session\Handlers\FileHandler' driver.
INFO - 2025-10-29 21:09:47 --> Session: Class initialized using 'CodeIgniter\Session\Handlers\FileHandler' driver.
INFO - 2025-10-29 21:09:47 --> Límite obtenido (general): 4.1000 kWh, IP: 192.168.0.232
INFO - 2025-10-29 21:09:49 --> Session: Class initialized using 'CodeIgniter\Session\Handlers\FileHandler' driver.
INFO - 2025-10-29 21:09:51 --> Session: Class initialized using 'CodeIgniter\Session\Handlers\FileHandler' driver.
INFO - 2025-10-29 21:09:54 --> Session: Class initialized using 'CodeIgniter\Session\Handlers\FileHandler' driver.
INFO - 2025-10-29 21:09:54 --> Límite obtenido (general): 4.1000 kWh, IP: 192.168.0.232
INFO - 2025-10-29 21:09:55 --> Session: Class initialized using 'CodeIgniter\Session\Handlers\FileHandler' driver.
INFO - 2025-10-29 21:09:56 --> Session: Class initialized using 'CodeIgniter\Session\Handlers\FileHandler' driver.
INFO - 2025-10-29 21:10:01 --> Session: Class initialized using 'CodeIgniter\Session\Handlers\FileHandler' driver.
INFO - 2025-10-29 21:10:01 --> Session: Class initialized using 'CodeIgniter\Session\Handlers\FileHandler' driver.
INFO - 2025-10-29 21:10:01 --> Límite obtenido (general): 4.1000 kWh, IP: 192.168.0.232
INFO - 2025-10-29 21:10:02 --> Session: Class initialized using 'CodeIgniter\Session\Handlers\FileHandler' driver.
INFO - 2025-10-29 21:10:06 --> Session: Class initialized using 'CodeIgniter\Session\Handlers\FileHandler' driver.
INFO - 2025-10-29 21:10:08 --> Session: Class initialized using 'CodeIgniter\Session\Handlers\FileHandler' driver.
INFO - 2025-10-29 21:10:08 --> Límite obtenido (general): 4.1000 kWh, IP: 192.168.0.232
INFO - 2025-10-29 21:10:09 --> Session: Class initialized using 'CodeIgniter\Session\Handlers\FileHandler' driver.
INFO - 2025-10-29 21:10:11 --> Session: Class initialized using 'CodeIgniter\Session\Handlers\FileHandler' driver.
INFO - 2025-10-29 21:10:15 --> Session: Class initialized using 'CodeIgniter\Session\Handlers\FileHandler' driver.
INFO - 2025-10-29 21:10:15 --> Límite obtenido (general): 4.1000 kWh, IP: 192.168.0.232
INFO - 2025-10-29 21:10:16 --> Session: Class initialized using 'CodeIgniter\Session\Handlers\FileHandler' driver.
INFO - 2025-10-29 21:10:16 --> Session: Class initialized using 'CodeIgniter\Session\Handlers\FileHandler' driver.
INFO - 2025-10-29 21:10:21 --> Session: Class initialized using 'CodeIgniter\Session\Handlers\FileHandler' driver.
INFO - 2025-10-29 21:10:22 --> Session: Class initialized using 'CodeIgniter\Session\Handlers\FileHandler' driver.
INFO - 2025-10-29 21:10:22 --> Límite obtenido (general): 4.1000 kWh, IP: 192.168.0.232
INFO - 2025-10-29 21:10:23 --> Session: Class initialized using 'CodeIgniter\Session\Handlers\FileHandler' driver.
INFO - 2025-10-29 21:10:26 --> Session: Class initialized using 'CodeIgniter\Session\Handlers\FileHandler' driver.
INFO - 2025-10-29 21:10:28 --> Session: Class initialized using 'CodeIgniter\Session\Handlers\FileHandler' driver.
INFO - 2025-10-29 21:10:28 --> Límite obtenido (general): 4.1000 kWh, IP: 192.168.0.232
INFO - 2025-10-29 21:10:29 --> Session: Class initialized using 'CodeIgniter\Session\Handlers\FileHandler' driver.
INFO - 2025-10-29 21:10:31 --> Session: Class initialized using 'CodeIgniter\Session\Handlers\FileHandler' driver.
INFO - 2025-10-29 21:10:35 --> Session: Class initialized using 'CodeIgniter\Session\Handlers\FileHandler' driver.
INFO - 2025-10-29 21:10:35 --> Límite obtenido (general): 4.1000 kWh, IP: 192.168.0.232
INFO - 2025-10-29 21:10:36 --> Session: Class initialized using 'CodeIgniter\Session\Handlers\FileHandler' driver.
INFO - 2025-10-29 21:10:36 --> Session: Class initialized using 'CodeIgniter\Session\Handlers\FileHandler' driver.
INFO - 2025-10-29 21:10:41 --> Session: Class initialized using 'CodeIgniter\Session\Handlers\FileHandler' driver.
INFO - 2025-10-29 21:10:42 --> Session: Class initialized using 'CodeIgniter\Session\Handlers\FileHandler' driver.
INFO - 2025-10-29 21:10:42 --> Límite obtenido (general): 4.1000 kWh, IP: 192.168.0.232
INFO - 2025-10-29 21:10:44 --> Session: Class initialized using 'CodeIgniter\Session\Handlers\FileHandler' driver.
INFO - 2025-10-29 21:10:46 --> Session: Class initialized using 'CodeIgniter\Session\Handlers\FileHandler' driver.
INFO - 2025-10-29 21:10:51 --> Session: Class initialized using 'CodeIgniter\Session\Handlers\FileHandler' driver.
INFO - 2025-10-29 21:10:56 --> Session: Class initialized using 'CodeIgniter\Session\Handlers\FileHandler' driver.
INFO - 2025-10-29 21:10:57 --> Session: Class initialized using 'CodeIgniter\Session\Handlers\FileHandler' driver.
INFO - 2025-10-29 21:10:57 --> Límite obtenido (general): 4.1000 kWh, IP: 192.168.0.232
INFO - 2025-10-29 21:10:58 --> Session: Class initialized using 'CodeIgniter\Session\Handlers\FileHandler' driver.
INFO - 2025-10-29 21:11:01 --> Session: Class initialized using 'CodeIgniter\Session\Handlers\FileHandler' driver.
INFO - 2025-10-29 21:11:04 --> Session: Class initialized using 'CodeIgniter\Session\Handlers\FileHandler' driver.
INFO - 2025-10-29 21:11:04 --> Límite obtenido (general): 4.1000 kWh, IP: 192.168.0.232
INFO - 2025-10-29 21:11:05 --> Session: Class initialized using 'CodeIgniter\Session\Handlers\FileHandler' driver.
INFO - 2025-10-29 21:11:06 --> Session: Class initialized using 'CodeIgniter\Session\Handlers\FileHandler' driver.
INFO - 2025-10-29 21:11:11 --> Session: Class initialized using 'CodeIgniter\Session\Handlers\FileHandler' driver.
INFO - 2025-10-29 21:11:11 --> Límite obtenido (general): 4.1000 kWh, IP: 192.168.0.232
INFO - 2025-10-29 21:11:11 --> Session: Class initialized using 'CodeIgniter\Session\Handlers\FileHandler' driver.
INFO - 2025-10-29 21:11:12 --> Session: Class initialized using 'CodeIgniter\Session\Handlers\FileHandler' driver.
INFO - 2025-10-29 21:11:16 --> Session: Class initialized using 'CodeIgniter\Session\Handlers\FileHandler' driver.
INFO - 2025-10-29 21:11:18 --> Session: Class initialized using 'CodeIgniter\Session\Handlers\FileHandler' driver.
INFO - 2025-10-29 21:11:18 --> Límite obtenido (general): 4.1000 kWh, IP: 192.168.0.232
INFO - 2025-10-29 21:11:19 --> Session: Class initialized using 'CodeIgniter\Session\Handlers\FileHandler' driver.
INFO - 2025-10-29 21:11:21 --> Session: Class initialized using 'CodeIgniter\Session\Handlers\FileHandler' driver.
INFO - 2025-10-29 21:11:24 --> Session: Class initialized using 'CodeIgniter\Session\Handlers\FileHandler' driver.
INFO - 2025-10-29 21:11:25 --> Límite obtenido (general): 4.1000 kWh, IP: 192.168.0.232
INFO - 2025-10-29 21:11:26 --> Session: Class initialized using 'CodeIgniter\Session\Handlers\FileHandler' driver.
INFO - 2025-10-29 21:11:26 --> Session: Class initialized using 'CodeIgniter\Session\Handlers\FileHandler' driver.
INFO - 2025-10-29 21:11:31 --> Session: Class initialized using 'CodeIgniter\Session\Handlers\FileHandler' driver.
INFO - 2025-10-29 21:11:32 --> Session: Class initialized using 'CodeIgniter\Session\Handlers\FileHandler' driver.
INFO - 2025-10-29 21:11:32 --> Límite obtenido (general): 4.1000 kWh, IP: 192.168.0.232
INFO - 2025-10-29 21:11:33 --> Session: Class initialized using 'CodeIgniter\Session\Handlers\FileHandler' driver.
INFO - 2025-10-29 21:11:36 --> Session: Class initialized using 'CodeIgniter\Session\Handlers\FileHandler' driver.
INFO - 2025-10-29 21:11:39 --> Session: Class initialized using 'CodeIgniter\Session\Handlers\FileHandler' driver.
INFO - 2025-10-29 21:11:39 --> Límite obtenido (general): 4.1000 kWh, IP: 192.168.0.232
INFO - 2025-10-29 21:11:40 --> Session: Class initialized using 'CodeIgniter\Session\Handlers\FileHandler' driver.
INFO - 2025-10-29 21:11:41 --> Session: Class initialized using 'CodeIgniter\Session\Handlers\FileHandler' driver.
INFO - 2025-10-29 21:11:46 --> Session: Class initialized using 'CodeIgniter\Session\Handlers\FileHandler' driver.
INFO - 2025-10-29 21:11:46 --> Límite obtenido (general): 4.1000 kWh, IP: 192.168.0.232
INFO - 2025-10-29 21:11:46 --> Session: Class initialized using 'CodeIgniter\Session\Handlers\FileHandler' driver.
INFO - 2025-10-29 21:11:47 --> Session: Class initialized using 'CodeIgniter\Session\Handlers\FileHandler' driver.
INFO - 2025-10-29 21:11:51 --> Session: Class initialized using 'CodeIgniter\Session\Handlers\FileHandler' driver.
INFO - 2025-10-29 21:11:53 --> Session: Class initialized using 'CodeIgniter\Session\Handlers\FileHandler' driver.
INFO - 2025-10-29 21:11:53 --> Límite obtenido (general): 4.1000 kWh, IP: 192.168.0.232
INFO - 2025-10-29 21:11:54 --> Session: Class initialized using 'CodeIgniter\Session\Handlers\FileHandler' driver.
INFO - 2025-10-29 21:11:56 --> Session: Class initialized using 'CodeIgniter\Session\Handlers\FileHandler' driver.
INFO - 2025-10-29 21:12:00 --> Session: Class initialized using 'CodeIgniter\Session\Handlers\FileHandler' driver.
INFO - 2025-10-29 21:12:00 --> Límite obtenido (general): 4.1000 kWh, IP: 192.168.0.232
INFO - 2025-10-29 21:12:01 --> Session: Class initialized using 'CodeIgniter\Session\Handlers\FileHandler' driver.
INFO - 2025-10-29 21:12:01 --> Session: Class initialized using 'CodeIgniter\Session\Handlers\FileHandler' driver.
INFO - 2025-10-29 21:12:06 --> Session: Class initialized using 'CodeIgniter\Session\Handlers\FileHandler' driver.
INFO - 2025-10-29 21:12:07 --> Session: Class initialized using 'CodeIgniter\Session\Handlers\FileHandler' driver.
INFO - 2025-10-29 21:12:07 --> Límite obtenido (general): 4.1000 kWh, IP: 192.168.0.232
INFO - 2025-10-29 21:12:08 --> Session: Class initialized using 'CodeIgniter\Session\Handlers\FileHandler' driver.
INFO - 2025-10-29 21:12:11 --> Session: Class initialized using 'CodeIgniter\Session\Handlers\FileHandler' driver.
INFO - 2025-10-29 21:12:14 --> Session: Class initialized using 'CodeIgniter\Session\Handlers\FileHandler' driver.
INFO - 2025-10-29 21:12:14 --> Límite obtenido (general): 4.1000 kWh, IP: 192.168.0.232
INFO - 2025-10-29 21:12:15 --> Session: Class initialized using 'CodeIgniter\Session\Handlers\FileHandler' driver.
INFO - 2025-10-29 21:12:16 --> Session: Class initialized using 'CodeIgniter\Session\Handlers\FileHandler' driver.
INFO - 2025-10-29 21:12:21 --> Session: Class initialized using 'CodeIgniter\Session\Handlers\FileHandler' driver.
INFO - 2025-10-29 21:12:21 --> Límite obtenido (general): 4.1000 kWh, IP: 192.168.0.232
INFO - 2025-10-29 21:12:21 --> Session: Class initialized using 'CodeIgniter\Session\Handlers\FileHandler' driver.
INFO - 2025-10-29 21:12:22 --> Session: Class initialized using 'CodeIgniter\Session\Handlers\FileHandler' driver.
INFO - 2025-10-29 21:12:26 --> Session: Class initialized using 'CodeIgniter\Session\Handlers\FileHandler' driver.
INFO - 2025-10-29 21:12:27 --> Session: Class initialized using 'CodeIgniter\Session\Handlers\FileHandler' driver.
INFO - 2025-10-29 21:12:27 --> Límite obtenido (general): 4.1000 kWh, IP: 192.168.0.232
INFO - 2025-10-29 21:12:29 --> Session: Class initialized using 'CodeIgniter\Session\Handlers\FileHandler' driver.
INFO - 2025-10-29 21:12:31 --> Session: Class initialized using 'CodeIgniter\Session\Handlers\FileHandler' driver.
INFO - 2025-10-29 21:12:35 --> Session: Class initialized using 'CodeIgniter\Session\Handlers\FileHandler' driver.
INFO - 2025-10-29 21:12:35 --> Límite obtenido (general): 4.1000 kWh, IP: 192.168.0.232
INFO - 2025-10-29 21:12:36 --> Session: Class initialized using 'CodeIgniter\Session\Handlers\FileHandler' driver.
DEBUG - 2025-10-29 21:12:37 --> Ruta actual: /Tesina/public/energia/actualizarLimite
INFO - 2025-10-29 21:12:37 --> Session: Class initialized using 'CodeIgniter\Session\Handlers\FileHandler' driver.
DEBUG - 2025-10-29 21:12:37 --> Datos en sesión: Array
(
    [__ci_last_regenerate] => 1761783056
    [_ci_previous_url] => http://192.168.0.138/Tesina/public/energia/dispositivo/2
    [id_usuario] => 1
    [nombre] => brunito
    [apellido] => barber
    [email] => brunocameille@alumnos.itr3.edu.ar
    [rol] => admin
    [logged_in] => 1
)

INFO - 2025-10-29 21:12:38 --> Session: Class initialized using 'CodeIgniter\Session\Handlers\FileHandler' driver.
INFO - 2025-10-29 21:12:38 --> [PREALERTA] Evaluando prealerta. consumo=7.716393 umbral90=7.11 limite=7.9000 dispositivo=2
INFO - 2025-10-29 21:12:38 --> [PREALERTA] Última prealerta datetime=2025-10-28 17:14:58 ts=1761682498 vs hace24=1761696758
INFO - 2025-10-29 21:12:38 --> [PREALERTA] Enviando prealerta y registrando en BD...
DEBUG - 2025-10-29 21:12:38 --> Buscando usuario ID: 1
DEBUG - 2025-10-29 21:12:38 --> Resultado de la búsqueda: Array
(
    [id_usuario] => 1
    [nombre] => brunito
    [apellido] => barber
    [email] => brunocameille@alumnos.itr3.edu.ar
    [contrasena] => $2y$10$DfVf5j75GUow.8KQIROrQ.HgppT0Rq0gHjnl3td.ZZBDLZAYggz.u
    [direccion_id] => 0
    [id_rol] => 1
    [created_at] => 2025-04-07 13:37:30
    [updated_at] => 2025-10-13 19:57:07
    [invitado_por] => 
    [estado] => activo
    [token_activacion] => 
)

INFO - 2025-10-29 21:12:43 --> Session: Class initialized using 'CodeIgniter\Session\Handlers\FileHandler' driver.
INFO - 2025-10-29 21:12:46 --> Session: Class initialized using 'CodeIgniter\Session\Handlers\FileHandler' driver.
INFO - 2025-10-29 21:12:51 --> Session: Class initialized using 'CodeIgniter\Session\Handlers\FileHandler' driver.
INFO - 2025-10-29 21:12:51 --> Límite obtenido (general): 7.9000 kWh, IP: 192.168.0.232
INFO - 2025-10-29 21:12:51 --> Session: Class initialized using 'CodeIgniter\Session\Handlers\FileHandler' driver.
INFO - 2025-10-29 21:12:52 --> Session: Class initialized using 'CodeIgniter\Session\Handlers\FileHandler' driver.
INFO - 2025-10-29 21:12:52 --> [PREALERTA] Evaluando prealerta. consumo=7.720224 umbral90=7.11 limite=7.9000 dispositivo=2
INFO - 2025-10-29 21:12:52 --> [PREALERTA] Última prealerta datetime=2025-10-29 21:12:38 ts=1761783158 vs hace24=1761696772
INFO - 2025-10-29 21:12:52 --> [PREALERTA] Omitida por anti-spam (enviada hace menos de 24h).
INFO - 2025-10-29 21:12:56 --> Session: Class initialized using 'CodeIgniter\Session\Handlers\FileHandler' driver.
INFO - 2025-10-29 21:12:58 --> Session: Class initialized using 'CodeIgniter\Session\Handlers\FileHandler' driver.
INFO - 2025-10-29 21:12:58 --> Límite obtenido (general): 7.9000 kWh, IP: 192.168.0.232
INFO - 2025-10-29 21:12:59 --> Session: Class initialized using 'CodeIgniter\Session\Handlers\FileHandler' driver.
INFO - 2025-10-29 21:12:59 --> [PREALERTA] Evaluando prealerta. consumo=7.721872 umbral90=7.11 limite=7.9000 dispositivo=2
INFO - 2025-10-29 21:12:59 --> [PREALERTA] Última prealerta datetime=2025-10-29 21:12:38 ts=1761783158 vs hace24=1761696779
INFO - 2025-10-29 21:12:59 --> [PREALERTA] Omitida por anti-spam (enviada hace menos de 24h).
INFO - 2025-10-29 21:13:01 --> Session: Class initialized using 'CodeIgniter\Session\Handlers\FileHandler' driver.
INFO - 2025-10-29 21:13:05 --> Session: Class initialized using 'CodeIgniter\Session\Handlers\FileHandler' driver.
INFO - 2025-10-29 21:13:05 --> Límite obtenido (general): 7.9000 kWh, IP: 192.168.0.232
INFO - 2025-10-29 21:13:06 --> Session: Class initialized using 'CodeIgniter\Session\Handlers\FileHandler' driver.
INFO - 2025-10-29 21:13:06 --> [PREALERTA] Evaluando prealerta. consumo=7.723588 umbral90=7.11 limite=7.9000 dispositivo=2
INFO - 2025-10-29 21:13:06 --> [PREALERTA] Última prealerta datetime=2025-10-29 21:12:38 ts=1761783158 vs hace24=1761696786
INFO - 2025-10-29 21:13:06 --> [PREALERTA] Omitida por anti-spam (enviada hace menos de 24h).
INFO - 2025-10-29 21:13:06 --> Session: Class initialized using 'CodeIgniter\Session\Handlers\FileHandler' driver.
INFO - 2025-10-29 21:13:11 --> Session: Class initialized using 'CodeIgniter\Session\Handlers\FileHandler' driver.
INFO - 2025-10-29 21:13:12 --> Session: Class initialized using 'CodeIgniter\Session\Handlers\FileHandler' driver.
INFO - 2025-10-29 21:13:12 --> Límite obtenido (general): 7.9000 kWh, IP: 192.168.0.232
INFO - 2025-10-29 21:13:14 --> Session: Class initialized using 'CodeIgniter\Session\Handlers\FileHandler' driver.
INFO - 2025-10-29 21:13:14 --> [PREALERTA] Evaluando prealerta. consumo=7.725294 umbral90=7.11 limite=7.9000 dispositivo=2
INFO - 2025-10-29 21:13:14 --> [PREALERTA] Última prealerta datetime=2025-10-29 21:12:38 ts=1761783158 vs hace24=1761696794
INFO - 2025-10-29 21:13:14 --> [PREALERTA] Omitida por anti-spam (enviada hace menos de 24h).
INFO - 2025-10-29 21:13:16 --> Session: Class initialized using 'CodeIgniter\Session\Handlers\FileHandler' driver.
INFO - 2025-10-29 21:13:19 --> Session: Class initialized using 'CodeIgniter\Session\Handlers\FileHandler' driver.
INFO - 2025-10-29 21:13:19 --> Límite obtenido (general): 7.9000 kWh, IP: 192.168.0.232
INFO - 2025-10-29 21:13:21 --> Session: Class initialized using 'CodeIgniter\Session\Handlers\FileHandler' driver.
INFO - 2025-10-29 21:13:21 --> Session: Class initialized using 'CodeIgniter\Session\Handlers\FileHandler' driver.
INFO - 2025-10-29 21:13:21 --> [PREALERTA] Evaluando prealerta. consumo=7.727014 umbral90=7.11 limite=7.9000 dispositivo=2
INFO - 2025-10-29 21:13:21 --> [PREALERTA] Última prealerta datetime=2025-10-29 21:12:38 ts=1761783158 vs hace24=1761696801
INFO - 2025-10-29 21:13:21 --> [PREALERTA] Omitida por anti-spam (enviada hace menos de 24h).
INFO - 2025-10-29 21:13:26 --> Session: Class initialized using 'CodeIgniter\Session\Handlers\FileHandler' driver.
INFO - 2025-10-29 21:13:27 --> Session: Class initialized using 'CodeIgniter\Session\Handlers\FileHandler' driver.
INFO - 2025-10-29 21:13:27 --> Límite obtenido (general): 7.9000 kWh, IP: 192.168.0.232
INFO - 2025-10-29 21:13:28 --> Session: Class initialized using 'CodeIgniter\Session\Handlers\FileHandler' driver.
INFO - 2025-10-29 21:13:28 --> [PREALERTA] Evaluando prealerta. consumo=7.728698 umbral90=7.11 limite=7.9000 dispositivo=2
INFO - 2025-10-29 21:13:28 --> [PREALERTA] Última prealerta datetime=2025-10-29 21:12:38 ts=1761783158 vs hace24=1761696808
INFO - 2025-10-29 21:13:28 --> [PREALERTA] Omitida por anti-spam (enviada hace menos de 24h).
INFO - 2025-10-29 21:13:31 --> Session: Class initialized using 'CodeIgniter\Session\Handlers\FileHandler' driver.
INFO - 2025-10-29 21:13:34 --> Session: Class initialized using 'CodeIgniter\Session\Handlers\FileHandler' driver.
INFO - 2025-10-29 21:13:34 --> Límite obtenido (general): 7.9000 kWh, IP: 192.168.0.232
INFO - 2025-10-29 21:13:35 --> Session: Class initialized using 'CodeIgniter\Session\Handlers\FileHandler' driver.
INFO - 2025-10-29 21:13:35 --> [PREALERTA] Evaluando prealerta. consumo=7.730426 umbral90=7.11 limite=7.9000 dispositivo=2
INFO - 2025-10-29 21:13:35 --> [PREALERTA] Última prealerta datetime=2025-10-29 21:12:38 ts=1761783158 vs hace24=1761696815
INFO - 2025-10-29 21:13:35 --> [PREALERTA] Omitida por anti-spam (enviada hace menos de 24h).
INFO - 2025-10-29 21:13:36 --> Session: Class initialized using 'CodeIgniter\Session\Handlers\FileHandler' driver.
INFO - 2025-10-29 21:13:41 --> Session: Class initialized using 'CodeIgniter\Session\Handlers\FileHandler' driver.
INFO - 2025-10-29 21:13:41 --> Límite obtenido (general): 7.9000 kWh, IP: 192.168.0.232
INFO - 2025-10-29 21:13:41 --> Session: Class initialized using 'CodeIgniter\Session\Handlers\FileHandler' driver.
INFO - 2025-10-29 21:13:42 --> Session: Class initialized using 'CodeIgniter\Session\Handlers\FileHandler' driver.
INFO - 2025-10-29 21:13:42 --> [PREALERTA] Evaluando prealerta. consumo=7.732098 umbral90=7.11 limite=7.9000 dispositivo=2
INFO - 2025-10-29 21:13:42 --> [PREALERTA] Última prealerta datetime=2025-10-29 21:12:38 ts=1761783158 vs hace24=1761696822
INFO - 2025-10-29 21:13:42 --> [PREALERTA] Omitida por anti-spam (enviada hace menos de 24h).
INFO - 2025-10-29 21:13:46 --> Session: Class initialized using 'CodeIgniter\Session\Handlers\FileHandler' driver.
INFO - 2025-10-29 21:13:48 --> Session: Class initialized using 'CodeIgniter\Session\Handlers\FileHandler' driver.
INFO - 2025-10-29 21:13:48 --> Límite obtenido (general): 7.9000 kWh, IP: 192.168.0.232
INFO - 2025-10-29 21:13:49 --> Session: Class initialized using 'CodeIgniter\Session\Handlers\FileHandler' driver.
INFO - 2025-10-29 21:13:49 --> [PREALERTA] Evaluando prealerta. consumo=7.733828 umbral90=7.11 limite=7.9000 dispositivo=2
INFO - 2025-10-29 21:13:49 --> [PREALERTA] Última prealerta datetime=2025-10-29 21:12:38 ts=1761783158 vs hace24=1761696829
INFO - 2025-10-29 21:13:49 --> [PREALERTA] Omitida por anti-spam (enviada hace menos de 24h).
INFO - 2025-10-29 21:13:51 --> Session: Class initialized using 'CodeIgniter\Session\Handlers\FileHandler' driver.
INFO - 2025-10-29 21:13:55 --> Session: Class initialized using 'CodeIgniter\Session\Handlers\FileHandler' driver.
INFO - 2025-10-29 21:13:55 --> Límite obtenido (general): 7.9000 kWh, IP: 192.168.0.232
INFO - 2025-10-29 21:13:56 --> Session: Class initialized using 'CodeIgniter\Session\Handlers\FileHandler' driver.
INFO - 2025-10-29 21:13:56 --> [PREALERTA] Evaluando prealerta. consumo=7.735544 umbral90=7.11 limite=7.9000 dispositivo=2
INFO - 2025-10-29 21:13:56 --> [PREALERTA] Última prealerta datetime=2025-10-29 21:12:38 ts=1761783158 vs hace24=1761696836
INFO - 2025-10-29 21:13:56 --> [PREALERTA] Omitida por anti-spam (enviada hace menos de 24h).
INFO - 2025-10-29 21:13:56 --> Session: Class initialized using 'CodeIgniter\Session\Handlers\FileHandler' driver.
INFO - 2025-10-29 21:14:01 --> Session: Class initialized using 'CodeIgniter\Session\Handlers\FileHandler' driver.
INFO - 2025-10-29 21:14:01 --> Session: Class initialized using 'CodeIgniter\Session\Handlers\FileHandler' driver.
INFO - 2025-10-29 21:14:01 --> Límite obtenido (general): 7.9000 kWh, IP: 192.168.0.232
INFO - 2025-10-29 21:14:02 --> Session: Class initialized using 'CodeIgniter\Session\Handlers\FileHandler' driver.
INFO - 2025-10-29 21:14:02 --> [PREALERTA] Evaluando prealerta. consumo=7.737244 umbral90=7.11 limite=7.9000 dispositivo=2
INFO - 2025-10-29 21:14:02 --> [PREALERTA] Última prealerta datetime=2025-10-29 21:12:38 ts=1761783158 vs hace24=1761696842
INFO - 2025-10-29 21:14:02 --> [PREALERTA] Omitida por anti-spam (enviada hace menos de 24h).
INFO - 2025-10-29 21:14:06 --> Session: Class initialized using 'CodeIgniter\Session\Handlers\FileHandler' driver.
INFO - 2025-10-29 21:14:08 --> Session: Class initialized using 'CodeIgniter\Session\Handlers\FileHandler' driver.
INFO - 2025-10-29 21:14:08 --> Límite obtenido (general): 7.9000 kWh, IP: 192.168.0.232
INFO - 2025-10-29 21:14:09 --> Session: Class initialized using 'CodeIgniter\Session\Handlers\FileHandler' driver.
INFO - 2025-10-29 21:14:09 --> [PREALERTA] Evaluando prealerta. consumo=7.738928 umbral90=7.11 limite=7.9000 dispositivo=2
INFO - 2025-10-29 21:14:09 --> [PREALERTA] Última prealerta datetime=2025-10-29 21:12:38 ts=1761783158 vs hace24=1761696849
INFO - 2025-10-29 21:14:09 --> [PREALERTA] Omitida por anti-spam (enviada hace menos de 24h).
INFO - 2025-10-29 21:14:10 --> Session: Class initialized using 'CodeIgniter\Session\Handlers\FileHandler' driver.
INFO - 2025-10-29 21:14:11 --> Session: Class initialized using 'CodeIgniter\Session\Handlers\FileHandler' driver.
INFO - 2025-10-29 21:14:11 --> Session: Class initialized using 'CodeIgniter\Session\Handlers\FileHandler' driver.
INFO - 2025-10-29 21:14:11 --> Session: Class initialized using 'CodeIgniter\Session\Handlers\FileHandler' driver.
INFO - 2025-10-29 21:14:15 --> Session: Class initialized using 'CodeIgniter\Session\Handlers\FileHandler' driver.
INFO - 2025-10-29 21:14:15 --> Session: Class initialized using 'CodeIgniter\Session\Handlers\FileHandler' driver.
INFO - 2025-10-29 21:14:15 --> Límite obtenido (general): 7.9000 kWh, IP: 192.168.0.232
INFO - 2025-10-29 21:14:16 --> Session: Class initialized using 'CodeIgniter\Session\Handlers\FileHandler' driver.
INFO - 2025-10-29 21:14:16 --> [PREALERTA] Evaluando prealerta. consumo=7.740639 umbral90=7.11 limite=7.9000 dispositivo=2
INFO - 2025-10-29 21:14:16 --> [PREALERTA] Última prealerta datetime=2025-10-29 21:12:38 ts=1761783158 vs hace24=1761696856
INFO - 2025-10-29 21:14:16 --> [PREALERTA] Omitida por anti-spam (enviada hace menos de 24h).
INFO - 2025-10-29 21:14:19 --> Session: Class initialized using 'CodeIgniter\Session\Handlers\FileHandler' driver.
INFO - 2025-10-29 21:14:21 --> Session: Class initialized using 'CodeIgniter\Session\Handlers\FileHandler' driver.
INFO - 2025-10-29 21:14:21 --> Session: Class initialized using 'CodeIgniter\Session\Handlers\FileHandler' driver.
INFO - 2025-10-29 21:14:21 --> Session: Class initialized using 'CodeIgniter\Session\Handlers\FileHandler' driver.
INFO - 2025-10-29 21:14:22 --> Session: Class initialized using 'CodeIgniter\Session\Handlers\FileHandler' driver.
INFO - 2025-10-29 21:14:22 --> Límite obtenido (general): 7.9000 kWh, IP: 192.168.0.232
INFO - 2025-10-29 21:14:23 --> Session: Class initialized using 'CodeIgniter\Session\Handlers\FileHandler' driver.
INFO - 2025-10-29 21:14:23 --> [PREALERTA] Evaluando prealerta. consumo=7.74233 umbral90=7.11 limite=7.9000 dispositivo=2
INFO - 2025-10-29 21:14:23 --> [PREALERTA] Última prealerta datetime=2025-10-29 21:12:38 ts=1761783158 vs hace24=1761696863
INFO - 2025-10-29 21:14:23 --> [PREALERTA] Omitida por anti-spam (enviada hace menos de 24h).
DEBUG - 2025-10-29 21:14:24 --> Ruta actual: /Tesina/public/energia/dispositivo/2
INFO - 2025-10-29 21:14:24 --> Session: Class initialized using 'CodeIgniter\Session\Handlers\FileHandler' driver.
DEBUG - 2025-10-29 21:14:24 --> Datos en sesión: Array
(
    [__ci_last_regenerate] => 1761783264
)

INFO - 2025-10-29 21:14:24 --> Session: Class initialized using 'CodeIgniter\Session\Handlers\FileHandler' driver.
DEBUG - 2025-10-29 21:14:24 --> Ruta actual: /Tesina/public/admin
INFO - 2025-10-29 21:14:24 --> Session: Class initialized using 'CodeIgniter\Session\Handlers\FileHandler' driver.
DEBUG - 2025-10-29 21:14:24 --> Datos en sesión: Array
(
    [__ci_last_regenerate] => 1761783056
    [_ci_previous_url] => http://192.168.0.138/Tesina/public/energia/cortes
    [id_usuario] => 1
    [nombre] => brunito
    [apellido] => barber
    [email] => brunocameille@alumnos.itr3.edu.ar
    [rol] => admin
    [logged_in] => 1
)

DEBUG - 2025-10-29 21:14:26 --> Ruta actual: /Tesina/public/admin/dispositivos
INFO - 2025-10-29 21:14:26 --> Session: Class initialized using 'CodeIgniter\Session\Handlers\FileHandler' driver.
DEBUG - 2025-10-29 21:14:26 --> Datos en sesión: Array
(
    [__ci_last_regenerate] => 1761783056
    [_ci_previous_url] => http://192.168.0.138/Tesina/public/admin
    [id_usuario] => 1
    [nombre] => brunito
    [apellido] => barber
    [email] => brunocameille@alumnos.itr3.edu.ar
    [rol] => admin
    [logged_in] => 1
)

DEBUG - 2025-10-29 21:14:26 --> Buscando usuario ID: 1
DEBUG - 2025-10-29 21:14:26 --> Resultado de la búsqueda: Array
(
    [id_usuario] => 1
    [nombre] => brunito
    [apellido] => barber
    [email] => brunocameille@alumnos.itr3.edu.ar
    [contrasena] => $2y$10$DfVf5j75GUow.8KQIROrQ.HgppT0Rq0gHjnl3td.ZZBDLZAYggz.u
    [direccion_id] => 0
    [id_rol] => 1
    [created_at] => 2025-04-07 13:37:30
    [updated_at] => 2025-10-13 19:57:07
    [invitado_por] => 
    [estado] => activo
    [token_activacion] => 
)

DEBUG - 2025-10-29 21:14:28 --> Ruta actual: /Tesina/public/energia/dispositivo/2
INFO - 2025-10-29 21:14:28 --> Session: Class initialized using 'CodeIgniter\Session\Handlers\FileHandler' driver.
DEBUG - 2025-10-29 21:14:28 --> Datos en sesión: Array
(
    [__ci_last_regenerate] => 1761783056
    [_ci_previous_url] => http://192.168.0.138/Tesina/public/admin/dispositivos
    [id_usuario] => 1
    [nombre] => brunito
    [apellido] => barber
    [email] => brunocameille@alumnos.itr3.edu.ar
    [rol] => admin
    [logged_in] => 1
)

INFO - 2025-10-29 21:14:29 --> Session: Class initialized using 'CodeIgniter\Session\Handlers\FileHandler' driver.
INFO - 2025-10-29 21:14:29 --> Session: Class initialized using 'CodeIgniter\Session\Handlers\FileHandler' driver.
INFO - 2025-10-29 21:14:29 --> Session: Class initialized using 'CodeIgniter\Session\Handlers\FileHandler' driver.
INFO - 2025-10-29 21:14:29 --> Límite obtenido (general): 7.9000 kWh, IP: 192.168.0.232
INFO - 2025-10-29 21:14:30 --> Session: Class initialized using 'CodeIgniter\Session\Handlers\FileHandler' driver.
INFO - 2025-10-29 21:14:30 --> Session: Class initialized using 'CodeIgniter\Session\Handlers\FileHandler' driver.
INFO - 2025-10-29 21:14:30 --> [PREALERTA] Evaluando prealerta. consumo=7.744054 umbral90=7.11 limite=7.9000 dispositivo=2
INFO - 2025-10-29 21:14:30 --> [PREALERTA] Última prealerta datetime=2025-10-29 21:12:38 ts=1761783158 vs hace24=1761696870
INFO - 2025-10-29 21:14:30 --> [PREALERTA] Omitida por anti-spam (enviada hace menos de 24h).
INFO - 2025-10-29 21:14:34 --> Session: Class initialized using 'CodeIgniter\Session\Handlers\FileHandler' driver.
INFO - 2025-10-29 21:14:36 --> Session: Class initialized using 'CodeIgniter\Session\Handlers\FileHandler' driver.
INFO - 2025-10-29 21:14:36 --> Límite obtenido (general): 7.9000 kWh, IP: 192.168.0.232
INFO - 2025-10-29 21:14:37 --> Session: Class initialized using 'CodeIgniter\Session\Handlers\FileHandler' driver.
INFO - 2025-10-29 21:14:37 --> [PREALERTA] Evaluando prealerta. consumo=7.745737 umbral90=7.11 limite=7.9000 dispositivo=2
INFO - 2025-10-29 21:14:37 --> [PREALERTA] Última prealerta datetime=2025-10-29 21:12:38 ts=1761783158 vs hace24=1761696877
INFO - 2025-10-29 21:14:37 --> [PREALERTA] Omitida por anti-spam (enviada hace menos de 24h).
INFO - 2025-10-29 21:14:39 --> Session: Class initialized using 'CodeIgniter\Session\Handlers\FileHandler' driver.
INFO - 2025-10-29 21:14:43 --> Session: Class initialized using 'CodeIgniter\Session\Handlers\FileHandler' driver.
INFO - 2025-10-29 21:14:43 --> Límite obtenido (general): 7.9000 kWh, IP: 192.168.0.232
INFO - 2025-10-29 21:14:44 --> Session: Class initialized using 'CodeIgniter\Session\Handlers\FileHandler' driver.
INFO - 2025-10-29 21:14:44 --> Session: Class initialized using 'CodeIgniter\Session\Handlers\FileHandler' driver.
INFO - 2025-10-29 21:14:44 --> [PREALERTA] Evaluando prealerta. consumo=7.747447 umbral90=7.11 limite=7.9000 dispositivo=2
INFO - 2025-10-29 21:14:44 --> [PREALERTA] Última prealerta datetime=2025-10-29 21:12:38 ts=1761783158 vs hace24=1761696884
INFO - 2025-10-29 21:14:44 --> [PREALERTA] Omitida por anti-spam (enviada hace menos de 24h).
INFO - 2025-10-29 21:14:49 --> Session: Class initialized using 'CodeIgniter\Session\Handlers\FileHandler' driver.
INFO - 2025-10-29 21:14:50 --> Session: Class initialized using 'CodeIgniter\Session\Handlers\FileHandler' driver.
INFO - 2025-10-29 21:14:50 --> Límite obtenido (general): 7.9000 kWh, IP: 192.168.0.232
INFO - 2025-10-29 21:14:51 --> Session: Class initialized using 'CodeIgniter\Session\Handlers\FileHandler' driver.
INFO - 2025-10-29 21:14:51 --> [PREALERTA] Evaluando prealerta. consumo=7.749178 umbral90=7.11 limite=7.9000 dispositivo=2
INFO - 2025-10-29 21:14:51 --> [PREALERTA] Última prealerta datetime=2025-10-29 21:12:38 ts=1761783158 vs hace24=1761696891
INFO - 2025-10-29 21:14:51 --> [PREALERTA] Omitida por anti-spam (enviada hace menos de 24h).
INFO - 2025-10-29 21:14:54 --> Session: Class initialized using 'CodeIgniter\Session\Handlers\FileHandler' driver.
INFO - 2025-10-29 21:14:57 --> Session: Class initialized using 'CodeIgniter\Session\Handlers\FileHandler' driver.
INFO - 2025-10-29 21:14:57 --> Límite obtenido (general): 7.9000 kWh, IP: 192.168.0.232
INFO - 2025-10-29 21:14:58 --> Session: Class initialized using 'CodeIgniter\Session\Handlers\FileHandler' driver.
INFO - 2025-10-29 21:14:58 --> [PREALERTA] Evaluando prealerta. consumo=7.750884 umbral90=7.11 limite=7.9000 dispositivo=2
INFO - 2025-10-29 21:14:58 --> [PREALERTA] Última prealerta datetime=2025-10-29 21:12:38 ts=1761783158 vs hace24=1761696898
INFO - 2025-10-29 21:14:58 --> [PREALERTA] Omitida por anti-spam (enviada hace menos de 24h).
INFO - 2025-10-29 21:14:59 --> Session: Class initialized using 'CodeIgniter\Session\Handlers\FileHandler' driver.
INFO - 2025-10-29 21:15:03 --> Session: Class initialized using 'CodeIgniter\Session\Handlers\FileHandler' driver.
INFO - 2025-10-29 21:15:03 --> Límite obtenido (general): 7.9000 kWh, IP: 192.168.0.232
INFO - 2025-10-29 21:15:04 --> Session: Class initialized using 'CodeIgniter\Session\Handlers\FileHandler' driver.
INFO - 2025-10-29 21:15:05 --> Session: Class initialized using 'CodeIgniter\Session\Handlers\FileHandler' driver.
INFO - 2025-10-29 21:15:05 --> [PREALERTA] Evaluando prealerta. consumo=7.752582 umbral90=7.11 limite=7.9000 dispositivo=2
INFO - 2025-10-29 21:15:05 --> [PREALERTA] Última prealerta datetime=2025-10-29 21:12:38 ts=1761783158 vs hace24=1761696905
INFO - 2025-10-29 21:15:05 --> [PREALERTA] Omitida por anti-spam (enviada hace menos de 24h).
INFO - 2025-10-29 21:15:09 --> Session: Class initialized using 'CodeIgniter\Session\Handlers\FileHandler' driver.
INFO - 2025-10-29 21:15:14 --> Session: Class initialized using 'CodeIgniter\Session\Handlers\FileHandler' driver.
INFO - 2025-10-29 21:15:17 --> Session: Class initialized using 'CodeIgniter\Session\Handlers\FileHandler' driver.
INFO - 2025-10-29 21:15:17 --> Límite obtenido (general): 7.9000 kWh, IP: 192.168.0.232
INFO - 2025-10-29 21:15:19 --> Session: Class initialized using 'CodeIgniter\Session\Handlers\FileHandler' driver.
INFO - 2025-10-29 21:15:19 --> [PREALERTA] Evaluando prealerta. consumo=7.754326 umbral90=7.11 limite=7.9000 dispositivo=2
INFO - 2025-10-29 21:15:19 --> [PREALERTA] Última prealerta datetime=2025-10-29 21:12:38 ts=1761783158 vs hace24=1761696919
INFO - 2025-10-29 21:15:19 --> [PREALERTA] Omitida por anti-spam (enviada hace menos de 24h).
INFO - 2025-10-29 21:15:19 --> Session: Class initialized using 'CodeIgniter\Session\Handlers\FileHandler' driver.
INFO - 2025-10-29 21:15:24 --> Session: Class initialized using 'CodeIgniter\Session\Handlers\FileHandler' driver.
INFO - 2025-10-29 21:15:24 --> Session: Class initialized using 'CodeIgniter\Session\Handlers\FileHandler' driver.
INFO - 2025-10-29 21:15:24 --> Límite obtenido (general): 7.9000 kWh, IP: 192.168.0.232
INFO - 2025-10-29 21:15:26 --> Session: Class initialized using 'CodeIgniter\Session\Handlers\FileHandler' driver.
INFO - 2025-10-29 21:15:26 --> [PREALERTA] Evaluando prealerta. consumo=7.756026 umbral90=7.11 limite=7.9000 dispositivo=2
INFO - 2025-10-29 21:15:26 --> [PREALERTA] Última prealerta datetime=2025-10-29 21:12:38 ts=1761783158 vs hace24=1761696926
INFO - 2025-10-29 21:15:26 --> [PREALERTA] Omitida por anti-spam (enviada hace menos de 24h).
INFO - 2025-10-29 21:15:29 --> Session: Class initialized using 'CodeIgniter\Session\Handlers\FileHandler' driver.
INFO - 2025-10-29 21:15:31 --> Session: Class initialized using 'CodeIgniter\Session\Handlers\FileHandler' driver.
INFO - 2025-10-29 21:15:31 --> Límite obtenido (general): 7.9000 kWh, IP: 192.168.0.232
INFO - 2025-10-29 21:15:33 --> Session: Class initialized using 'CodeIgniter\Session\Handlers\FileHandler' driver.
INFO - 2025-10-29 21:15:33 --> [PREALERTA] Evaluando prealerta. consumo=7.757761 umbral90=7.11 limite=7.9000 dispositivo=2
INFO - 2025-10-29 21:15:33 --> [PREALERTA] Última prealerta datetime=2025-10-29 21:12:38 ts=1761783158 vs hace24=1761696933
INFO - 2025-10-29 21:15:33 --> [PREALERTA] Omitida por anti-spam (enviada hace menos de 24h).
INFO - 2025-10-29 21:15:34 --> Session: Class initialized using 'CodeIgniter\Session\Handlers\FileHandler' driver.
INFO - 2025-10-29 21:15:39 --> Session: Class initialized using 'CodeIgniter\Session\Handlers\FileHandler' driver.
INFO - 2025-10-29 21:15:39 --> Session: Class initialized using 'CodeIgniter\Session\Handlers\FileHandler' driver.
INFO - 2025-10-29 21:15:39 --> Límite obtenido (general): 7.9000 kWh, IP: 192.168.0.232
INFO - 2025-10-29 21:15:40 --> Session: Class initialized using 'CodeIgniter\Session\Handlers\FileHandler' driver.
INFO - 2025-10-29 21:15:40 --> [PREALERTA] Evaluando prealerta. consumo=7.759496 umbral90=7.11 limite=7.9000 dispositivo=2
INFO - 2025-10-29 21:15:40 --> [PREALERTA] Última prealerta datetime=2025-10-29 21:12:38 ts=1761783158 vs hace24=1761696940
INFO - 2025-10-29 21:15:40 --> [PREALERTA] Omitida por anti-spam (enviada hace menos de 24h).
INFO - 2025-10-29 21:15:44 --> Session: Class initialized using 'CodeIgniter\Session\Handlers\FileHandler' driver.
INFO - 2025-10-29 21:15:46 --> Session: Class initialized using 'CodeIgniter\Session\Handlers\FileHandler' driver.
INFO - 2025-10-29 21:15:46 --> Límite obtenido (general): 7.9000 kWh, IP: 192.168.0.232
INFO - 2025-10-29 21:15:47 --> Session: Class initialized using 'CodeIgniter\Session\Handlers\FileHandler' driver.
INFO - 2025-10-29 21:15:47 --> [PREALERTA] Evaluando prealerta. consumo=7.761262 umbral90=7.11 limite=7.9000 dispositivo=2
INFO - 2025-10-29 21:15:47 --> [PREALERTA] Última prealerta datetime=2025-10-29 21:12:38 ts=1761783158 vs hace24=1761696947
INFO - 2025-10-29 21:15:47 --> [PREALERTA] Omitida por anti-spam (enviada hace menos de 24h).
INFO - 2025-10-29 21:15:49 --> Session: Class initialized using 'CodeIgniter\Session\Handlers\FileHandler' driver.
INFO - 2025-10-29 21:15:53 --> Session: Class initialized using 'CodeIgniter\Session\Handlers\FileHandler' driver.
INFO - 2025-10-29 21:15:53 --> Límite obtenido (general): 7.9000 kWh, IP: 192.168.0.232
INFO - 2025-10-29 21:15:54 --> Session: Class initialized using 'CodeIgniter\Session\Handlers\FileHandler' driver.
INFO - 2025-10-29 21:15:54 --> Session: Class initialized using 'CodeIgniter\Session\Handlers\FileHandler' driver.
INFO - 2025-10-29 21:15:54 --> [PREALERTA] Evaluando prealerta. consumo=7.762998 umbral90=7.11 limite=7.9000 dispositivo=2
INFO - 2025-10-29 21:15:54 --> [PREALERTA] Última prealerta datetime=2025-10-29 21:12:38 ts=1761783158 vs hace24=1761696954
INFO - 2025-10-29 21:15:54 --> [PREALERTA] Omitida por anti-spam (enviada hace menos de 24h).
INFO - 2025-10-29 21:15:59 --> Session: Class initialized using 'CodeIgniter\Session\Handlers\FileHandler' driver.
INFO - 2025-10-29 21:16:00 --> Session: Class initialized using 'CodeIgniter\Session\Handlers\FileHandler' driver.
INFO - 2025-10-29 21:16:00 --> Límite obtenido (general): 7.9000 kWh, IP: 192.168.0.232
INFO - 2025-10-29 21:16:01 --> Session: Class initialized using 'CodeIgniter\Session\Handlers\FileHandler' driver.
INFO - 2025-10-29 21:16:01 --> [PREALERTA] Evaluando prealerta. consumo=7.764694 umbral90=7.11 limite=7.9000 dispositivo=2
INFO - 2025-10-29 21:16:01 --> [PREALERTA] Última prealerta datetime=2025-10-29 21:12:38 ts=1761783158 vs hace24=1761696961
INFO - 2025-10-29 21:16:01 --> [PREALERTA] Omitida por anti-spam (enviada hace menos de 24h).
INFO - 2025-10-29 21:16:04 --> Session: Class initialized using 'CodeIgniter\Session\Handlers\FileHandler' driver.
INFO - 2025-10-29 21:16:06 --> Session: Class initialized using 'CodeIgniter\Session\Handlers\FileHandler' driver.
INFO - 2025-10-29 21:16:06 --> Límite obtenido (general): 7.9000 kWh, IP: 192.168.0.232
INFO - 2025-10-29 21:16:07 --> Session: Class initialized using 'CodeIgniter\Session\Handlers\FileHandler' driver.
INFO - 2025-10-29 21:16:07 --> [PREALERTA] Evaluando prealerta. consumo=7.76646 umbral90=7.11 limite=7.9000 dispositivo=2
INFO - 2025-10-29 21:16:07 --> [PREALERTA] Última prealerta datetime=2025-10-29 21:12:38 ts=1761783158 vs hace24=1761696967
INFO - 2025-10-29 21:16:07 --> [PREALERTA] Omitida por anti-spam (enviada hace menos de 24h).
INFO - 2025-10-29 21:16:09 --> Session: Class initialized using 'CodeIgniter\Session\Handlers\FileHandler' driver.
INFO - 2025-10-29 21:16:13 --> Session: Class initialized using 'CodeIgniter\Session\Handlers\FileHandler' driver.
INFO - 2025-10-29 21:16:13 --> Límite obtenido (general): 7.9000 kWh, IP: 192.168.0.232
INFO - 2025-10-29 21:16:14 --> Session: Class initialized using 'CodeIgniter\Session\Handlers\FileHandler' driver.
INFO - 2025-10-29 21:16:14 --> Session: Class initialized using 'CodeIgniter\Session\Handlers\FileHandler' driver.
INFO - 2025-10-29 21:16:14 --> [PREALERTA] Evaluando prealerta. consumo=7.768166 umbral90=7.11 limite=7.9000 dispositivo=2
INFO - 2025-10-29 21:16:14 --> [PREALERTA] Última prealerta datetime=2025-10-29 21:12:38 ts=1761783158 vs hace24=1761696974
INFO - 2025-10-29 21:16:14 --> [PREALERTA] Omitida por anti-spam (enviada hace menos de 24h).
INFO - 2025-10-29 21:16:19 --> Session: Class initialized using 'CodeIgniter\Session\Handlers\FileHandler' driver.
INFO - 2025-10-29 21:16:20 --> Session: Class initialized using 'CodeIgniter\Session\Handlers\FileHandler' driver.
INFO - 2025-10-29 21:16:20 --> Límite obtenido (general): 7.9000 kWh, IP: 192.168.0.232
INFO - 2025-10-29 21:16:21 --> Session: Class initialized using 'CodeIgniter\Session\Handlers\FileHandler' driver.
INFO - 2025-10-29 21:16:21 --> [PREALERTA] Evaluando prealerta. consumo=7.769894 umbral90=7.11 limite=7.9000 dispositivo=2
INFO - 2025-10-29 21:16:21 --> [PREALERTA] Última prealerta datetime=2025-10-29 21:12:38 ts=1761783158 vs hace24=1761696981
INFO - 2025-10-29 21:16:21 --> [PREALERTA] Omitida por anti-spam (enviada hace menos de 24h).
INFO - 2025-10-29 21:16:24 --> Session: Class initialized using 'CodeIgniter\Session\Handlers\FileHandler' driver.
INFO - 2025-10-29 21:16:27 --> Session: Class initialized using 'CodeIgniter\Session\Handlers\FileHandler' driver.
INFO - 2025-10-29 21:16:27 --> Límite obtenido (general): 7.9000 kWh, IP: 192.168.0.232
INFO - 2025-10-29 21:16:28 --> Session: Class initialized using 'CodeIgniter\Session\Handlers\FileHandler' driver.
INFO - 2025-10-29 21:16:28 --> [PREALERTA] Evaluando prealerta. consumo=7.771654 umbral90=7.11 limite=7.9000 dispositivo=2
INFO - 2025-10-29 21:16:28 --> [PREALERTA] Última prealerta datetime=2025-10-29 21:12:38 ts=1761783158 vs hace24=1761696988
INFO - 2025-10-29 21:16:28 --> [PREALERTA] Omitida por anti-spam (enviada hace menos de 24h).
INFO - 2025-10-29 21:16:29 --> Session: Class initialized using 'CodeIgniter\Session\Handlers\FileHandler' driver.
INFO - 2025-10-29 21:16:34 --> Session: Class initialized using 'CodeIgniter\Session\Handlers\FileHandler' driver.
INFO - 2025-10-29 21:16:35 --> Session: Class initialized using 'CodeIgniter\Session\Handlers\FileHandler' driver.
INFO - 2025-10-29 21:16:35 --> Límite obtenido (general): 7.9000 kWh, IP: 192.168.0.232
INFO - 2025-10-29 21:16:36 --> Session: Class initialized using 'CodeIgniter\Session\Handlers\FileHandler' driver.
INFO - 2025-10-29 21:16:36 --> [PREALERTA] Evaluando prealerta. consumo=7.773373 umbral90=7.11 limite=7.9000 dispositivo=2
INFO - 2025-10-29 21:16:36 --> [PREALERTA] Última prealerta datetime=2025-10-29 21:12:38 ts=1761783158 vs hace24=1761696996
INFO - 2025-10-29 21:16:36 --> [PREALERTA] Omitida por anti-spam (enviada hace menos de 24h).
INFO - 2025-10-29 21:16:39 --> Session: Class initialized using 'CodeIgniter\Session\Handlers\FileHandler' driver.
INFO - 2025-10-29 21:16:42 --> Session: Class initialized using 'CodeIgniter\Session\Handlers\FileHandler' driver.
INFO - 2025-10-29 21:16:42 --> Límite obtenido (general): 7.9000 kWh, IP: 192.168.0.232
INFO - 2025-10-29 21:16:44 --> Session: Class initialized using 'CodeIgniter\Session\Handlers\FileHandler' driver.
INFO - 2025-10-29 21:16:44 --> Session: Class initialized using 'CodeIgniter\Session\Handlers\FileHandler' driver.
INFO - 2025-10-29 21:16:44 --> [PREALERTA] Evaluando prealerta. consumo=7.775148 umbral90=7.11 limite=7.9000 dispositivo=2
INFO - 2025-10-29 21:16:44 --> [PREALERTA] Última prealerta datetime=2025-10-29 21:12:38 ts=1761783158 vs hace24=1761697004
INFO - 2025-10-29 21:16:44 --> [PREALERTA] Omitida por anti-spam (enviada hace menos de 24h).
INFO - 2025-10-29 21:16:49 --> Session: Class initialized using 'CodeIgniter\Session\Handlers\FileHandler' driver.
INFO - 2025-10-29 21:16:49 --> Session: Class initialized using 'CodeIgniter\Session\Handlers\FileHandler' driver.
INFO - 2025-10-29 21:16:49 --> Límite obtenido (general): 7.9000 kWh, IP: 192.168.0.232
INFO - 2025-10-29 21:16:50 --> Session: Class initialized using 'CodeIgniter\Session\Handlers\FileHandler' driver.
INFO - 2025-10-29 21:16:50 --> [PREALERTA] Evaluando prealerta. consumo=7.776912 umbral90=7.11 limite=7.9000 dispositivo=2
INFO - 2025-10-29 21:16:50 --> [PREALERTA] Última prealerta datetime=2025-10-29 21:12:38 ts=1761783158 vs hace24=1761697010
INFO - 2025-10-29 21:16:50 --> [PREALERTA] Omitida por anti-spam (enviada hace menos de 24h).
INFO - 2025-10-29 21:16:54 --> Session: Class initialized using 'CodeIgniter\Session\Handlers\FileHandler' driver.
INFO - 2025-10-29 21:16:56 --> Session: Class initialized using 'CodeIgniter\Session\Handlers\FileHandler' driver.
INFO - 2025-10-29 21:16:56 --> Límite obtenido (general): 7.9000 kWh, IP: 192.168.0.232
INFO - 2025-10-29 21:16:57 --> Session: Class initialized using 'CodeIgniter\Session\Handlers\FileHandler' driver.
INFO - 2025-10-29 21:16:57 --> [PREALERTA] Evaluando prealerta. consumo=7.778635 umbral90=7.11 limite=7.9000 dispositivo=2
INFO - 2025-10-29 21:16:57 --> [PREALERTA] Última prealerta datetime=2025-10-29 21:12:38 ts=1761783158 vs hace24=1761697017
INFO - 2025-10-29 21:16:57 --> [PREALERTA] Omitida por anti-spam (enviada hace menos de 24h).
INFO - 2025-10-29 21:16:59 --> Session: Class initialized using 'CodeIgniter\Session\Handlers\FileHandler' driver.
INFO - 2025-10-29 21:17:03 --> Session: Class initialized using 'CodeIgniter\Session\Handlers\FileHandler' driver.
INFO - 2025-10-29 21:17:03 --> Límite obtenido (general): 7.9000 kWh, IP: 192.168.0.232
INFO - 2025-10-29 21:17:04 --> Session: Class initialized using 'CodeIgniter\Session\Handlers\FileHandler' driver.
INFO - 2025-10-29 21:17:04 --> Session: Class initialized using 'CodeIgniter\Session\Handlers\FileHandler' driver.
INFO - 2025-10-29 21:17:04 --> [PREALERTA] Evaluando prealerta. consumo=7.780411 umbral90=7.11 limite=7.9000 dispositivo=2
INFO - 2025-10-29 21:17:04 --> [PREALERTA] Última prealerta datetime=2025-10-29 21:12:38 ts=1761783158 vs hace24=1761697024
INFO - 2025-10-29 21:17:04 --> [PREALERTA] Omitida por anti-spam (enviada hace menos de 24h).
INFO - 2025-10-29 21:17:09 --> Session: Class initialized using 'CodeIgniter\Session\Handlers\FileHandler' driver.
INFO - 2025-10-29 21:17:10 --> Session: Class initialized using 'CodeIgniter\Session\Handlers\FileHandler' driver.
INFO - 2025-10-29 21:17:10 --> Límite obtenido (general): 7.9000 kWh, IP: 192.168.0.232
INFO - 2025-10-29 21:17:11 --> Session: Class initialized using 'CodeIgniter\Session\Handlers\FileHandler' driver.
INFO - 2025-10-29 21:17:11 --> [PREALERTA] Evaluando prealerta. consumo=7.782196 umbral90=7.11 limite=7.9000 dispositivo=2
INFO - 2025-10-29 21:17:11 --> [PREALERTA] Última prealerta datetime=2025-10-29 21:12:38 ts=1761783158 vs hace24=1761697031
INFO - 2025-10-29 21:17:11 --> [PREALERTA] Omitida por anti-spam (enviada hace menos de 24h).
INFO - 2025-10-29 21:17:14 --> Session: Class initialized using 'CodeIgniter\Session\Handlers\FileHandler' driver.
INFO - 2025-10-29 21:17:17 --> Session: Class initialized using 'CodeIgniter\Session\Handlers\FileHandler' driver.
INFO - 2025-10-29 21:17:17 --> Límite obtenido (general): 7.9000 kWh, IP: 192.168.0.232
INFO - 2025-10-29 21:17:18 --> Session: Class initialized using 'CodeIgniter\Session\Handlers\FileHandler' driver.
INFO - 2025-10-29 21:17:18 --> [PREALERTA] Evaluando prealerta. consumo=7.783972 umbral90=7.11 limite=7.9000 dispositivo=2
INFO - 2025-10-29 21:17:18 --> [PREALERTA] Última prealerta datetime=2025-10-29 21:12:38 ts=1761783158 vs hace24=1761697038
INFO - 2025-10-29 21:17:18 --> [PREALERTA] Omitida por anti-spam (enviada hace menos de 24h).
INFO - 2025-10-29 21:17:19 --> Session: Class initialized using 'CodeIgniter\Session\Handlers\FileHandler' driver.
INFO - 2025-10-29 21:17:24 --> Session: Class initialized using 'CodeIgniter\Session\Handlers\FileHandler' driver.
INFO - 2025-10-29 21:17:24 --> Límite obtenido (general): 7.9000 kWh, IP: 192.168.0.232
INFO - 2025-10-29 21:17:24 --> Session: Class initialized using 'CodeIgniter\Session\Handlers\FileHandler' driver.
INFO - 2025-10-29 21:17:25 --> Session: Class initialized using 'CodeIgniter\Session\Handlers\FileHandler' driver.
INFO - 2025-10-29 21:17:25 --> [PREALERTA] Evaluando prealerta. consumo=7.785728 umbral90=7.11 limite=7.9000 dispositivo=2
INFO - 2025-10-29 21:17:25 --> [PREALERTA] Última prealerta datetime=2025-10-29 21:12:38 ts=1761783158 vs hace24=1761697045
INFO - 2025-10-29 21:17:25 --> [PREALERTA] Omitida por anti-spam (enviada hace menos de 24h).
INFO - 2025-10-29 21:17:29 --> Session: Class initialized using 'CodeIgniter\Session\Handlers\FileHandler' driver.
INFO - 2025-10-29 21:17:31 --> Session: Class initialized using 'CodeIgniter\Session\Handlers\FileHandler' driver.
INFO - 2025-10-29 21:17:31 --> Límite obtenido (general): 7.9000 kWh, IP: 192.168.0.232
INFO - 2025-10-29 21:17:32 --> Session: Class initialized using 'CodeIgniter\Session\Handlers\FileHandler' driver.
INFO - 2025-10-29 21:17:32 --> [PREALERTA] Evaluando prealerta. consumo=7.787532 umbral90=7.11 limite=7.9000 dispositivo=2
INFO - 2025-10-29 21:17:32 --> [PREALERTA] Última prealerta datetime=2025-10-29 21:12:38 ts=1761783158 vs hace24=1761697052
INFO - 2025-10-29 21:17:32 --> [PREALERTA] Omitida por anti-spam (enviada hace menos de 24h).
INFO - 2025-10-29 21:17:34 --> Session: Class initialized using 'CodeIgniter\Session\Handlers\FileHandler' driver.
INFO - 2025-10-29 21:17:37 --> Session: Class initialized using 'CodeIgniter\Session\Handlers\FileHandler' driver.
INFO - 2025-10-29 21:17:38 --> Límite obtenido (general): 7.9000 kWh, IP: 192.168.0.232
INFO - 2025-10-29 21:17:39 --> Session: Class initialized using 'CodeIgniter\Session\Handlers\FileHandler' driver.
INFO - 2025-10-29 21:17:39 --> Session: Class initialized using 'CodeIgniter\Session\Handlers\FileHandler' driver.
INFO - 2025-10-29 21:17:39 --> [PREALERTA] Evaluando prealerta. consumo=7.789346 umbral90=7.11 limite=7.9000 dispositivo=2
INFO - 2025-10-29 21:17:39 --> [PREALERTA] Última prealerta datetime=2025-10-29 21:12:38 ts=1761783158 vs hace24=1761697059
INFO - 2025-10-29 21:17:39 --> [PREALERTA] Omitida por anti-spam (enviada hace menos de 24h).
INFO - 2025-10-29 21:17:44 --> Session: Class initialized using 'CodeIgniter\Session\Handlers\FileHandler' driver.
INFO - 2025-10-29 21:17:44 --> Session: Class initialized using 'CodeIgniter\Session\Handlers\FileHandler' driver.
INFO - 2025-10-29 21:17:44 --> Límite obtenido (general): 7.9000 kWh, IP: 192.168.0.232
INFO - 2025-10-29 21:17:46 --> Session: Class initialized using 'CodeIgniter\Session\Handlers\FileHandler' driver.
INFO - 2025-10-29 21:17:46 --> [PREALERTA] Evaluando prealerta. consumo=7.791188 umbral90=7.11 limite=7.9000 dispositivo=2
INFO - 2025-10-29 21:17:46 --> [PREALERTA] Última prealerta datetime=2025-10-29 21:12:38 ts=1761783158 vs hace24=1761697066
INFO - 2025-10-29 21:17:46 --> [PREALERTA] Omitida por anti-spam (enviada hace menos de 24h).
INFO - 2025-10-29 21:17:49 --> Session: Class initialized using 'CodeIgniter\Session\Handlers\FileHandler' driver.
INFO - 2025-10-29 21:17:52 --> Session: Class initialized using 'CodeIgniter\Session\Handlers\FileHandler' driver.
INFO - 2025-10-29 21:17:52 --> Límite obtenido (general): 7.9000 kWh, IP: 192.168.0.232
INFO - 2025-10-29 21:17:53 --> Session: Class initialized using 'CodeIgniter\Session\Handlers\FileHandler' driver.
INFO - 2025-10-29 21:17:53 --> [PREALERTA] Evaluando prealerta. consumo=7.793037 umbral90=7.11 limite=7.9000 dispositivo=2
INFO - 2025-10-29 21:17:53 --> [PREALERTA] Última prealerta datetime=2025-10-29 21:12:38 ts=1761783158 vs hace24=1761697073
INFO - 2025-10-29 21:17:53 --> [PREALERTA] Omitida por anti-spam (enviada hace menos de 24h).
INFO - 2025-10-29 21:17:54 --> Session: Class initialized using 'CodeIgniter\Session\Handlers\FileHandler' driver.
INFO - 2025-10-29 21:17:59 --> Session: Class initialized using 'CodeIgniter\Session\Handlers\FileHandler' driver.
INFO - 2025-10-29 21:17:59 --> Session: Class initialized using 'CodeIgniter\Session\Handlers\FileHandler' driver.
INFO - 2025-10-29 21:17:59 --> Límite obtenido (general): 7.9000 kWh, IP: 192.168.0.232
INFO - 2025-10-29 21:18:00 --> Session: Class initialized using 'CodeIgniter\Session\Handlers\FileHandler' driver.
INFO - 2025-10-29 21:18:00 --> [PREALERTA] Evaluando prealerta. consumo=7.794852 umbral90=7.11 limite=7.9000 dispositivo=2
INFO - 2025-10-29 21:18:00 --> [PREALERTA] Última prealerta datetime=2025-10-29 21:12:38 ts=1761783158 vs hace24=1761697080
INFO - 2025-10-29 21:18:00 --> [PREALERTA] Omitida por anti-spam (enviada hace menos de 24h).
INFO - 2025-10-29 21:18:04 --> Session: Class initialized using 'CodeIgniter\Session\Handlers\FileHandler' driver.
INFO - 2025-10-29 21:18:05 --> Session: Class initialized using 'CodeIgniter\Session\Handlers\FileHandler' driver.
INFO - 2025-10-29 21:18:05 --> Límite obtenido (general): 7.9000 kWh, IP: 192.168.0.232
INFO - 2025-10-29 21:18:06 --> Session: Class initialized using 'CodeIgniter\Session\Handlers\FileHandler' driver.
INFO - 2025-10-29 21:18:06 --> [PREALERTA] Evaluando prealerta. consumo=7.79665 umbral90=7.11 limite=7.9000 dispositivo=2
INFO - 2025-10-29 21:18:06 --> [PREALERTA] Última prealerta datetime=2025-10-29 21:12:38 ts=1761783158 vs hace24=1761697086
INFO - 2025-10-29 21:18:06 --> [PREALERTA] Omitida por anti-spam (enviada hace menos de 24h).
INFO - 2025-10-29 21:18:09 --> Session: Class initialized using 'CodeIgniter\Session\Handlers\FileHandler' driver.
INFO - 2025-10-29 21:18:12 --> Session: Class initialized using 'CodeIgniter\Session\Handlers\FileHandler' driver.
INFO - 2025-10-29 21:18:12 --> Límite obtenido (general): 7.9000 kWh, IP: 192.168.0.232
INFO - 2025-10-29 21:18:13 --> Session: Class initialized using 'CodeIgniter\Session\Handlers\FileHandler' driver.
INFO - 2025-10-29 21:18:13 --> [PREALERTA] Evaluando prealerta. consumo=7.798466 umbral90=7.11 limite=7.9000 dispositivo=2
INFO - 2025-10-29 21:18:13 --> [PREALERTA] Última prealerta datetime=2025-10-29 21:12:38 ts=1761783158 vs hace24=1761697093
INFO - 2025-10-29 21:18:13 --> [PREALERTA] Omitida por anti-spam (enviada hace menos de 24h).
INFO - 2025-10-29 21:18:14 --> Session: Class initialized using 'CodeIgniter\Session\Handlers\FileHandler' driver.
INFO - 2025-10-29 21:18:19 --> Session: Class initialized using 'CodeIgniter\Session\Handlers\FileHandler' driver.
INFO - 2025-10-29 21:18:19 --> Session: Class initialized using 'CodeIgniter\Session\Handlers\FileHandler' driver.
INFO - 2025-10-29 21:18:19 --> Límite obtenido (general): 7.9000 kWh, IP: 192.168.0.232
INFO - 2025-10-29 21:18:20 --> Session: Class initialized using 'CodeIgniter\Session\Handlers\FileHandler' driver.
INFO - 2025-10-29 21:18:20 --> [PREALERTA] Evaluando prealerta. consumo=7.800318 umbral90=7.11 limite=7.9000 dispositivo=2
INFO - 2025-10-29 21:18:20 --> [PREALERTA] Última prealerta datetime=2025-10-29 21:12:38 ts=1761783158 vs hace24=1761697100
INFO - 2025-10-29 21:18:20 --> [PREALERTA] Omitida por anti-spam (enviada hace menos de 24h).
INFO - 2025-10-29 21:18:24 --> Session: Class initialized using 'CodeIgniter\Session\Handlers\FileHandler' driver.
INFO - 2025-10-29 21:18:26 --> Session: Class initialized using 'CodeIgniter\Session\Handlers\FileHandler' driver.
INFO - 2025-10-29 21:18:26 --> Límite obtenido (general): 7.9000 kWh, IP: 192.168.0.232
INFO - 2025-10-29 21:18:27 --> Session: Class initialized using 'CodeIgniter\Session\Handlers\FileHandler' driver.
INFO - 2025-10-29 21:18:27 --> [PREALERTA] Evaluando prealerta. consumo=7.802224 umbral90=7.11 limite=7.9000 dispositivo=2
INFO - 2025-10-29 21:18:27 --> [PREALERTA] Última prealerta datetime=2025-10-29 21:12:38 ts=1761783158 vs hace24=1761697107
INFO - 2025-10-29 21:18:27 --> [PREALERTA] Omitida por anti-spam (enviada hace menos de 24h).
INFO - 2025-10-29 21:18:29 --> Session: Class initialized using 'CodeIgniter\Session\Handlers\FileHandler' driver.
INFO - 2025-10-29 21:18:33 --> Session: Class initialized using 'CodeIgniter\Session\Handlers\FileHandler' driver.
INFO - 2025-10-29 21:18:33 --> Límite obtenido (general): 7.9000 kWh, IP: 192.168.0.232
INFO - 2025-10-29 21:18:34 --> Session: Class initialized using 'CodeIgniter\Session\Handlers\FileHandler' driver.
INFO - 2025-10-29 21:18:34 --> Session: Class initialized using 'CodeIgniter\Session\Handlers\FileHandler' driver.
INFO - 2025-10-29 21:18:34 --> [PREALERTA] Evaluando prealerta. consumo=7.804088 umbral90=7.11 limite=7.9000 dispositivo=2
INFO - 2025-10-29 21:18:34 --> [PREALERTA] Última prealerta datetime=2025-10-29 21:12:38 ts=1761783158 vs hace24=1761697114
INFO - 2025-10-29 21:18:34 --> [PREALERTA] Omitida por anti-spam (enviada hace menos de 24h).
INFO - 2025-10-29 21:18:39 --> Session: Class initialized using 'CodeIgniter\Session\Handlers\FileHandler' driver.
INFO - 2025-10-29 21:18:40 --> Session: Class initialized using 'CodeIgniter\Session\Handlers\FileHandler' driver.
INFO - 2025-10-29 21:18:40 --> Límite obtenido (general): 7.9000 kWh, IP: 192.168.0.232
INFO - 2025-10-29 21:18:41 --> Session: Class initialized using 'CodeIgniter\Session\Handlers\FileHandler' driver.
INFO - 2025-10-29 21:18:41 --> [PREALERTA] Evaluando prealerta. consumo=7.805968 umbral90=7.11 limite=7.9000 dispositivo=2
INFO - 2025-10-29 21:18:41 --> [PREALERTA] Última prealerta datetime=2025-10-29 21:12:38 ts=1761783158 vs hace24=1761697121
INFO - 2025-10-29 21:18:41 --> [PREALERTA] Omitida por anti-spam (enviada hace menos de 24h).
INFO - 2025-10-29 21:18:44 --> Session: Class initialized using 'CodeIgniter\Session\Handlers\FileHandler' driver.
INFO - 2025-10-29 21:18:46 --> Session: Class initialized using 'CodeIgniter\Session\Handlers\FileHandler' driver.
INFO - 2025-10-29 21:18:46 --> Límite obtenido (general): 7.9000 kWh, IP: 192.168.0.232
INFO - 2025-10-29 21:18:48 --> Session: Class initialized using 'CodeIgniter\Session\Handlers\FileHandler' driver.
INFO - 2025-10-29 21:18:48 --> [PREALERTA] Evaluando prealerta. consumo=7.807864 umbral90=7.11 limite=7.9000 dispositivo=2
INFO - 2025-10-29 21:18:48 --> [PREALERTA] Última prealerta datetime=2025-10-29 21:12:38 ts=1761783158 vs hace24=1761697128
INFO - 2025-10-29 21:18:48 --> [PREALERTA] Omitida por anti-spam (enviada hace menos de 24h).
INFO - 2025-10-29 21:18:49 --> Session: Class initialized using 'CodeIgniter\Session\Handlers\FileHandler' driver.
INFO - 2025-10-29 21:18:54 --> Session: Class initialized using 'CodeIgniter\Session\Handlers\FileHandler' driver.
INFO - 2025-10-29 21:18:54 --> Session: Class initialized using 'CodeIgniter\Session\Handlers\FileHandler' driver.
INFO - 2025-10-29 21:18:54 --> Límite obtenido (general): 7.9000 kWh, IP: 192.168.0.232
INFO - 2025-10-29 21:18:55 --> Session: Class initialized using 'CodeIgniter\Session\Handlers\FileHandler' driver.
INFO - 2025-10-29 21:18:55 --> [PREALERTA] Evaluando prealerta. consumo=7.809732 umbral90=7.11 limite=7.9000 dispositivo=2
INFO - 2025-10-29 21:18:55 --> [PREALERTA] Última prealerta datetime=2025-10-29 21:12:38 ts=1761783158 vs hace24=1761697135
INFO - 2025-10-29 21:18:55 --> [PREALERTA] Omitida por anti-spam (enviada hace menos de 24h).
INFO - 2025-10-29 21:18:59 --> Session: Class initialized using 'CodeIgniter\Session\Handlers\FileHandler' driver.
INFO - 2025-10-29 21:19:01 --> Session: Class initialized using 'CodeIgniter\Session\Handlers\FileHandler' driver.
INFO - 2025-10-29 21:19:01 --> Límite obtenido (general): 7.9000 kWh, IP: 192.168.0.232
INFO - 2025-10-29 21:19:02 --> Session: Class initialized using 'CodeIgniter\Session\Handlers\FileHandler' driver.
INFO - 2025-10-29 21:19:02 --> [PREALERTA] Evaluando prealerta. consumo=7.811638 umbral90=7.11 limite=7.9000 dispositivo=2
INFO - 2025-10-29 21:19:02 --> [PREALERTA] Última prealerta datetime=2025-10-29 21:12:38 ts=1761783158 vs hace24=1761697142
INFO - 2025-10-29 21:19:02 --> [PREALERTA] Omitida por anti-spam (enviada hace menos de 24h).
INFO - 2025-10-29 21:19:04 --> Session: Class initialized using 'CodeIgniter\Session\Handlers\FileHandler' driver.
INFO - 2025-10-29 21:19:08 --> Session: Class initialized using 'CodeIgniter\Session\Handlers\FileHandler' driver.
INFO - 2025-10-29 21:19:08 --> Límite obtenido (general): 7.9000 kWh, IP: 192.168.0.232
INFO - 2025-10-29 21:19:09 --> Session: Class initialized using 'CodeIgniter\Session\Handlers\FileHandler' driver.
INFO - 2025-10-29 21:19:09 --> Session: Class initialized using 'CodeIgniter\Session\Handlers\FileHandler' driver.
INFO - 2025-10-29 21:19:09 --> [PREALERTA] Evaluando prealerta. consumo=7.813542 umbral90=7.11 limite=7.9000 dispositivo=2
INFO - 2025-10-29 21:19:09 --> [PREALERTA] Última prealerta datetime=2025-10-29 21:12:38 ts=1761783158 vs hace24=1761697149
INFO - 2025-10-29 21:19:09 --> [PREALERTA] Omitida por anti-spam (enviada hace menos de 24h).
INFO - 2025-10-29 21:19:14 --> Session: Class initialized using 'CodeIgniter\Session\Handlers\FileHandler' driver.
INFO - 2025-10-29 21:19:15 --> Session: Class initialized using 'CodeIgniter\Session\Handlers\FileHandler' driver.
INFO - 2025-10-29 21:19:15 --> Límite obtenido (general): 7.9000 kWh, IP: 192.168.0.232
INFO - 2025-10-29 21:19:16 --> Session: Class initialized using 'CodeIgniter\Session\Handlers\FileHandler' driver.
INFO - 2025-10-29 21:19:16 --> [PREALERTA] Evaluando prealerta. consumo=7.815485 umbral90=7.11 limite=7.9000 dispositivo=2
INFO - 2025-10-29 21:19:16 --> [PREALERTA] Última prealerta datetime=2025-10-29 21:12:38 ts=1761783158 vs hace24=1761697156
INFO - 2025-10-29 21:19:16 --> [PREALERTA] Omitida por anti-spam (enviada hace menos de 24h).
INFO - 2025-10-29 21:19:19 --> Session: Class initialized using 'CodeIgniter\Session\Handlers\FileHandler' driver.
INFO - 2025-10-29 21:19:22 --> Session: Class initialized using 'CodeIgniter\Session\Handlers\FileHandler' driver.
INFO - 2025-10-29 21:19:22 --> Límite obtenido (general): 7.9000 kWh, IP: 192.168.0.232
INFO - 2025-10-29 21:19:23 --> Session: Class initialized using 'CodeIgniter\Session\Handlers\FileHandler' driver.
INFO - 2025-10-29 21:19:23 --> [PREALERTA] Evaluando prealerta. consumo=7.817378 umbral90=7.11 limite=7.9000 dispositivo=2
INFO - 2025-10-29 21:19:23 --> [PREALERTA] Última prealerta datetime=2025-10-29 21:12:38 ts=1761783158 vs hace24=1761697163
INFO - 2025-10-29 21:19:23 --> [PREALERTA] Omitida por anti-spam (enviada hace menos de 24h).
INFO - 2025-10-29 21:19:24 --> Session: Class initialized using 'CodeIgniter\Session\Handlers\FileHandler' driver.
INFO - 2025-10-29 21:19:28 --> Session: Class initialized using 'CodeIgniter\Session\Handlers\FileHandler' driver.
INFO - 2025-10-29 21:19:28 --> Límite obtenido (general): 7.9000 kWh, IP: 192.168.0.232
INFO - 2025-10-29 21:19:29 --> Session: Class initialized using 'CodeIgniter\Session\Handlers\FileHandler' driver.
INFO - 2025-10-29 21:19:29 --> Session: Class initialized using 'CodeIgniter\Session\Handlers\FileHandler' driver.
INFO - 2025-10-29 21:19:30 --> [PREALERTA] Evaluando prealerta. consumo=7.819266 umbral90=7.11 limite=7.9000 dispositivo=2
INFO - 2025-10-29 21:19:30 --> [PREALERTA] Última prealerta datetime=2025-10-29 21:12:38 ts=1761783158 vs hace24=1761697170
INFO - 2025-10-29 21:19:30 --> [PREALERTA] Omitida por anti-spam (enviada hace menos de 24h).
INFO - 2025-10-29 21:19:34 --> Session: Class initialized using 'CodeIgniter\Session\Handlers\FileHandler' driver.
INFO - 2025-10-29 21:19:35 --> Session: Class initialized using 'CodeIgniter\Session\Handlers\FileHandler' driver.
INFO - 2025-10-29 21:19:35 --> Límite obtenido (general): 7.9000 kWh, IP: 192.168.0.232
INFO - 2025-10-29 21:19:36 --> Session: Class initialized using 'CodeIgniter\Session\Handlers\FileHandler' driver.
INFO - 2025-10-29 21:19:36 --> [PREALERTA] Evaluando prealerta. consumo=7.821209 umbral90=7.11 limite=7.9000 dispositivo=2
INFO - 2025-10-29 21:19:36 --> [PREALERTA] Última prealerta datetime=2025-10-29 21:12:38 ts=1761783158 vs hace24=1761697176
INFO - 2025-10-29 21:19:36 --> [PREALERTA] Omitida por anti-spam (enviada hace menos de 24h).
INFO - 2025-10-29 21:19:39 --> Session: Class initialized using 'CodeIgniter\Session\Handlers\FileHandler' driver.
INFO - 2025-10-29 21:19:42 --> Session: Class initialized using 'CodeIgniter\Session\Handlers\FileHandler' driver.
INFO - 2025-10-29 21:19:42 --> Límite obtenido (general): 7.9000 kWh, IP: 192.168.0.232
INFO - 2025-10-29 21:19:44 --> Session: Class initialized using 'CodeIgniter\Session\Handlers\FileHandler' driver.
INFO - 2025-10-29 21:19:44 --> Session: Class initialized using 'CodeIgniter\Session\Handlers\FileHandler' driver.
INFO - 2025-10-29 21:19:44 --> [PREALERTA] Evaluando prealerta. consumo=7.823068 umbral90=7.11 limite=7.9000 dispositivo=2
INFO - 2025-10-29 21:19:44 --> [PREALERTA] Última prealerta datetime=2025-10-29 21:12:38 ts=1761783158 vs hace24=1761697184
INFO - 2025-10-29 21:19:44 --> [PREALERTA] Omitida por anti-spam (enviada hace menos de 24h).
INFO - 2025-10-29 21:19:49 --> Session: Class initialized using 'CodeIgniter\Session\Handlers\FileHandler' driver.
INFO - 2025-10-29 21:19:54 --> Session: Class initialized using 'CodeIgniter\Session\Handlers\FileHandler' driver.
INFO - 2025-10-29 21:19:55 --> Session: Class initialized using 'CodeIgniter\Session\Handlers\FileHandler' driver.
INFO - 2025-10-29 21:19:55 --> Límite obtenido (general): 7.9000 kWh, IP: 192.168.0.232
INFO - 2025-10-29 21:19:56 --> Session: Class initialized using 'CodeIgniter\Session\Handlers\FileHandler' driver.
INFO - 2025-10-29 21:19:56 --> [PREALERTA] Evaluando prealerta. consumo=7.824926 umbral90=7.11 limite=7.9000 dispositivo=2
INFO - 2025-10-29 21:19:56 --> [PREALERTA] Última prealerta datetime=2025-10-29 21:12:38 ts=1761783158 vs hace24=1761697196
INFO - 2025-10-29 21:19:56 --> [PREALERTA] Omitida por anti-spam (enviada hace menos de 24h).
INFO - 2025-10-29 21:19:59 --> Session: Class initialized using 'CodeIgniter\Session\Handlers\FileHandler' driver.
INFO - 2025-10-29 21:20:02 --> Session: Class initialized using 'CodeIgniter\Session\Handlers\FileHandler' driver.
INFO - 2025-10-29 21:20:02 --> Límite obtenido (general): 7.9000 kWh, IP: 192.168.0.232
INFO - 2025-10-29 21:20:03 --> Session: Class initialized using 'CodeIgniter\Session\Handlers\FileHandler' driver.
INFO - 2025-10-29 21:20:03 --> [PREALERTA] Evaluando prealerta. consumo=7.826832 umbral90=7.11 limite=7.9000 dispositivo=2
INFO - 2025-10-29 21:20:03 --> [PREALERTA] Última prealerta datetime=2025-10-29 21:12:38 ts=1761783158 vs hace24=1761697203
INFO - 2025-10-29 21:20:03 --> [PREALERTA] Omitida por anti-spam (enviada hace menos de 24h).
INFO - 2025-10-29 21:20:04 --> Session: Class initialized using 'CodeIgniter\Session\Handlers\FileHandler' driver.
INFO - 2025-10-29 21:20:08 --> Session: Class initialized using 'CodeIgniter\Session\Handlers\FileHandler' driver.
INFO - 2025-10-29 21:20:08 --> Límite obtenido (general): 7.9000 kWh, IP: 192.168.0.232
INFO - 2025-10-29 21:20:09 --> Session: Class initialized using 'CodeIgniter\Session\Handlers\FileHandler' driver.
INFO - 2025-10-29 21:20:10 --> Session: Class initialized using 'CodeIgniter\Session\Handlers\FileHandler' driver.
INFO - 2025-10-29 21:20:10 --> [PREALERTA] Evaluando prealerta. consumo=7.828744 umbral90=7.11 limite=7.9000 dispositivo=2
INFO - 2025-10-29 21:20:10 --> [PREALERTA] Última prealerta datetime=2025-10-29 21:12:38 ts=1761783158 vs hace24=1761697210
INFO - 2025-10-29 21:20:10 --> [PREALERTA] Omitida por anti-spam (enviada hace menos de 24h).
INFO - 2025-10-29 21:20:14 --> Session: Class initialized using 'CodeIgniter\Session\Handlers\FileHandler' driver.
INFO - 2025-10-29 21:20:15 --> Session: Class initialized using 'CodeIgniter\Session\Handlers\FileHandler' driver.
INFO - 2025-10-29 21:20:15 --> Límite obtenido (general): 7.9000 kWh, IP: 192.168.0.232
INFO - 2025-10-29 21:20:16 --> Session: Class initialized using 'CodeIgniter\Session\Handlers\FileHandler' driver.
INFO - 2025-10-29 21:20:16 --> [PREALERTA] Evaluando prealerta. consumo=7.830671 umbral90=7.11 limite=7.9000 dispositivo=2
INFO - 2025-10-29 21:20:16 --> [PREALERTA] Última prealerta datetime=2025-10-29 21:12:38 ts=1761783158 vs hace24=1761697216
INFO - 2025-10-29 21:20:16 --> [PREALERTA] Omitida por anti-spam (enviada hace menos de 24h).
INFO - 2025-10-29 21:20:19 --> Session: Class initialized using 'CodeIgniter\Session\Handlers\FileHandler' driver.
INFO - 2025-10-29 21:20:22 --> Session: Class initialized using 'CodeIgniter\Session\Handlers\FileHandler' driver.
INFO - 2025-10-29 21:20:22 --> Límite obtenido (general): 7.9000 kWh, IP: 192.168.0.232
INFO - 2025-10-29 21:20:24 --> Session: Class initialized using 'CodeIgniter\Session\Handlers\FileHandler' driver.
INFO - 2025-10-29 21:20:26 --> Session: Class initialized using 'CodeIgniter\Session\Handlers\FileHandler' driver.
INFO - 2025-10-29 21:20:26 --> [PREALERTA] Evaluando prealerta. consumo=7.832562 umbral90=7.11 limite=7.9000 dispositivo=2
INFO - 2025-10-29 21:20:26 --> [PREALERTA] Última prealerta datetime=2025-10-29 21:12:38 ts=1761783158 vs hace24=1761697226
INFO - 2025-10-29 21:20:26 --> [PREALERTA] Omitida por anti-spam (enviada hace menos de 24h).
INFO - 2025-10-29 21:20:29 --> Session: Class initialized using 'CodeIgniter\Session\Handlers\FileHandler' driver.
INFO - 2025-10-29 21:20:32 --> Session: Class initialized using 'CodeIgniter\Session\Handlers\FileHandler' driver.
INFO - 2025-10-29 21:20:32 --> Límite obtenido (general): 7.9000 kWh, IP: 192.168.0.232
INFO - 2025-10-29 21:20:33 --> Session: Class initialized using 'CodeIgniter\Session\Handlers\FileHandler' driver.
INFO - 2025-10-29 21:20:33 --> [PREALERTA] Evaluando prealerta. consumo=7.834436 umbral90=7.11 limite=7.9000 dispositivo=2
INFO - 2025-10-29 21:20:33 --> [PREALERTA] Última prealerta datetime=2025-10-29 21:12:38 ts=1761783158 vs hace24=1761697233
INFO - 2025-10-29 21:20:33 --> [PREALERTA] Omitida por anti-spam (enviada hace menos de 24h).
INFO - 2025-10-29 21:20:34 --> Session: Class initialized using 'CodeIgniter\Session\Handlers\FileHandler' driver.
INFO - 2025-10-29 21:20:39 --> Session: Class initialized using 'CodeIgniter\Session\Handlers\FileHandler' driver.
INFO - 2025-10-29 21:20:39 --> Session: Class initialized using 'CodeIgniter\Session\Handlers\FileHandler' driver.
INFO - 2025-10-29 21:20:39 --> Límite obtenido (general): 7.9000 kWh, IP: 192.168.0.232
INFO - 2025-10-29 21:20:40 --> Session: Class initialized using 'CodeIgniter\Session\Handlers\FileHandler' driver.
INFO - 2025-10-29 21:20:40 --> [PREALERTA] Evaluando prealerta. consumo=7.83629 umbral90=7.11 limite=7.9000 dispositivo=2
INFO - 2025-10-29 21:20:40 --> [PREALERTA] Última prealerta datetime=2025-10-29 21:12:38 ts=1761783158 vs hace24=1761697240
INFO - 2025-10-29 21:20:40 --> [PREALERTA] Omitida por anti-spam (enviada hace menos de 24h).
INFO - 2025-10-29 21:20:44 --> Session: Class initialized using 'CodeIgniter\Session\Handlers\FileHandler' driver.
INFO - 2025-10-29 21:20:46 --> Session: Class initialized using 'CodeIgniter\Session\Handlers\FileHandler' driver.
INFO - 2025-10-29 21:20:46 --> Límite obtenido (general): 7.9000 kWh, IP: 192.168.0.232
INFO - 2025-10-29 21:20:47 --> Session: Class initialized using 'CodeIgniter\Session\Handlers\FileHandler' driver.
INFO - 2025-10-29 21:20:47 --> [PREALERTA] Evaluando prealerta. consumo=7.838079 umbral90=7.11 limite=7.9000 dispositivo=2
INFO - 2025-10-29 21:20:47 --> [PREALERTA] Última prealerta datetime=2025-10-29 21:12:38 ts=1761783158 vs hace24=1761697247
INFO - 2025-10-29 21:20:47 --> [PREALERTA] Omitida por anti-spam (enviada hace menos de 24h).
INFO - 2025-10-29 21:20:49 --> Session: Class initialized using 'CodeIgniter\Session\Handlers\FileHandler' driver.
INFO - 2025-10-29 21:20:53 --> Session: Class initialized using 'CodeIgniter\Session\Handlers\FileHandler' driver.
INFO - 2025-10-29 21:20:53 --> Límite obtenido (general): 7.9000 kWh, IP: 192.168.0.232
INFO - 2025-10-29 21:20:54 --> Session: Class initialized using 'CodeIgniter\Session\Handlers\FileHandler' driver.
INFO - 2025-10-29 21:20:54 --> Session: Class initialized using 'CodeIgniter\Session\Handlers\FileHandler' driver.
INFO - 2025-10-29 21:20:54 --> [PREALERTA] Evaluando prealerta. consumo=7.839942 umbral90=7.11 limite=7.9000 dispositivo=2
INFO - 2025-10-29 21:20:54 --> [PREALERTA] Última prealerta datetime=2025-10-29 21:12:38 ts=1761783158 vs hace24=1761697254
INFO - 2025-10-29 21:20:54 --> [PREALERTA] Omitida por anti-spam (enviada hace menos de 24h).
INFO - 2025-10-29 21:20:59 --> Session: Class initialized using 'CodeIgniter\Session\Handlers\FileHandler' driver.
INFO - 2025-10-29 21:21:00 --> Session: Class initialized using 'CodeIgniter\Session\Handlers\FileHandler' driver.
INFO - 2025-10-29 21:21:00 --> Límite obtenido (general): 7.9000 kWh, IP: 192.168.0.232
INFO - 2025-10-29 21:21:01 --> Session: Class initialized using 'CodeIgniter\Session\Handlers\FileHandler' driver.
INFO - 2025-10-29 21:21:01 --> [PREALERTA] Evaluando prealerta. consumo=7.841795 umbral90=7.11 limite=7.9000 dispositivo=2
INFO - 2025-10-29 21:21:01 --> [PREALERTA] Última prealerta datetime=2025-10-29 21:12:38 ts=1761783158 vs hace24=1761697261
INFO - 2025-10-29 21:21:01 --> [PREALERTA] Omitida por anti-spam (enviada hace menos de 24h).
INFO - 2025-10-29 21:21:04 --> Session: Class initialized using 'CodeIgniter\Session\Handlers\FileHandler' driver.
INFO - 2025-10-29 21:21:07 --> Session: Class initialized using 'CodeIgniter\Session\Handlers\FileHandler' driver.
INFO - 2025-10-29 21:21:07 --> Límite obtenido (general): 7.9000 kWh, IP: 192.168.0.232
INFO - 2025-10-29 21:21:08 --> Session: Class initialized using 'CodeIgniter\Session\Handlers\FileHandler' driver.
INFO - 2025-10-29 21:21:08 --> [PREALERTA] Evaluando prealerta. consumo=7.84368 umbral90=7.11 limite=7.9000 dispositivo=2
INFO - 2025-10-29 21:21:08 --> [PREALERTA] Última prealerta datetime=2025-10-29 21:12:38 ts=1761783158 vs hace24=1761697268
INFO - 2025-10-29 21:21:08 --> [PREALERTA] Omitida por anti-spam (enviada hace menos de 24h).
INFO - 2025-10-29 21:21:09 --> Session: Class initialized using 'CodeIgniter\Session\Handlers\FileHandler' driver.
INFO - 2025-10-29 21:21:14 --> Session: Class initialized using 'CodeIgniter\Session\Handlers\FileHandler' driver.
INFO - 2025-10-29 21:21:14 --> Session: Class initialized using 'CodeIgniter\Session\Handlers\FileHandler' driver.
INFO - 2025-10-29 21:21:14 --> Límite obtenido (general): 7.9000 kWh, IP: 192.168.0.232
INFO - 2025-10-29 21:21:15 --> Session: Class initialized using 'CodeIgniter\Session\Handlers\FileHandler' driver.
INFO - 2025-10-29 21:21:15 --> [PREALERTA] Evaluando prealerta. consumo=7.845752 umbral90=7.11 limite=7.9000 dispositivo=2
INFO - 2025-10-29 21:21:15 --> [PREALERTA] Última prealerta datetime=2025-10-29 21:12:38 ts=1761783158 vs hace24=1761697275
INFO - 2025-10-29 21:21:15 --> [PREALERTA] Omitida por anti-spam (enviada hace menos de 24h).
INFO - 2025-10-29 21:21:19 --> Session: Class initialized using 'CodeIgniter\Session\Handlers\FileHandler' driver.
INFO - 2025-10-29 21:21:21 --> Session: Class initialized using 'CodeIgniter\Session\Handlers\FileHandler' driver.
INFO - 2025-10-29 21:21:21 --> Límite obtenido (general): 7.9000 kWh, IP: 192.168.0.232
INFO - 2025-10-29 21:21:22 --> Session: Class initialized using 'CodeIgniter\Session\Handlers\FileHandler' driver.
INFO - 2025-10-29 21:21:22 --> [PREALERTA] Evaluando prealerta. consumo=7.847807 umbral90=7.11 limite=7.9000 dispositivo=2
INFO - 2025-10-29 21:21:22 --> [PREALERTA] Última prealerta datetime=2025-10-29 21:12:38 ts=1761783158 vs hace24=1761697282
INFO - 2025-10-29 21:21:22 --> [PREALERTA] Omitida por anti-spam (enviada hace menos de 24h).
DEBUG - 2025-10-29 21:21:23 --> Ruta actual: /Tesina/public/energia/actualizarLimite
INFO - 2025-10-29 21:21:23 --> Session: Class initialized using 'CodeIgniter\Session\Handlers\FileHandler' driver.
DEBUG - 2025-10-29 21:21:23 --> Datos en sesión: Array
(
    [__ci_last_regenerate] => 1761783664
    [_ci_previous_url] => http://192.168.0.138/Tesina/public/energia/dispositivo/2
    [id_usuario] => 1
    [nombre] => brunito
    [apellido] => barber
    [email] => brunocameille@alumnos.itr3.edu.ar
    [rol] => admin
    [logged_in] => 1
)

INFO - 2025-10-29 21:21:28 --> Session: Class initialized using 'CodeIgniter\Session\Handlers\FileHandler' driver.
INFO - 2025-10-29 21:21:28 --> Límite obtenido (general): 7.8470 kWh, IP: 192.168.0.232
INFO - 2025-10-29 21:21:29 --> Session: Class initialized using 'CodeIgniter\Session\Handlers\FileHandler' driver.
DEBUG - 2025-10-29 21:21:29 --> Buscando usuario ID: 1
DEBUG - 2025-10-29 21:21:29 --> Resultado de la búsqueda: Array
(
    [id_usuario] => 1
    [nombre] => brunito
    [apellido] => barber
    [email] => brunocameille@alumnos.itr3.edu.ar
    [contrasena] => $2y$10$DfVf5j75GUow.8KQIROrQ.HgppT0Rq0gHjnl3td.ZZBDLZAYggz.u
    [direccion_id] => 0
    [id_rol] => 1
    [created_at] => 2025-04-07 13:37:30
    [updated_at] => 2025-10-13 19:57:07
    [invitado_por] => 
    [estado] => activo
    [token_activacion] => 
)

INFO - 2025-10-29 21:21:29 --> Session: Class initialized using 'CodeIgniter\Session\Handlers\FileHandler' driver.
INFO - 2025-10-29 21:21:30 --> Session: Class initialized using 'CodeIgniter\Session\Handlers\FileHandler' driver.
INFO - 2025-10-29 21:21:34 --> Alerta de consumo enviada correctamente a brunocameille@alumnos.itr3.edu.ar
INFO - 2025-10-29 21:21:34 --> Session: Class initialized using 'CodeIgniter\Session\Handlers\FileHandler' driver.
INFO - 2025-10-29 21:21:39 --> Session: Class initialized using 'CodeIgniter\Session\Handlers\FileHandler' driver.
INFO - 2025-10-29 21:21:42 --> Session: Class initialized using 'CodeIgniter\Session\Handlers\FileHandler' driver.
INFO - 2025-10-29 21:21:42 --> Límite obtenido (general): 7.8470 kWh, IP: 192.168.0.232
INFO - 2025-10-29 21:21:43 --> Session: Class initialized using 'CodeIgniter\Session\Handlers\FileHandler' driver.
INFO - 2025-10-29 21:21:44 --> Session: Class initialized using 'CodeIgniter\Session\Handlers\FileHandler' driver.
INFO - 2025-10-29 21:21:49 --> Session: Class initialized using 'CodeIgniter\Session\Handlers\FileHandler' driver.
INFO - 2025-10-29 21:21:49 --> Session: Class initialized using 'CodeIgniter\Session\Handlers\FileHandler' driver.
INFO - 2025-10-29 21:21:49 --> Límite obtenido (general): 7.8470 kWh, IP: 192.168.0.232
INFO - 2025-10-29 21:21:50 --> Session: Class initialized using 'CodeIgniter\Session\Handlers\FileHandler' driver.
INFO - 2025-10-29 21:21:54 --> Session: Class initialized using 'CodeIgniter\Session\Handlers\FileHandler' driver.
INFO - 2025-10-29 21:21:56 --> Session: Class initialized using 'CodeIgniter\Session\Handlers\FileHandler' driver.
INFO - 2025-10-29 21:21:56 --> Límite obtenido (general): 7.8470 kWh, IP: 192.168.0.232
INFO - 2025-10-29 21:21:57 --> Session: Class initialized using 'CodeIgniter\Session\Handlers\FileHandler' driver.
DEBUG - 2025-10-29 21:21:58 --> Ruta actual: /Tesina/public/energia/dispositivo/2
INFO - 2025-10-29 21:21:58 --> Session: Class initialized using 'CodeIgniter\Session\Handlers\FileHandler' driver.
DEBUG - 2025-10-29 21:21:58 --> Datos en sesión: Array
(
    [__ci_last_regenerate] => 1761783664
    [_ci_previous_url] => http://192.168.0.138/Tesina/public/energia/dispositivo/2
    [id_usuario] => 1
    [nombre] => brunito
    [apellido] => barber
    [email] => brunocameille@alumnos.itr3.edu.ar
    [rol] => admin
    [logged_in] => 1
)

INFO - 2025-10-29 21:21:59 --> Session: Class initialized using 'CodeIgniter\Session\Handlers\FileHandler' driver.
INFO - 2025-10-29 21:21:59 --> Session: Class initialized using 'CodeIgniter\Session\Handlers\FileHandler' driver.
INFO - 2025-10-29 21:22:00 --> Session: Class initialized using 'CodeIgniter\Session\Handlers\FileHandler' driver.
INFO - 2025-10-29 21:22:03 --> Session: Class initialized using 'CodeIgniter\Session\Handlers\FileHandler' driver.
INFO - 2025-10-29 21:22:03 --> Límite obtenido (general): 7.8470 kWh, IP: 192.168.0.232
INFO - 2025-10-29 21:22:04 --> Session: Class initialized using 'CodeIgniter\Session\Handlers\FileHandler' driver.
INFO - 2025-10-29 21:22:05 --> Session: Class initialized using 'CodeIgniter\Session\Handlers\FileHandler' driver.
INFO - 2025-10-29 21:22:09 --> Session: Class initialized using 'CodeIgniter\Session\Handlers\FileHandler' driver.
INFO - 2025-10-29 21:22:11 --> Session: Class initialized using 'CodeIgniter\Session\Handlers\FileHandler' driver.
INFO - 2025-10-29 21:22:11 --> Límite obtenido (general): 7.8470 kWh, IP: 192.168.0.232
INFO - 2025-10-29 21:22:12 --> Session: Class initialized using 'CodeIgniter\Session\Handlers\FileHandler' driver.
INFO - 2025-10-29 21:22:14 --> Session: Class initialized using 'CodeIgniter\Session\Handlers\FileHandler' driver.
INFO - 2025-10-29 21:22:18 --> Session: Class initialized using 'CodeIgniter\Session\Handlers\FileHandler' driver.
INFO - 2025-10-29 21:22:18 --> Límite obtenido (general): 7.8470 kWh, IP: 192.168.0.232
INFO - 2025-10-29 21:22:19 --> Session: Class initialized using 'CodeIgniter\Session\Handlers\FileHandler' driver.
INFO - 2025-10-29 21:22:19 --> Session: Class initialized using 'CodeIgniter\Session\Handlers\FileHandler' driver.
INFO - 2025-10-29 21:22:24 --> Session: Class initialized using 'CodeIgniter\Session\Handlers\FileHandler' driver.
INFO - 2025-10-29 21:22:25 --> Session: Class initialized using 'CodeIgniter\Session\Handlers\FileHandler' driver.
INFO - 2025-10-29 21:22:25 --> Límite obtenido (general): 7.8470 kWh, IP: 192.168.0.232
INFO - 2025-10-29 21:22:26 --> Session: Class initialized using 'CodeIgniter\Session\Handlers\FileHandler' driver.
INFO - 2025-10-29 21:22:29 --> Session: Class initialized using 'CodeIgniter\Session\Handlers\FileHandler' driver.
INFO - 2025-10-29 21:22:32 --> Session: Class initialized using 'CodeIgniter\Session\Handlers\FileHandler' driver.
INFO - 2025-10-29 21:22:32 --> Límite obtenido (general): 7.8470 kWh, IP: 192.168.0.232
INFO - 2025-10-29 21:22:33 --> Session: Class initialized using 'CodeIgniter\Session\Handlers\FileHandler' driver.
INFO - 2025-10-29 21:22:34 --> Session: Class initialized using 'CodeIgniter\Session\Handlers\FileHandler' driver.
INFO - 2025-10-29 21:22:39 --> Session: Class initialized using 'CodeIgniter\Session\Handlers\FileHandler' driver.
INFO - 2025-10-29 21:22:39 --> Límite obtenido (general): 7.8470 kWh, IP: 192.168.0.232
INFO - 2025-10-29 21:22:39 --> Session: Class initialized using 'CodeIgniter\Session\Handlers\FileHandler' driver.
INFO - 2025-10-29 21:22:40 --> Session: Class initialized using 'CodeIgniter\Session\Handlers\FileHandler' driver.
INFO - 2025-10-29 21:22:44 --> Session: Class initialized using 'CodeIgniter\Session\Handlers\FileHandler' driver.
INFO - 2025-10-29 21:22:46 --> Session: Class initialized using 'CodeIgniter\Session\Handlers\FileHandler' driver.
INFO - 2025-10-29 21:22:46 --> Límite obtenido (general): 7.8470 kWh, IP: 192.168.0.232
INFO - 2025-10-29 21:22:47 --> Session: Class initialized using 'CodeIgniter\Session\Handlers\FileHandler' driver.
INFO - 2025-10-29 21:22:49 --> Session: Class initialized using 'CodeIgniter\Session\Handlers\FileHandler' driver.
INFO - 2025-10-29 21:22:53 --> Session: Class initialized using 'CodeIgniter\Session\Handlers\FileHandler' driver.
INFO - 2025-10-29 21:22:53 --> Límite obtenido (general): 7.8470 kWh, IP: 192.168.0.232
INFO - 2025-10-29 21:22:54 --> Session: Class initialized using 'CodeIgniter\Session\Handlers\FileHandler' driver.
INFO - 2025-10-29 21:22:54 --> Session: Class initialized using 'CodeIgniter\Session\Handlers\FileHandler' driver.
DEBUG - 2025-10-29 21:22:58 --> Ruta actual: /Tesina/public/energia/dispositivo/2
INFO - 2025-10-29 21:22:58 --> Session: Class initialized using 'CodeIgniter\Session\Handlers\FileHandler' driver.
DEBUG - 2025-10-29 21:22:58 --> Datos en sesión: Array
(
    [__ci_last_regenerate] => 1761783664
    [_ci_previous_url] => http://192.168.0.138/Tesina/public/energia/dispositivo/2
    [id_usuario] => 1
    [nombre] => brunito
    [apellido] => barber
    [email] => brunocameille@alumnos.itr3.edu.ar
    [rol] => admin
    [logged_in] => 1
)

INFO - 2025-10-29 21:22:59 --> Session: Class initialized using 'CodeIgniter\Session\Handlers\FileHandler' driver.
INFO - 2025-10-29 21:22:59 --> Session: Class initialized using 'CodeIgniter\Session\Handlers\FileHandler' driver.
INFO - 2025-10-29 21:22:59 --> Session: Class initialized using 'CodeIgniter\Session\Handlers\FileHandler' driver.
INFO - 2025-10-29 21:23:00 --> Session: Class initialized using 'CodeIgniter\Session\Handlers\FileHandler' driver.
INFO - 2025-10-29 21:23:00 --> Límite obtenido (general): 7.8470 kWh, IP: 192.168.0.232
INFO - 2025-10-29 21:23:02 --> Session: Class initialized using 'CodeIgniter\Session\Handlers\FileHandler' driver.
INFO - 2025-10-29 21:23:02 --> Session: Class initialized using 'CodeIgniter\Session\Handlers\FileHandler' driver.
INFO - 2025-10-29 21:23:02 --> Session: Class initialized using 'CodeIgniter\Session\Handlers\FileHandler' driver.
INFO - 2025-10-29 21:23:02 --> Session: Class initialized using 'CodeIgniter\Session\Handlers\FileHandler' driver.
INFO - 2025-10-29 21:23:04 --> Session: Class initialized using 'CodeIgniter\Session\Handlers\FileHandler' driver.
DEBUG - 2025-10-29 21:23:07 --> Ruta actual: /Tesina/public/energia/dispositivo/2
INFO - 2025-10-29 21:23:07 --> Session: Class initialized using 'CodeIgniter\Session\Handlers\FileHandler' driver.
DEBUG - 2025-10-29 21:23:07 --> Datos en sesión: Array
(
    [__ci_last_regenerate] => 1761783787
)

INFO - 2025-10-29 21:23:07 --> Session: Class initialized using 'CodeIgniter\Session\Handlers\FileHandler' driver.
DEBUG - 2025-10-29 21:23:07 --> Ruta actual: /Tesina/public/admin
INFO - 2025-10-29 21:23:07 --> Session: Class initialized using 'CodeIgniter\Session\Handlers\FileHandler' driver.
DEBUG - 2025-10-29 21:23:07 --> Datos en sesión: Array
(
    [__ci_last_regenerate] => 1761783664
    [_ci_previous_url] => http://192.168.0.138/Tesina/public/energia/cortes
    [id_usuario] => 1
    [nombre] => brunito
    [apellido] => barber
    [email] => brunocameille@alumnos.itr3.edu.ar
    [rol] => admin
    [logged_in] => 1
)

DEBUG - 2025-10-29 21:23:08 --> Ruta actual: /Tesina/public/admin/dispositivos
INFO - 2025-10-29 21:23:08 --> Session: Class initialized using 'CodeIgniter\Session\Handlers\FileHandler' driver.
DEBUG - 2025-10-29 21:23:08 --> Datos en sesión: Array
(
    [__ci_last_regenerate] => 1761783664
    [_ci_previous_url] => http://192.168.0.138/Tesina/public/admin
    [id_usuario] => 1
    [nombre] => brunito
    [apellido] => barber
    [email] => brunocameille@alumnos.itr3.edu.ar
    [rol] => admin
    [logged_in] => 1
)

DEBUG - 2025-10-29 21:23:08 --> Buscando usuario ID: 1
DEBUG - 2025-10-29 21:23:08 --> Resultado de la búsqueda: Array
(
    [id_usuario] => 1
    [nombre] => brunito
    [apellido] => barber
    [email] => brunocameille@alumnos.itr3.edu.ar
    [contrasena] => $2y$10$DfVf5j75GUow.8KQIROrQ.HgppT0Rq0gHjnl3td.ZZBDLZAYggz.u
    [direccion_id] => 0
    [id_rol] => 1
    [created_at] => 2025-04-07 13:37:30
    [updated_at] => 2025-10-13 19:57:07
    [invitado_por] => 
    [estado] => activo
    [token_activacion] => 
)

INFO - 2025-10-29 21:23:10 --> Session: Class initialized using 'CodeIgniter\Session\Handlers\FileHandler' driver.
INFO - 2025-10-29 21:23:10 --> Límite obtenido (general): 7.8470 kWh, IP: 192.168.0.232
DEBUG - 2025-10-29 21:23:10 --> Ruta actual: /Tesina/public/energia/dispositivo/2
INFO - 2025-10-29 21:23:10 --> Session: Class initialized using 'CodeIgniter\Session\Handlers\FileHandler' driver.
DEBUG - 2025-10-29 21:23:10 --> Datos en sesión: Array
(
    [__ci_last_regenerate] => 1761783664
    [_ci_previous_url] => http://192.168.0.138/Tesina/public/admin/dispositivos
    [id_usuario] => 1
    [nombre] => brunito
    [apellido] => barber
    [email] => brunocameille@alumnos.itr3.edu.ar
    [rol] => admin
    [logged_in] => 1
)

INFO - 2025-10-29 21:23:11 --> Session: Class initialized using 'CodeIgniter\Session\Handlers\FileHandler' driver.
INFO - 2025-10-29 21:23:11 --> Session: Class initialized using 'CodeIgniter\Session\Handlers\FileHandler' driver.
INFO - 2025-10-29 21:23:11 --> Session: Class initialized using 'CodeIgniter\Session\Handlers\FileHandler' driver.
INFO - 2025-10-29 21:23:12 --> Session: Class initialized using 'CodeIgniter\Session\Handlers\FileHandler' driver.
INFO - 2025-10-29 21:23:16 --> Session: Class initialized using 'CodeIgniter\Session\Handlers\FileHandler' driver.
INFO - 2025-10-29 21:23:17 --> Session: Class initialized using 'CodeIgniter\Session\Handlers\FileHandler' driver.
INFO - 2025-10-29 21:23:17 --> Límite obtenido (general): 7.8470 kWh, IP: 192.168.0.232
INFO - 2025-10-29 21:23:18 --> Session: Class initialized using 'CodeIgniter\Session\Handlers\FileHandler' driver.
INFO - 2025-10-29 21:23:21 --> Session: Class initialized using 'CodeIgniter\Session\Handlers\FileHandler' driver.
DEBUG - 2025-10-29 21:23:22 --> Ruta actual: /Tesina/public/energia/actualizarLimite
INFO - 2025-10-29 21:23:22 --> Session: Class initialized using 'CodeIgniter\Session\Handlers\FileHandler' driver.
DEBUG - 2025-10-29 21:23:22 --> Datos en sesión: Array
(
    [__ci_last_regenerate] => 1761783664
    [_ci_previous_url] => http://192.168.0.138/Tesina/public/energia/dispositivo/2
    [id_usuario] => 1
    [nombre] => brunito
    [apellido] => barber
    [email] => brunocameille@alumnos.itr3.edu.ar
    [rol] => admin
    [logged_in] => 1
)

INFO - 2025-10-29 21:23:24 --> Session: Class initialized using 'CodeIgniter\Session\Handlers\FileHandler' driver.
INFO - 2025-10-29 21:23:24 --> Límite obtenido (general): 7.9800 kWh, IP: 192.168.0.232
INFO - 2025-10-29 21:23:25 --> Session: Class initialized using 'CodeIgniter\Session\Handlers\FileHandler' driver.
INFO - 2025-10-29 21:23:25 --> [PREALERTA] Evaluando prealerta. consumo=7.919235 umbral90=7.182 limite=7.9800 dispositivo=2
INFO - 2025-10-29 21:23:25 --> [PREALERTA] Última prealerta datetime=2025-10-29 21:12:38 ts=1761783158 vs hace24=1761697405
INFO - 2025-10-29 21:23:25 --> [PREALERTA] Omitida por anti-spam (enviada hace menos de 24h).
INFO - 2025-10-29 21:23:28 --> Session: Class initialized using 'CodeIgniter\Session\Handlers\FileHandler' driver.
INFO - 2025-10-29 21:23:31 --> Session: Class initialized using 'CodeIgniter\Session\Handlers\FileHandler' driver.
INFO - 2025-10-29 21:23:31 --> Session: Class initialized using 'CodeIgniter\Session\Handlers\FileHandler' driver.
INFO - 2025-10-29 21:23:31 --> Límite obtenido (general): 7.9800 kWh, IP: 192.168.0.232
INFO - 2025-10-29 21:23:32 --> Session: Class initialized using 'CodeIgniter\Session\Handlers\FileHandler' driver.
INFO - 2025-10-29 21:23:32 --> [PREALERTA] Evaluando prealerta. consumo=7.920952 umbral90=7.182 limite=7.9800 dispositivo=2
INFO - 2025-10-29 21:23:32 --> [PREALERTA] Última prealerta datetime=2025-10-29 21:12:38 ts=1761783158 vs hace24=1761697412
INFO - 2025-10-29 21:23:32 --> [PREALERTA] Omitida por anti-spam (enviada hace menos de 24h).
INFO - 2025-10-29 21:23:36 --> Session: Class initialized using 'CodeIgniter\Session\Handlers\FileHandler' driver.
INFO - 2025-10-29 21:23:38 --> Session: Class initialized using 'CodeIgniter\Session\Handlers\FileHandler' driver.
INFO - 2025-10-29 21:23:38 --> Límite obtenido (general): 7.9800 kWh, IP: 192.168.0.232
INFO - 2025-10-29 21:23:39 --> Session: Class initialized using 'CodeIgniter\Session\Handlers\FileHandler' driver.
INFO - 2025-10-29 21:23:39 --> [PREALERTA] Evaluando prealerta. consumo=7.922636 umbral90=7.182 limite=7.9800 dispositivo=2
INFO - 2025-10-29 21:23:39 --> [PREALERTA] Última prealerta datetime=2025-10-29 21:12:38 ts=1761783158 vs hace24=1761697419
INFO - 2025-10-29 21:23:39 --> [PREALERTA] Omitida por anti-spam (enviada hace menos de 24h).
INFO - 2025-10-29 21:23:41 --> Session: Class initialized using 'CodeIgniter\Session\Handlers\FileHandler' driver.
INFO - 2025-10-29 21:23:44 --> Session: Class initialized using 'CodeIgniter\Session\Handlers\FileHandler' driver.
INFO - 2025-10-29 21:23:45 --> Límite obtenido (general): 7.9800 kWh, IP: 192.168.0.232
INFO - 2025-10-29 21:23:46 --> Session: Class initialized using 'CodeIgniter\Session\Handlers\FileHandler' driver.
INFO - 2025-10-29 21:23:47 --> Session: Class initialized using 'CodeIgniter\Session\Handlers\FileHandler' driver.
INFO - 2025-10-29 21:23:47 --> [PREALERTA] Evaluando prealerta. consumo=7.924308 umbral90=7.182 limite=7.9800 dispositivo=2
INFO - 2025-10-29 21:23:47 --> [PREALERTA] Última prealerta datetime=2025-10-29 21:12:38 ts=1761783158 vs hace24=1761697427
INFO - 2025-10-29 21:23:47 --> [PREALERTA] Omitida por anti-spam (enviada hace menos de 24h).
INFO - 2025-10-29 21:23:51 --> Session: Class initialized using 'CodeIgniter\Session\Handlers\FileHandler' driver.
INFO - 2025-10-29 21:23:53 --> Session: Class initialized using 'CodeIgniter\Session\Handlers\FileHandler' driver.
INFO - 2025-10-29 21:23:53 --> Límite obtenido (general): 7.9800 kWh, IP: 192.168.0.232
INFO - 2025-10-29 21:23:54 --> Session: Class initialized using 'CodeIgniter\Session\Handlers\FileHandler' driver.
INFO - 2025-10-29 21:23:54 --> [PREALERTA] Evaluando prealerta. consumo=7.925985 umbral90=7.182 limite=7.9800 dispositivo=2
INFO - 2025-10-29 21:23:54 --> [PREALERTA] Última prealerta datetime=2025-10-29 21:12:38 ts=1761783158 vs hace24=1761697434
INFO - 2025-10-29 21:23:54 --> [PREALERTA] Omitida por anti-spam (enviada hace menos de 24h).
INFO - 2025-10-29 21:23:56 --> Session: Class initialized using 'CodeIgniter\Session\Handlers\FileHandler' driver.
INFO - 2025-10-29 21:24:00 --> Session: Class initialized using 'CodeIgniter\Session\Handlers\FileHandler' driver.
INFO - 2025-10-29 21:24:00 --> Límite obtenido (general): 7.9800 kWh, IP: 192.168.0.232
INFO - 2025-10-29 21:24:01 --> Session: Class initialized using 'CodeIgniter\Session\Handlers\FileHandler' driver.
INFO - 2025-10-29 21:24:01 --> Session: Class initialized using 'CodeIgniter\Session\Handlers\FileHandler' driver.
INFO - 2025-10-29 21:24:01 --> [PREALERTA] Evaluando prealerta. consumo=7.927662 umbral90=7.182 limite=7.9800 dispositivo=2
INFO - 2025-10-29 21:24:01 --> [PREALERTA] Última prealerta datetime=2025-10-29 21:12:38 ts=1761783158 vs hace24=1761697441
INFO - 2025-10-29 21:24:01 --> [PREALERTA] Omitida por anti-spam (enviada hace menos de 24h).
INFO - 2025-10-29 21:24:06 --> Session: Class initialized using 'CodeIgniter\Session\Handlers\FileHandler' driver.
INFO - 2025-10-29 21:24:07 --> Session: Class initialized using 'CodeIgniter\Session\Handlers\FileHandler' driver.
INFO - 2025-10-29 21:24:07 --> Límite obtenido (general): 7.9800 kWh, IP: 192.168.0.232
INFO - 2025-10-29 21:24:08 --> Session: Class initialized using 'CodeIgniter\Session\Handlers\FileHandler' driver.
INFO - 2025-10-29 21:24:08 --> [PREALERTA] Evaluando prealerta. consumo=7.929378 umbral90=7.182 limite=7.9800 dispositivo=2
INFO - 2025-10-29 21:24:08 --> [PREALERTA] Última prealerta datetime=2025-10-29 21:12:38 ts=1761783158 vs hace24=1761697448
INFO - 2025-10-29 21:24:08 --> [PREALERTA] Omitida por anti-spam (enviada hace menos de 24h).
INFO - 2025-10-29 21:24:11 --> Session: Class initialized using 'CodeIgniter\Session\Handlers\FileHandler' driver.
INFO - 2025-10-29 21:24:16 --> Session: Class initialized using 'CodeIgniter\Session\Handlers\FileHandler' driver.
INFO - 2025-10-29 21:24:17 --> Session: Class initialized using 'CodeIgniter\Session\Handlers\FileHandler' driver.
INFO - 2025-10-29 21:24:17 --> Límite obtenido (general): 7.9800 kWh, IP: 192.168.0.232
INFO - 2025-10-29 21:24:18 --> Session: Class initialized using 'CodeIgniter\Session\Handlers\FileHandler' driver.
INFO - 2025-10-29 21:24:18 --> [PREALERTA] Evaluando prealerta. consumo=7.931084 umbral90=7.182 limite=7.9800 dispositivo=2
INFO - 2025-10-29 21:24:18 --> [PREALERTA] Última prealerta datetime=2025-10-29 21:12:38 ts=1761783158 vs hace24=1761697458
INFO - 2025-10-29 21:24:18 --> [PREALERTA] Omitida por anti-spam (enviada hace menos de 24h).
INFO - 2025-10-29 21:24:21 --> Session: Class initialized using 'CodeIgniter\Session\Handlers\FileHandler' driver.
INFO - 2025-10-29 21:24:25 --> Session: Class initialized using 'CodeIgniter\Session\Handlers\FileHandler' driver.
INFO - 2025-10-29 21:24:25 --> Límite obtenido (general): 7.9800 kWh, IP: 192.168.0.232
INFO - 2025-10-29 21:24:26 --> Session: Class initialized using 'CodeIgniter\Session\Handlers\FileHandler' driver.
INFO - 2025-10-29 21:24:26 --> Session: Class initialized using 'CodeIgniter\Session\Handlers\FileHandler' driver.
INFO - 2025-10-29 21:24:26 --> [PREALERTA] Evaluando prealerta. consumo=7.932784 umbral90=7.182 limite=7.9800 dispositivo=2
INFO - 2025-10-29 21:24:26 --> [PREALERTA] Última prealerta datetime=2025-10-29 21:12:38 ts=1761783158 vs hace24=1761697466
INFO - 2025-10-29 21:24:26 --> [PREALERTA] Omitida por anti-spam (enviada hace menos de 24h).
INFO - 2025-10-29 21:24:31 --> Session: Class initialized using 'CodeIgniter\Session\Handlers\FileHandler' driver.
INFO - 2025-10-29 21:24:32 --> Session: Class initialized using 'CodeIgniter\Session\Handlers\FileHandler' driver.
INFO - 2025-10-29 21:24:32 --> Límite obtenido (general): 7.9800 kWh, IP: 192.168.0.232
INFO - 2025-10-29 21:24:33 --> Session: Class initialized using 'CodeIgniter\Session\Handlers\FileHandler' driver.
INFO - 2025-10-29 21:24:33 --> [PREALERTA] Evaluando prealerta. consumo=7.934462 umbral90=7.182 limite=7.9800 dispositivo=2
INFO - 2025-10-29 21:24:33 --> [PREALERTA] Última prealerta datetime=2025-10-29 21:12:38 ts=1761783158 vs hace24=1761697473
INFO - 2025-10-29 21:24:33 --> [PREALERTA] Omitida por anti-spam (enviada hace menos de 24h).
INFO - 2025-10-29 21:24:36 --> Session: Class initialized using 'CodeIgniter\Session\Handlers\FileHandler' driver.
INFO - 2025-10-29 21:24:39 --> Session: Class initialized using 'CodeIgniter\Session\Handlers\FileHandler' driver.
INFO - 2025-10-29 21:24:39 --> Límite obtenido (general): 7.9800 kWh, IP: 192.168.0.232
INFO - 2025-10-29 21:24:40 --> Session: Class initialized using 'CodeIgniter\Session\Handlers\FileHandler' driver.
INFO - 2025-10-29 21:24:40 --> [PREALERTA] Evaluando prealerta. consumo=7.936154 umbral90=7.182 limite=7.9800 dispositivo=2
INFO - 2025-10-29 21:24:40 --> [PREALERTA] Última prealerta datetime=2025-10-29 21:12:38 ts=1761783158 vs hace24=1761697480
INFO - 2025-10-29 21:24:40 --> [PREALERTA] Omitida por anti-spam (enviada hace menos de 24h).
INFO - 2025-10-29 21:24:41 --> Session: Class initialized using 'CodeIgniter\Session\Handlers\FileHandler' driver.
INFO - 2025-10-29 21:24:46 --> Session: Class initialized using 'CodeIgniter\Session\Handlers\FileHandler' driver.
INFO - 2025-10-29 21:24:46 --> Límite obtenido (general): 7.9800 kWh, IP: 192.168.0.232
INFO - 2025-10-29 21:24:46 --> Session: Class initialized using 'CodeIgniter\Session\Handlers\FileHandler' driver.
INFO - 2025-10-29 21:24:47 --> Session: Class initialized using 'CodeIgniter\Session\Handlers\FileHandler' driver.
INFO - 2025-10-29 21:24:47 --> [PREALERTA] Evaluando prealerta. consumo=7.93786 umbral90=7.182 limite=7.9800 dispositivo=2
INFO - 2025-10-29 21:24:47 --> [PREALERTA] Última prealerta datetime=2025-10-29 21:12:38 ts=1761783158 vs hace24=1761697487
INFO - 2025-10-29 21:24:47 --> [PREALERTA] Omitida por anti-spam (enviada hace menos de 24h).
INFO - 2025-10-29 21:24:51 --> Session: Class initialized using 'CodeIgniter\Session\Handlers\FileHandler' driver.
INFO - 2025-10-29 21:24:52 --> Session: Class initialized using 'CodeIgniter\Session\Handlers\FileHandler' driver.
INFO - 2025-10-29 21:24:52 --> Límite obtenido (general): 7.9800 kWh, IP: 192.168.0.232
INFO - 2025-10-29 21:24:53 --> Session: Class initialized using 'CodeIgniter\Session\Handlers\FileHandler' driver.
INFO - 2025-10-29 21:24:53 --> [PREALERTA] Evaluando prealerta. consumo=7.939586 umbral90=7.182 limite=7.9800 dispositivo=2
INFO - 2025-10-29 21:24:53 --> [PREALERTA] Última prealerta datetime=2025-10-29 21:12:38 ts=1761783158 vs hace24=1761697493
INFO - 2025-10-29 21:24:53 --> [PREALERTA] Omitida por anti-spam (enviada hace menos de 24h).
INFO - 2025-10-29 21:24:56 --> Session: Class initialized using 'CodeIgniter\Session\Handlers\FileHandler' driver.
INFO - 2025-10-29 21:25:00 --> Session: Class initialized using 'CodeIgniter\Session\Handlers\FileHandler' driver.
INFO - 2025-10-29 21:25:00 --> Límite obtenido (general): 7.9800 kWh, IP: 192.168.0.232
INFO - 2025-10-29 21:25:01 --> Session: Class initialized using 'CodeIgniter\Session\Handlers\FileHandler' driver.
INFO - 2025-10-29 21:25:02 --> Session: Class initialized using 'CodeIgniter\Session\Handlers\FileHandler' driver.
INFO - 2025-10-29 21:25:02 --> [PREALERTA] Evaluando prealerta. consumo=7.94133 umbral90=7.182 limite=7.9800 dispositivo=2
INFO - 2025-10-29 21:25:02 --> [PREALERTA] Última prealerta datetime=2025-10-29 21:12:38 ts=1761783158 vs hace24=1761697502
INFO - 2025-10-29 21:25:02 --> [PREALERTA] Omitida por anti-spam (enviada hace menos de 24h).
INFO - 2025-10-29 21:25:06 --> Session: Class initialized using 'CodeIgniter\Session\Handlers\FileHandler' driver.
INFO - 2025-10-29 21:25:08 --> Session: Class initialized using 'CodeIgniter\Session\Handlers\FileHandler' driver.
INFO - 2025-10-29 21:25:08 --> Límite obtenido (general): 7.9800 kWh, IP: 192.168.0.232
INFO - 2025-10-29 21:25:09 --> Session: Class initialized using 'CodeIgniter\Session\Handlers\FileHandler' driver.
INFO - 2025-10-29 21:25:09 --> [PREALERTA] Evaluando prealerta. consumo=7.94307 umbral90=7.182 limite=7.9800 dispositivo=2
INFO - 2025-10-29 21:25:09 --> [PREALERTA] Última prealerta datetime=2025-10-29 21:12:38 ts=1761783158 vs hace24=1761697509
INFO - 2025-10-29 21:25:09 --> [PREALERTA] Omitida por anti-spam (enviada hace menos de 24h).
INFO - 2025-10-29 21:25:11 --> Session: Class initialized using 'CodeIgniter\Session\Handlers\FileHandler' driver.
INFO - 2025-10-29 21:25:15 --> Session: Class initialized using 'CodeIgniter\Session\Handlers\FileHandler' driver.
INFO - 2025-10-29 21:25:15 --> Límite obtenido (general): 7.9800 kWh, IP: 192.168.0.232
INFO - 2025-10-29 21:25:16 --> Session: Class initialized using 'CodeIgniter\Session\Handlers\FileHandler' driver.
INFO - 2025-10-29 21:25:16 --> Session: Class initialized using 'CodeIgniter\Session\Handlers\FileHandler' driver.
INFO - 2025-10-29 21:25:16 --> [PREALERTA] Evaluando prealerta. consumo=7.944818 umbral90=7.182 limite=7.9800 dispositivo=2
INFO - 2025-10-29 21:25:16 --> [PREALERTA] Última prealerta datetime=2025-10-29 21:12:38 ts=1761783158 vs hace24=1761697516
INFO - 2025-10-29 21:25:16 --> [PREALERTA] Omitida por anti-spam (enviada hace menos de 24h).
INFO - 2025-10-29 21:25:21 --> Session: Class initialized using 'CodeIgniter\Session\Handlers\FileHandler' driver.
INFO - 2025-10-29 21:25:22 --> Session: Class initialized using 'CodeIgniter\Session\Handlers\FileHandler' driver.
INFO - 2025-10-29 21:25:22 --> Límite obtenido (general): 7.9800 kWh, IP: 192.168.0.232
INFO - 2025-10-29 21:25:23 --> Session: Class initialized using 'CodeIgniter\Session\Handlers\FileHandler' driver.
INFO - 2025-10-29 21:25:23 --> [PREALERTA] Evaluando prealerta. consumo=7.94657 umbral90=7.182 limite=7.9800 dispositivo=2
INFO - 2025-10-29 21:25:23 --> [PREALERTA] Última prealerta datetime=2025-10-29 21:12:38 ts=1761783158 vs hace24=1761697523
INFO - 2025-10-29 21:25:23 --> [PREALERTA] Omitida por anti-spam (enviada hace menos de 24h).
INFO - 2025-10-29 21:25:26 --> Session: Class initialized using 'CodeIgniter\Session\Handlers\FileHandler' driver.
INFO - 2025-10-29 21:25:28 --> Session: Class initialized using 'CodeIgniter\Session\Handlers\FileHandler' driver.
INFO - 2025-10-29 21:25:28 --> Límite obtenido (general): 7.9800 kWh, IP: 192.168.0.232
INFO - 2025-10-29 21:25:30 --> Session: Class initialized using 'CodeIgniter\Session\Handlers\FileHandler' driver.
INFO - 2025-10-29 21:25:30 --> [PREALERTA] Evaluando prealerta. consumo=7.948331 umbral90=7.182 limite=7.9800 dispositivo=2
INFO - 2025-10-29 21:25:30 --> [PREALERTA] Última prealerta datetime=2025-10-29 21:12:38 ts=1761783158 vs hace24=1761697530
INFO - 2025-10-29 21:25:30 --> [PREALERTA] Omitida por anti-spam (enviada hace menos de 24h).
INFO - 2025-10-29 21:25:31 --> Session: Class initialized using 'CodeIgniter\Session\Handlers\FileHandler' driver.
INFO - 2025-10-29 21:25:35 --> Session: Class initialized using 'CodeIgniter\Session\Handlers\FileHandler' driver.
INFO - 2025-10-29 21:25:35 --> Límite obtenido (general): 7.9800 kWh, IP: 192.168.0.232
INFO - 2025-10-29 21:25:36 --> Session: Class initialized using 'CodeIgniter\Session\Handlers\FileHandler' driver.
INFO - 2025-10-29 21:25:36 --> Session: Class initialized using 'CodeIgniter\Session\Handlers\FileHandler' driver.
INFO - 2025-10-29 21:25:36 --> [PREALERTA] Evaluando prealerta. consumo=7.950092 umbral90=7.182 limite=7.9800 dispositivo=2
INFO - 2025-10-29 21:25:36 --> [PREALERTA] Última prealerta datetime=2025-10-29 21:12:38 ts=1761783158 vs hace24=1761697536
INFO - 2025-10-29 21:25:36 --> [PREALERTA] Omitida por anti-spam (enviada hace menos de 24h).
INFO - 2025-10-29 21:25:41 --> Session: Class initialized using 'CodeIgniter\Session\Handlers\FileHandler' driver.
INFO - 2025-10-29 21:25:42 --> Session: Class initialized using 'CodeIgniter\Session\Handlers\FileHandler' driver.
INFO - 2025-10-29 21:25:42 --> Límite obtenido (general): 7.9800 kWh, IP: 192.168.0.232
INFO - 2025-10-29 21:25:43 --> Session: Class initialized using 'CodeIgniter\Session\Handlers\FileHandler' driver.
INFO - 2025-10-29 21:25:43 --> [PREALERTA] Evaluando prealerta. consumo=7.951866 umbral90=7.182 limite=7.9800 dispositivo=2
INFO - 2025-10-29 21:25:43 --> [PREALERTA] Última prealerta datetime=2025-10-29 21:12:38 ts=1761783158 vs hace24=1761697543
INFO - 2025-10-29 21:25:43 --> [PREALERTA] Omitida por anti-spam (enviada hace menos de 24h).
INFO - 2025-10-29 21:25:46 --> Session: Class initialized using 'CodeIgniter\Session\Handlers\FileHandler' driver.
INFO - 2025-10-29 21:25:49 --> Session: Class initialized using 'CodeIgniter\Session\Handlers\FileHandler' driver.
INFO - 2025-10-29 21:25:49 --> Límite obtenido (general): 7.9800 kWh, IP: 192.168.0.232
INFO - 2025-10-29 21:25:50 --> Session: Class initialized using 'CodeIgniter\Session\Handlers\FileHandler' driver.
INFO - 2025-10-29 21:25:50 --> [PREALERTA] Evaluando prealerta. consumo=7.953638 umbral90=7.182 limite=7.9800 dispositivo=2
INFO - 2025-10-29 21:25:50 --> [PREALERTA] Última prealerta datetime=2025-10-29 21:12:38 ts=1761783158 vs hace24=1761697550
INFO - 2025-10-29 21:25:50 --> [PREALERTA] Omitida por anti-spam (enviada hace menos de 24h).
INFO - 2025-10-29 21:25:51 --> Session: Class initialized using 'CodeIgniter\Session\Handlers\FileHandler' driver.
INFO - 2025-10-29 21:25:56 --> Session: Class initialized using 'CodeIgniter\Session\Handlers\FileHandler' driver.
INFO - 2025-10-29 21:25:56 --> Session: Class initialized using 'CodeIgniter\Session\Handlers\FileHandler' driver.
INFO - 2025-10-29 21:25:56 --> Límite obtenido (general): 7.9800 kWh, IP: 192.168.0.232
INFO - 2025-10-29 21:25:57 --> Session: Class initialized using 'CodeIgniter\Session\Handlers\FileHandler' driver.
INFO - 2025-10-29 21:25:57 --> [PREALERTA] Evaluando prealerta. consumo=7.95537 umbral90=7.182 limite=7.9800 dispositivo=2
INFO - 2025-10-29 21:25:57 --> [PREALERTA] Última prealerta datetime=2025-10-29 21:12:38 ts=1761783158 vs hace24=1761697557
INFO - 2025-10-29 21:25:57 --> [PREALERTA] Omitida por anti-spam (enviada hace menos de 24h).
INFO - 2025-10-29 21:26:01 --> Session: Class initialized using 'CodeIgniter\Session\Handlers\FileHandler' driver.
INFO - 2025-10-29 21:26:03 --> Session: Class initialized using 'CodeIgniter\Session\Handlers\FileHandler' driver.
INFO - 2025-10-29 21:26:03 --> Límite obtenido (general): 7.9800 kWh, IP: 192.168.0.232
INFO - 2025-10-29 21:26:04 --> Session: Class initialized using 'CodeIgniter\Session\Handlers\FileHandler' driver.
INFO - 2025-10-29 21:26:04 --> [PREALERTA] Evaluando prealerta. consumo=7.957086 umbral90=7.182 limite=7.9800 dispositivo=2
INFO - 2025-10-29 21:26:04 --> [PREALERTA] Última prealerta datetime=2025-10-29 21:12:38 ts=1761783158 vs hace24=1761697564
INFO - 2025-10-29 21:26:04 --> [PREALERTA] Omitida por anti-spam (enviada hace menos de 24h).
INFO - 2025-10-29 21:26:06 --> Session: Class initialized using 'CodeIgniter\Session\Handlers\FileHandler' driver.
INFO - 2025-10-29 21:26:10 --> Session: Class initialized using 'CodeIgniter\Session\Handlers\FileHandler' driver.
INFO - 2025-10-29 21:26:10 --> Límite obtenido (general): 7.9800 kWh, IP: 192.168.0.232
INFO - 2025-10-29 21:26:11 --> Session: Class initialized using 'CodeIgniter\Session\Handlers\FileHandler' driver.
INFO - 2025-10-29 21:26:11 --> Session: Class initialized using 'CodeIgniter\Session\Handlers\FileHandler' driver.
INFO - 2025-10-29 21:26:11 --> [PREALERTA] Evaluando prealerta. consumo=7.958836 umbral90=7.182 limite=7.9800 dispositivo=2
INFO - 2025-10-29 21:26:11 --> [PREALERTA] Última prealerta datetime=2025-10-29 21:12:38 ts=1761783158 vs hace24=1761697571
INFO - 2025-10-29 21:26:11 --> [PREALERTA] Omitida por anti-spam (enviada hace menos de 24h).
INFO - 2025-10-29 21:26:16 --> Session: Class initialized using 'CodeIgniter\Session\Handlers\FileHandler' driver.
INFO - 2025-10-29 21:26:17 --> Session: Class initialized using 'CodeIgniter\Session\Handlers\FileHandler' driver.
INFO - 2025-10-29 21:26:17 --> Límite obtenido (general): 7.9800 kWh, IP: 192.168.0.232
INFO - 2025-10-29 21:26:18 --> Session: Class initialized using 'CodeIgniter\Session\Handlers\FileHandler' driver.
INFO - 2025-10-29 21:26:18 --> [PREALERTA] Evaluando prealerta. consumo=7.960556 umbral90=7.182 limite=7.9800 dispositivo=2
INFO - 2025-10-29 21:26:18 --> [PREALERTA] Última prealerta datetime=2025-10-29 21:12:38 ts=1761783158 vs hace24=1761697578
INFO - 2025-10-29 21:26:18 --> [PREALERTA] Omitida por anti-spam (enviada hace menos de 24h).
INFO - 2025-10-29 21:26:21 --> Session: Class initialized using 'CodeIgniter\Session\Handlers\FileHandler' driver.
INFO - 2025-10-29 21:26:23 --> Session: Class initialized using 'CodeIgniter\Session\Handlers\FileHandler' driver.
INFO - 2025-10-29 21:26:23 --> Límite obtenido (general): 7.9800 kWh, IP: 192.168.0.232
INFO - 2025-10-29 21:26:25 --> Session: Class initialized using 'CodeIgniter\Session\Handlers\FileHandler' driver.
INFO - 2025-10-29 21:26:25 --> [PREALERTA] Evaluando prealerta. consumo=7.962256 umbral90=7.182 limite=7.9800 dispositivo=2
INFO - 2025-10-29 21:26:25 --> [PREALERTA] Última prealerta datetime=2025-10-29 21:12:38 ts=1761783158 vs hace24=1761697585
INFO - 2025-10-29 21:26:25 --> [PREALERTA] Omitida por anti-spam (enviada hace menos de 24h).
INFO - 2025-10-29 21:26:26 --> Session: Class initialized using 'CodeIgniter\Session\Handlers\FileHandler' driver.
INFO - 2025-10-29 21:26:30 --> Session: Class initialized using 'CodeIgniter\Session\Handlers\FileHandler' driver.
INFO - 2025-10-29 21:26:30 --> Límite obtenido (general): 7.9800 kWh, IP: 192.168.0.232
INFO - 2025-10-29 21:26:31 --> Session: Class initialized using 'CodeIgniter\Session\Handlers\FileHandler' driver.
INFO - 2025-10-29 21:26:32 --> Session: Class initialized using 'CodeIgniter\Session\Handlers\FileHandler' driver.
INFO - 2025-10-29 21:26:32 --> [PREALERTA] Evaluando prealerta. consumo=7.963988 umbral90=7.182 limite=7.9800 dispositivo=2
INFO - 2025-10-29 21:26:32 --> [PREALERTA] Última prealerta datetime=2025-10-29 21:12:38 ts=1761783158 vs hace24=1761697592
INFO - 2025-10-29 21:26:32 --> [PREALERTA] Omitida por anti-spam (enviada hace menos de 24h).
INFO - 2025-10-29 21:26:36 --> Session: Class initialized using 'CodeIgniter\Session\Handlers\FileHandler' driver.
INFO - 2025-10-29 21:26:38 --> Session: Class initialized using 'CodeIgniter\Session\Handlers\FileHandler' driver.
INFO - 2025-10-29 21:26:38 --> Límite obtenido (general): 7.9800 kWh, IP: 192.168.0.232
INFO - 2025-10-29 21:26:39 --> Session: Class initialized using 'CodeIgniter\Session\Handlers\FileHandler' driver.
INFO - 2025-10-29 21:26:39 --> [PREALERTA] Evaluando prealerta. consumo=7.965734 umbral90=7.182 limite=7.9800 dispositivo=2
INFO - 2025-10-29 21:26:39 --> [PREALERTA] Última prealerta datetime=2025-10-29 21:12:38 ts=1761783158 vs hace24=1761697599
INFO - 2025-10-29 21:26:39 --> [PREALERTA] Omitida por anti-spam (enviada hace menos de 24h).
INFO - 2025-10-29 21:26:41 --> Session: Class initialized using 'CodeIgniter\Session\Handlers\FileHandler' driver.
INFO - 2025-10-29 21:26:45 --> Session: Class initialized using 'CodeIgniter\Session\Handlers\FileHandler' driver.
INFO - 2025-10-29 21:26:45 --> Límite obtenido (general): 7.9800 kWh, IP: 192.168.0.232
INFO - 2025-10-29 21:26:46 --> Session: Class initialized using 'CodeIgniter\Session\Handlers\FileHandler' driver.
INFO - 2025-10-29 21:26:46 --> Session: Class initialized using 'CodeIgniter\Session\Handlers\FileHandler' driver.
INFO - 2025-10-29 21:26:46 --> [PREALERTA] Evaluando prealerta. consumo=7.967494 umbral90=7.182 limite=7.9800 dispositivo=2
INFO - 2025-10-29 21:26:46 --> [PREALERTA] Última prealerta datetime=2025-10-29 21:12:38 ts=1761783158 vs hace24=1761697606
INFO - 2025-10-29 21:26:46 --> [PREALERTA] Omitida por anti-spam (enviada hace menos de 24h).
INFO - 2025-10-29 21:26:51 --> Session: Class initialized using 'CodeIgniter\Session\Handlers\FileHandler' driver.
INFO - 2025-10-29 21:26:52 --> Session: Class initialized using 'CodeIgniter\Session\Handlers\FileHandler' driver.
INFO - 2025-10-29 21:26:52 --> Límite obtenido (general): 7.9800 kWh, IP: 192.168.0.232
INFO - 2025-10-29 21:26:53 --> Session: Class initialized using 'CodeIgniter\Session\Handlers\FileHandler' driver.
INFO - 2025-10-29 21:26:53 --> [PREALERTA] Evaluando prealerta. consumo=7.969235 umbral90=7.182 limite=7.9800 dispositivo=2
INFO - 2025-10-29 21:26:53 --> [PREALERTA] Última prealerta datetime=2025-10-29 21:12:38 ts=1761783158 vs hace24=1761697613
INFO - 2025-10-29 21:26:53 --> [PREALERTA] Omitida por anti-spam (enviada hace menos de 24h).
INFO - 2025-10-29 21:26:56 --> Session: Class initialized using 'CodeIgniter\Session\Handlers\FileHandler' driver.
INFO - 2025-10-29 21:26:59 --> Session: Class initialized using 'CodeIgniter\Session\Handlers\FileHandler' driver.
INFO - 2025-10-29 21:26:59 --> Límite obtenido (general): 7.9800 kWh, IP: 192.168.0.232
INFO - 2025-10-29 21:27:00 --> Session: Class initialized using 'CodeIgniter\Session\Handlers\FileHandler' driver.
INFO - 2025-10-29 21:27:00 --> [PREALERTA] Evaluando prealerta. consumo=7.970995 umbral90=7.182 limite=7.9800 dispositivo=2
INFO - 2025-10-29 21:27:00 --> [PREALERTA] Última prealerta datetime=2025-10-29 21:12:38 ts=1761783158 vs hace24=1761697620
INFO - 2025-10-29 21:27:00 --> [PREALERTA] Omitida por anti-spam (enviada hace menos de 24h).
INFO - 2025-10-29 21:27:01 --> Session: Class initialized using 'CodeIgniter\Session\Handlers\FileHandler' driver.
INFO - 2025-10-29 21:27:06 --> Session: Class initialized using 'CodeIgniter\Session\Handlers\FileHandler' driver.
INFO - 2025-10-29 21:27:06 --> Límite obtenido (general): 7.9800 kWh, IP: 192.168.0.232
INFO - 2025-10-29 21:27:06 --> Session: Class initialized using 'CodeIgniter\Session\Handlers\FileHandler' driver.
INFO - 2025-10-29 21:27:07 --> Session: Class initialized using 'CodeIgniter\Session\Handlers\FileHandler' driver.
INFO - 2025-10-29 21:27:07 --> [PREALERTA] Evaluando prealerta. consumo=7.972759 umbral90=7.182 limite=7.9800 dispositivo=2
INFO - 2025-10-29 21:27:07 --> [PREALERTA] Última prealerta datetime=2025-10-29 21:12:38 ts=1761783158 vs hace24=1761697627
INFO - 2025-10-29 21:27:07 --> [PREALERTA] Omitida por anti-spam (enviada hace menos de 24h).
INFO - 2025-10-29 21:27:11 --> Session: Class initialized using 'CodeIgniter\Session\Handlers\FileHandler' driver.
INFO - 2025-10-29 21:27:12 --> Session: Class initialized using 'CodeIgniter\Session\Handlers\FileHandler' driver.
INFO - 2025-10-29 21:27:12 --> Límite obtenido (general): 7.9800 kWh, IP: 192.168.0.232
INFO - 2025-10-29 21:27:14 --> Session: Class initialized using 'CodeIgniter\Session\Handlers\FileHandler' driver.
INFO - 2025-10-29 21:27:14 --> [PREALERTA] Evaluando prealerta. consumo=7.974512 umbral90=7.182 limite=7.9800 dispositivo=2
INFO - 2025-10-29 21:27:14 --> [PREALERTA] Última prealerta datetime=2025-10-29 21:12:38 ts=1761783158 vs hace24=1761697634
INFO - 2025-10-29 21:27:14 --> [PREALERTA] Omitida por anti-spam (enviada hace menos de 24h).
INFO - 2025-10-29 21:27:16 --> Session: Class initialized using 'CodeIgniter\Session\Handlers\FileHandler' driver.
INFO - 2025-10-29 21:27:19 --> Session: Class initialized using 'CodeIgniter\Session\Handlers\FileHandler' driver.
INFO - 2025-10-29 21:27:19 --> Límite obtenido (general): 7.9800 kWh, IP: 192.168.0.232
INFO - 2025-10-29 21:27:20 --> Session: Class initialized using 'CodeIgniter\Session\Handlers\FileHandler' driver.
INFO - 2025-10-29 21:27:20 --> [PREALERTA] Evaluando prealerta. consumo=7.976264 umbral90=7.182 limite=7.9800 dispositivo=2
INFO - 2025-10-29 21:27:20 --> [PREALERTA] Última prealerta datetime=2025-10-29 21:12:38 ts=1761783158 vs hace24=1761697640
INFO - 2025-10-29 21:27:20 --> [PREALERTA] Omitida por anti-spam (enviada hace menos de 24h).
INFO - 2025-10-29 21:27:21 --> Session: Class initialized using 'CodeIgniter\Session\Handlers\FileHandler' driver.
INFO - 2025-10-29 21:27:26 --> Session: Class initialized using 'CodeIgniter\Session\Handlers\FileHandler' driver.
INFO - 2025-10-29 21:27:26 --> Session: Class initialized using 'CodeIgniter\Session\Handlers\FileHandler' driver.
INFO - 2025-10-29 21:27:26 --> Límite obtenido (general): 7.9800 kWh, IP: 192.168.0.232
INFO - 2025-10-29 21:27:27 --> Session: Class initialized using 'CodeIgniter\Session\Handlers\FileHandler' driver.
INFO - 2025-10-29 21:27:27 --> [PREALERTA] Evaluando prealerta. consumo=7.978046 umbral90=7.182 limite=7.9800 dispositivo=2
INFO - 2025-10-29 21:27:27 --> [PREALERTA] Última prealerta datetime=2025-10-29 21:12:38 ts=1761783158 vs hace24=1761697647
INFO - 2025-10-29 21:27:27 --> [PREALERTA] Omitida por anti-spam (enviada hace menos de 24h).
INFO - 2025-10-29 21:27:31 --> Session: Class initialized using 'CodeIgniter\Session\Handlers\FileHandler' driver.
INFO - 2025-10-29 21:27:33 --> Session: Class initialized using 'CodeIgniter\Session\Handlers\FileHandler' driver.
INFO - 2025-10-29 21:27:33 --> Límite obtenido (general): 7.9800 kWh, IP: 192.168.0.232
INFO - 2025-10-29 21:27:34 --> Session: Class initialized using 'CodeIgniter\Session\Handlers\FileHandler' driver.
INFO - 2025-10-29 21:27:34 --> [PREALERTA] Evaluando prealerta. consumo=7.979842 umbral90=7.182 limite=7.9800 dispositivo=2
INFO - 2025-10-29 21:27:34 --> [PREALERTA] Última prealerta datetime=2025-10-29 21:12:38 ts=1761783158 vs hace24=1761697654
INFO - 2025-10-29 21:27:34 --> [PREALERTA] Omitida por anti-spam (enviada hace menos de 24h).
INFO - 2025-10-29 21:27:36 --> Session: Class initialized using 'CodeIgniter\Session\Handlers\FileHandler' driver.
INFO - 2025-10-29 21:27:40 --> Session: Class initialized using 'CodeIgniter\Session\Handlers\FileHandler' driver.
INFO - 2025-10-29 21:27:40 --> Límite obtenido (general): 7.9800 kWh, IP: 192.168.0.232
INFO - 2025-10-29 21:27:41 --> Session: Class initialized using 'CodeIgniter\Session\Handlers\FileHandler' driver.
INFO - 2025-10-29 21:27:42 --> Session: Class initialized using 'CodeIgniter\Session\Handlers\FileHandler' driver.
DEBUG - 2025-10-29 21:27:42 --> Buscando usuario ID: 1
DEBUG - 2025-10-29 21:27:42 --> Resultado de la búsqueda: Array
(
    [id_usuario] => 1
    [nombre] => brunito
    [apellido] => barber
    [email] => brunocameille@alumnos.itr3.edu.ar
    [contrasena] => $2y$10$DfVf5j75GUow.8KQIROrQ.HgppT0Rq0gHjnl3td.ZZBDLZAYggz.u
    [direccion_id] => 0
    [id_rol] => 1
    [created_at] => 2025-04-07 13:37:30
    [updated_at] => 2025-10-13 19:57:07
    [invitado_por] => 
    [estado] => activo
    [token_activacion] => 
)

INFO - 2025-10-29 21:27:46 --> Session: Class initialized using 'CodeIgniter\Session\Handlers\FileHandler' driver.
INFO - 2025-10-29 21:27:47 --> Alerta de consumo enviada correctamente a brunocameille@alumnos.itr3.edu.ar
INFO - 2025-10-29 21:27:51 --> Session: Class initialized using 'CodeIgniter\Session\Handlers\FileHandler' driver.
INFO - 2025-10-29 21:27:56 --> Session: Class initialized using 'CodeIgniter\Session\Handlers\FileHandler' driver.
INFO - 2025-10-29 21:27:56 --> Session: Class initialized using 'CodeIgniter\Session\Handlers\FileHandler' driver.
INFO - 2025-10-29 21:27:56 --> Límite obtenido (general): 7.9800 kWh, IP: 192.168.0.232
INFO - 2025-10-29 21:27:57 --> Session: Class initialized using 'CodeIgniter\Session\Handlers\FileHandler' driver.
INFO - 2025-10-29 21:28:01 --> Session: Class initialized using 'CodeIgniter\Session\Handlers\FileHandler' driver.
INFO - 2025-10-29 21:28:04 --> Session: Class initialized using 'CodeIgniter\Session\Handlers\FileHandler' driver.
INFO - 2025-10-29 21:28:04 --> Límite obtenido (general): 7.9800 kWh, IP: 192.168.0.232
INFO - 2025-10-29 21:28:05 --> Session: Class initialized using 'CodeIgniter\Session\Handlers\FileHandler' driver.
INFO - 2025-10-29 21:28:06 --> Session: Class initialized using 'CodeIgniter\Session\Handlers\FileHandler' driver.
INFO - 2025-10-29 21:28:11 --> Session: Class initialized using 'CodeIgniter\Session\Handlers\FileHandler' driver.
INFO - 2025-10-29 21:28:11 --> Session: Class initialized using 'CodeIgniter\Session\Handlers\FileHandler' driver.
INFO - 2025-10-29 21:28:11 --> Límite obtenido (general): 7.9800 kWh, IP: 192.168.0.232
INFO - 2025-10-29 21:28:12 --> Session: Class initialized using 'CodeIgniter\Session\Handlers\FileHandler' driver.
INFO - 2025-10-29 21:28:16 --> Session: Class initialized using 'CodeIgniter\Session\Handlers\FileHandler' driver.
INFO - 2025-10-29 21:28:18 --> Session: Class initialized using 'CodeIgniter\Session\Handlers\FileHandler' driver.
INFO - 2025-10-29 21:28:18 --> Límite obtenido (general): 7.9800 kWh, IP: 192.168.0.232
INFO - 2025-10-29 21:28:19 --> Session: Class initialized using 'CodeIgniter\Session\Handlers\FileHandler' driver.
INFO - 2025-10-29 21:28:21 --> Session: Class initialized using 'CodeIgniter\Session\Handlers\FileHandler' driver.
INFO - 2025-10-29 21:28:24 --> Session: Class initialized using 'CodeIgniter\Session\Handlers\FileHandler' driver.
INFO - 2025-10-29 21:28:24 --> Límite obtenido (general): 7.9800 kWh, IP: 192.168.0.232
INFO - 2025-10-29 21:28:26 --> Session: Class initialized using 'CodeIgniter\Session\Handlers\FileHandler' driver.
INFO - 2025-10-29 21:28:26 --> Session: Class initialized using 'CodeIgniter\Session\Handlers\FileHandler' driver.
INFO - 2025-10-29 21:28:31 --> Session: Class initialized using 'CodeIgniter\Session\Handlers\FileHandler' driver.
INFO - 2025-10-29 21:28:31 --> Límite obtenido (general): 7.9800 kWh, IP: 192.168.0.232
INFO - 2025-10-29 21:28:31 --> Session: Class initialized using 'CodeIgniter\Session\Handlers\FileHandler' driver.
INFO - 2025-10-29 21:28:32 --> Session: Class initialized using 'CodeIgniter\Session\Handlers\FileHandler' driver.
INFO - 2025-10-29 21:28:36 --> Session: Class initialized using 'CodeIgniter\Session\Handlers\FileHandler' driver.
INFO - 2025-10-29 21:28:41 --> Session: Class initialized using 'CodeIgniter\Session\Handlers\FileHandler' driver.
INFO - 2025-10-29 21:28:45 --> Session: Class initialized using 'CodeIgniter\Session\Handlers\FileHandler' driver.
INFO - 2025-10-29 21:28:45 --> Límite obtenido (general): 7.9800 kWh, IP: 192.168.0.232
INFO - 2025-10-29 21:28:46 --> Session: Class initialized using 'CodeIgniter\Session\Handlers\FileHandler' driver.
INFO - 2025-10-29 21:28:50 --> Session: Class initialized using 'CodeIgniter\Session\Handlers\FileHandler' driver.
INFO - 2025-10-29 21:28:51 --> Session: Class initialized using 'CodeIgniter\Session\Handlers\FileHandler' driver.
INFO - 2025-10-29 21:28:56 --> Session: Class initialized using 'CodeIgniter\Session\Handlers\FileHandler' driver.
INFO - 2025-10-29 21:28:56 --> Límite obtenido (general): 7.9800 kWh, IP: 192.168.0.232
INFO - 2025-10-29 21:28:56 --> Session: Class initialized using 'CodeIgniter\Session\Handlers\FileHandler' driver.
INFO - 2025-10-29 21:28:57 --> Session: Class initialized using 'CodeIgniter\Session\Handlers\FileHandler' driver.
INFO - 2025-10-29 21:29:01 --> Session: Class initialized using 'CodeIgniter\Session\Handlers\FileHandler' driver.
INFO - 2025-10-29 21:29:03 --> Session: Class initialized using 'CodeIgniter\Session\Handlers\FileHandler' driver.
INFO - 2025-10-29 21:29:03 --> Límite obtenido (general): 7.9800 kWh, IP: 192.168.0.232
INFO - 2025-10-29 21:29:05 --> Session: Class initialized using 'CodeIgniter\Session\Handlers\FileHandler' driver.
INFO - 2025-10-29 21:29:06 --> Session: Class initialized using 'CodeIgniter\Session\Handlers\FileHandler' driver.
INFO - 2025-10-29 21:29:11 --> Session: Class initialized using 'CodeIgniter\Session\Handlers\FileHandler' driver.
INFO - 2025-10-29 21:29:11 --> Límite obtenido (general): 7.9800 kWh, IP: 192.168.0.232
INFO - 2025-10-29 21:29:11 --> Session: Class initialized using 'CodeIgniter\Session\Handlers\FileHandler' driver.
INFO - 2025-10-29 21:29:15 --> Session: Class initialized using 'CodeIgniter\Session\Handlers\FileHandler' driver.
INFO - 2025-10-29 21:29:16 --> Session: Class initialized using 'CodeIgniter\Session\Handlers\FileHandler' driver.
INFO - 2025-10-29 21:29:21 --> Session: Class initialized using 'CodeIgniter\Session\Handlers\FileHandler' driver.
INFO - 2025-10-29 21:29:21 --> Session: Class initialized using 'CodeIgniter\Session\Handlers\FileHandler' driver.
INFO - 2025-10-29 21:29:21 --> Límite obtenido (general): 7.9800 kWh, IP: 192.168.0.232
INFO - 2025-10-29 21:29:22 --> Session: Class initialized using 'CodeIgniter\Session\Handlers\FileHandler' driver.
INFO - 2025-10-29 21:29:26 --> Session: Class initialized using 'CodeIgniter\Session\Handlers\FileHandler' driver.
INFO - 2025-10-29 21:29:28 --> Session: Class initialized using 'CodeIgniter\Session\Handlers\FileHandler' driver.
INFO - 2025-10-29 21:29:28 --> Límite obtenido (general): 7.9800 kWh, IP: 192.168.0.232
INFO - 2025-10-29 21:29:29 --> Session: Class initialized using 'CodeIgniter\Session\Handlers\FileHandler' driver.
INFO - 2025-10-29 21:29:31 --> Session: Class initialized using 'CodeIgniter\Session\Handlers\FileHandler' driver.
INFO - 2025-10-29 21:29:35 --> Session: Class initialized using 'CodeIgniter\Session\Handlers\FileHandler' driver.
INFO - 2025-10-29 21:29:35 --> Límite obtenido (general): 7.9800 kWh, IP: 192.168.0.232
INFO - 2025-10-29 21:29:36 --> Session: Class initialized using 'CodeIgniter\Session\Handlers\FileHandler' driver.
INFO - 2025-10-29 21:29:36 --> Session: Class initialized using 'CodeIgniter\Session\Handlers\FileHandler' driver.
INFO - 2025-10-29 21:29:41 --> Session: Class initialized using 'CodeIgniter\Session\Handlers\FileHandler' driver.
INFO - 2025-10-29 21:29:41 --> Session: Class initialized using 'CodeIgniter\Session\Handlers\FileHandler' driver.
INFO - 2025-10-29 21:29:41 --> Límite obtenido (general): 7.9800 kWh, IP: 192.168.0.232
INFO - 2025-10-29 21:29:43 --> Session: Class initialized using 'CodeIgniter\Session\Handlers\FileHandler' driver.
INFO - 2025-10-29 21:29:46 --> Session: Class initialized using 'CodeIgniter\Session\Handlers\FileHandler' driver.
INFO - 2025-10-29 21:29:48 --> Session: Class initialized using 'CodeIgniter\Session\Handlers\FileHandler' driver.
INFO - 2025-10-29 21:29:48 --> Límite obtenido (general): 7.9800 kWh, IP: 192.168.0.232
INFO - 2025-10-29 21:29:49 --> Session: Class initialized using 'CodeIgniter\Session\Handlers\FileHandler' driver.
INFO - 2025-10-29 21:29:51 --> Session: Class initialized using 'CodeIgniter\Session\Handlers\FileHandler' driver.
INFO - 2025-10-29 21:29:55 --> Session: Class initialized using 'CodeIgniter\Session\Handlers\FileHandler' driver.
INFO - 2025-10-29 21:29:55 --> Límite obtenido (general): 7.9800 kWh, IP: 192.168.0.232
INFO - 2025-10-29 21:29:56 --> Session: Class initialized using 'CodeIgniter\Session\Handlers\FileHandler' driver.
INFO - 2025-10-29 21:29:56 --> Session: Class initialized using 'CodeIgniter\Session\Handlers\FileHandler' driver.
INFO - 2025-10-29 21:30:01 --> Session: Class initialized using 'CodeIgniter\Session\Handlers\FileHandler' driver.
INFO - 2025-10-29 21:30:02 --> Session: Class initialized using 'CodeIgniter\Session\Handlers\FileHandler' driver.
INFO - 2025-10-29 21:30:02 --> Límite obtenido (general): 7.9800 kWh, IP: 192.168.0.232
INFO - 2025-10-29 21:30:05 --> Session: Class initialized using 'CodeIgniter\Session\Handlers\FileHandler' driver.
INFO - 2025-10-29 21:30:06 --> Session: Class initialized using 'CodeIgniter\Session\Handlers\FileHandler' driver.
INFO - 2025-10-29 21:30:10 --> Session: Class initialized using 'CodeIgniter\Session\Handlers\FileHandler' driver.
INFO - 2025-10-29 21:30:10 --> Límite obtenido (general): 7.9800 kWh, IP: 192.168.0.232
INFO - 2025-10-29 21:30:11 --> Session: Class initialized using 'CodeIgniter\Session\Handlers\FileHandler' driver.
INFO - 2025-10-29 21:30:11 --> Session: Class initialized using 'CodeIgniter\Session\Handlers\FileHandler' driver.
INFO - 2025-10-29 21:30:16 --> Session: Class initialized using 'CodeIgniter\Session\Handlers\FileHandler' driver.
INFO - 2025-10-29 21:30:17 --> Session: Class initialized using 'CodeIgniter\Session\Handlers\FileHandler' driver.
INFO - 2025-10-29 21:30:17 --> Límite obtenido (general): 7.9800 kWh, IP: 192.168.0.232
INFO - 2025-10-29 21:30:18 --> Session: Class initialized using 'CodeIgniter\Session\Handlers\FileHandler' driver.
INFO - 2025-10-29 21:30:21 --> Session: Class initialized using 'CodeIgniter\Session\Handlers\FileHandler' driver.
INFO - 2025-10-29 21:30:24 --> Session: Class initialized using 'CodeIgniter\Session\Handlers\FileHandler' driver.
INFO - 2025-10-29 21:30:24 --> Límite obtenido (general): 7.9800 kWh, IP: 192.168.0.232
INFO - 2025-10-29 21:30:25 --> Session: Class initialized using 'CodeIgniter\Session\Handlers\FileHandler' driver.
INFO - 2025-10-29 21:30:26 --> Session: Class initialized using 'CodeIgniter\Session\Handlers\FileHandler' driver.
INFO - 2025-10-29 21:30:31 --> Session: Class initialized using 'CodeIgniter\Session\Handlers\FileHandler' driver.
INFO - 2025-10-29 21:30:31 --> Session: Class initialized using 'CodeIgniter\Session\Handlers\FileHandler' driver.
INFO - 2025-10-29 21:30:31 --> Límite obtenido (general): 7.9800 kWh, IP: 192.168.0.232
INFO - 2025-10-29 21:30:32 --> Session: Class initialized using 'CodeIgniter\Session\Handlers\FileHandler' driver.
INFO - 2025-10-29 21:30:36 --> Session: Class initialized using 'CodeIgniter\Session\Handlers\FileHandler' driver.
INFO - 2025-10-29 21:30:38 --> Session: Class initialized using 'CodeIgniter\Session\Handlers\FileHandler' driver.
INFO - 2025-10-29 21:30:38 --> Límite obtenido (general): 7.9800 kWh, IP: 192.168.0.232
INFO - 2025-10-29 21:30:39 --> Session: Class initialized using 'CodeIgniter\Session\Handlers\FileHandler' driver.
INFO - 2025-10-29 21:30:41 --> Session: Class initialized using 'CodeIgniter\Session\Handlers\FileHandler' driver.
INFO - 2025-10-29 21:30:45 --> Session: Class initialized using 'CodeIgniter\Session\Handlers\FileHandler' driver.
INFO - 2025-10-29 21:30:45 --> Límite obtenido (general): 7.9800 kWh, IP: 192.168.0.232
INFO - 2025-10-29 21:30:46 --> Session: Class initialized using 'CodeIgniter\Session\Handlers\FileHandler' driver.
INFO - 2025-10-29 21:30:46 --> Session: Class initialized using 'CodeIgniter\Session\Handlers\FileHandler' driver.
INFO - 2025-10-29 21:30:51 --> Session: Class initialized using 'CodeIgniter\Session\Handlers\FileHandler' driver.
INFO - 2025-10-29 21:30:52 --> Session: Class initialized using 'CodeIgniter\Session\Handlers\FileHandler' driver.
INFO - 2025-10-29 21:30:52 --> Límite obtenido (general): 7.9800 kWh, IP: 192.168.0.232
INFO - 2025-10-29 21:30:53 --> Session: Class initialized using 'CodeIgniter\Session\Handlers\FileHandler' driver.
INFO - 2025-10-29 21:30:56 --> Session: Class initialized using 'CodeIgniter\Session\Handlers\FileHandler' driver.
INFO - 2025-10-29 21:30:58 --> Session: Class initialized using 'CodeIgniter\Session\Handlers\FileHandler' driver.
INFO - 2025-10-29 21:30:58 --> Límite obtenido (general): 7.9800 kWh, IP: 192.168.0.232
INFO - 2025-10-29 21:31:00 --> Session: Class initialized using 'CodeIgniter\Session\Handlers\FileHandler' driver.
INFO - 2025-10-29 21:31:01 --> Session: Class initialized using 'CodeIgniter\Session\Handlers\FileHandler' driver.
INFO - 2025-10-29 21:31:05 --> Session: Class initialized using 'CodeIgniter\Session\Handlers\FileHandler' driver.
INFO - 2025-10-29 21:31:05 --> Límite obtenido (general): 7.9800 kWh, IP: 192.168.0.232
INFO - 2025-10-29 21:31:06 --> Session: Class initialized using 'CodeIgniter\Session\Handlers\FileHandler' driver.
INFO - 2025-10-29 21:31:06 --> Session: Class initialized using 'CodeIgniter\Session\Handlers\FileHandler' driver.
INFO - 2025-10-29 21:31:11 --> Session: Class initialized using 'CodeIgniter\Session\Handlers\FileHandler' driver.
INFO - 2025-10-29 21:31:12 --> Session: Class initialized using 'CodeIgniter\Session\Handlers\FileHandler' driver.
INFO - 2025-10-29 21:31:12 --> Límite obtenido (general): 7.9800 kWh, IP: 192.168.0.232
INFO - 2025-10-29 21:31:13 --> Session: Class initialized using 'CodeIgniter\Session\Handlers\FileHandler' driver.
INFO - 2025-10-29 21:31:16 --> Session: Class initialized using 'CodeIgniter\Session\Handlers\FileHandler' driver.
INFO - 2025-10-29 21:31:19 --> Session: Class initialized using 'CodeIgniter\Session\Handlers\FileHandler' driver.
INFO - 2025-10-29 21:31:19 --> Límite obtenido (general): 7.9800 kWh, IP: 192.168.0.232
INFO - 2025-10-29 21:31:20 --> Session: Class initialized using 'CodeIgniter\Session\Handlers\FileHandler' driver.
INFO - 2025-10-29 21:31:21 --> Session: Class initialized using 'CodeIgniter\Session\Handlers\FileHandler' driver.
DEBUG - 2025-10-29 21:31:23 --> Ruta actual: /Tesina/public/admin/dispositivos
INFO - 2025-10-29 21:31:23 --> Session: Class initialized using 'CodeIgniter\Session\Handlers\FileHandler' driver.
DEBUG - 2025-10-29 21:31:23 --> Datos en sesión: Array
(
    [__ci_last_regenerate] => 1761784271
    [_ci_previous_url] => http://192.168.0.138/Tesina/public/energia/dispositivo/2
    [id_usuario] => 1
    [nombre] => brunito
    [apellido] => barber
    [email] => brunocameille@alumnos.itr3.edu.ar
    [rol] => admin
    [logged_in] => 1
)

DEBUG - 2025-10-29 21:31:23 --> Buscando usuario ID: 1
DEBUG - 2025-10-29 21:31:23 --> Resultado de la búsqueda: Array
(
    [id_usuario] => 1
    [nombre] => brunito
    [apellido] => barber
    [email] => brunocameille@alumnos.itr3.edu.ar
    [contrasena] => $2y$10$DfVf5j75GUow.8KQIROrQ.HgppT0Rq0gHjnl3td.ZZBDLZAYggz.u
    [direccion_id] => 0
    [id_rol] => 1
    [created_at] => 2025-04-07 13:37:30
    [updated_at] => 2025-10-13 19:57:07
    [invitado_por] => 
    [estado] => activo
    [token_activacion] => 
)

DEBUG - 2025-10-29 21:31:25 --> Ruta actual: /Tesina/public/energia/dispositivo/1
INFO - 2025-10-29 21:31:25 --> Session: Class initialized using 'CodeIgniter\Session\Handlers\FileHandler' driver.
DEBUG - 2025-10-29 21:31:25 --> Datos en sesión: Array
(
    [__ci_last_regenerate] => 1761784271
    [_ci_previous_url] => http://192.168.0.138/Tesina/public/admin/dispositivos
    [id_usuario] => 1
    [nombre] => brunito
    [apellido] => barber
    [email] => brunocameille@alumnos.itr3.edu.ar
    [rol] => admin
    [logged_in] => 1
)

INFO - 2025-10-29 21:31:27 --> Session: Class initialized using 'CodeIgniter\Session\Handlers\FileHandler' driver.
INFO - 2025-10-29 21:31:27 --> Límite obtenido (general): 7.9800 kWh, IP: 192.168.0.232
INFO - 2025-10-29 21:31:28 --> Session: Class initialized using 'CodeIgniter\Session\Handlers\FileHandler' driver.
DEBUG - 2025-10-29 21:31:30 --> Ruta actual: /Tesina/public/admin/dispositivos
INFO - 2025-10-29 21:31:30 --> Session: Class initialized using 'CodeIgniter\Session\Handlers\FileHandler' driver.
DEBUG - 2025-10-29 21:31:30 --> Datos en sesión: Array
(
    [__ci_last_regenerate] => 1761784271
    [_ci_previous_url] => http://192.168.0.138/Tesina/public/energia/dispositivo/1
    [id_usuario] => 1
    [nombre] => brunito
    [apellido] => barber
    [email] => brunocameille@alumnos.itr3.edu.ar
    [rol] => admin
    [logged_in] => 1
)

DEBUG - 2025-10-29 21:31:30 --> Buscando usuario ID: 1
DEBUG - 2025-10-29 21:31:30 --> Resultado de la búsqueda: Array
(
    [id_usuario] => 1
    [nombre] => brunito
    [apellido] => barber
    [email] => brunocameille@alumnos.itr3.edu.ar
    [contrasena] => $2y$10$DfVf5j75GUow.8KQIROrQ.HgppT0Rq0gHjnl3td.ZZBDLZAYggz.u
    [direccion_id] => 0
    [id_rol] => 1
    [created_at] => 2025-04-07 13:37:30
    [updated_at] => 2025-10-13 19:57:07
    [invitado_por] => 
    [estado] => activo
    [token_activacion] => 
)

DEBUG - 2025-10-29 21:31:32 --> Ruta actual: /Tesina/public/energia/dispositivo/2
INFO - 2025-10-29 21:31:32 --> Session: Class initialized using 'CodeIgniter\Session\Handlers\FileHandler' driver.
DEBUG - 2025-10-29 21:31:32 --> Datos en sesión: Array
(
    [__ci_last_regenerate] => 1761784271
    [_ci_previous_url] => http://192.168.0.138/Tesina/public/admin/dispositivos
    [id_usuario] => 1
    [nombre] => brunito
    [apellido] => barber
    [email] => brunocameille@alumnos.itr3.edu.ar
    [rol] => admin
    [logged_in] => 1
)

INFO - 2025-10-29 21:31:32 --> Session: Class initialized using 'CodeIgniter\Session\Handlers\FileHandler' driver.
INFO - 2025-10-29 21:31:32 --> Session: Class initialized using 'CodeIgniter\Session\Handlers\FileHandler' driver.
INFO - 2025-10-29 21:31:33 --> Session: Class initialized using 'CodeIgniter\Session\Handlers\FileHandler' driver.
INFO - 2025-10-29 21:31:35 --> Session: Class initialized using 'CodeIgniter\Session\Handlers\FileHandler' driver.
INFO - 2025-10-29 21:31:35 --> Límite obtenido (general): 7.9800 kWh, IP: 192.168.0.232
INFO - 2025-10-29 21:31:36 --> Session: Class initialized using 'CodeIgniter\Session\Handlers\FileHandler' driver.
INFO - 2025-10-29 21:31:37 --> Session: Class initialized using 'CodeIgniter\Session\Handlers\FileHandler' driver.
INFO - 2025-10-29 21:31:42 --> Session: Class initialized using 'CodeIgniter\Session\Handlers\FileHandler' driver.
INFO - 2025-10-29 21:31:42 --> Límite obtenido (general): 7.9800 kWh, IP: 192.168.0.232
INFO - 2025-10-29 21:31:42 --> Session: Class initialized using 'CodeIgniter\Session\Handlers\FileHandler' driver.
INFO - 2025-10-29 21:31:43 --> Session: Class initialized using 'CodeIgniter\Session\Handlers\FileHandler' driver.
INFO - 2025-10-29 21:31:47 --> Session: Class initialized using 'CodeIgniter\Session\Handlers\FileHandler' driver.
INFO - 2025-10-29 21:31:49 --> Session: Class initialized using 'CodeIgniter\Session\Handlers\FileHandler' driver.
INFO - 2025-10-29 21:31:49 --> Límite obtenido (general): 7.9800 kWh, IP: 192.168.0.232
INFO - 2025-10-29 21:31:51 --> Session: Class initialized using 'CodeIgniter\Session\Handlers\FileHandler' driver.
INFO - 2025-10-29 21:31:52 --> Session: Class initialized using 'CodeIgniter\Session\Handlers\FileHandler' driver.
INFO - 2025-10-29 21:31:57 --> Session: Class initialized using 'CodeIgniter\Session\Handlers\FileHandler' driver.
INFO - 2025-10-29 21:31:57 --> Límite obtenido (general): 7.9800 kWh, IP: 192.168.0.232
INFO - 2025-10-29 21:31:57 --> Session: Class initialized using 'CodeIgniter\Session\Handlers\FileHandler' driver.
INFO - 2025-10-29 21:31:58 --> Session: Class initialized using 'CodeIgniter\Session\Handlers\FileHandler' driver.
INFO - 2025-10-29 21:32:02 --> Session: Class initialized using 'CodeIgniter\Session\Handlers\FileHandler' driver.
INFO - 2025-10-29 21:32:03 --> Session: Class initialized using 'CodeIgniter\Session\Handlers\FileHandler' driver.
INFO - 2025-10-29 21:32:04 --> Límite obtenido (general): 7.9800 kWh, IP: 192.168.0.232
INFO - 2025-10-29 21:32:05 --> Session: Class initialized using 'CodeIgniter\Session\Handlers\FileHandler' driver.
INFO - 2025-10-29 21:32:07 --> Session: Class initialized using 'CodeIgniter\Session\Handlers\FileHandler' driver.
INFO - 2025-10-29 21:32:11 --> Session: Class initialized using 'CodeIgniter\Session\Handlers\FileHandler' driver.
INFO - 2025-10-29 21:32:11 --> Límite obtenido (general): 7.9800 kWh, IP: 192.168.0.232
INFO - 2025-10-29 21:32:12 --> Session: Class initialized using 'CodeIgniter\Session\Handlers\FileHandler' driver.
INFO - 2025-10-29 21:32:13 --> Session: Class initialized using 'CodeIgniter\Session\Handlers\FileHandler' driver.
INFO - 2025-10-29 21:32:17 --> Session: Class initialized using 'CodeIgniter\Session\Handlers\FileHandler' driver.
INFO - 2025-10-29 21:32:18 --> Session: Class initialized using 'CodeIgniter\Session\Handlers\FileHandler' driver.
INFO - 2025-10-29 21:32:18 --> Límite obtenido (general): 7.9800 kWh, IP: 192.168.0.232
INFO - 2025-10-29 21:32:19 --> Session: Class initialized using 'CodeIgniter\Session\Handlers\FileHandler' driver.
INFO - 2025-10-29 21:32:22 --> Session: Class initialized using 'CodeIgniter\Session\Handlers\FileHandler' driver.
INFO - 2025-10-29 21:32:25 --> Session: Class initialized using 'CodeIgniter\Session\Handlers\FileHandler' driver.
INFO - 2025-10-29 21:32:25 --> Límite obtenido (general): 7.9800 kWh, IP: 192.168.0.232
INFO - 2025-10-29 21:32:26 --> Session: Class initialized using 'CodeIgniter\Session\Handlers\FileHandler' driver.
INFO - 2025-10-29 21:32:27 --> Session: Class initialized using 'CodeIgniter\Session\Handlers\FileHandler' driver.
INFO - 2025-10-29 21:32:32 --> Session: Class initialized using 'CodeIgniter\Session\Handlers\FileHandler' driver.
INFO - 2025-10-29 21:32:32 --> Límite obtenido (general): 7.9800 kWh, IP: 192.168.0.232
INFO - 2025-10-29 21:32:32 --> Session: Class initialized using 'CodeIgniter\Session\Handlers\FileHandler' driver.
INFO - 2025-10-29 21:32:33 --> Session: Class initialized using 'CodeIgniter\Session\Handlers\FileHandler' driver.
INFO - 2025-10-29 21:32:37 --> Session: Class initialized using 'CodeIgniter\Session\Handlers\FileHandler' driver.
INFO - 2025-10-29 21:32:39 --> Session: Class initialized using 'CodeIgniter\Session\Handlers\FileHandler' driver.
INFO - 2025-10-29 21:32:39 --> Límite obtenido (general): 7.9800 kWh, IP: 192.168.0.232
INFO - 2025-10-29 21:32:40 --> Session: Class initialized using 'CodeIgniter\Session\Handlers\FileHandler' driver.
INFO - 2025-10-29 21:32:42 --> Session: Class initialized using 'CodeIgniter\Session\Handlers\FileHandler' driver.
INFO - 2025-10-29 21:32:46 --> Session: Class initialized using 'CodeIgniter\Session\Handlers\FileHandler' driver.
INFO - 2025-10-29 21:32:46 --> Límite obtenido (general): 7.9800 kWh, IP: 192.168.0.232
INFO - 2025-10-29 21:32:47 --> Session: Class initialized using 'CodeIgniter\Session\Handlers\FileHandler' driver.
INFO - 2025-10-29 21:32:47 --> Session: Class initialized using 'CodeIgniter\Session\Handlers\FileHandler' driver.
INFO - 2025-10-29 21:32:52 --> Session: Class initialized using 'CodeIgniter\Session\Handlers\FileHandler' driver.
INFO - 2025-10-29 21:32:53 --> Session: Class initialized using 'CodeIgniter\Session\Handlers\FileHandler' driver.
INFO - 2025-10-29 21:32:53 --> Límite obtenido (general): 7.9800 kWh, IP: 192.168.0.232
INFO - 2025-10-29 21:32:54 --> Session: Class initialized using 'CodeIgniter\Session\Handlers\FileHandler' driver.
INFO - 2025-10-29 21:32:57 --> Session: Class initialized using 'CodeIgniter\Session\Handlers\FileHandler' driver.
INFO - 2025-10-29 21:32:59 --> Session: Class initialized using 'CodeIgniter\Session\Handlers\FileHandler' driver.
INFO - 2025-10-29 21:32:59 --> Límite obtenido (general): 7.9800 kWh, IP: 192.168.0.232
INFO - 2025-10-29 21:33:01 --> Session: Class initialized using 'CodeIgniter\Session\Handlers\FileHandler' driver.
INFO - 2025-10-29 21:33:02 --> Session: Class initialized using 'CodeIgniter\Session\Handlers\FileHandler' driver.
INFO - 2025-10-29 21:33:07 --> Session: Class initialized using 'CodeIgniter\Session\Handlers\FileHandler' driver.
INFO - 2025-10-29 21:33:12 --> Session: Class initialized using 'CodeIgniter\Session\Handlers\FileHandler' driver.
INFO - 2025-10-29 21:33:17 --> Session: Class initialized using 'CodeIgniter\Session\Handlers\FileHandler' driver.
INFO - 2025-10-29 21:33:21 --> Session: Class initialized using 'CodeIgniter\Session\Handlers\FileHandler' driver.
INFO - 2025-10-29 21:33:21 --> Límite obtenido (general): 7.9800 kWh, IP: 192.168.0.232
INFO - 2025-10-29 21:33:22 --> Session: Class initialized using 'CodeIgniter\Session\Handlers\FileHandler' driver.
INFO - 2025-10-29 21:33:23 --> Session: Class initialized using 'CodeIgniter\Session\Handlers\FileHandler' driver.
INFO - 2025-10-29 21:33:27 --> Session: Class initialized using 'CodeIgniter\Session\Handlers\FileHandler' driver.
INFO - 2025-10-29 21:33:28 --> Session: Class initialized using 'CodeIgniter\Session\Handlers\FileHandler' driver.
INFO - 2025-10-29 21:33:28 --> Límite obtenido (general): 7.9800 kWh, IP: 192.168.0.232
INFO - 2025-10-29 21:33:29 --> Session: Class initialized using 'CodeIgniter\Session\Handlers\FileHandler' driver.
INFO - 2025-10-29 21:33:32 --> Session: Class initialized using 'CodeIgniter\Session\Handlers\FileHandler' driver.
INFO - 2025-10-29 21:33:37 --> Session: Class initialized using 'CodeIgniter\Session\Handlers\FileHandler' driver.
INFO - 2025-10-29 21:33:39 --> Session: Class initialized using 'CodeIgniter\Session\Handlers\FileHandler' driver.
INFO - 2025-10-29 21:33:39 --> Límite obtenido (general): 7.9800 kWh, IP: 192.168.0.232
INFO - 2025-10-29 21:33:42 --> Session: Class initialized using 'CodeIgniter\Session\Handlers\FileHandler' driver.
INFO - 2025-10-29 21:33:44 --> Session: Class initialized using 'CodeIgniter\Session\Handlers\FileHandler' driver.
INFO - 2025-10-29 21:33:47 --> Session: Class initialized using 'CodeIgniter\Session\Handlers\FileHandler' driver.
INFO - 2025-10-29 21:33:51 --> Session: Class initialized using 'CodeIgniter\Session\Handlers\FileHandler' driver.
INFO - 2025-10-29 21:33:51 --> Límite obtenido (general): 7.9800 kWh, IP: 192.168.0.232
INFO - 2025-10-29 21:33:52 --> Session: Class initialized using 'CodeIgniter\Session\Handlers\FileHandler' driver.
INFO - 2025-10-29 21:33:52 --> Session: Class initialized using 'CodeIgniter\Session\Handlers\FileHandler' driver.
INFO - 2025-10-29 21:33:57 --> Session: Class initialized using 'CodeIgniter\Session\Handlers\FileHandler' driver.
INFO - 2025-10-29 21:33:58 --> Session: Class initialized using 'CodeIgniter\Session\Handlers\FileHandler' driver.
INFO - 2025-10-29 21:33:58 --> Límite obtenido (general): 7.9800 kWh, IP: 192.168.0.232
INFO - 2025-10-29 21:33:59 --> Session: Class initialized using 'CodeIgniter\Session\Handlers\FileHandler' driver.
INFO - 2025-10-29 21:34:02 --> Session: Class initialized using 'CodeIgniter\Session\Handlers\FileHandler' driver.
INFO - 2025-10-29 21:34:05 --> Session: Class initialized using 'CodeIgniter\Session\Handlers\FileHandler' driver.
INFO - 2025-10-29 21:34:05 --> Límite obtenido (general): 7.9800 kWh, IP: 192.168.0.232
INFO - 2025-10-29 21:34:06 --> Session: Class initialized using 'CodeIgniter\Session\Handlers\FileHandler' driver.
INFO - 2025-10-29 21:34:07 --> Session: Class initialized using 'CodeIgniter\Session\Handlers\FileHandler' driver.
INFO - 2025-10-29 21:34:12 --> Session: Class initialized using 'CodeIgniter\Session\Handlers\FileHandler' driver.
INFO - 2025-10-29 21:34:12 --> Límite obtenido (general): 7.9800 kWh, IP: 192.168.0.232
INFO - 2025-10-29 21:34:12 --> Session: Class initialized using 'CodeIgniter\Session\Handlers\FileHandler' driver.
INFO - 2025-10-29 21:34:13 --> Session: Class initialized using 'CodeIgniter\Session\Handlers\FileHandler' driver.
INFO - 2025-10-29 21:34:17 --> Session: Class initialized using 'CodeIgniter\Session\Handlers\FileHandler' driver.
INFO - 2025-10-29 21:34:19 --> Session: Class initialized using 'CodeIgniter\Session\Handlers\FileHandler' driver.
INFO - 2025-10-29 21:34:19 --> Límite obtenido (general): 7.9800 kWh, IP: 192.168.0.232
INFO - 2025-10-29 21:34:21 --> Session: Class initialized using 'CodeIgniter\Session\Handlers\FileHandler' driver.
INFO - 2025-10-29 21:34:22 --> Session: Class initialized using 'CodeIgniter\Session\Handlers\FileHandler' driver.
INFO - 2025-10-29 21:34:27 --> Session: Class initialized using 'CodeIgniter\Session\Handlers\FileHandler' driver.
INFO - 2025-10-29 21:34:27 --> Límite obtenido (general): 7.9800 kWh, IP: 192.168.0.232
INFO - 2025-10-29 21:34:27 --> Session: Class initialized using 'CodeIgniter\Session\Handlers\FileHandler' driver.
INFO - 2025-10-29 21:34:28 --> Session: Class initialized using 'CodeIgniter\Session\Handlers\FileHandler' driver.
INFO - 2025-10-29 21:34:32 --> Session: Class initialized using 'CodeIgniter\Session\Handlers\FileHandler' driver.
INFO - 2025-10-29 21:34:34 --> Session: Class initialized using 'CodeIgniter\Session\Handlers\FileHandler' driver.
INFO - 2025-10-29 21:34:34 --> Límite obtenido (general): 7.9800 kWh, IP: 192.168.0.232
INFO - 2025-10-29 21:34:36 --> Session: Class initialized using 'CodeIgniter\Session\Handlers\FileHandler' driver.
INFO - 2025-10-29 21:34:37 --> Session: Class initialized using 'CodeIgniter\Session\Handlers\FileHandler' driver.
INFO - 2025-10-29 21:34:42 --> Session: Class initialized using 'CodeIgniter\Session\Handlers\FileHandler' driver.
INFO - 2025-10-29 21:34:42 --> Límite obtenido (general): 7.9800 kWh, IP: 192.168.0.232
INFO - 2025-10-29 21:34:42 --> Session: Class initialized using 'CodeIgniter\Session\Handlers\FileHandler' driver.
INFO - 2025-10-29 21:34:43 --> Session: Class initialized using 'CodeIgniter\Session\Handlers\FileHandler' driver.
INFO - 2025-10-29 21:34:47 --> Session: Class initialized using 'CodeIgniter\Session\Handlers\FileHandler' driver.
INFO - 2025-10-29 21:34:50 --> Session: Class initialized using 'CodeIgniter\Session\Handlers\FileHandler' driver.
INFO - 2025-10-29 21:34:50 --> Límite obtenido (general): 7.9800 kWh, IP: 192.168.0.232
INFO - 2025-10-29 21:34:51 --> Session: Class initialized using 'CodeIgniter\Session\Handlers\FileHandler' driver.
INFO - 2025-10-29 21:34:52 --> Session: Class initialized using 'CodeIgniter\Session\Handlers\FileHandler' driver.
INFO - 2025-10-29 21:34:57 --> Session: Class initialized using 'CodeIgniter\Session\Handlers\FileHandler' driver.
INFO - 2025-10-29 21:34:57 --> Límite obtenido (general): 7.9800 kWh, IP: 192.168.0.232
INFO - 2025-10-29 21:34:57 --> Session: Class initialized using 'CodeIgniter\Session\Handlers\FileHandler' driver.
INFO - 2025-10-29 21:34:58 --> Session: Class initialized using 'CodeIgniter\Session\Handlers\FileHandler' driver.
INFO - 2025-10-29 21:35:02 --> Session: Class initialized using 'CodeIgniter\Session\Handlers\FileHandler' driver.
INFO - 2025-10-29 21:35:04 --> Session: Class initialized using 'CodeIgniter\Session\Handlers\FileHandler' driver.
INFO - 2025-10-29 21:35:04 --> Límite obtenido (general): 7.9800 kWh, IP: 192.168.0.232
INFO - 2025-10-29 21:35:06 --> Session: Class initialized using 'CodeIgniter\Session\Handlers\FileHandler' driver.
INFO - 2025-10-29 21:35:07 --> Session: Class initialized using 'CodeIgniter\Session\Handlers\FileHandler' driver.
INFO - 2025-10-29 21:35:12 --> Session: Class initialized using 'CodeIgniter\Session\Handlers\FileHandler' driver.
INFO - 2025-10-29 21:35:12 --> Límite obtenido (general): 7.9800 kWh, IP: 192.168.0.232
INFO - 2025-10-29 21:35:12 --> Session: Class initialized using 'CodeIgniter\Session\Handlers\FileHandler' driver.
INFO - 2025-10-29 21:35:14 --> Session: Class initialized using 'CodeIgniter\Session\Handlers\FileHandler' driver.
INFO - 2025-10-29 21:35:17 --> Session: Class initialized using 'CodeIgniter\Session\Handlers\FileHandler' driver.
INFO - 2025-10-29 21:35:20 --> Session: Class initialized using 'CodeIgniter\Session\Handlers\FileHandler' driver.
INFO - 2025-10-29 21:35:20 --> Límite obtenido (general): 7.9800 kWh, IP: 192.168.0.232
INFO - 2025-10-29 21:35:22 --> Session: Class initialized using 'CodeIgniter\Session\Handlers\FileHandler' driver.
INFO - 2025-10-29 21:35:26 --> Session: Class initialized using 'CodeIgniter\Session\Handlers\FileHandler' driver.
INFO - 2025-10-29 21:35:27 --> Session: Class initialized using 'CodeIgniter\Session\Handlers\FileHandler' driver.
INFO - 2025-10-29 21:35:31 --> Session: Class initialized using 'CodeIgniter\Session\Handlers\FileHandler' driver.
INFO - 2025-10-29 21:35:31 --> Límite obtenido (general): 7.9800 kWh, IP: 192.168.0.232
INFO - 2025-10-29 21:35:32 --> Session: Class initialized using 'CodeIgniter\Session\Handlers\FileHandler' driver.
INFO - 2025-10-29 21:35:32 --> Session: Class initialized using 'CodeIgniter\Session\Handlers\FileHandler' driver.
INFO - 2025-10-29 21:35:37 --> Session: Class initialized using 'CodeIgniter\Session\Handlers\FileHandler' driver.
INFO - 2025-10-29 21:35:38 --> Session: Class initialized using 'CodeIgniter\Session\Handlers\FileHandler' driver.
INFO - 2025-10-29 21:35:38 --> Límite obtenido (general): 7.9800 kWh, IP: 192.168.0.232
INFO - 2025-10-29 21:35:40 --> Session: Class initialized using 'CodeIgniter\Session\Handlers\FileHandler' driver.
INFO - 2025-10-29 21:35:42 --> Session: Class initialized using 'CodeIgniter\Session\Handlers\FileHandler' driver.
INFO - 2025-10-29 21:35:46 --> Session: Class initialized using 'CodeIgniter\Session\Handlers\FileHandler' driver.
INFO - 2025-10-29 21:35:46 --> Límite obtenido (general): 7.9800 kWh, IP: 192.168.0.232
INFO - 2025-10-29 21:35:47 --> Session: Class initialized using 'CodeIgniter\Session\Handlers\FileHandler' driver.
INFO - 2025-10-29 21:35:47 --> Session: Class initialized using 'CodeIgniter\Session\Handlers\FileHandler' driver.
INFO - 2025-10-29 21:35:52 --> Session: Class initialized using 'CodeIgniter\Session\Handlers\FileHandler' driver.
INFO - 2025-10-29 21:35:53 --> Session: Class initialized using 'CodeIgniter\Session\Handlers\FileHandler' driver.
INFO - 2025-10-29 21:35:53 --> Límite obtenido (general): 7.9800 kWh, IP: 192.168.0.232
INFO - 2025-10-29 21:35:54 --> Session: Class initialized using 'CodeIgniter\Session\Handlers\FileHandler' driver.
INFO - 2025-10-29 21:35:57 --> Session: Class initialized using 'CodeIgniter\Session\Handlers\FileHandler' driver.
INFO - 2025-10-29 21:36:00 --> Session: Class initialized using 'CodeIgniter\Session\Handlers\FileHandler' driver.
INFO - 2025-10-29 21:36:00 --> Límite obtenido (general): 7.9800 kWh, IP: 192.168.0.232
INFO - 2025-10-29 21:36:02 --> Session: Class initialized using 'CodeIgniter\Session\Handlers\FileHandler' driver.
INFO - 2025-10-29 21:36:02 --> Session: Class initialized using 'CodeIgniter\Session\Handlers\FileHandler' driver.
INFO - 2025-10-29 21:36:07 --> Session: Class initialized using 'CodeIgniter\Session\Handlers\FileHandler' driver.
INFO - 2025-10-29 21:36:07 --> Límite obtenido (general): 7.9800 kWh, IP: 192.168.0.232
INFO - 2025-10-29 21:36:07 --> Session: Class initialized using 'CodeIgniter\Session\Handlers\FileHandler' driver.
INFO - 2025-10-29 21:36:08 --> Session: Class initialized using 'CodeIgniter\Session\Handlers\FileHandler' driver.
INFO - 2025-10-29 21:36:12 --> Session: Class initialized using 'CodeIgniter\Session\Handlers\FileHandler' driver.
INFO - 2025-10-29 21:36:14 --> Session: Class initialized using 'CodeIgniter\Session\Handlers\FileHandler' driver.
INFO - 2025-10-29 21:36:14 --> Límite obtenido (general): 7.9800 kWh, IP: 192.168.0.232
INFO - 2025-10-29 21:36:15 --> Session: Class initialized using 'CodeIgniter\Session\Handlers\FileHandler' driver.
INFO - 2025-10-29 21:36:17 --> Session: Class initialized using 'CodeIgniter\Session\Handlers\FileHandler' driver.
INFO - 2025-10-29 21:36:21 --> Session: Class initialized using 'CodeIgniter\Session\Handlers\FileHandler' driver.
INFO - 2025-10-29 21:36:21 --> Límite obtenido (general): 7.9800 kWh, IP: 192.168.0.232
INFO - 2025-10-29 21:36:22 --> Session: Class initialized using 'CodeIgniter\Session\Handlers\FileHandler' driver.
INFO - 2025-10-29 21:36:22 --> Session: Class initialized using 'CodeIgniter\Session\Handlers\FileHandler' driver.
INFO - 2025-10-29 21:36:27 --> Session: Class initialized using 'CodeIgniter\Session\Handlers\FileHandler' driver.
INFO - 2025-10-29 21:36:28 --> Session: Class initialized using 'CodeIgniter\Session\Handlers\FileHandler' driver.
INFO - 2025-10-29 21:36:28 --> Límite obtenido (general): 7.9800 kWh, IP: 192.168.0.232
INFO - 2025-10-29 21:36:30 --> Session: Class initialized using 'CodeIgniter\Session\Handlers\FileHandler' driver.
INFO - 2025-10-29 21:36:32 --> Session: Class initialized using 'CodeIgniter\Session\Handlers\FileHandler' driver.
INFO - 2025-10-29 21:36:35 --> Session: Class initialized using 'CodeIgniter\Session\Handlers\FileHandler' driver.
INFO - 2025-10-29 21:36:35 --> Límite obtenido (general): 7.9800 kWh, IP: 192.168.0.232
INFO - 2025-10-29 21:36:36 --> Session: Class initialized using 'CodeIgniter\Session\Handlers\FileHandler' driver.
INFO - 2025-10-29 21:36:37 --> Session: Class initialized using 'CodeIgniter\Session\Handlers\FileHandler' driver.
INFO - 2025-10-29 21:36:42 --> Session: Class initialized using 'CodeIgniter\Session\Handlers\FileHandler' driver.
INFO - 2025-10-29 21:36:42 --> Límite obtenido (general): 7.9800 kWh, IP: 192.168.0.232
INFO - 2025-10-29 21:36:42 --> Session: Class initialized using 'CodeIgniter\Session\Handlers\FileHandler' driver.
INFO - 2025-10-29 21:36:43 --> Session: Class initialized using 'CodeIgniter\Session\Handlers\FileHandler' driver.
INFO - 2025-10-29 21:36:47 --> Session: Class initialized using 'CodeIgniter\Session\Handlers\FileHandler' driver.
INFO - 2025-10-29 21:36:52 --> Session: Class initialized using 'CodeIgniter\Session\Handlers\FileHandler' driver.
INFO - 2025-10-29 21:36:52 --> Límite obtenido (general): 7.9800 kWh, IP: 192.168.0.232
INFO - 2025-10-29 21:36:52 --> Session: Class initialized using 'CodeIgniter\Session\Handlers\FileHandler' driver.
INFO - 2025-10-29 21:36:53 --> Session: Class initialized using 'CodeIgniter\Session\Handlers\FileHandler' driver.
INFO - 2025-10-29 21:36:57 --> Session: Class initialized using 'CodeIgniter\Session\Handlers\FileHandler' driver.
INFO - 2025-10-29 21:36:59 --> Session: Class initialized using 'CodeIgniter\Session\Handlers\FileHandler' driver.
INFO - 2025-10-29 21:36:59 --> Límite obtenido (general): 7.9800 kWh, IP: 192.168.0.232
INFO - 2025-10-29 21:37:01 --> Session: Class initialized using 'CodeIgniter\Session\Handlers\FileHandler' driver.
INFO - 2025-10-29 21:37:02 --> Session: Class initialized using 'CodeIgniter\Session\Handlers\FileHandler' driver.
INFO - 2025-10-29 21:37:08 --> Session: Class initialized using 'CodeIgniter\Session\Handlers\FileHandler' driver.
INFO - 2025-10-29 21:37:08 --> Límite obtenido (general): 7.9800 kWh, IP: 192.168.0.232
INFO - 2025-10-29 21:37:09 --> Session: Class initialized using 'CodeIgniter\Session\Handlers\FileHandler' driver.
INFO - 2025-10-29 21:37:15 --> Session: Class initialized using 'CodeIgniter\Session\Handlers\FileHandler' driver.
INFO - 2025-10-29 21:37:15 --> Límite obtenido (general): 7.9800 kWh, IP: 192.168.0.232
INFO - 2025-10-29 21:37:16 --> Session: Class initialized using 'CodeIgniter\Session\Handlers\FileHandler' driver.
INFO - 2025-10-29 21:37:22 --> Session: Class initialized using 'CodeIgniter\Session\Handlers\FileHandler' driver.
INFO - 2025-10-29 21:37:22 --> Límite obtenido (general): 7.9800 kWh, IP: 192.168.0.232
INFO - 2025-10-29 21:37:24 --> Session: Class initialized using 'CodeIgniter\Session\Handlers\FileHandler' driver.
INFO - 2025-10-29 21:37:32 --> Session: Class initialized using 'CodeIgniter\Session\Handlers\FileHandler' driver.
INFO - 2025-10-29 21:37:32 --> Límite obtenido (general): 7.9800 kWh, IP: 192.168.0.232
INFO - 2025-10-29 21:37:33 --> Session: Class initialized using 'CodeIgniter\Session\Handlers\FileHandler' driver.
INFO - 2025-10-29 21:37:34 --> Session: Class initialized using 'CodeIgniter\Session\Handlers\FileHandler' driver.
INFO - 2025-10-29 21:37:37 --> Session: Class initialized using 'CodeIgniter\Session\Handlers\FileHandler' driver.
INFO - 2025-10-29 21:37:38 --> Session: Class initialized using 'CodeIgniter\Session\Handlers\FileHandler' driver.
INFO - 2025-10-29 21:37:38 --> Límite obtenido (general): 7.9800 kWh, IP: 192.168.0.232
INFO - 2025-10-29 21:37:40 --> Session: Class initialized using 'CodeIgniter\Session\Handlers\FileHandler' driver.
INFO - 2025-10-29 21:37:42 --> Session: Class initialized using 'CodeIgniter\Session\Handlers\FileHandler' driver.
INFO - 2025-10-29 21:37:46 --> Session: Class initialized using 'CodeIgniter\Session\Handlers\FileHandler' driver.
INFO - 2025-10-29 21:37:46 --> Límite obtenido (general): 7.9800 kWh, IP: 192.168.0.232
INFO - 2025-10-29 21:37:47 --> Session: Class initialized using 'CodeIgniter\Session\Handlers\FileHandler' driver.
INFO - 2025-10-29 21:37:47 --> Session: Class initialized using 'CodeIgniter\Session\Handlers\FileHandler' driver.
INFO - 2025-10-29 21:37:52 --> Session: Class initialized using 'CodeIgniter\Session\Handlers\FileHandler' driver.
INFO - 2025-10-29 21:37:54 --> Session: Class initialized using 'CodeIgniter\Session\Handlers\FileHandler' driver.
INFO - 2025-10-29 21:37:54 --> Límite obtenido (general): 7.9800 kWh, IP: 192.168.0.232
INFO - 2025-10-29 21:37:57 --> Session: Class initialized using 'CodeIgniter\Session\Handlers\FileHandler' driver.
INFO - 2025-10-29 21:37:58 --> Session: Class initialized using 'CodeIgniter\Session\Handlers\FileHandler' driver.
INFO - 2025-10-29 21:38:02 --> Session: Class initialized using 'CodeIgniter\Session\Handlers\FileHandler' driver.
INFO - 2025-10-29 21:38:05 --> Session: Class initialized using 'CodeIgniter\Session\Handlers\FileHandler' driver.
INFO - 2025-10-29 21:38:05 --> Límite obtenido (general): 7.9800 kWh, IP: 192.168.0.232
INFO - 2025-10-29 21:38:07 --> Session: Class initialized using 'CodeIgniter\Session\Handlers\FileHandler' driver.
INFO - 2025-10-29 21:38:08 --> Session: Class initialized using 'CodeIgniter\Session\Handlers\FileHandler' driver.
INFO - 2025-10-29 21:38:12 --> Session: Class initialized using 'CodeIgniter\Session\Handlers\FileHandler' driver.
INFO - 2025-10-29 21:38:13 --> Session: Class initialized using 'CodeIgniter\Session\Handlers\FileHandler' driver.
INFO - 2025-10-29 21:38:13 --> Límite obtenido (general): 7.9800 kWh, IP: 192.168.0.232
INFO - 2025-10-29 21:38:15 --> Session: Class initialized using 'CodeIgniter\Session\Handlers\FileHandler' driver.
INFO - 2025-10-29 21:38:18 --> Session: Class initialized using 'CodeIgniter\Session\Handlers\FileHandler' driver.
INFO - 2025-10-29 21:38:21 --> Session: Class initialized using 'CodeIgniter\Session\Handlers\FileHandler' driver.
INFO - 2025-10-29 21:38:21 --> Límite obtenido (general): 7.9800 kWh, IP: 192.168.0.232
INFO - 2025-10-29 21:38:22 --> Session: Class initialized using 'CodeIgniter\Session\Handlers\FileHandler' driver.
INFO - 2025-10-29 21:38:22 --> Session: Class initialized using 'CodeIgniter\Session\Handlers\FileHandler' driver.
INFO - 2025-10-29 21:38:27 --> Session: Class initialized using 'CodeIgniter\Session\Handlers\FileHandler' driver.
INFO - 2025-10-29 21:38:28 --> Session: Class initialized using 'CodeIgniter\Session\Handlers\FileHandler' driver.
INFO - 2025-10-29 21:38:28 --> Límite obtenido (general): 7.9800 kWh, IP: 192.168.0.232
INFO - 2025-10-29 21:38:30 --> Session: Class initialized using 'CodeIgniter\Session\Handlers\FileHandler' driver.
INFO - 2025-10-29 21:38:32 --> Session: Class initialized using 'CodeIgniter\Session\Handlers\FileHandler' driver.
INFO - 2025-10-29 21:38:37 --> Session: Class initialized using 'CodeIgniter\Session\Handlers\FileHandler' driver.
INFO - 2025-10-29 21:38:37 --> Límite obtenido (general): 7.9800 kWh, IP: 192.168.0.232
INFO - 2025-10-29 21:38:38 --> Session: Class initialized using 'CodeIgniter\Session\Handlers\FileHandler' driver.
INFO - 2025-10-29 21:38:38 --> Session: Class initialized using 'CodeIgniter\Session\Handlers\FileHandler' driver.
INFO - 2025-10-29 21:38:42 --> Session: Class initialized using 'CodeIgniter\Session\Handlers\FileHandler' driver.
INFO - 2025-10-29 21:38:44 --> Session: Class initialized using 'CodeIgniter\Session\Handlers\FileHandler' driver.
INFO - 2025-10-29 21:38:44 --> Límite obtenido (general): 7.9800 kWh, IP: 192.168.0.232
INFO - 2025-10-29 21:38:45 --> Session: Class initialized using 'CodeIgniter\Session\Handlers\FileHandler' driver.
INFO - 2025-10-29 21:38:48 --> Session: Class initialized using 'CodeIgniter\Session\Handlers\FileHandler' driver.
INFO - 2025-10-29 21:38:51 --> Session: Class initialized using 'CodeIgniter\Session\Handlers\FileHandler' driver.
INFO - 2025-10-29 21:38:51 --> Límite obtenido (general): 7.9800 kWh, IP: 192.168.0.232
INFO - 2025-10-29 21:38:52 --> Session: Class initialized using 'CodeIgniter\Session\Handlers\FileHandler' driver.
INFO - 2025-10-29 21:38:52 --> Session: Class initialized using 'CodeIgniter\Session\Handlers\FileHandler' driver.
INFO - 2025-10-29 21:38:57 --> Session: Class initialized using 'CodeIgniter\Session\Handlers\FileHandler' driver.
INFO - 2025-10-29 21:38:58 --> Session: Class initialized using 'CodeIgniter\Session\Handlers\FileHandler' driver.
INFO - 2025-10-29 21:38:58 --> Límite obtenido (general): 7.9800 kWh, IP: 192.168.0.232
INFO - 2025-10-29 21:38:59 --> Session: Class initialized using 'CodeIgniter\Session\Handlers\FileHandler' driver.
INFO - 2025-10-29 21:39:02 --> Session: Class initialized using 'CodeIgniter\Session\Handlers\FileHandler' driver.
INFO - 2025-10-29 21:39:06 --> Session: Class initialized using 'CodeIgniter\Session\Handlers\FileHandler' driver.
INFO - 2025-10-29 21:39:06 --> Límite obtenido (general): 7.9800 kWh, IP: 192.168.0.232
INFO - 2025-10-29 21:39:07 --> Session: Class initialized using 'CodeIgniter\Session\Handlers\FileHandler' driver.
INFO - 2025-10-29 21:39:07 --> Session: Class initialized using 'CodeIgniter\Session\Handlers\FileHandler' driver.
INFO - 2025-10-29 21:39:12 --> Session: Class initialized using 'CodeIgniter\Session\Handlers\FileHandler' driver.
INFO - 2025-10-29 21:39:14 --> Session: Class initialized using 'CodeIgniter\Session\Handlers\FileHandler' driver.
INFO - 2025-10-29 21:39:14 --> Límite obtenido (general): 7.9800 kWh, IP: 192.168.0.232
INFO - 2025-10-29 21:39:15 --> Session: Class initialized using 'CodeIgniter\Session\Handlers\FileHandler' driver.
INFO - 2025-10-29 21:39:21 --> Session: Class initialized using 'CodeIgniter\Session\Handlers\FileHandler' driver.
INFO - 2025-10-29 21:39:21 --> Límite obtenido (general): 7.9800 kWh, IP: 192.168.0.232
INFO - 2025-10-29 21:39:22 --> Session: Class initialized using 'CodeIgniter\Session\Handlers\FileHandler' driver.
INFO - 2025-10-29 21:39:28 --> Session: Class initialized using 'CodeIgniter\Session\Handlers\FileHandler' driver.
INFO - 2025-10-29 21:39:28 --> Límite obtenido (general): 7.9800 kWh, IP: 192.168.0.232
INFO - 2025-10-29 21:39:29 --> Session: Class initialized using 'CodeIgniter\Session\Handlers\FileHandler' driver.
INFO - 2025-10-29 21:39:33 --> Session: Class initialized using 'CodeIgniter\Session\Handlers\FileHandler' driver.
INFO - 2025-10-29 21:39:37 --> Session: Class initialized using 'CodeIgniter\Session\Handlers\FileHandler' driver.
INFO - 2025-10-29 21:39:37 --> Límite obtenido (general): 7.9800 kWh, IP: 192.168.0.232
INFO - 2025-10-29 21:39:38 --> Session: Class initialized using 'CodeIgniter\Session\Handlers\FileHandler' driver.
INFO - 2025-10-29 21:39:44 --> Session: Class initialized using 'CodeIgniter\Session\Handlers\FileHandler' driver.
INFO - 2025-10-29 21:39:44 --> Límite obtenido (general): 7.9800 kWh, IP: 192.168.0.232
INFO - 2025-10-29 21:39:46 --> Session: Class initialized using 'CodeIgniter\Session\Handlers\FileHandler' driver.
INFO - 2025-10-29 21:39:52 --> Session: Class initialized using 'CodeIgniter\Session\Handlers\FileHandler' driver.
INFO - 2025-10-29 21:39:52 --> Límite obtenido (general): 7.9800 kWh, IP: 192.168.0.232
INFO - 2025-10-29 21:39:53 --> Session: Class initialized using 'CodeIgniter\Session\Handlers\FileHandler' driver.
INFO - 2025-10-29 21:40:03 --> Session: Class initialized using 'CodeIgniter\Session\Handlers\FileHandler' driver.
INFO - 2025-10-29 21:40:03 --> Límite obtenido (general): 7.9800 kWh, IP: 192.168.0.232
INFO - 2025-10-29 21:40:05 --> Session: Class initialized using 'CodeIgniter\Session\Handlers\FileHandler' driver.
INFO - 2025-10-29 21:40:11 --> Session: Class initialized using 'CodeIgniter\Session\Handlers\FileHandler' driver.
INFO - 2025-10-29 21:40:11 --> Límite obtenido (general): 7.9800 kWh, IP: 192.168.0.232
INFO - 2025-10-29 21:40:13 --> Session: Class initialized using 'CodeIgniter\Session\Handlers\FileHandler' driver.
INFO - 2025-10-29 21:40:19 --> Session: Class initialized using 'CodeIgniter\Session\Handlers\FileHandler' driver.
INFO - 2025-10-29 21:40:19 --> Límite obtenido (general): 7.9800 kWh, IP: 192.168.0.232
INFO - 2025-10-29 21:40:20 --> Session: Class initialized using 'CodeIgniter\Session\Handlers\FileHandler' driver.
INFO - 2025-10-29 21:40:25 --> Session: Class initialized using 'CodeIgniter\Session\Handlers\FileHandler' driver.
INFO - 2025-10-29 21:40:25 --> Límite obtenido (general): 7.9800 kWh, IP: 192.168.0.232
INFO - 2025-10-29 21:40:26 --> Session: Class initialized using 'CodeIgniter\Session\Handlers\FileHandler' driver.
INFO - 2025-10-29 21:40:32 --> Session: Class initialized using 'CodeIgniter\Session\Handlers\FileHandler' driver.
INFO - 2025-10-29 21:40:32 --> Límite obtenido (general): 7.9800 kWh, IP: 192.168.0.232
INFO - 2025-10-29 21:40:33 --> Session: Class initialized using 'CodeIgniter\Session\Handlers\FileHandler' driver.
INFO - 2025-10-29 21:40:34 --> Session: Class initialized using 'CodeIgniter\Session\Handlers\FileHandler' driver.
INFO - 2025-10-29 21:40:39 --> Session: Class initialized using 'CodeIgniter\Session\Handlers\FileHandler' driver.
INFO - 2025-10-29 21:40:39 --> Límite obtenido (general): 7.9800 kWh, IP: 192.168.0.232
INFO - 2025-10-29 21:40:40 --> Session: Class initialized using 'CodeIgniter\Session\Handlers\FileHandler' driver.
INFO - 2025-10-29 21:40:46 --> Session: Class initialized using 'CodeIgniter\Session\Handlers\FileHandler' driver.
INFO - 2025-10-29 21:40:46 --> Límite obtenido (general): 7.9800 kWh, IP: 192.168.0.232
INFO - 2025-10-29 21:40:47 --> Session: Class initialized using 'CodeIgniter\Session\Handlers\FileHandler' driver.
INFO - 2025-10-29 21:40:54 --> Session: Class initialized using 'CodeIgniter\Session\Handlers\FileHandler' driver.
INFO - 2025-10-29 21:40:54 --> Límite obtenido (general): 7.9800 kWh, IP: 192.168.0.232
INFO - 2025-10-29 21:40:55 --> Session: Class initialized using 'CodeIgniter\Session\Handlers\FileHandler' driver.
INFO - 2025-10-29 21:41:01 --> Session: Class initialized using 'CodeIgniter\Session\Handlers\FileHandler' driver.
INFO - 2025-10-29 21:41:01 --> Límite obtenido (general): 7.9800 kWh, IP: 192.168.0.232
INFO - 2025-10-29 21:41:18 --> Session: Class initialized using 'CodeIgniter\Session\Handlers\FileHandler' driver.
INFO - 2025-10-29 21:41:24 --> Session: Class initialized using 'CodeIgniter\Session\Handlers\FileHandler' driver.
INFO - 2025-10-29 21:41:24 --> Límite obtenido (general): 7.9800 kWh, IP: 192.168.0.232
INFO - 2025-10-29 21:41:25 --> Session: Class initialized using 'CodeIgniter\Session\Handlers\FileHandler' driver.
INFO - 2025-10-29 21:41:31 --> Session: Class initialized using 'CodeIgniter\Session\Handlers\FileHandler' driver.
INFO - 2025-10-29 21:41:31 --> Límite obtenido (general): 7.9800 kWh, IP: 192.168.0.232
INFO - 2025-10-29 21:41:32 --> Session: Class initialized using 'CodeIgniter\Session\Handlers\FileHandler' driver.
INFO - 2025-10-29 21:41:33 --> Session: Class initialized using 'CodeIgniter\Session\Handlers\FileHandler' driver.
INFO - 2025-10-29 21:41:38 --> Session: Class initialized using 'CodeIgniter\Session\Handlers\FileHandler' driver.
INFO - 2025-10-29 21:41:38 --> Límite obtenido (general): 7.9800 kWh, IP: 192.168.0.232
INFO - 2025-10-29 21:41:39 --> Session: Class initialized using 'CodeIgniter\Session\Handlers\FileHandler' driver.
INFO - 2025-10-29 21:41:45 --> Session: Class initialized using 'CodeIgniter\Session\Handlers\FileHandler' driver.
INFO - 2025-10-29 21:41:45 --> Límite obtenido (general): 7.9800 kWh, IP: 192.168.0.232
INFO - 2025-10-29 21:41:46 --> Session: Class initialized using 'CodeIgniter\Session\Handlers\FileHandler' driver.
INFO - 2025-10-29 21:41:53 --> Session: Class initialized using 'CodeIgniter\Session\Handlers\FileHandler' driver.
INFO - 2025-10-29 21:41:53 --> Límite obtenido (general): 7.9800 kWh, IP: 192.168.0.232
INFO - 2025-10-29 21:41:55 --> Session: Class initialized using 'CodeIgniter\Session\Handlers\FileHandler' driver.
INFO - 2025-10-29 21:42:01 --> Session: Class initialized using 'CodeIgniter\Session\Handlers\FileHandler' driver.
INFO - 2025-10-29 21:42:01 --> Límite obtenido (general): 7.9800 kWh, IP: 192.168.0.232
INFO - 2025-10-29 21:42:02 --> Session: Class initialized using 'CodeIgniter\Session\Handlers\FileHandler' driver.
INFO - 2025-10-29 21:42:08 --> Session: Class initialized using 'CodeIgniter\Session\Handlers\FileHandler' driver.
INFO - 2025-10-29 21:42:08 --> Límite obtenido (general): 7.9800 kWh, IP: 192.168.0.232
INFO - 2025-10-29 21:42:09 --> Session: Class initialized using 'CodeIgniter\Session\Handlers\FileHandler' driver.
INFO - 2025-10-29 21:42:16 --> Session: Class initialized using 'CodeIgniter\Session\Handlers\FileHandler' driver.
INFO - 2025-10-29 21:42:16 --> Límite obtenido (general): 7.9800 kWh, IP: 192.168.0.232
INFO - 2025-10-29 21:42:19 --> Session: Class initialized using 'CodeIgniter\Session\Handlers\FileHandler' driver.
INFO - 2025-10-29 21:42:24 --> Session: Class initialized using 'CodeIgniter\Session\Handlers\FileHandler' driver.
INFO - 2025-10-29 21:42:24 --> Límite obtenido (general): 7.9800 kWh, IP: 192.168.0.232
INFO - 2025-10-29 21:42:26 --> Session: Class initialized using 'CodeIgniter\Session\Handlers\FileHandler' driver.
INFO - 2025-10-29 21:42:31 --> Session: Class initialized using 'CodeIgniter\Session\Handlers\FileHandler' driver.
INFO - 2025-10-29 21:42:31 --> Límite obtenido (general): 7.9800 kWh, IP: 192.168.0.232
INFO - 2025-10-29 21:42:33 --> Session: Class initialized using 'CodeIgniter\Session\Handlers\FileHandler' driver.
INFO - 2025-10-29 21:42:37 --> Session: Class initialized using 'CodeIgniter\Session\Handlers\FileHandler' driver.
INFO - 2025-10-29 21:42:43 --> Session: Class initialized using 'CodeIgniter\Session\Handlers\FileHandler' driver.
INFO - 2025-10-29 21:42:43 --> Límite obtenido (general): 7.9800 kWh, IP: 192.168.0.232
INFO - 2025-10-29 21:42:44 --> Session: Class initialized using 'CodeIgniter\Session\Handlers\FileHandler' driver.
INFO - 2025-10-29 21:42:50 --> Session: Class initialized using 'CodeIgniter\Session\Handlers\FileHandler' driver.
INFO - 2025-10-29 21:42:50 --> Límite obtenido (general): 7.9800 kWh, IP: 192.168.0.232
INFO - 2025-10-29 21:42:51 --> Session: Class initialized using 'CodeIgniter\Session\Handlers\FileHandler' driver.
INFO - 2025-10-29 21:42:57 --> Session: Class initialized using 'CodeIgniter\Session\Handlers\FileHandler' driver.
INFO - 2025-10-29 21:42:57 --> Límite obtenido (general): 7.9800 kWh, IP: 192.168.0.232
INFO - 2025-10-29 21:43:00 --> Session: Class initialized using 'CodeIgniter\Session\Handlers\FileHandler' driver.
INFO - 2025-10-29 21:43:05 --> Session: Class initialized using 'CodeIgniter\Session\Handlers\FileHandler' driver.
INFO - 2025-10-29 21:43:05 --> Límite obtenido (general): 7.9800 kWh, IP: 192.168.0.232
INFO - 2025-10-29 21:43:07 --> Session: Class initialized using 'CodeIgniter\Session\Handlers\FileHandler' driver.
INFO - 2025-10-29 21:43:12 --> Session: Class initialized using 'CodeIgniter\Session\Handlers\FileHandler' driver.
INFO - 2025-10-29 21:43:12 --> Límite obtenido (general): 7.9800 kWh, IP: 192.168.0.232
INFO - 2025-10-29 21:43:13 --> Session: Class initialized using 'CodeIgniter\Session\Handlers\FileHandler' driver.
INFO - 2025-10-29 21:43:19 --> Session: Class initialized using 'CodeIgniter\Session\Handlers\FileHandler' driver.
INFO - 2025-10-29 21:43:19 --> Límite obtenido (general): 7.9800 kWh, IP: 192.168.0.232
INFO - 2025-10-29 21:43:20 --> Session: Class initialized using 'CodeIgniter\Session\Handlers\FileHandler' driver.
INFO - 2025-10-29 21:43:26 --> Session: Class initialized using 'CodeIgniter\Session\Handlers\FileHandler' driver.
INFO - 2025-10-29 21:43:26 --> Límite obtenido (general): 7.9800 kWh, IP: 192.168.0.232
INFO - 2025-10-29 21:43:27 --> Session: Class initialized using 'CodeIgniter\Session\Handlers\FileHandler' driver.
INFO - 2025-10-29 21:43:33 --> Session: Class initialized using 'CodeIgniter\Session\Handlers\FileHandler' driver.
INFO - 2025-10-29 21:43:33 --> Límite obtenido (general): 7.9800 kWh, IP: 192.168.0.232
INFO - 2025-10-29 21:43:33 --> Session: Class initialized using 'CodeIgniter\Session\Handlers\FileHandler' driver.
INFO - 2025-10-29 21:43:34 --> Session: Class initialized using 'CodeIgniter\Session\Handlers\FileHandler' driver.
INFO - 2025-10-29 21:43:40 --> Session: Class initialized using 'CodeIgniter\Session\Handlers\FileHandler' driver.
INFO - 2025-10-29 21:43:40 --> Límite obtenido (general): 7.9800 kWh, IP: 192.168.0.232
INFO - 2025-10-29 21:43:41 --> Session: Class initialized using 'CodeIgniter\Session\Handlers\FileHandler' driver.
INFO - 2025-10-29 21:43:47 --> Session: Class initialized using 'CodeIgniter\Session\Handlers\FileHandler' driver.
INFO - 2025-10-29 21:43:47 --> Límite obtenido (general): 7.9800 kWh, IP: 192.168.0.232
INFO - 2025-10-29 21:43:48 --> Session: Class initialized using 'CodeIgniter\Session\Handlers\FileHandler' driver.
INFO - 2025-10-29 21:43:54 --> Session: Class initialized using 'CodeIgniter\Session\Handlers\FileHandler' driver.
INFO - 2025-10-29 21:43:54 --> Límite obtenido (general): 7.9800 kWh, IP: 192.168.0.232
INFO - 2025-10-29 21:43:55 --> Session: Class initialized using 'CodeIgniter\Session\Handlers\FileHandler' driver.
INFO - 2025-10-29 21:44:00 --> Session: Class initialized using 'CodeIgniter\Session\Handlers\FileHandler' driver.
INFO - 2025-10-29 21:44:00 --> Límite obtenido (general): 7.9800 kWh, IP: 192.168.0.232
INFO - 2025-10-29 21:44:02 --> Session: Class initialized using 'CodeIgniter\Session\Handlers\FileHandler' driver.
INFO - 2025-10-29 21:44:08 --> Session: Class initialized using 'CodeIgniter\Session\Handlers\FileHandler' driver.
INFO - 2025-10-29 21:44:08 --> Límite obtenido (general): 7.9800 kWh, IP: 192.168.0.232
INFO - 2025-10-29 21:44:09 --> Session: Class initialized using 'CodeIgniter\Session\Handlers\FileHandler' driver.
INFO - 2025-10-29 21:44:14 --> Session: Class initialized using 'CodeIgniter\Session\Handlers\FileHandler' driver.
INFO - 2025-10-29 21:44:14 --> Límite obtenido (general): 7.9800 kWh, IP: 192.168.0.232
INFO - 2025-10-29 21:44:17 --> Session: Class initialized using 'CodeIgniter\Session\Handlers\FileHandler' driver.
INFO - 2025-10-29 21:44:22 --> Session: Class initialized using 'CodeIgniter\Session\Handlers\FileHandler' driver.
INFO - 2025-10-29 21:44:22 --> Límite obtenido (general): 7.9800 kWh, IP: 192.168.0.232
INFO - 2025-10-29 21:44:23 --> Session: Class initialized using 'CodeIgniter\Session\Handlers\FileHandler' driver.
INFO - 2025-10-29 21:44:29 --> Session: Class initialized using 'CodeIgniter\Session\Handlers\FileHandler' driver.
INFO - 2025-10-29 21:44:29 --> Límite obtenido (general): 7.9800 kWh, IP: 192.168.0.232
INFO - 2025-10-29 21:44:30 --> Session: Class initialized using 'CodeIgniter\Session\Handlers\FileHandler' driver.
INFO - 2025-10-29 21:44:34 --> Session: Class initialized using 'CodeIgniter\Session\Handlers\FileHandler' driver.
INFO - 2025-10-29 21:44:36 --> Session: Class initialized using 'CodeIgniter\Session\Handlers\FileHandler' driver.
INFO - 2025-10-29 21:44:36 --> Límite obtenido (general): 7.9800 kWh, IP: 192.168.0.232
INFO - 2025-10-29 21:44:37 --> Session: Class initialized using 'CodeIgniter\Session\Handlers\FileHandler' driver.
INFO - 2025-10-29 21:44:43 --> Session: Class initialized using 'CodeIgniter\Session\Handlers\FileHandler' driver.
INFO - 2025-10-29 21:44:43 --> Límite obtenido (general): 7.9800 kWh, IP: 192.168.0.232
INFO - 2025-10-29 21:44:44 --> Session: Class initialized using 'CodeIgniter\Session\Handlers\FileHandler' driver.
INFO - 2025-10-29 21:44:50 --> Session: Class initialized using 'CodeIgniter\Session\Handlers\FileHandler' driver.
INFO - 2025-10-29 21:44:50 --> Límite obtenido (general): 7.9800 kWh, IP: 192.168.0.232
INFO - 2025-10-29 21:44:51 --> Session: Class initialized using 'CodeIgniter\Session\Handlers\FileHandler' driver.
INFO - 2025-10-29 21:44:57 --> Session: Class initialized using 'CodeIgniter\Session\Handlers\FileHandler' driver.
INFO - 2025-10-29 21:44:57 --> Límite obtenido (general): 7.9800 kWh, IP: 192.168.0.232
INFO - 2025-10-29 21:44:59 --> Session: Class initialized using 'CodeIgniter\Session\Handlers\FileHandler' driver.
INFO - 2025-10-29 21:45:05 --> Session: Class initialized using 'CodeIgniter\Session\Handlers\FileHandler' driver.
INFO - 2025-10-29 21:45:05 --> Límite obtenido (general): 7.9800 kWh, IP: 192.168.0.232
INFO - 2025-10-29 21:45:07 --> Session: Class initialized using 'CodeIgniter\Session\Handlers\FileHandler' driver.
INFO - 2025-10-29 21:45:12 --> Session: Class initialized using 'CodeIgniter\Session\Handlers\FileHandler' driver.
INFO - 2025-10-29 21:45:12 --> Límite obtenido (general): 7.9800 kWh, IP: 192.168.0.232
INFO - 2025-10-29 21:45:14 --> Session: Class initialized using 'CodeIgniter\Session\Handlers\FileHandler' driver.
INFO - 2025-10-29 21:45:19 --> Session: Class initialized using 'CodeIgniter\Session\Handlers\FileHandler' driver.
INFO - 2025-10-29 21:45:19 --> Límite obtenido (general): 7.9800 kWh, IP: 192.168.0.232
INFO - 2025-10-29 21:45:20 --> Session: Class initialized using 'CodeIgniter\Session\Handlers\FileHandler' driver.
INFO - 2025-10-29 21:45:26 --> Session: Class initialized using 'CodeIgniter\Session\Handlers\FileHandler' driver.
INFO - 2025-10-29 21:45:26 --> Límite obtenido (general): 7.9800 kWh, IP: 192.168.0.232
INFO - 2025-10-29 21:45:27 --> Session: Class initialized using 'CodeIgniter\Session\Handlers\FileHandler' driver.
INFO - 2025-10-29 21:45:33 --> Session: Class initialized using 'CodeIgniter\Session\Handlers\FileHandler' driver.
INFO - 2025-10-29 21:45:33 --> Límite obtenido (general): 7.9800 kWh, IP: 192.168.0.232
INFO - 2025-10-29 21:45:33 --> Session: Class initialized using 'CodeIgniter\Session\Handlers\FileHandler' driver.
INFO - 2025-10-29 21:45:34 --> Session: Class initialized using 'CodeIgniter\Session\Handlers\FileHandler' driver.
INFO - 2025-10-29 21:45:40 --> Session: Class initialized using 'CodeIgniter\Session\Handlers\FileHandler' driver.
INFO - 2025-10-29 21:45:40 --> Límite obtenido (general): 7.9800 kWh, IP: 192.168.0.232
INFO - 2025-10-29 21:45:41 --> Session: Class initialized using 'CodeIgniter\Session\Handlers\FileHandler' driver.
INFO - 2025-10-29 21:45:47 --> Session: Class initialized using 'CodeIgniter\Session\Handlers\FileHandler' driver.
INFO - 2025-10-29 21:45:47 --> Límite obtenido (general): 7.9800 kWh, IP: 192.168.0.232
INFO - 2025-10-29 21:45:49 --> Session: Class initialized using 'CodeIgniter\Session\Handlers\FileHandler' driver.
INFO - 2025-10-29 21:45:54 --> Session: Class initialized using 'CodeIgniter\Session\Handlers\FileHandler' driver.
INFO - 2025-10-29 21:45:54 --> Límite obtenido (general): 7.9800 kWh, IP: 192.168.0.232
INFO - 2025-10-29 21:45:56 --> Session: Class initialized using 'CodeIgniter\Session\Handlers\FileHandler' driver.
INFO - 2025-10-29 21:46:02 --> Session: Class initialized using 'CodeIgniter\Session\Handlers\FileHandler' driver.
INFO - 2025-10-29 21:46:02 --> Límite obtenido (general): 7.9800 kWh, IP: 192.168.0.232
INFO - 2025-10-29 21:46:05 --> Session: Class initialized using 'CodeIgniter\Session\Handlers\FileHandler' driver.
INFO - 2025-10-29 21:46:09 --> Session: Class initialized using 'CodeIgniter\Session\Handlers\FileHandler' driver.
DEBUG - 2025-10-29 21:46:10 --> Ruta actual: /Tesina/public/energia/dispositivo/2
INFO - 2025-10-29 21:46:10 --> Session: Class initialized using 'CodeIgniter\Session\Handlers\FileHandler' driver.
DEBUG - 2025-10-29 21:46:10 --> Datos en sesión: Array
(
    [__ci_last_regenerate] => 1761784893
    [_ci_previous_url] => http://192.168.0.138/Tesina/public/energia/dispositivo/2
    [id_usuario] => 1
    [nombre] => brunito
    [apellido] => barber
    [email] => brunocameille@alumnos.itr3.edu.ar
    [rol] => admin
    [logged_in] => 1
)

INFO - 2025-10-29 21:46:15 --> Session: Class initialized using 'CodeIgniter\Session\Handlers\FileHandler' driver.
INFO - 2025-10-29 21:46:15 --> Límite obtenido (general): 7.9800 kWh, IP: 192.168.0.232
INFO - 2025-10-29 21:46:16 --> Session: Class initialized using 'CodeIgniter\Session\Handlers\FileHandler' driver.
INFO - 2025-10-29 21:46:22 --> Session: Class initialized using 'CodeIgniter\Session\Handlers\FileHandler' driver.
INFO - 2025-10-29 21:46:22 --> Límite obtenido (general): 7.9800 kWh, IP: 192.168.0.232
INFO - 2025-10-29 21:46:23 --> Session: Class initialized using 'CodeIgniter\Session\Handlers\FileHandler' driver.
INFO - 2025-10-29 21:46:29 --> Session: Class initialized using 'CodeIgniter\Session\Handlers\FileHandler' driver.
INFO - 2025-10-29 21:46:29 --> Límite obtenido (general): 7.9800 kWh, IP: 192.168.0.232
INFO - 2025-10-29 21:46:31 --> Session: Class initialized using 'CodeIgniter\Session\Handlers\FileHandler' driver.
INFO - 2025-10-29 21:46:37 --> Session: Class initialized using 'CodeIgniter\Session\Handlers\FileHandler' driver.
INFO - 2025-10-29 21:46:37 --> Límite obtenido (general): 7.9800 kWh, IP: 192.168.0.232
INFO - 2025-10-29 21:46:38 --> Session: Class initialized using 'CodeIgniter\Session\Handlers\FileHandler' driver.
INFO - 2025-10-29 21:46:44 --> Session: Class initialized using 'CodeIgniter\Session\Handlers\FileHandler' driver.
INFO - 2025-10-29 21:46:44 --> Límite obtenido (general): 7.9800 kWh, IP: 192.168.0.232
INFO - 2025-10-29 21:46:45 --> Session: Class initialized using 'CodeIgniter\Session\Handlers\FileHandler' driver.
INFO - 2025-10-29 21:46:52 --> Session: Class initialized using 'CodeIgniter\Session\Handlers\FileHandler' driver.
INFO - 2025-10-29 21:46:52 --> Límite obtenido (general): 7.9800 kWh, IP: 192.168.0.232
INFO - 2025-10-29 21:46:53 --> Session: Class initialized using 'CodeIgniter\Session\Handlers\FileHandler' driver.
INFO - 2025-10-29 21:46:59 --> Session: Class initialized using 'CodeIgniter\Session\Handlers\FileHandler' driver.
INFO - 2025-10-29 21:46:59 --> Límite obtenido (general): 7.9800 kWh, IP: 192.168.0.232
INFO - 2025-10-29 21:47:00 --> Session: Class initialized using 'CodeIgniter\Session\Handlers\FileHandler' driver.
INFO - 2025-10-29 21:47:06 --> Session: Class initialized using 'CodeIgniter\Session\Handlers\FileHandler' driver.
INFO - 2025-10-29 21:47:06 --> Límite obtenido (general): 7.9800 kWh, IP: 192.168.0.232
INFO - 2025-10-29 21:47:07 --> Session: Class initialized using 'CodeIgniter\Session\Handlers\FileHandler' driver.
INFO - 2025-10-29 21:47:13 --> Session: Class initialized using 'CodeIgniter\Session\Handlers\FileHandler' driver.
INFO - 2025-10-29 21:47:13 --> Límite obtenido (general): 7.9800 kWh, IP: 192.168.0.232
INFO - 2025-10-29 21:47:14 --> Session: Class initialized using 'CodeIgniter\Session\Handlers\FileHandler' driver.
INFO - 2025-10-29 21:47:20 --> Session: Class initialized using 'CodeIgniter\Session\Handlers\FileHandler' driver.
INFO - 2025-10-29 21:47:20 --> Límite obtenido (general): 7.9800 kWh, IP: 192.168.0.232
INFO - 2025-10-29 21:47:22 --> Session: Class initialized using 'CodeIgniter\Session\Handlers\FileHandler' driver.
INFO - 2025-10-29 21:47:28 --> Session: Class initialized using 'CodeIgniter\Session\Handlers\FileHandler' driver.
INFO - 2025-10-29 21:47:28 --> Límite obtenido (general): 7.9800 kWh, IP: 192.168.0.232
INFO - 2025-10-29 21:47:29 --> Session: Class initialized using 'CodeIgniter\Session\Handlers\FileHandler' driver.
INFO - 2025-10-29 21:47:35 --> Session: Class initialized using 'CodeIgniter\Session\Handlers\FileHandler' driver.
INFO - 2025-10-29 21:47:35 --> Límite obtenido (general): 7.9800 kWh, IP: 192.168.0.232
INFO - 2025-10-29 21:47:36 --> Session: Class initialized using 'CodeIgniter\Session\Handlers\FileHandler' driver.
DEBUG - 2025-10-29 21:47:39 --> Ruta actual: /Tesina/public/energia/dispositivo/2
INFO - 2025-10-29 21:47:39 --> Session: Class initialized using 'CodeIgniter\Session\Handlers\FileHandler' driver.
DEBUG - 2025-10-29 21:47:39 --> Datos en sesión: Array
(
    [__ci_last_regenerate] => 1761785259
    [_ci_previous_url] => http://192.168.0.138/Tesina/public/energia/dispositivo/2
    [id_usuario] => 1
    [nombre] => brunito
    [apellido] => barber
    [email] => brunocameille@alumnos.itr3.edu.ar
    [rol] => admin
    [logged_in] => 1
)

INFO - 2025-10-29 21:47:39 --> Session: Class initialized using 'CodeIgniter\Session\Handlers\FileHandler' driver.
INFO - 2025-10-29 21:47:39 --> Session: Class initialized using 'CodeIgniter\Session\Handlers\FileHandler' driver.
INFO - 2025-10-29 21:47:40 --> Session: Class initialized using 'CodeIgniter\Session\Handlers\FileHandler' driver.
INFO - 2025-10-29 21:47:42 --> Session: Class initialized using 'CodeIgniter\Session\Handlers\FileHandler' driver.
INFO - 2025-10-29 21:47:42 --> Límite obtenido (general): 7.9800 kWh, IP: 192.168.0.232
INFO - 2025-10-29 21:47:43 --> Session: Class initialized using 'CodeIgniter\Session\Handlers\FileHandler' driver.
INFO - 2025-10-29 21:47:44 --> Session: Class initialized using 'CodeIgniter\Session\Handlers\FileHandler' driver.
DEBUG - 2025-10-29 21:47:45 --> Ruta actual: /Tesina/public/energia/dispositivo/2
INFO - 2025-10-29 21:47:45 --> Session: Class initialized using 'CodeIgniter\Session\Handlers\FileHandler' driver.
DEBUG - 2025-10-29 21:47:45 --> Datos en sesión: Array
(
    [__ci_last_regenerate] => 1761785259
    [_ci_previous_url] => http://192.168.0.138/Tesina/public/energia/dispositivo/2
    [id_usuario] => 1
    [nombre] => brunito
    [apellido] => barber
    [email] => brunocameille@alumnos.itr3.edu.ar
    [rol] => admin
    [logged_in] => 1
)

INFO - 2025-10-29 21:47:46 --> Session: Class initialized using 'CodeIgniter\Session\Handlers\FileHandler' driver.
INFO - 2025-10-29 21:47:46 --> Session: Class initialized using 'CodeIgniter\Session\Handlers\FileHandler' driver.
INFO - 2025-10-29 21:47:47 --> Session: Class initialized using 'CodeIgniter\Session\Handlers\FileHandler' driver.
INFO - 2025-10-29 21:47:49 --> Session: Class initialized using 'CodeIgniter\Session\Handlers\FileHandler' driver.
INFO - 2025-10-29 21:47:49 --> Límite obtenido (general): 7.9800 kWh, IP: 192.168.0.232
INFO - 2025-10-29 21:47:51 --> Session: Class initialized using 'CodeIgniter\Session\Handlers\FileHandler' driver.
INFO - 2025-10-29 21:47:53 --> Session: Class initialized using 'CodeIgniter\Session\Handlers\FileHandler' driver.
INFO - 2025-10-29 21:47:56 --> Session: Class initialized using 'CodeIgniter\Session\Handlers\FileHandler' driver.
INFO - 2025-10-29 21:47:59 --> Session: Class initialized using 'CodeIgniter\Session\Handlers\FileHandler' driver.
INFO - 2025-10-29 21:47:59 --> Límite obtenido (general): 7.9800 kWh, IP: 192.168.0.232
INFO - 2025-10-29 21:48:00 --> Session: Class initialized using 'CodeIgniter\Session\Handlers\FileHandler' driver.
INFO - 2025-10-29 21:48:01 --> Session: Class initialized using 'CodeIgniter\Session\Handlers\FileHandler' driver.
INFO - 2025-10-29 21:48:06 --> Session: Class initialized using 'CodeIgniter\Session\Handlers\FileHandler' driver.
INFO - 2025-10-29 21:48:06 --> Session: Class initialized using 'CodeIgniter\Session\Handlers\FileHandler' driver.
INFO - 2025-10-29 21:48:06 --> Límite obtenido (general): 7.9800 kWh, IP: 192.168.0.232
INFO - 2025-10-29 21:48:08 --> Session: Class initialized using 'CodeIgniter\Session\Handlers\FileHandler' driver.
INFO - 2025-10-29 21:48:11 --> Session: Class initialized using 'CodeIgniter\Session\Handlers\FileHandler' driver.
INFO - 2025-10-29 21:48:14 --> Session: Class initialized using 'CodeIgniter\Session\Handlers\FileHandler' driver.
INFO - 2025-10-29 21:48:14 --> Límite obtenido (general): 7.9800 kWh, IP: 192.168.0.232
INFO - 2025-10-29 21:48:15 --> Session: Class initialized using 'CodeIgniter\Session\Handlers\FileHandler' driver.
INFO - 2025-10-29 21:48:16 --> Session: Class initialized using 'CodeIgniter\Session\Handlers\FileHandler' driver.
INFO - 2025-10-29 21:48:20 --> Session: Class initialized using 'CodeIgniter\Session\Handlers\FileHandler' driver.
INFO - 2025-10-29 21:48:20 --> Límite obtenido (general): 7.9800 kWh, IP: 192.168.0.232
INFO - 2025-10-29 21:48:21 --> Session: Class initialized using 'CodeIgniter\Session\Handlers\FileHandler' driver.
INFO - 2025-10-29 21:48:22 --> Session: Class initialized using 'CodeIgniter\Session\Handlers\FileHandler' driver.
INFO - 2025-10-29 21:48:26 --> Session: Class initialized using 'CodeIgniter\Session\Handlers\FileHandler' driver.
INFO - 2025-10-29 21:48:27 --> Session: Class initialized using 'CodeIgniter\Session\Handlers\FileHandler' driver.
INFO - 2025-10-29 21:48:27 --> Límite obtenido (general): 7.9800 kWh, IP: 192.168.0.232
INFO - 2025-10-29 21:48:29 --> Session: Class initialized using 'CodeIgniter\Session\Handlers\FileHandler' driver.
INFO - 2025-10-29 21:48:31 --> Session: Class initialized using 'CodeIgniter\Session\Handlers\FileHandler' driver.
INFO - 2025-10-29 21:48:34 --> Session: Class initialized using 'CodeIgniter\Session\Handlers\FileHandler' driver.
INFO - 2025-10-29 21:48:34 --> Límite obtenido (general): 7.9800 kWh, IP: 192.168.0.232
INFO - 2025-10-29 21:48:36 --> Session: Class initialized using 'CodeIgniter\Session\Handlers\FileHandler' driver.
INFO - 2025-10-29 21:48:36 --> Session: Class initialized using 'CodeIgniter\Session\Handlers\FileHandler' driver.
DEBUG - 2025-10-29 21:48:36 --> Ruta actual: /Tesina/public/energia/actualizarLimite
INFO - 2025-10-29 21:48:36 --> Session: Class initialized using 'CodeIgniter\Session\Handlers\FileHandler' driver.
DEBUG - 2025-10-29 21:48:36 --> Datos en sesión: Array
(
    [__ci_last_regenerate] => 1761785259
    [_ci_previous_url] => http://192.168.0.138/Tesina/public/energia/dispositivo/2
    [id_usuario] => 1
    [nombre] => brunito
    [apellido] => barber
    [email] => brunocameille@alumnos.itr3.edu.ar
    [rol] => admin
    [logged_in] => 1
)

INFO - 2025-10-29 21:48:41 --> Session: Class initialized using 'CodeIgniter\Session\Handlers\FileHandler' driver.
INFO - 2025-10-29 21:48:41 --> Límite obtenido (general): 8.4800 kWh, IP: 192.168.0.232
INFO - 2025-10-29 21:48:42 --> Session: Class initialized using 'CodeIgniter\Session\Handlers\FileHandler' driver.
INFO - 2025-10-29 21:48:42 --> [PREALERTA] Evaluando prealerta. consumo=8.453835 umbral90=7.632 limite=8.4800 dispositivo=2
INFO - 2025-10-29 21:48:42 --> [PREALERTA] Última prealerta datetime=2025-10-29 21:12:38 ts=1761783158 vs hace24=1761698922
INFO - 2025-10-29 21:48:42 --> [PREALERTA] Omitida por anti-spam (enviada hace menos de 24h).
INFO - 2025-10-29 21:48:44 --> Session: Class initialized using 'CodeIgniter\Session\Handlers\FileHandler' driver.
INFO - 2025-10-29 21:48:46 --> Session: Class initialized using 'CodeIgniter\Session\Handlers\FileHandler' driver.
INFO - 2025-10-29 21:48:48 --> Session: Class initialized using 'CodeIgniter\Session\Handlers\FileHandler' driver.
INFO - 2025-10-29 21:48:48 --> Límite obtenido (general): 8.4800 kWh, IP: 192.168.0.232
INFO - 2025-10-29 21:48:49 --> Session: Class initialized using 'CodeIgniter\Session\Handlers\FileHandler' driver.
INFO - 2025-10-29 21:48:49 --> [PREALERTA] Evaluando prealerta. consumo=8.455537 umbral90=7.632 limite=8.4800 dispositivo=2
INFO - 2025-10-29 21:48:49 --> [PREALERTA] Última prealerta datetime=2025-10-29 21:12:38 ts=1761783158 vs hace24=1761698929
INFO - 2025-10-29 21:48:49 --> [PREALERTA] Omitida por anti-spam (enviada hace menos de 24h).
INFO - 2025-10-29 21:48:51 --> Session: Class initialized using 'CodeIgniter\Session\Handlers\FileHandler' driver.
INFO - 2025-10-29 21:48:55 --> Session: Class initialized using 'CodeIgniter\Session\Handlers\FileHandler' driver.
INFO - 2025-10-29 21:48:55 --> Límite obtenido (general): 8.4800 kWh, IP: 192.168.0.232
INFO - 2025-10-29 21:48:56 --> Session: Class initialized using 'CodeIgniter\Session\Handlers\FileHandler' driver.
INFO - 2025-10-29 21:48:56 --> Session: Class initialized using 'CodeIgniter\Session\Handlers\FileHandler' driver.
INFO - 2025-10-29 21:48:56 --> [PREALERTA] Evaluando prealerta. consumo=8.457272 umbral90=7.632 limite=8.4800 dispositivo=2
INFO - 2025-10-29 21:48:56 --> [PREALERTA] Última prealerta datetime=2025-10-29 21:12:38 ts=1761783158 vs hace24=1761698936
INFO - 2025-10-29 21:48:56 --> [PREALERTA] Omitida por anti-spam (enviada hace menos de 24h).
DEBUG - 2025-10-29 21:49:00 --> Ruta actual: /Tesina/public/admin/dispositivos
INFO - 2025-10-29 21:49:00 --> Session: Class initialized using 'CodeIgniter\Session\Handlers\FileHandler' driver.
DEBUG - 2025-10-29 21:49:00 --> Datos en sesión: Array
(
    [__ci_last_regenerate] => 1761785259
    [_ci_previous_url] => http://192.168.0.138/Tesina/public/energia/dispositivo/2
    [id_usuario] => 1
    [nombre] => brunito
    [apellido] => barber
    [email] => brunocameille@alumnos.itr3.edu.ar
    [rol] => admin
    [logged_in] => 1
)

DEBUG - 2025-10-29 21:49:00 --> Buscando usuario ID: 1
DEBUG - 2025-10-29 21:49:00 --> Resultado de la búsqueda: Array
(
    [id_usuario] => 1
    [nombre] => brunito
    [apellido] => barber
    [email] => brunocameille@alumnos.itr3.edu.ar
    [contrasena] => $2y$10$DfVf5j75GUow.8KQIROrQ.HgppT0Rq0gHjnl3td.ZZBDLZAYggz.u
    [direccion_id] => 0
    [id_rol] => 1
    [created_at] => 2025-04-07 13:37:30
    [updated_at] => 2025-10-13 19:57:07
    [invitado_por] => 
    [estado] => activo
    [token_activacion] => 
)

INFO - 2025-10-29 21:49:02 --> Session: Class initialized using 'CodeIgniter\Session\Handlers\FileHandler' driver.
INFO - 2025-10-29 21:49:02 --> Límite obtenido (general): 8.4800 kWh, IP: 192.168.0.232
DEBUG - 2025-10-29 21:49:03 --> Ruta actual: /Tesina/public/energia/dispositivo/2
INFO - 2025-10-29 21:49:03 --> Session: Class initialized using 'CodeIgniter\Session\Handlers\FileHandler' driver.
DEBUG - 2025-10-29 21:49:03 --> Datos en sesión: Array
(
    [__ci_last_regenerate] => 1761785259
    [_ci_previous_url] => http://192.168.0.138/Tesina/public/admin/dispositivos
    [id_usuario] => 1
    [nombre] => brunito
    [apellido] => barber
    [email] => brunocameille@alumnos.itr3.edu.ar
    [rol] => admin
    [logged_in] => 1
)

INFO - 2025-10-29 21:49:04 --> Session: Class initialized using 'CodeIgniter\Session\Handlers\FileHandler' driver.
INFO - 2025-10-29 21:49:04 --> [PREALERTA] Evaluando prealerta. consumo=8.458979 umbral90=7.632 limite=8.4800 dispositivo=2
INFO - 2025-10-29 21:49:04 --> [PREALERTA] Última prealerta datetime=2025-10-29 21:12:38 ts=1761783158 vs hace24=1761698944
INFO - 2025-10-29 21:49:04 --> [PREALERTA] Omitida por anti-spam (enviada hace menos de 24h).
INFO - 2025-10-29 21:49:04 --> Session: Class initialized using 'CodeIgniter\Session\Handlers\FileHandler' driver.
INFO - 2025-10-29 21:49:04 --> Session: Class initialized using 'CodeIgniter\Session\Handlers\FileHandler' driver.
INFO - 2025-10-29 21:49:04 --> Session: Class initialized using 'CodeIgniter\Session\Handlers\FileHandler' driver.
INFO - 2025-10-29 21:49:08 --> Session: Class initialized using 'CodeIgniter\Session\Handlers\FileHandler' driver.
INFO - 2025-10-29 21:49:10 --> Session: Class initialized using 'CodeIgniter\Session\Handlers\FileHandler' driver.
INFO - 2025-10-29 21:49:10 --> Límite obtenido (general): 8.4800 kWh, IP: 192.168.0.232
INFO - 2025-10-29 21:49:11 --> Session: Class initialized using 'CodeIgniter\Session\Handlers\FileHandler' driver.
INFO - 2025-10-29 21:49:11 --> [PREALERTA] Evaluando prealerta. consumo=8.460682 umbral90=7.632 limite=8.4800 dispositivo=2
INFO - 2025-10-29 21:49:11 --> [PREALERTA] Última prealerta datetime=2025-10-29 21:12:38 ts=1761783158 vs hace24=1761698951
INFO - 2025-10-29 21:49:11 --> [PREALERTA] Omitida por anti-spam (enviada hace menos de 24h).
INFO - 2025-10-29 21:49:13 --> Session: Class initialized using 'CodeIgniter\Session\Handlers\FileHandler' driver.
INFO - 2025-10-29 21:49:17 --> Session: Class initialized using 'CodeIgniter\Session\Handlers\FileHandler' driver.
INFO - 2025-10-29 21:49:17 --> Límite obtenido (general): 8.4800 kWh, IP: 192.168.0.232
INFO - 2025-10-29 21:49:18 --> Session: Class initialized using 'CodeIgniter\Session\Handlers\FileHandler' driver.
INFO - 2025-10-29 21:49:18 --> [PREALERTA] Evaluando prealerta. consumo=8.462424 umbral90=7.632 limite=8.4800 dispositivo=2
INFO - 2025-10-29 21:49:18 --> [PREALERTA] Última prealerta datetime=2025-10-29 21:12:38 ts=1761783158 vs hace24=1761698958
INFO - 2025-10-29 21:49:18 --> [PREALERTA] Omitida por anti-spam (enviada hace menos de 24h).
INFO - 2025-10-29 21:49:18 --> Session: Class initialized using 'CodeIgniter\Session\Handlers\FileHandler' driver.
INFO - 2025-10-29 21:49:23 --> Session: Class initialized using 'CodeIgniter\Session\Handlers\FileHandler' driver.
INFO - 2025-10-29 21:49:23 --> Límite obtenido (general): 8.4800 kWh, IP: 192.168.0.232
INFO - 2025-10-29 21:49:23 --> Session: Class initialized using 'CodeIgniter\Session\Handlers\FileHandler' driver.
INFO - 2025-10-29 21:49:25 --> Session: Class initialized using 'CodeIgniter\Session\Handlers\FileHandler' driver.
INFO - 2025-10-29 21:49:25 --> [PREALERTA] Evaluando prealerta. consumo=8.464148 umbral90=7.632 limite=8.4800 dispositivo=2
INFO - 2025-10-29 21:49:25 --> [PREALERTA] Última prealerta datetime=2025-10-29 21:12:38 ts=1761783158 vs hace24=1761698965
INFO - 2025-10-29 21:49:25 --> [PREALERTA] Omitida por anti-spam (enviada hace menos de 24h).
INFO - 2025-10-29 21:49:28 --> Session: Class initialized using 'CodeIgniter\Session\Handlers\FileHandler' driver.
INFO - 2025-10-29 21:49:30 --> Session: Class initialized using 'CodeIgniter\Session\Handlers\FileHandler' driver.
INFO - 2025-10-29 21:49:30 --> Límite obtenido (general): 8.4800 kWh, IP: 192.168.0.232
INFO - 2025-10-29 21:49:32 --> Session: Class initialized using 'CodeIgniter\Session\Handlers\FileHandler' driver.
INFO - 2025-10-29 21:49:32 --> [PREALERTA] Evaluando prealerta. consumo=8.465882 umbral90=7.632 limite=8.4800 dispositivo=2
INFO - 2025-10-29 21:49:32 --> [PREALERTA] Última prealerta datetime=2025-10-29 21:12:38 ts=1761783158 vs hace24=1761698972
INFO - 2025-10-29 21:49:32 --> [PREALERTA] Omitida por anti-spam (enviada hace menos de 24h).
INFO - 2025-10-29 21:49:33 --> Session: Class initialized using 'CodeIgniter\Session\Handlers\FileHandler' driver.
DEBUG - 2025-10-29 21:49:34 --> Ruta actual: /Tesina/public/energia/actualizarLimite
INFO - 2025-10-29 21:49:34 --> Session: Class initialized using 'CodeIgniter\Session\Handlers\FileHandler' driver.
DEBUG - 2025-10-29 21:49:34 --> Datos en sesión: Array
(
    [__ci_last_regenerate] => 1761785259
    [_ci_previous_url] => http://192.168.0.138/Tesina/public/energia/dispositivo/2
    [id_usuario] => 1
    [nombre] => brunito
    [apellido] => barber
    [email] => brunocameille@alumnos.itr3.edu.ar
    [rol] => admin
    [logged_in] => 1
)

INFO - 2025-10-29 21:49:37 --> Session: Class initialized using 'CodeIgniter\Session\Handlers\FileHandler' driver.
INFO - 2025-10-29 21:49:37 --> Límite obtenido (general): 8.4690 kWh, IP: 192.168.0.232
INFO - 2025-10-29 21:49:39 --> Session: Class initialized using 'CodeIgniter\Session\Handlers\FileHandler' driver.
INFO - 2025-10-29 21:49:39 --> [PREALERTA] Evaluando prealerta. consumo=8.46761 umbral90=7.6221 limite=8.4690 dispositivo=2
INFO - 2025-10-29 21:49:39 --> [PREALERTA] Última prealerta datetime=2025-10-29 21:12:38 ts=1761783158 vs hace24=1761698979
INFO - 2025-10-29 21:49:39 --> [PREALERTA] Omitida por anti-spam (enviada hace menos de 24h).
INFO - 2025-10-29 21:49:41 --> Session: Class initialized using 'CodeIgniter\Session\Handlers\FileHandler' driver.
INFO - 2025-10-29 21:49:43 --> Session: Class initialized using 'CodeIgniter\Session\Handlers\FileHandler' driver.
INFO - 2025-10-29 21:49:44 --> Session: Class initialized using 'CodeIgniter\Session\Handlers\FileHandler' driver.
INFO - 2025-10-29 21:49:44 --> Límite obtenido (general): 8.4690 kWh, IP: 192.168.0.232
INFO - 2025-10-29 21:49:46 --> Session: Class initialized using 'CodeIgniter\Session\Handlers\FileHandler' driver.
DEBUG - 2025-10-29 21:49:46 --> Buscando usuario ID: 1
DEBUG - 2025-10-29 21:49:46 --> Resultado de la búsqueda: Array
(
    [id_usuario] => 1
    [nombre] => brunito
    [apellido] => barber
    [email] => brunocameille@alumnos.itr3.edu.ar
    [contrasena] => $2y$10$DfVf5j75GUow.8KQIROrQ.HgppT0Rq0gHjnl3td.ZZBDLZAYggz.u
    [direccion_id] => 0
    [id_rol] => 1
    [created_at] => 2025-04-07 13:37:30
    [updated_at] => 2025-10-13 19:57:07
    [invitado_por] => 
    [estado] => activo
    [token_activacion] => 
)

INFO - 2025-10-29 21:49:48 --> Session: Class initialized using 'CodeIgniter\Session\Handlers\FileHandler' driver.
INFO - 2025-10-29 21:49:50 --> Alerta de consumo enviada correctamente a brunocameille@alumnos.itr3.edu.ar
INFO - 2025-10-29 21:49:53 --> Session: Class initialized using 'CodeIgniter\Session\Handlers\FileHandler' driver.
INFO - 2025-10-29 21:49:57 --> Session: Class initialized using 'CodeIgniter\Session\Handlers\FileHandler' driver.
INFO - 2025-10-29 21:49:57 --> Límite obtenido (general): 8.4690 kWh, IP: 192.168.0.232
INFO - 2025-10-29 21:49:59 --> Session: Class initialized using 'CodeIgniter\Session\Handlers\FileHandler' driver.
INFO - 2025-10-29 21:49:59 --> Session: Class initialized using 'CodeIgniter\Session\Handlers\FileHandler' driver.
INFO - 2025-10-29 21:50:03 --> Session: Class initialized using 'CodeIgniter\Session\Handlers\FileHandler' driver.
INFO - 2025-10-29 21:50:05 --> Session: Class initialized using 'CodeIgniter\Session\Handlers\FileHandler' driver.
INFO - 2025-10-29 21:50:05 --> Límite obtenido (general): 8.4690 kWh, IP: 192.168.0.232
INFO - 2025-10-29 21:50:06 --> Session: Class initialized using 'CodeIgniter\Session\Handlers\FileHandler' driver.
INFO - 2025-10-29 21:50:08 --> Session: Class initialized using 'CodeIgniter\Session\Handlers\FileHandler' driver.
INFO - 2025-10-29 21:50:11 --> Session: Class initialized using 'CodeIgniter\Session\Handlers\FileHandler' driver.
INFO - 2025-10-29 21:50:11 --> Límite obtenido (general): 8.4690 kWh, IP: 192.168.0.232
INFO - 2025-10-29 21:50:13 --> Session: Class initialized using 'CodeIgniter\Session\Handlers\FileHandler' driver.
INFO - 2025-10-29 21:50:14 --> Session: Class initialized using 'CodeIgniter\Session\Handlers\FileHandler' driver.
INFO - 2025-10-29 21:50:18 --> Session: Class initialized using 'CodeIgniter\Session\Handlers\FileHandler' driver.
INFO - 2025-10-29 21:50:20 --> Session: Class initialized using 'CodeIgniter\Session\Handlers\FileHandler' driver.
INFO - 2025-10-29 21:50:20 --> Límite obtenido (general): 8.4690 kWh, IP: 192.168.0.232
INFO - 2025-10-29 21:50:21 --> Session: Class initialized using 'CodeIgniter\Session\Handlers\FileHandler' driver.
INFO - 2025-10-29 21:50:23 --> Session: Class initialized using 'CodeIgniter\Session\Handlers\FileHandler' driver.
INFO - 2025-10-29 21:50:27 --> Session: Class initialized using 'CodeIgniter\Session\Handlers\FileHandler' driver.
INFO - 2025-10-29 21:50:27 --> Límite obtenido (general): 8.4690 kWh, IP: 192.168.0.232
INFO - 2025-10-29 21:50:28 --> Session: Class initialized using 'CodeIgniter\Session\Handlers\FileHandler' driver.
INFO - 2025-10-29 21:50:28 --> Session: Class initialized using 'CodeIgniter\Session\Handlers\FileHandler' driver.
INFO - 2025-10-29 21:50:33 --> Session: Class initialized using 'CodeIgniter\Session\Handlers\FileHandler' driver.
INFO - 2025-10-29 21:50:35 --> Session: Class initialized using 'CodeIgniter\Session\Handlers\FileHandler' driver.
INFO - 2025-10-29 21:50:35 --> Límite obtenido (general): 8.4690 kWh, IP: 192.168.0.232
INFO - 2025-10-29 21:50:37 --> Session: Class initialized using 'CodeIgniter\Session\Handlers\FileHandler' driver.
INFO - 2025-10-29 21:50:38 --> Session: Class initialized using 'CodeIgniter\Session\Handlers\FileHandler' driver.
INFO - 2025-10-29 21:50:43 --> Session: Class initialized using 'CodeIgniter\Session\Handlers\FileHandler' driver.
INFO - 2025-10-29 21:50:44 --> Session: Class initialized using 'CodeIgniter\Session\Handlers\FileHandler' driver.
INFO - 2025-10-29 21:50:44 --> Límite obtenido (general): 8.4690 kWh, IP: 192.168.0.232
INFO - 2025-10-29 21:50:46 --> Session: Class initialized using 'CodeIgniter\Session\Handlers\FileHandler' driver.
INFO - 2025-10-29 21:50:48 --> Session: Class initialized using 'CodeIgniter\Session\Handlers\FileHandler' driver.
INFO - 2025-10-29 21:50:52 --> Session: Class initialized using 'CodeIgniter\Session\Handlers\FileHandler' driver.
INFO - 2025-10-29 21:50:52 --> Límite obtenido (general): 8.4690 kWh, IP: 192.168.0.232
INFO - 2025-10-29 21:50:53 --> Session: Class initialized using 'CodeIgniter\Session\Handlers\FileHandler' driver.
INFO - 2025-10-29 21:50:53 --> Session: Class initialized using 'CodeIgniter\Session\Handlers\FileHandler' driver.
INFO - 2025-10-29 21:50:58 --> Session: Class initialized using 'CodeIgniter\Session\Handlers\FileHandler' driver.
INFO - 2025-10-29 21:50:59 --> Session: Class initialized using 'CodeIgniter\Session\Handlers\FileHandler' driver.
INFO - 2025-10-29 21:50:59 --> Límite obtenido (general): 8.4690 kWh, IP: 192.168.0.232
INFO - 2025-10-29 21:51:00 --> Session: Class initialized using 'CodeIgniter\Session\Handlers\FileHandler' driver.
INFO - 2025-10-29 21:51:03 --> Session: Class initialized using 'CodeIgniter\Session\Handlers\FileHandler' driver.
INFO - 2025-10-29 21:51:06 --> Session: Class initialized using 'CodeIgniter\Session\Handlers\FileHandler' driver.
INFO - 2025-10-29 21:51:06 --> Límite obtenido (general): 8.4690 kWh, IP: 192.168.0.232
INFO - 2025-10-29 21:51:07 --> Session: Class initialized using 'CodeIgniter\Session\Handlers\FileHandler' driver.
INFO - 2025-10-29 21:51:08 --> Session: Class initialized using 'CodeIgniter\Session\Handlers\FileHandler' driver.
INFO - 2025-10-29 21:51:13 --> Session: Class initialized using 'CodeIgniter\Session\Handlers\FileHandler' driver.
INFO - 2025-10-29 21:51:13 --> Límite obtenido (general): 8.4690 kWh, IP: 192.168.0.232
INFO - 2025-10-29 21:51:13 --> Session: Class initialized using 'CodeIgniter\Session\Handlers\FileHandler' driver.
INFO - 2025-10-29 21:51:18 --> Session: Class initialized using 'CodeIgniter\Session\Handlers\FileHandler' driver.
INFO - 2025-10-29 21:51:18 --> Session: Class initialized using 'CodeIgniter\Session\Handlers\FileHandler' driver.
INFO - 2025-10-29 21:51:23 --> Session: Class initialized using 'CodeIgniter\Session\Handlers\FileHandler' driver.
INFO - 2025-10-29 21:51:27 --> Session: Class initialized using 'CodeIgniter\Session\Handlers\FileHandler' driver.
INFO - 2025-10-29 21:51:27 --> Límite obtenido (general): 8.4690 kWh, IP: 192.168.0.232
INFO - 2025-10-29 21:51:28 --> Session: Class initialized using 'CodeIgniter\Session\Handlers\FileHandler' driver.
INFO - 2025-10-29 21:51:29 --> Session: Class initialized using 'CodeIgniter\Session\Handlers\FileHandler' driver.
INFO - 2025-10-29 21:51:34 --> Session: Class initialized using 'CodeIgniter\Session\Handlers\FileHandler' driver.
INFO - 2025-10-29 21:51:34 --> Session: Class initialized using 'CodeIgniter\Session\Handlers\FileHandler' driver.
INFO - 2025-10-29 21:51:34 --> Límite obtenido (general): 8.4690 kWh, IP: 192.168.0.232
INFO - 2025-10-29 21:51:36 --> Session: Class initialized using 'CodeIgniter\Session\Handlers\FileHandler' driver.
INFO - 2025-10-29 21:51:38 --> Session: Class initialized using 'CodeIgniter\Session\Handlers\FileHandler' driver.
INFO - 2025-10-29 21:51:42 --> Session: Class initialized using 'CodeIgniter\Session\Handlers\FileHandler' driver.
INFO - 2025-10-29 21:51:42 --> Límite obtenido (general): 8.4690 kWh, IP: 192.168.0.232
INFO - 2025-10-29 21:51:43 --> Session: Class initialized using 'CodeIgniter\Session\Handlers\FileHandler' driver.
INFO - 2025-10-29 21:51:43 --> Session: Class initialized using 'CodeIgniter\Session\Handlers\FileHandler' driver.
INFO - 2025-10-29 21:51:48 --> Session: Class initialized using 'CodeIgniter\Session\Handlers\FileHandler' driver.
INFO - 2025-10-29 21:51:48 --> Session: Class initialized using 'CodeIgniter\Session\Handlers\FileHandler' driver.
INFO - 2025-10-29 21:51:48 --> Límite obtenido (general): 8.4690 kWh, IP: 192.168.0.232
INFO - 2025-10-29 21:51:49 --> Session: Class initialized using 'CodeIgniter\Session\Handlers\FileHandler' driver.
INFO - 2025-10-29 21:51:53 --> Session: Class initialized using 'CodeIgniter\Session\Handlers\FileHandler' driver.
INFO - 2025-10-29 21:51:55 --> Session: Class initialized using 'CodeIgniter\Session\Handlers\FileHandler' driver.
INFO - 2025-10-29 21:51:55 --> Límite obtenido (general): 8.4690 kWh, IP: 192.168.0.232
INFO - 2025-10-29 21:51:56 --> Session: Class initialized using 'CodeIgniter\Session\Handlers\FileHandler' driver.
INFO - 2025-10-29 21:51:58 --> Session: Class initialized using 'CodeIgniter\Session\Handlers\FileHandler' driver.
INFO - 2025-10-29 21:52:02 --> Session: Class initialized using 'CodeIgniter\Session\Handlers\FileHandler' driver.
INFO - 2025-10-29 21:52:02 --> Límite obtenido (general): 8.4690 kWh, IP: 192.168.0.232
INFO - 2025-10-29 21:52:03 --> Session: Class initialized using 'CodeIgniter\Session\Handlers\FileHandler' driver.
INFO - 2025-10-29 21:52:03 --> Session: Class initialized using 'CodeIgniter\Session\Handlers\FileHandler' driver.
INFO - 2025-10-29 21:52:08 --> Session: Class initialized using 'CodeIgniter\Session\Handlers\FileHandler' driver.
INFO - 2025-10-29 21:52:09 --> Session: Class initialized using 'CodeIgniter\Session\Handlers\FileHandler' driver.
INFO - 2025-10-29 21:52:09 --> Límite obtenido (general): 8.4690 kWh, IP: 192.168.0.232
DEBUG - 2025-10-29 21:52:09 --> Ruta actual: /Tesina/public/energia/dispositivo/2
INFO - 2025-10-29 21:52:09 --> Session: Class initialized using 'CodeIgniter\Session\Handlers\FileHandler' driver.
DEBUG - 2025-10-29 21:52:09 --> Datos en sesión: Array
(
    [__ci_last_regenerate] => 1761785259
    [_ci_previous_url] => http://192.168.0.138/Tesina/public/energia/dispositivo/2
    [id_usuario] => 1
    [nombre] => brunito
    [apellido] => barber
    [email] => brunocameille@alumnos.itr3.edu.ar
    [rol] => admin
    [logged_in] => 1
)

INFO - 2025-10-29 21:52:10 --> Session: Class initialized using 'CodeIgniter\Session\Handlers\FileHandler' driver.
INFO - 2025-10-29 21:52:10 --> Session: Class initialized using 'CodeIgniter\Session\Handlers\FileHandler' driver.
INFO - 2025-10-29 21:52:10 --> Session: Class initialized using 'CodeIgniter\Session\Handlers\FileHandler' driver.
INFO - 2025-10-29 21:52:13 --> Session: Class initialized using 'CodeIgniter\Session\Handlers\FileHandler' driver.
DEBUG - 2025-10-29 21:52:14 --> Ruta actual: /Tesina/public/energia/actualizarLimite
INFO - 2025-10-29 21:52:14 --> Session: Class initialized using 'CodeIgniter\Session\Handlers\FileHandler' driver.
DEBUG - 2025-10-29 21:52:14 --> Datos en sesión: Array
(
    [__ci_last_regenerate] => 1761785259
    [_ci_previous_url] => http://192.168.0.138/Tesina/public/energia/dispositivo/2
    [id_usuario] => 1
    [nombre] => brunito
    [apellido] => barber
    [email] => brunocameille@alumnos.itr3.edu.ar
    [rol] => admin
    [logged_in] => 1
)

INFO - 2025-10-29 21:52:20 --> Session: Class initialized using 'CodeIgniter\Session\Handlers\FileHandler' driver.
INFO - 2025-10-29 21:52:20 --> Session: Class initialized using 'CodeIgniter\Session\Handlers\FileHandler' driver.
INFO - 2025-10-29 21:52:20 --> Límite obtenido (general): 9.0000 kWh, IP: 192.168.0.232
INFO - 2025-10-29 21:52:21 --> Session: Class initialized using 'CodeIgniter\Session\Handlers\FileHandler' driver.
INFO - 2025-10-29 21:52:21 --> Session: Class initialized using 'CodeIgniter\Session\Handlers\FileHandler' driver.
INFO - 2025-10-29 21:52:21 --> [PREALERTA] Evaluando prealerta. consumo=8.48799 umbral90=8.1 limite=9.0000 dispositivo=2
INFO - 2025-10-29 21:52:21 --> [PREALERTA] Última prealerta datetime=2025-10-29 21:12:38 ts=1761783158 vs hace24=1761699141
INFO - 2025-10-29 21:52:21 --> [PREALERTA] Omitida por anti-spam (enviada hace menos de 24h).
INFO - 2025-10-29 21:52:25 --> Session: Class initialized using 'CodeIgniter\Session\Handlers\FileHandler' driver.
INFO - 2025-10-29 21:52:27 --> Session: Class initialized using 'CodeIgniter\Session\Handlers\FileHandler' driver.
INFO - 2025-10-29 21:52:27 --> Límite obtenido (general): 9.0000 kWh, IP: 192.168.0.232
INFO - 2025-10-29 21:52:29 --> Session: Class initialized using 'CodeIgniter\Session\Handlers\FileHandler' driver.
INFO - 2025-10-29 21:52:29 --> [PREALERTA] Evaluando prealerta. consumo=8.489653 umbral90=8.1 limite=9.0000 dispositivo=2
INFO - 2025-10-29 21:52:29 --> [PREALERTA] Última prealerta datetime=2025-10-29 21:12:38 ts=1761783158 vs hace24=1761699149
INFO - 2025-10-29 21:52:29 --> [PREALERTA] Omitida por anti-spam (enviada hace menos de 24h).
INFO - 2025-10-29 21:52:30 --> Session: Class initialized using 'CodeIgniter\Session\Handlers\FileHandler' driver.
INFO - 2025-10-29 21:52:35 --> Session: Class initialized using 'CodeIgniter\Session\Handlers\FileHandler' driver.
INFO - 2025-10-29 21:52:39 --> Session: Class initialized using 'CodeIgniter\Session\Handlers\FileHandler' driver.
INFO - 2025-10-29 21:52:39 --> Límite obtenido (general): 9.0000 kWh, IP: 192.168.0.232
INFO - 2025-10-29 21:52:40 --> Session: Class initialized using 'CodeIgniter\Session\Handlers\FileHandler' driver.
INFO - 2025-10-29 21:52:40 --> [PREALERTA] Evaluando prealerta. consumo=8.49131 umbral90=8.1 limite=9.0000 dispositivo=2
INFO - 2025-10-29 21:52:40 --> [PREALERTA] Última prealerta datetime=2025-10-29 21:12:38 ts=1761783158 vs hace24=1761699160
INFO - 2025-10-29 21:52:40 --> [PREALERTA] Omitida por anti-spam (enviada hace menos de 24h).
INFO - 2025-10-29 21:52:40 --> Session: Class initialized using 'CodeIgniter\Session\Handlers\FileHandler' driver.
INFO - 2025-10-29 21:52:45 --> Session: Class initialized using 'CodeIgniter\Session\Handlers\FileHandler' driver.
INFO - 2025-10-29 21:52:47 --> Session: Class initialized using 'CodeIgniter\Session\Handlers\FileHandler' driver.
INFO - 2025-10-29 21:52:47 --> Límite obtenido (general): 9.0000 kWh, IP: 192.168.0.232
INFO - 2025-10-29 21:52:48 --> Session: Class initialized using 'CodeIgniter\Session\Handlers\FileHandler' driver.
INFO - 2025-10-29 21:52:48 --> [PREALERTA] Evaluando prealerta. consumo=8.49301 umbral90=8.1 limite=9.0000 dispositivo=2
INFO - 2025-10-29 21:52:48 --> [PREALERTA] Última prealerta datetime=2025-10-29 21:12:38 ts=1761783158 vs hace24=1761699168
INFO - 2025-10-29 21:52:48 --> [PREALERTA] Omitida por anti-spam (enviada hace menos de 24h).
INFO - 2025-10-29 21:52:50 --> Session: Class initialized using 'CodeIgniter\Session\Handlers\FileHandler' driver.
INFO - 2025-10-29 21:52:55 --> Session: Class initialized using 'CodeIgniter\Session\Handlers\FileHandler' driver.
INFO - 2025-10-29 21:52:58 --> Session: Class initialized using 'CodeIgniter\Session\Handlers\FileHandler' driver.
INFO - 2025-10-29 21:52:58 --> Límite obtenido (general): 9.0000 kWh, IP: 192.168.0.232
INFO - 2025-10-29 21:53:00 --> Session: Class initialized using 'CodeIgniter\Session\Handlers\FileHandler' driver.
INFO - 2025-10-29 21:53:05 --> Session: Class initialized using 'CodeIgniter\Session\Handlers\FileHandler' driver.
INFO - 2025-10-29 21:53:10 --> Session: Class initialized using 'CodeIgniter\Session\Handlers\FileHandler' driver.
INFO - 2025-10-29 21:53:15 --> Session: Class initialized using 'CodeIgniter\Session\Handlers\FileHandler' driver.
INFO - 2025-10-29 21:53:15 --> [PREALERTA] Evaluando prealerta. consumo=8.494615 umbral90=8.1 limite=9.0000 dispositivo=2
INFO - 2025-10-29 21:53:15 --> [PREALERTA] Última prealerta datetime=2025-10-29 21:12:38 ts=1761783158 vs hace24=1761699195
INFO - 2025-10-29 21:53:15 --> [PREALERTA] Omitida por anti-spam (enviada hace menos de 24h).
INFO - 2025-10-29 21:53:31 --> Session: Class initialized using 'CodeIgniter\Session\Handlers\FileHandler' driver.
INFO - 2025-10-29 21:53:31 --> Límite obtenido (general): 9.0000 kWh, IP: 192.168.0.232
INFO - 2025-10-29 21:53:32 --> Session: Class initialized using 'CodeIgniter\Session\Handlers\FileHandler' driver.
INFO - 2025-10-29 21:53:32 --> [PREALERTA] Evaluando prealerta. consumo=8.496307 umbral90=8.1 limite=9.0000 dispositivo=2
INFO - 2025-10-29 21:53:32 --> [PREALERTA] Última prealerta datetime=2025-10-29 21:12:38 ts=1761783158 vs hace24=1761699212
INFO - 2025-10-29 21:53:32 --> [PREALERTA] Omitida por anti-spam (enviada hace menos de 24h).
INFO - 2025-10-29 21:53:33 --> Session: Class initialized using 'CodeIgniter\Session\Handlers\FileHandler' driver.
INFO - 2025-10-29 21:53:38 --> Session: Class initialized using 'CodeIgniter\Session\Handlers\FileHandler' driver.
INFO - 2025-10-29 21:53:38 --> Límite obtenido (general): 9.0000 kWh, IP: 192.168.0.232
INFO - 2025-10-29 21:53:39 --> Session: Class initialized using 'CodeIgniter\Session\Handlers\FileHandler' driver.
INFO - 2025-10-29 21:53:39 --> [PREALERTA] Evaluando prealerta. consumo=8.49797 umbral90=8.1 limite=9.0000 dispositivo=2
INFO - 2025-10-29 21:53:39 --> [PREALERTA] Última prealerta datetime=2025-10-29 21:12:38 ts=1761783158 vs hace24=1761699219
INFO - 2025-10-29 21:53:39 --> [PREALERTA] Omitida por anti-spam (enviada hace menos de 24h).
INFO - 2025-10-29 21:53:48 --> Session: Class initialized using 'CodeIgniter\Session\Handlers\FileHandler' driver.
INFO - 2025-10-29 21:53:48 --> Límite obtenido (general): 9.0000 kWh, IP: 192.168.0.232
INFO - 2025-10-29 21:53:49 --> Session: Class initialized using 'CodeIgniter\Session\Handlers\FileHandler' driver.
INFO - 2025-10-29 21:53:49 --> [PREALERTA] Evaluando prealerta. consumo=8.499637 umbral90=8.1 limite=9.0000 dispositivo=2
INFO - 2025-10-29 21:53:49 --> [PREALERTA] Última prealerta datetime=2025-10-29 21:12:38 ts=1761783158 vs hace24=1761699229
INFO - 2025-10-29 21:53:49 --> [PREALERTA] Omitida por anti-spam (enviada hace menos de 24h).
INFO - 2025-10-29 21:53:58 --> Session: Class initialized using 'CodeIgniter\Session\Handlers\FileHandler' driver.
INFO - 2025-10-29 21:53:58 --> Límite obtenido (general): 9.0000 kWh, IP: 192.168.0.232
INFO - 2025-10-29 21:53:59 --> Session: Class initialized using 'CodeIgniter\Session\Handlers\FileHandler' driver.
INFO - 2025-10-29 21:53:59 --> [PREALERTA] Evaluando prealerta. consumo=8.501328 umbral90=8.1 limite=9.0000 dispositivo=2
INFO - 2025-10-29 21:53:59 --> [PREALERTA] Última prealerta datetime=2025-10-29 21:12:38 ts=1761783158 vs hace24=1761699239
INFO - 2025-10-29 21:53:59 --> [PREALERTA] Omitida por anti-spam (enviada hace menos de 24h).
INFO - 2025-10-29 21:54:04 --> Session: Class initialized using 'CodeIgniter\Session\Handlers\FileHandler' driver.
INFO - 2025-10-29 21:54:04 --> Límite obtenido (general): 9.0000 kWh, IP: 192.168.0.232
INFO - 2025-10-29 21:54:06 --> Session: Class initialized using 'CodeIgniter\Session\Handlers\FileHandler' driver.
INFO - 2025-10-29 21:54:06 --> [PREALERTA] Evaluando prealerta. consumo=8.502975 umbral90=8.1 limite=9.0000 dispositivo=2
INFO - 2025-10-29 21:54:06 --> [PREALERTA] Última prealerta datetime=2025-10-29 21:12:38 ts=1761783158 vs hace24=1761699246
INFO - 2025-10-29 21:54:06 --> [PREALERTA] Omitida por anti-spam (enviada hace menos de 24h).
INFO - 2025-10-29 21:54:12 --> Session: Class initialized using 'CodeIgniter\Session\Handlers\FileHandler' driver.
INFO - 2025-10-29 21:54:12 --> Límite obtenido (general): 9.0000 kWh, IP: 192.168.0.232
INFO - 2025-10-29 21:54:13 --> Session: Class initialized using 'CodeIgniter\Session\Handlers\FileHandler' driver.
INFO - 2025-10-29 21:54:13 --> [PREALERTA] Evaluando prealerta. consumo=8.504663 umbral90=8.1 limite=9.0000 dispositivo=2
INFO - 2025-10-29 21:54:13 --> [PREALERTA] Última prealerta datetime=2025-10-29 21:12:38 ts=1761783158 vs hace24=1761699253
INFO - 2025-10-29 21:54:13 --> [PREALERTA] Omitida por anti-spam (enviada hace menos de 24h).
INFO - 2025-10-29 21:54:19 --> Session: Class initialized using 'CodeIgniter\Session\Handlers\FileHandler' driver.
INFO - 2025-10-29 21:54:19 --> Límite obtenido (general): 9.0000 kWh, IP: 192.168.0.232
INFO - 2025-10-29 21:54:20 --> Session: Class initialized using 'CodeIgniter\Session\Handlers\FileHandler' driver.
INFO - 2025-10-29 21:54:20 --> [PREALERTA] Evaluando prealerta. consumo=8.50635 umbral90=8.1 limite=9.0000 dispositivo=2
INFO - 2025-10-29 21:54:20 --> [PREALERTA] Última prealerta datetime=2025-10-29 21:12:38 ts=1761783158 vs hace24=1761699260
INFO - 2025-10-29 21:54:20 --> [PREALERTA] Omitida por anti-spam (enviada hace menos de 24h).
INFO - 2025-10-29 21:54:26 --> Session: Class initialized using 'CodeIgniter\Session\Handlers\FileHandler' driver.
INFO - 2025-10-29 21:54:26 --> Límite obtenido (general): 9.0000 kWh, IP: 192.168.0.232
INFO - 2025-10-29 21:54:27 --> Session: Class initialized using 'CodeIgniter\Session\Handlers\FileHandler' driver.
INFO - 2025-10-29 21:54:27 --> [PREALERTA] Evaluando prealerta. consumo=8.508053 umbral90=8.1 limite=9.0000 dispositivo=2
INFO - 2025-10-29 21:54:27 --> [PREALERTA] Última prealerta datetime=2025-10-29 21:12:38 ts=1761783158 vs hace24=1761699267
INFO - 2025-10-29 21:54:27 --> [PREALERTA] Omitida por anti-spam (enviada hace menos de 24h).
INFO - 2025-10-29 21:54:33 --> Session: Class initialized using 'CodeIgniter\Session\Handlers\FileHandler' driver.
INFO - 2025-10-29 21:54:33 --> Límite obtenido (general): 9.0000 kWh, IP: 192.168.0.232
INFO - 2025-10-29 21:54:33 --> Session: Class initialized using 'CodeIgniter\Session\Handlers\FileHandler' driver.
INFO - 2025-10-29 21:54:37 --> Session: Class initialized using 'CodeIgniter\Session\Handlers\FileHandler' driver.
INFO - 2025-10-29 21:54:37 --> [PREALERTA] Evaluando prealerta. consumo=8.509702 umbral90=8.1 limite=9.0000 dispositivo=2
INFO - 2025-10-29 21:54:37 --> [PREALERTA] Última prealerta datetime=2025-10-29 21:12:38 ts=1761783158 vs hace24=1761699277
INFO - 2025-10-29 21:54:37 --> [PREALERTA] Omitida por anti-spam (enviada hace menos de 24h).
INFO - 2025-10-29 21:54:44 --> Session: Class initialized using 'CodeIgniter\Session\Handlers\FileHandler' driver.
INFO - 2025-10-29 21:54:44 --> Límite obtenido (general): 9.0000 kWh, IP: 192.168.0.232
INFO - 2025-10-29 21:54:50 --> Session: Class initialized using 'CodeIgniter\Session\Handlers\FileHandler' driver.
INFO - 2025-10-29 21:54:50 --> [PREALERTA] Evaluando prealerta. consumo=8.511367 umbral90=8.1 limite=9.0000 dispositivo=2
INFO - 2025-10-29 21:54:50 --> [PREALERTA] Última prealerta datetime=2025-10-29 21:12:38 ts=1761783158 vs hace24=1761699290
INFO - 2025-10-29 21:54:50 --> [PREALERTA] Omitida por anti-spam (enviada hace menos de 24h).
INFO - 2025-10-29 21:54:56 --> Session: Class initialized using 'CodeIgniter\Session\Handlers\FileHandler' driver.
INFO - 2025-10-29 21:54:56 --> Límite obtenido (general): 9.0000 kWh, IP: 192.168.0.232
INFO - 2025-10-29 21:54:57 --> Session: Class initialized using 'CodeIgniter\Session\Handlers\FileHandler' driver.
INFO - 2025-10-29 21:54:57 --> [PREALERTA] Evaluando prealerta. consumo=8.513083 umbral90=8.1 limite=9.0000 dispositivo=2
INFO - 2025-10-29 21:54:57 --> [PREALERTA] Última prealerta datetime=2025-10-29 21:12:38 ts=1761783158 vs hace24=1761699297
INFO - 2025-10-29 21:54:57 --> [PREALERTA] Omitida por anti-spam (enviada hace menos de 24h).
INFO - 2025-10-29 21:55:03 --> Session: Class initialized using 'CodeIgniter\Session\Handlers\FileHandler' driver.
INFO - 2025-10-29 21:55:03 --> Límite obtenido (general): 9.0000 kWh, IP: 192.168.0.232
INFO - 2025-10-29 21:55:04 --> Session: Class initialized using 'CodeIgniter\Session\Handlers\FileHandler' driver.
INFO - 2025-10-29 21:55:04 --> [PREALERTA] Evaluando prealerta. consumo=8.514784 umbral90=8.1 limite=9.0000 dispositivo=2
INFO - 2025-10-29 21:55:04 --> [PREALERTA] Última prealerta datetime=2025-10-29 21:12:38 ts=1761783158 vs hace24=1761699304
INFO - 2025-10-29 21:55:04 --> [PREALERTA] Omitida por anti-spam (enviada hace menos de 24h).
INFO - 2025-10-29 21:55:11 --> Session: Class initialized using 'CodeIgniter\Session\Handlers\FileHandler' driver.
INFO - 2025-10-29 21:55:11 --> Límite obtenido (general): 9.0000 kWh, IP: 192.168.0.232
INFO - 2025-10-29 21:55:12 --> Session: Class initialized using 'CodeIgniter\Session\Handlers\FileHandler' driver.
INFO - 2025-10-29 21:55:12 --> [PREALERTA] Evaluando prealerta. consumo=8.516479 umbral90=8.1 limite=9.0000 dispositivo=2
INFO - 2025-10-29 21:55:12 --> [PREALERTA] Última prealerta datetime=2025-10-29 21:12:38 ts=1761783158 vs hace24=1761699312
INFO - 2025-10-29 21:55:12 --> [PREALERTA] Omitida por anti-spam (enviada hace menos de 24h).
INFO - 2025-10-29 21:55:17 --> Session: Class initialized using 'CodeIgniter\Session\Handlers\FileHandler' driver.
INFO - 2025-10-29 21:55:17 --> Límite obtenido (general): 9.0000 kWh, IP: 192.168.0.232
INFO - 2025-10-29 21:55:20 --> Session: Class initialized using 'CodeIgniter\Session\Handlers\FileHandler' driver.
INFO - 2025-10-29 21:55:20 --> [PREALERTA] Evaluando prealerta. consumo=8.518167 umbral90=8.1 limite=9.0000 dispositivo=2
INFO - 2025-10-29 21:55:20 --> [PREALERTA] Última prealerta datetime=2025-10-29 21:12:38 ts=1761783158 vs hace24=1761699320
INFO - 2025-10-29 21:55:20 --> [PREALERTA] Omitida por anti-spam (enviada hace menos de 24h).
INFO - 2025-10-29 21:55:25 --> Session: Class initialized using 'CodeIgniter\Session\Handlers\FileHandler' driver.
INFO - 2025-10-29 21:55:25 --> Límite obtenido (general): 9.0000 kWh, IP: 192.168.0.232
INFO - 2025-10-29 21:55:26 --> Session: Class initialized using 'CodeIgniter\Session\Handlers\FileHandler' driver.
INFO - 2025-10-29 21:55:26 --> [PREALERTA] Evaluando prealerta. consumo=8.51986 umbral90=8.1 limite=9.0000 dispositivo=2
INFO - 2025-10-29 21:55:26 --> [PREALERTA] Última prealerta datetime=2025-10-29 21:12:38 ts=1761783158 vs hace24=1761699326
INFO - 2025-10-29 21:55:26 --> [PREALERTA] Omitida por anti-spam (enviada hace menos de 24h).
INFO - 2025-10-29 21:55:32 --> Session: Class initialized using 'CodeIgniter\Session\Handlers\FileHandler' driver.
INFO - 2025-10-29 21:55:32 --> Límite obtenido (general): 9.0000 kWh, IP: 192.168.0.232
INFO - 2025-10-29 21:55:33 --> Session: Class initialized using 'CodeIgniter\Session\Handlers\FileHandler' driver.
INFO - 2025-10-29 21:55:33 --> [PREALERTA] Evaluando prealerta. consumo=8.521566 umbral90=8.1 limite=9.0000 dispositivo=2
INFO - 2025-10-29 21:55:33 --> [PREALERTA] Última prealerta datetime=2025-10-29 21:12:38 ts=1761783158 vs hace24=1761699333
INFO - 2025-10-29 21:55:33 --> [PREALERTA] Omitida por anti-spam (enviada hace menos de 24h).
INFO - 2025-10-29 21:55:33 --> Session: Class initialized using 'CodeIgniter\Session\Handlers\FileHandler' driver.
INFO - 2025-10-29 21:55:42 --> Session: Class initialized using 'CodeIgniter\Session\Handlers\FileHandler' driver.
INFO - 2025-10-29 21:55:42 --> Límite obtenido (general): 9.0000 kWh, IP: 192.168.0.232
INFO - 2025-10-29 21:55:43 --> Session: Class initialized using 'CodeIgniter\Session\Handlers\FileHandler' driver.
INFO - 2025-10-29 21:55:43 --> [PREALERTA] Evaluando prealerta. consumo=8.523159 umbral90=8.1 limite=9.0000 dispositivo=2
INFO - 2025-10-29 21:55:43 --> [PREALERTA] Última prealerta datetime=2025-10-29 21:12:38 ts=1761783158 vs hace24=1761699343
INFO - 2025-10-29 21:55:43 --> [PREALERTA] Omitida por anti-spam (enviada hace menos de 24h).
INFO - 2025-10-29 21:55:49 --> Session: Class initialized using 'CodeIgniter\Session\Handlers\FileHandler' driver.
INFO - 2025-10-29 21:55:49 --> Límite obtenido (general): 9.0000 kWh, IP: 192.168.0.232
INFO - 2025-10-29 21:55:50 --> Session: Class initialized using 'CodeIgniter\Session\Handlers\FileHandler' driver.
INFO - 2025-10-29 21:55:50 --> [PREALERTA] Evaluando prealerta. consumo=8.524824 umbral90=8.1 limite=9.0000 dispositivo=2
INFO - 2025-10-29 21:55:50 --> [PREALERTA] Última prealerta datetime=2025-10-29 21:12:38 ts=1761783158 vs hace24=1761699350
INFO - 2025-10-29 21:55:50 --> [PREALERTA] Omitida por anti-spam (enviada hace menos de 24h).
INFO - 2025-10-29 21:55:56 --> Session: Class initialized using 'CodeIgniter\Session\Handlers\FileHandler' driver.
INFO - 2025-10-29 21:55:56 --> Límite obtenido (general): 9.0000 kWh, IP: 192.168.0.232
INFO - 2025-10-29 21:55:57 --> Session: Class initialized using 'CodeIgniter\Session\Handlers\FileHandler' driver.
INFO - 2025-10-29 21:55:57 --> [PREALERTA] Evaluando prealerta. consumo=8.526507 umbral90=8.1 limite=9.0000 dispositivo=2
INFO - 2025-10-29 21:55:57 --> [PREALERTA] Última prealerta datetime=2025-10-29 21:12:38 ts=1761783158 vs hace24=1761699357
INFO - 2025-10-29 21:55:57 --> [PREALERTA] Omitida por anti-spam (enviada hace menos de 24h).
INFO - 2025-10-29 21:56:06 --> Session: Class initialized using 'CodeIgniter\Session\Handlers\FileHandler' driver.
INFO - 2025-10-29 21:56:06 --> Límite obtenido (general): 9.0000 kWh, IP: 192.168.0.232
INFO - 2025-10-29 21:56:09 --> Session: Class initialized using 'CodeIgniter\Session\Handlers\FileHandler' driver.
INFO - 2025-10-29 21:56:09 --> [PREALERTA] Evaluando prealerta. consumo=8.528168 umbral90=8.1 limite=9.0000 dispositivo=2
INFO - 2025-10-29 21:56:09 --> [PREALERTA] Última prealerta datetime=2025-10-29 21:12:38 ts=1761783158 vs hace24=1761699369
INFO - 2025-10-29 21:56:09 --> [PREALERTA] Omitida por anti-spam (enviada hace menos de 24h).
INFO - 2025-10-29 21:56:15 --> Session: Class initialized using 'CodeIgniter\Session\Handlers\FileHandler' driver.
INFO - 2025-10-29 21:56:15 --> Límite obtenido (general): 9.0000 kWh, IP: 192.168.0.232
INFO - 2025-10-29 21:56:16 --> Session: Class initialized using 'CodeIgniter\Session\Handlers\FileHandler' driver.
INFO - 2025-10-29 21:56:16 --> [PREALERTA] Evaluando prealerta. consumo=8.52983 umbral90=8.1 limite=9.0000 dispositivo=2
INFO - 2025-10-29 21:56:16 --> [PREALERTA] Última prealerta datetime=2025-10-29 21:12:38 ts=1761783158 vs hace24=1761699376
INFO - 2025-10-29 21:56:16 --> [PREALERTA] Omitida por anti-spam (enviada hace menos de 24h).
INFO - 2025-10-29 21:56:22 --> Session: Class initialized using 'CodeIgniter\Session\Handlers\FileHandler' driver.
INFO - 2025-10-29 21:56:22 --> Límite obtenido (general): 9.0000 kWh, IP: 192.168.0.232
INFO - 2025-10-29 21:56:24 --> Session: Class initialized using 'CodeIgniter\Session\Handlers\FileHandler' driver.
INFO - 2025-10-29 21:56:24 --> [PREALERTA] Evaluando prealerta. consumo=8.531543 umbral90=8.1 limite=9.0000 dispositivo=2
INFO - 2025-10-29 21:56:24 --> [PREALERTA] Última prealerta datetime=2025-10-29 21:12:38 ts=1761783158 vs hace24=1761699384
INFO - 2025-10-29 21:56:24 --> [PREALERTA] Omitida por anti-spam (enviada hace menos de 24h).
INFO - 2025-10-29 21:56:30 --> Session: Class initialized using 'CodeIgniter\Session\Handlers\FileHandler' driver.
INFO - 2025-10-29 21:56:30 --> Límite obtenido (general): 9.0000 kWh, IP: 192.168.0.232
INFO - 2025-10-29 21:56:31 --> Session: Class initialized using 'CodeIgniter\Session\Handlers\FileHandler' driver.
INFO - 2025-10-29 21:56:31 --> [PREALERTA] Evaluando prealerta. consumo=8.533204 umbral90=8.1 limite=9.0000 dispositivo=2
INFO - 2025-10-29 21:56:31 --> [PREALERTA] Última prealerta datetime=2025-10-29 21:12:38 ts=1761783158 vs hace24=1761699391
INFO - 2025-10-29 21:56:31 --> [PREALERTA] Omitida por anti-spam (enviada hace menos de 24h).
INFO - 2025-10-29 21:56:33 --> Session: Class initialized using 'CodeIgniter\Session\Handlers\FileHandler' driver.
INFO - 2025-10-29 21:56:36 --> Session: Class initialized using 'CodeIgniter\Session\Handlers\FileHandler' driver.
INFO - 2025-10-29 21:56:36 --> Límite obtenido (general): 9.0000 kWh, IP: 192.168.0.232
INFO - 2025-10-29 21:56:39 --> Session: Class initialized using 'CodeIgniter\Session\Handlers\FileHandler' driver.
INFO - 2025-10-29 21:56:39 --> [PREALERTA] Evaluando prealerta. consumo=8.534896 umbral90=8.1 limite=9.0000 dispositivo=2
INFO - 2025-10-29 21:56:39 --> [PREALERTA] Última prealerta datetime=2025-10-29 21:12:38 ts=1761783158 vs hace24=1761699399
INFO - 2025-10-29 21:56:39 --> [PREALERTA] Omitida por anti-spam (enviada hace menos de 24h).
INFO - 2025-10-29 21:56:52 --> Session: Class initialized using 'CodeIgniter\Session\Handlers\FileHandler' driver.
INFO - 2025-10-29 21:56:52 --> Límite obtenido (general): 9.0000 kWh, IP: 192.168.0.232
INFO - 2025-10-29 21:56:54 --> Session: Class initialized using 'CodeIgniter\Session\Handlers\FileHandler' driver.
INFO - 2025-10-29 21:56:54 --> [PREALERTA] Evaluando prealerta. consumo=8.536591 umbral90=8.1 limite=9.0000 dispositivo=2
INFO - 2025-10-29 21:56:54 --> [PREALERTA] Última prealerta datetime=2025-10-29 21:12:38 ts=1761783158 vs hace24=1761699414
INFO - 2025-10-29 21:56:54 --> [PREALERTA] Omitida por anti-spam (enviada hace menos de 24h).
INFO - 2025-10-29 21:57:00 --> Session: Class initialized using 'CodeIgniter\Session\Handlers\FileHandler' driver.
INFO - 2025-10-29 21:57:00 --> Límite obtenido (general): 9.0000 kWh, IP: 192.168.0.232
INFO - 2025-10-29 21:57:01 --> Session: Class initialized using 'CodeIgniter\Session\Handlers\FileHandler' driver.
INFO - 2025-10-29 21:57:01 --> [PREALERTA] Evaluando prealerta. consumo=8.538266 umbral90=8.1 limite=9.0000 dispositivo=2
INFO - 2025-10-29 21:57:01 --> [PREALERTA] Última prealerta datetime=2025-10-29 21:12:38 ts=1761783158 vs hace24=1761699421
INFO - 2025-10-29 21:57:01 --> [PREALERTA] Omitida por anti-spam (enviada hace menos de 24h).
INFO - 2025-10-29 21:57:06 --> Session: Class initialized using 'CodeIgniter\Session\Handlers\FileHandler' driver.
INFO - 2025-10-29 21:57:06 --> Límite obtenido (general): 9.0000 kWh, IP: 192.168.0.232
INFO - 2025-10-29 21:57:07 --> Session: Class initialized using 'CodeIgniter\Session\Handlers\FileHandler' driver.
INFO - 2025-10-29 21:57:07 --> [PREALERTA] Evaluando prealerta. consumo=8.539948 umbral90=8.1 limite=9.0000 dispositivo=2
INFO - 2025-10-29 21:57:07 --> [PREALERTA] Última prealerta datetime=2025-10-29 21:12:38 ts=1761783158 vs hace24=1761699427
INFO - 2025-10-29 21:57:07 --> [PREALERTA] Omitida por anti-spam (enviada hace menos de 24h).
INFO - 2025-10-29 21:57:13 --> Session: Class initialized using 'CodeIgniter\Session\Handlers\FileHandler' driver.
INFO - 2025-10-29 21:57:13 --> Límite obtenido (general): 9.0000 kWh, IP: 192.168.0.232
INFO - 2025-10-29 21:57:14 --> Session: Class initialized using 'CodeIgniter\Session\Handlers\FileHandler' driver.
INFO - 2025-10-29 21:57:14 --> [PREALERTA] Evaluando prealerta. consumo=8.541625 umbral90=8.1 limite=9.0000 dispositivo=2
INFO - 2025-10-29 21:57:14 --> [PREALERTA] Última prealerta datetime=2025-10-29 21:12:38 ts=1761783158 vs hace24=1761699434
INFO - 2025-10-29 21:57:14 --> [PREALERTA] Omitida por anti-spam (enviada hace menos de 24h).
INFO - 2025-10-29 21:57:20 --> Session: Class initialized using 'CodeIgniter\Session\Handlers\FileHandler' driver.
INFO - 2025-10-29 21:57:20 --> Límite obtenido (general): 9.0000 kWh, IP: 192.168.0.232
INFO - 2025-10-29 21:57:21 --> Session: Class initialized using 'CodeIgniter\Session\Handlers\FileHandler' driver.
INFO - 2025-10-29 21:57:21 --> [PREALERTA] Evaluando prealerta. consumo=8.543338 umbral90=8.1 limite=9.0000 dispositivo=2
INFO - 2025-10-29 21:57:21 --> [PREALERTA] Última prealerta datetime=2025-10-29 21:12:38 ts=1761783158 vs hace24=1761699441
INFO - 2025-10-29 21:57:21 --> [PREALERTA] Omitida por anti-spam (enviada hace menos de 24h).
INFO - 2025-10-29 21:57:27 --> Session: Class initialized using 'CodeIgniter\Session\Handlers\FileHandler' driver.
INFO - 2025-10-29 21:57:27 --> Límite obtenido (general): 9.0000 kWh, IP: 192.168.0.232
INFO - 2025-10-29 21:57:33 --> Session: Class initialized using 'CodeIgniter\Session\Handlers\FileHandler' driver.
INFO - 2025-10-29 21:57:43 --> Session: Class initialized using 'CodeIgniter\Session\Handlers\FileHandler' driver.
INFO - 2025-10-29 21:57:43 --> [PREALERTA] Evaluando prealerta. consumo=8.544992 umbral90=8.1 limite=9.0000 dispositivo=2
INFO - 2025-10-29 21:57:43 --> [PREALERTA] Última prealerta datetime=2025-10-29 21:12:38 ts=1761783158 vs hace24=1761699463
INFO - 2025-10-29 21:57:43 --> [PREALERTA] Omitida por anti-spam (enviada hace menos de 24h).
INFO - 2025-10-29 21:57:49 --> Session: Class initialized using 'CodeIgniter\Session\Handlers\FileHandler' driver.
INFO - 2025-10-29 21:57:49 --> Límite obtenido (general): 9.0000 kWh, IP: 192.168.0.232
INFO - 2025-10-29 21:57:50 --> Session: Class initialized using 'CodeIgniter\Session\Handlers\FileHandler' driver.
INFO - 2025-10-29 21:57:50 --> [PREALERTA] Evaluando prealerta. consumo=8.546709 umbral90=8.1 limite=9.0000 dispositivo=2
INFO - 2025-10-29 21:57:50 --> [PREALERTA] Última prealerta datetime=2025-10-29 21:12:38 ts=1761783158 vs hace24=1761699470
INFO - 2025-10-29 21:57:50 --> [PREALERTA] Omitida por anti-spam (enviada hace menos de 24h).
INFO - 2025-10-29 21:57:56 --> Session: Class initialized using 'CodeIgniter\Session\Handlers\FileHandler' driver.
INFO - 2025-10-29 21:57:56 --> Límite obtenido (general): 9.0000 kWh, IP: 192.168.0.232
INFO - 2025-10-29 21:58:01 --> Session: Class initialized using 'CodeIgniter\Session\Handlers\FileHandler' driver.
INFO - 2025-10-29 21:58:01 --> [PREALERTA] Evaluando prealerta. consumo=8.548368 umbral90=8.1 limite=9.0000 dispositivo=2
INFO - 2025-10-29 21:58:01 --> [PREALERTA] Última prealerta datetime=2025-10-29 21:12:38 ts=1761783158 vs hace24=1761699481
INFO - 2025-10-29 21:58:01 --> [PREALERTA] Omitida por anti-spam (enviada hace menos de 24h).
INFO - 2025-10-29 21:58:07 --> Session: Class initialized using 'CodeIgniter\Session\Handlers\FileHandler' driver.
INFO - 2025-10-29 21:58:07 --> Límite obtenido (general): 9.0000 kWh, IP: 192.168.0.232
INFO - 2025-10-29 21:58:09 --> Session: Class initialized using 'CodeIgniter\Session\Handlers\FileHandler' driver.
INFO - 2025-10-29 21:58:09 --> [PREALERTA] Evaluando prealerta. consumo=8.550076 umbral90=8.1 limite=9.0000 dispositivo=2
INFO - 2025-10-29 21:58:09 --> [PREALERTA] Última prealerta datetime=2025-10-29 21:12:38 ts=1761783158 vs hace24=1761699489
INFO - 2025-10-29 21:58:09 --> [PREALERTA] Omitida por anti-spam (enviada hace menos de 24h).
INFO - 2025-10-29 21:58:19 --> Session: Class initialized using 'CodeIgniter\Session\Handlers\FileHandler' driver.
INFO - 2025-10-29 21:58:19 --> Límite obtenido (general): 9.0000 kWh, IP: 192.168.0.232
INFO - 2025-10-29 21:58:20 --> Session: Class initialized using 'CodeIgniter\Session\Handlers\FileHandler' driver.
INFO - 2025-10-29 21:58:20 --> [PREALERTA] Evaluando prealerta. consumo=8.551787 umbral90=8.1 limite=9.0000 dispositivo=2
INFO - 2025-10-29 21:58:20 --> [PREALERTA] Última prealerta datetime=2025-10-29 21:12:38 ts=1761783158 vs hace24=1761699500
INFO - 2025-10-29 21:58:20 --> [PREALERTA] Omitida por anti-spam (enviada hace menos de 24h).
INFO - 2025-10-29 21:58:27 --> Session: Class initialized using 'CodeIgniter\Session\Handlers\FileHandler' driver.
INFO - 2025-10-29 21:58:27 --> Límite obtenido (general): 9.0000 kWh, IP: 192.168.0.232
INFO - 2025-10-29 21:58:28 --> Session: Class initialized using 'CodeIgniter\Session\Handlers\FileHandler' driver.
INFO - 2025-10-29 21:58:28 --> [PREALERTA] Evaluando prealerta. consumo=8.55349 umbral90=8.1 limite=9.0000 dispositivo=2
INFO - 2025-10-29 21:58:28 --> [PREALERTA] Última prealerta datetime=2025-10-29 21:12:38 ts=1761783158 vs hace24=1761699508
INFO - 2025-10-29 21:58:28 --> [PREALERTA] Omitida por anti-spam (enviada hace menos de 24h).
INFO - 2025-10-29 21:58:33 --> Session: Class initialized using 'CodeIgniter\Session\Handlers\FileHandler' driver.
INFO - 2025-10-29 21:58:39 --> Session: Class initialized using 'CodeIgniter\Session\Handlers\FileHandler' driver.
INFO - 2025-10-29 21:58:39 --> Límite obtenido (general): 9.0000 kWh, IP: 192.168.0.232
INFO - 2025-10-29 21:58:40 --> Session: Class initialized using 'CodeIgniter\Session\Handlers\FileHandler' driver.
INFO - 2025-10-29 21:58:40 --> [PREALERTA] Evaluando prealerta. consumo=8.555172 umbral90=8.1 limite=9.0000 dispositivo=2
INFO - 2025-10-29 21:58:40 --> [PREALERTA] Última prealerta datetime=2025-10-29 21:12:38 ts=1761783158 vs hace24=1761699520
INFO - 2025-10-29 21:58:40 --> [PREALERTA] Omitida por anti-spam (enviada hace menos de 24h).
INFO - 2025-10-29 21:58:46 --> Session: Class initialized using 'CodeIgniter\Session\Handlers\FileHandler' driver.
INFO - 2025-10-29 21:58:46 --> Límite obtenido (general): 9.0000 kWh, IP: 192.168.0.232
INFO - 2025-10-29 21:58:47 --> Session: Class initialized using 'CodeIgniter\Session\Handlers\FileHandler' driver.
INFO - 2025-10-29 21:58:47 --> [PREALERTA] Evaluando prealerta. consumo=8.556762 umbral90=8.1 limite=9.0000 dispositivo=2
INFO - 2025-10-29 21:58:47 --> [PREALERTA] Última prealerta datetime=2025-10-29 21:12:38 ts=1761783158 vs hace24=1761699527
INFO - 2025-10-29 21:58:47 --> [PREALERTA] Omitida por anti-spam (enviada hace menos de 24h).
INFO - 2025-10-29 21:58:53 --> Session: Class initialized using 'CodeIgniter\Session\Handlers\FileHandler' driver.
INFO - 2025-10-29 21:58:53 --> Límite obtenido (general): 9.0000 kWh, IP: 192.168.0.232
INFO - 2025-10-29 21:58:57 --> Session: Class initialized using 'CodeIgniter\Session\Handlers\FileHandler' driver.
INFO - 2025-10-29 21:58:57 --> [PREALERTA] Evaluando prealerta. consumo=8.558482 umbral90=8.1 limite=9.0000 dispositivo=2
INFO - 2025-10-29 21:58:57 --> [PREALERTA] Última prealerta datetime=2025-10-29 21:12:38 ts=1761783158 vs hace24=1761699537
INFO - 2025-10-29 21:58:57 --> [PREALERTA] Omitida por anti-spam (enviada hace menos de 24h).
INFO - 2025-10-29 21:59:03 --> Session: Class initialized using 'CodeIgniter\Session\Handlers\FileHandler' driver.
INFO - 2025-10-29 21:59:03 --> Límite obtenido (general): 9.0000 kWh, IP: 192.168.0.232
INFO - 2025-10-29 21:59:04 --> Session: Class initialized using 'CodeIgniter\Session\Handlers\FileHandler' driver.
INFO - 2025-10-29 21:59:04 --> [PREALERTA] Evaluando prealerta. consumo=8.560204 umbral90=8.1 limite=9.0000 dispositivo=2
INFO - 2025-10-29 21:59:04 --> [PREALERTA] Última prealerta datetime=2025-10-29 21:12:38 ts=1761783158 vs hace24=1761699544
INFO - 2025-10-29 21:59:04 --> [PREALERTA] Omitida por anti-spam (enviada hace menos de 24h).
INFO - 2025-10-29 21:59:10 --> Session: Class initialized using 'CodeIgniter\Session\Handlers\FileHandler' driver.
INFO - 2025-10-29 21:59:10 --> Límite obtenido (general): 9.0000 kWh, IP: 192.168.0.232
INFO - 2025-10-29 21:59:33 --> Session: Class initialized using 'CodeIgniter\Session\Handlers\FileHandler' driver.
INFO - 2025-10-29 21:59:47 --> Session: Class initialized using 'CodeIgniter\Session\Handlers\FileHandler' driver.
INFO - 2025-10-29 21:59:50 --> Session: Class initialized using 'CodeIgniter\Session\Handlers\FileHandler' driver.
INFO - 2025-10-29 21:59:54 --> Session: Class initialized using 'CodeIgniter\Session\Handlers\FileHandler' driver.
INFO - 2025-10-29 21:59:59 --> Session: Class initialized using 'CodeIgniter\Session\Handlers\FileHandler' driver.
DEBUG - 2025-10-29 22:00:03 --> Ruta actual: /Tesina/public/energia/dispositivo/2
INFO - 2025-10-29 22:00:03 --> Session: Class initialized using 'CodeIgniter\Session\Handlers\FileHandler' driver.
DEBUG - 2025-10-29 22:00:03 --> Datos en sesión: Array
(
    [__ci_last_regenerate] => 1761785913
    [_ci_previous_url] => http://192.168.0.138/Tesina/public/energia/dispositivo/2
    [id_usuario] => 1
    [nombre] => brunito
    [apellido] => barber
    [email] => brunocameille@alumnos.itr3.edu.ar
    [rol] => admin
    [logged_in] => 1
)

DEBUG - 2025-10-29 22:00:03 --> Ruta actual: /Tesina/public/energia/dispositivo/2
INFO - 2025-10-29 22:00:03 --> Session: Class initialized using 'CodeIgniter\Session\Handlers\FileHandler' driver.
DEBUG - 2025-10-29 22:00:03 --> Datos en sesión: Array
(
    [__ci_last_regenerate] => 1761785913
    [_ci_previous_url] => http://192.168.0.138/Tesina/public/energia/dispositivo/2
    [id_usuario] => 1
    [nombre] => brunito
    [apellido] => barber
    [email] => brunocameille@alumnos.itr3.edu.ar
    [rol] => admin
    [logged_in] => 1
)

DEBUG - 2025-10-29 22:00:03 --> Ruta actual: /Tesina/public/energia/dispositivo/2
INFO - 2025-10-29 22:00:03 --> Session: Class initialized using 'CodeIgniter\Session\Handlers\FileHandler' driver.
DEBUG - 2025-10-29 22:00:03 --> Datos en sesión: Array
(
    [__ci_last_regenerate] => 1761785913
    [_ci_previous_url] => http://192.168.0.138/Tesina/public/energia/dispositivo/2
    [id_usuario] => 1
    [nombre] => brunito
    [apellido] => barber
    [email] => brunocameille@alumnos.itr3.edu.ar
    [rol] => admin
    [logged_in] => 1
)

INFO - 2025-10-29 22:00:04 --> Session: Class initialized using 'CodeIgniter\Session\Handlers\FileHandler' driver.
INFO - 2025-10-29 22:00:04 --> Session: Class initialized using 'CodeIgniter\Session\Handlers\FileHandler' driver.
INFO - 2025-10-29 22:00:05 --> Session: Class initialized using 'CodeIgniter\Session\Handlers\FileHandler' driver.
INFO - 2025-10-29 22:00:07 --> Session: Class initialized using 'CodeIgniter\Session\Handlers\FileHandler' driver.
INFO - 2025-10-29 22:00:07 --> [PREALERTA] Evaluando prealerta. consumo=8.561904 umbral90=8.1 limite=9.0000 dispositivo=2
INFO - 2025-10-29 22:00:07 --> [PREALERTA] Última prealerta datetime=2025-10-29 21:12:38 ts=1761783158 vs hace24=1761699607
INFO - 2025-10-29 22:00:07 --> [PREALERTA] Omitida por anti-spam (enviada hace menos de 24h).
INFO - 2025-10-29 22:00:09 --> Session: Class initialized using 'CodeIgniter\Session\Handlers\FileHandler' driver.
INFO - 2025-10-29 22:00:13 --> Session: Class initialized using 'CodeIgniter\Session\Handlers\FileHandler' driver.
INFO - 2025-10-29 22:00:13 --> Límite obtenido (general): 9.0000 kWh, IP: 192.168.0.232
INFO - 2025-10-29 22:00:14 --> Session: Class initialized using 'CodeIgniter\Session\Handlers\FileHandler' driver.
INFO - 2025-10-29 22:00:14 --> Session: Class initialized using 'CodeIgniter\Session\Handlers\FileHandler' driver.
INFO - 2025-10-29 22:00:14 --> [PREALERTA] Evaluando prealerta. consumo=8.56358 umbral90=8.1 limite=9.0000 dispositivo=2
INFO - 2025-10-29 22:00:14 --> [PREALERTA] Última prealerta datetime=2025-10-29 21:12:38 ts=1761783158 vs hace24=1761699614
INFO - 2025-10-29 22:00:14 --> [PREALERTA] Omitida por anti-spam (enviada hace menos de 24h).
INFO - 2025-10-29 22:00:19 --> Session: Class initialized using 'CodeIgniter\Session\Handlers\FileHandler' driver.
INFO - 2025-10-29 22:00:20 --> Session: Class initialized using 'CodeIgniter\Session\Handlers\FileHandler' driver.
INFO - 2025-10-29 22:00:20 --> Límite obtenido (general): 9.0000 kWh, IP: 192.168.0.232
INFO - 2025-10-29 22:00:21 --> Session: Class initialized using 'CodeIgniter\Session\Handlers\FileHandler' driver.
INFO - 2025-10-29 22:00:21 --> [PREALERTA] Evaluando prealerta. consumo=8.565271 umbral90=8.1 limite=9.0000 dispositivo=2
INFO - 2025-10-29 22:00:21 --> [PREALERTA] Última prealerta datetime=2025-10-29 21:12:38 ts=1761783158 vs hace24=1761699621
INFO - 2025-10-29 22:00:21 --> [PREALERTA] Omitida por anti-spam (enviada hace menos de 24h).
INFO - 2025-10-29 22:00:24 --> Session: Class initialized using 'CodeIgniter\Session\Handlers\FileHandler' driver.
INFO - 2025-10-29 22:00:27 --> Session: Class initialized using 'CodeIgniter\Session\Handlers\FileHandler' driver.
INFO - 2025-10-29 22:00:27 --> Límite obtenido (general): 9.0000 kWh, IP: 192.168.0.232
INFO - 2025-10-29 22:00:28 --> Session: Class initialized using 'CodeIgniter\Session\Handlers\FileHandler' driver.
INFO - 2025-10-29 22:00:28 --> [PREALERTA] Evaluando prealerta. consumo=8.56697 umbral90=8.1 limite=9.0000 dispositivo=2
INFO - 2025-10-29 22:00:28 --> [PREALERTA] Última prealerta datetime=2025-10-29 21:12:38 ts=1761783158 vs hace24=1761699628
INFO - 2025-10-29 22:00:28 --> [PREALERTA] Omitida por anti-spam (enviada hace menos de 24h).
INFO - 2025-10-29 22:00:29 --> Session: Class initialized using 'CodeIgniter\Session\Handlers\FileHandler' driver.
INFO - 2025-10-29 22:00:34 --> Session: Class initialized using 'CodeIgniter\Session\Handlers\FileHandler' driver.
INFO - 2025-10-29 22:00:35 --> Session: Class initialized using 'CodeIgniter\Session\Handlers\FileHandler' driver.
INFO - 2025-10-29 22:00:35 --> Límite obtenido (general): 9.0000 kWh, IP: 192.168.0.232
INFO - 2025-10-29 22:00:37 --> Session: Class initialized using 'CodeIgniter\Session\Handlers\FileHandler' driver.
INFO - 2025-10-29 22:00:37 --> [PREALERTA] Evaluando prealerta. consumo=8.568669 umbral90=8.1 limite=9.0000 dispositivo=2
INFO - 2025-10-29 22:00:37 --> [PREALERTA] Última prealerta datetime=2025-10-29 21:12:38 ts=1761783158 vs hace24=1761699637
INFO - 2025-10-29 22:00:37 --> [PREALERTA] Omitida por anti-spam (enviada hace menos de 24h).
INFO - 2025-10-29 22:00:39 --> Session: Class initialized using 'CodeIgniter\Session\Handlers\FileHandler' driver.
INFO - 2025-10-29 22:00:43 --> Session: Class initialized using 'CodeIgniter\Session\Handlers\FileHandler' driver.
INFO - 2025-10-29 22:00:43 --> Límite obtenido (general): 9.0000 kWh, IP: 192.168.0.232
INFO - 2025-10-29 22:00:44 --> Session: Class initialized using 'CodeIgniter\Session\Handlers\FileHandler' driver.
INFO - 2025-10-29 22:00:44 --> Session: Class initialized using 'CodeIgniter\Session\Handlers\FileHandler' driver.
INFO - 2025-10-29 22:00:44 --> [PREALERTA] Evaluando prealerta. consumo=8.5704 umbral90=8.1 limite=9.0000 dispositivo=2
INFO - 2025-10-29 22:00:44 --> [PREALERTA] Última prealerta datetime=2025-10-29 21:12:38 ts=1761783158 vs hace24=1761699644
INFO - 2025-10-29 22:00:44 --> [PREALERTA] Omitida por anti-spam (enviada hace menos de 24h).
INFO - 2025-10-29 22:00:49 --> Session: Class initialized using 'CodeIgniter\Session\Handlers\FileHandler' driver.
INFO - 2025-10-29 22:00:50 --> Session: Class initialized using 'CodeIgniter\Session\Handlers\FileHandler' driver.
INFO - 2025-10-29 22:00:50 --> Límite obtenido (general): 9.0000 kWh, IP: 192.168.0.232
INFO - 2025-10-29 22:00:51 --> Session: Class initialized using 'CodeIgniter\Session\Handlers\FileHandler' driver.
INFO - 2025-10-29 22:00:51 --> [PREALERTA] Evaluando prealerta. consumo=8.572139 umbral90=8.1 limite=9.0000 dispositivo=2
INFO - 2025-10-29 22:00:51 --> [PREALERTA] Última prealerta datetime=2025-10-29 21:12:38 ts=1761783158 vs hace24=1761699651
INFO - 2025-10-29 22:00:51 --> [PREALERTA] Omitida por anti-spam (enviada hace menos de 24h).
INFO - 2025-10-29 22:00:54 --> Session: Class initialized using 'CodeIgniter\Session\Handlers\FileHandler' driver.
INFO - 2025-10-29 22:00:56 --> Session: Class initialized using 'CodeIgniter\Session\Handlers\FileHandler' driver.
INFO - 2025-10-29 22:00:57 --> Límite obtenido (general): 9.0000 kWh, IP: 192.168.0.232
INFO - 2025-10-29 22:00:58 --> Session: Class initialized using 'CodeIgniter\Session\Handlers\FileHandler' driver.
INFO - 2025-10-29 22:00:58 --> [PREALERTA] Evaluando prealerta. consumo=8.57387 umbral90=8.1 limite=9.0000 dispositivo=2
INFO - 2025-10-29 22:00:58 --> [PREALERTA] Última prealerta datetime=2025-10-29 21:12:38 ts=1761783158 vs hace24=1761699658
INFO - 2025-10-29 22:00:58 --> [PREALERTA] Omitida por anti-spam (enviada hace menos de 24h).
INFO - 2025-10-29 22:00:58 --> Session: Class initialized using 'CodeIgniter\Session\Handlers\FileHandler' driver.
INFO - 2025-10-29 22:00:59 --> Session: Class initialized using 'CodeIgniter\Session\Handlers\FileHandler' driver.
INFO - 2025-10-29 22:00:59 --> Session: Class initialized using 'CodeIgniter\Session\Handlers\FileHandler' driver.
INFO - 2025-10-29 22:00:59 --> Session: Class initialized using 'CodeIgniter\Session\Handlers\FileHandler' driver.
INFO - 2025-10-29 22:01:01 --> Session: Class initialized using 'CodeIgniter\Session\Handlers\FileHandler' driver.
INFO - 2025-10-29 22:01:01 --> Session: Class initialized using 'CodeIgniter\Session\Handlers\FileHandler' driver.
INFO - 2025-10-29 22:01:03 --> Session: Class initialized using 'CodeIgniter\Session\Handlers\FileHandler' driver.
INFO - 2025-10-29 22:01:05 --> Session: Class initialized using 'CodeIgniter\Session\Handlers\FileHandler' driver.
INFO - 2025-10-29 22:01:05 --> Límite obtenido (general): 9.0000 kWh, IP: 192.168.0.232
INFO - 2025-10-29 22:01:06 --> Session: Class initialized using 'CodeIgniter\Session\Handlers\FileHandler' driver.
INFO - 2025-10-29 22:01:06 --> [PREALERTA] Evaluando prealerta. consumo=8.57555 umbral90=8.1 limite=9.0000 dispositivo=2
INFO - 2025-10-29 22:01:06 --> [PREALERTA] Última prealerta datetime=2025-10-29 21:12:38 ts=1761783158 vs hace24=1761699666
INFO - 2025-10-29 22:01:06 --> [PREALERTA] Omitida por anti-spam (enviada hace menos de 24h).
DEBUG - 2025-10-29 22:01:07 --> Ruta actual: /Tesina/public/energia/dispositivo/2
INFO - 2025-10-29 22:01:07 --> Session: Class initialized using 'CodeIgniter\Session\Handlers\FileHandler' driver.
DEBUG - 2025-10-29 22:01:07 --> Datos en sesión: Array
(
    [__ci_last_regenerate] => 1761786067
)

INFO - 2025-10-29 22:01:07 --> Session: Class initialized using 'CodeIgniter\Session\Handlers\FileHandler' driver.
DEBUG - 2025-10-29 22:01:08 --> Ruta actual: /Tesina/public/admin
INFO - 2025-10-29 22:01:08 --> Session: Class initialized using 'CodeIgniter\Session\Handlers\FileHandler' driver.
DEBUG - 2025-10-29 22:01:08 --> Datos en sesión: Array
(
    [__ci_last_regenerate] => 1761785913
    [_ci_previous_url] => http://192.168.0.138/Tesina/public/energia/cortes
    [id_usuario] => 1
    [nombre] => brunito
    [apellido] => barber
    [email] => brunocameille@alumnos.itr3.edu.ar
    [rol] => admin
    [logged_in] => 1
)

DEBUG - 2025-10-29 22:01:09 --> Ruta actual: /Tesina/public/admin/dispositivos
INFO - 2025-10-29 22:01:09 --> Session: Class initialized using 'CodeIgniter\Session\Handlers\FileHandler' driver.
DEBUG - 2025-10-29 22:01:09 --> Datos en sesión: Array
(
    [__ci_last_regenerate] => 1761785913
    [_ci_previous_url] => http://192.168.0.138/Tesina/public/admin
    [id_usuario] => 1
    [nombre] => brunito
    [apellido] => barber
    [email] => brunocameille@alumnos.itr3.edu.ar
    [rol] => admin
    [logged_in] => 1
)

DEBUG - 2025-10-29 22:01:09 --> Buscando usuario ID: 1
DEBUG - 2025-10-29 22:01:09 --> Resultado de la búsqueda: Array
(
    [id_usuario] => 1
    [nombre] => brunito
    [apellido] => barber
    [email] => brunocameille@alumnos.itr3.edu.ar
    [contrasena] => $2y$10$DfVf5j75GUow.8KQIROrQ.HgppT0Rq0gHjnl3td.ZZBDLZAYggz.u
    [direccion_id] => 0
    [id_rol] => 1
    [created_at] => 2025-04-07 13:37:30
    [updated_at] => 2025-10-13 19:57:07
    [invitado_por] => 
    [estado] => activo
    [token_activacion] => 
)

DEBUG - 2025-10-29 22:01:11 --> Ruta actual: /Tesina/public/energia/dispositivo/2
INFO - 2025-10-29 22:01:11 --> Session: Class initialized using 'CodeIgniter\Session\Handlers\FileHandler' driver.
DEBUG - 2025-10-29 22:01:11 --> Datos en sesión: Array
(
    [__ci_last_regenerate] => 1761785913
    [_ci_previous_url] => http://192.168.0.138/Tesina/public/admin/dispositivos
    [id_usuario] => 1
    [nombre] => brunito
    [apellido] => barber
    [email] => brunocameille@alumnos.itr3.edu.ar
    [rol] => admin
    [logged_in] => 1
)

INFO - 2025-10-29 22:01:12 --> Session: Class initialized using 'CodeIgniter\Session\Handlers\FileHandler' driver.
INFO - 2025-10-29 22:01:12 --> Session: Class initialized using 'CodeIgniter\Session\Handlers\FileHandler' driver.
INFO - 2025-10-29 22:01:12 --> Session: Class initialized using 'CodeIgniter\Session\Handlers\FileHandler' driver.
INFO - 2025-10-29 22:01:12 --> Límite obtenido (general): 9.0000 kWh, IP: 192.168.0.232
INFO - 2025-10-29 22:01:13 --> Session: Class initialized using 'CodeIgniter\Session\Handlers\FileHandler' driver.
INFO - 2025-10-29 22:01:13 --> Session: Class initialized using 'CodeIgniter\Session\Handlers\FileHandler' driver.
INFO - 2025-10-29 22:01:13 --> [PREALERTA] Evaluando prealerta. consumo=8.577292 umbral90=8.1 limite=9.0000 dispositivo=2
INFO - 2025-10-29 22:01:13 --> [PREALERTA] Última prealerta datetime=2025-10-29 21:12:38 ts=1761783158 vs hace24=1761699673
INFO - 2025-10-29 22:01:13 --> [PREALERTA] Omitida por anti-spam (enviada hace menos de 24h).
INFO - 2025-10-29 22:01:17 --> Session: Class initialized using 'CodeIgniter\Session\Handlers\FileHandler' driver.
DEBUG - 2025-10-29 22:01:17 --> Ruta actual: /Tesina/public/energia/actualizarLimite
INFO - 2025-10-29 22:01:17 --> Session: Class initialized using 'CodeIgniter\Session\Handlers\FileHandler' driver.
DEBUG - 2025-10-29 22:01:17 --> Datos en sesión: Array
(
    [__ci_last_regenerate] => 1761785913
    [_ci_previous_url] => http://192.168.0.138/Tesina/public/energia/dispositivo/2
    [id_usuario] => 1
    [nombre] => brunito
    [apellido] => barber
    [email] => brunocameille@alumnos.itr3.edu.ar
    [rol] => admin
    [logged_in] => 1
)

INFO - 2025-10-29 22:01:19 --> Session: Class initialized using 'CodeIgniter\Session\Handlers\FileHandler' driver.
INFO - 2025-10-29 22:01:19 --> Límite obtenido (general): 366.0000 kWh, IP: 192.168.0.232
INFO - 2025-10-29 22:01:20 --> Session: Class initialized using 'CodeIgniter\Session\Handlers\FileHandler' driver.
INFO - 2025-10-29 22:01:20 --> [PREALERTA] No aplica: consumo por debajo del 90% o ya en límite/superado. consumo=8.579005 umbral90=329.4 limite=366.0000
INFO - 2025-10-29 22:01:24 --> Session: Class initialized using 'CodeIgniter\Session\Handlers\FileHandler' driver.
INFO - 2025-10-29 22:01:26 --> Session: Class initialized using 'CodeIgniter\Session\Handlers\FileHandler' driver.
INFO - 2025-10-29 22:01:26 --> Límite obtenido (general): 366.0000 kWh, IP: 192.168.0.232
INFO - 2025-10-29 22:01:27 --> Session: Class initialized using 'CodeIgniter\Session\Handlers\FileHandler' driver.
INFO - 2025-10-29 22:01:27 --> Session: Class initialized using 'CodeIgniter\Session\Handlers\FileHandler' driver.
INFO - 2025-10-29 22:01:27 --> [PREALERTA] No aplica: consumo por debajo del 90% o ya en límite/superado. consumo=8.580741 umbral90=329.4 limite=366.0000
INFO - 2025-10-29 22:01:31 --> Session: Class initialized using 'CodeIgniter\Session\Handlers\FileHandler' driver.
INFO - 2025-10-29 22:01:33 --> Session: Class initialized using 'CodeIgniter\Session\Handlers\FileHandler' driver.
INFO - 2025-10-29 22:01:33 --> Límite obtenido (general): 366.0000 kWh, IP: 192.168.0.232
INFO - 2025-10-29 22:01:35 --> Session: Class initialized using 'CodeIgniter\Session\Handlers\FileHandler' driver.
INFO - 2025-10-29 22:01:35 --> [PREALERTA] No aplica: consumo por debajo del 90% o ya en límite/superado. consumo=8.582505 umbral90=329.4 limite=366.0000
INFO - 2025-10-29 22:01:36 --> Session: Class initialized using 'CodeIgniter\Session\Handlers\FileHandler' driver.
INFO - 2025-10-29 22:01:41 --> Session: Class initialized using 'CodeIgniter\Session\Handlers\FileHandler' driver.
INFO - 2025-10-29 22:01:41 --> Límite obtenido (general): 366.0000 kWh, IP: 192.168.0.232
INFO - 2025-10-29 22:01:41 --> Session: Class initialized using 'CodeIgniter\Session\Handlers\FileHandler' driver.
INFO - 2025-10-29 22:01:42 --> Session: Class initialized using 'CodeIgniter\Session\Handlers\FileHandler' driver.
INFO - 2025-10-29 22:01:42 --> [PREALERTA] No aplica: consumo por debajo del 90% o ya en límite/superado. consumo=8.584228 umbral90=329.4 limite=366.0000
INFO - 2025-10-29 22:01:47 --> Session: Class initialized using 'CodeIgniter\Session\Handlers\FileHandler' driver.
INFO - 2025-10-29 22:01:48 --> Session: Class initialized using 'CodeIgniter\Session\Handlers\FileHandler' driver.
INFO - 2025-10-29 22:01:48 --> Límite obtenido (general): 366.0000 kWh, IP: 192.168.0.232
INFO - 2025-10-29 22:01:49 --> Session: Class initialized using 'CodeIgniter\Session\Handlers\FileHandler' driver.
INFO - 2025-10-29 22:01:49 --> [PREALERTA] No aplica: consumo por debajo del 90% o ya en límite/superado. consumo=8.585949 umbral90=329.4 limite=366.0000
DEBUG - 2025-10-29 22:01:51 --> Ruta actual: /Tesina/public/usuario/perfil
INFO - 2025-10-29 22:01:51 --> Session: Class initialized using 'CodeIgniter\Session\Handlers\FileHandler' driver.
DEBUG - 2025-10-29 22:01:51 --> Datos en sesión: Array
(
    [__ci_last_regenerate] => 1761785913
    [_ci_previous_url] => http://192.168.0.138/Tesina/public/energia/dispositivo/2
    [id_usuario] => 1
    [nombre] => brunito
    [apellido] => barber
    [email] => brunocameille@alumnos.itr3.edu.ar
    [rol] => admin
    [logged_in] => 1
)

DEBUG - 2025-10-29 22:01:51 --> Buscando usuario ID: 1
DEBUG - 2025-10-29 22:01:51 --> Resultado de la búsqueda: Array
(
    [id_usuario] => 1
    [nombre] => brunito
    [apellido] => barber
    [email] => brunocameille@alumnos.itr3.edu.ar
    [contrasena] => $2y$10$DfVf5j75GUow.8KQIROrQ.HgppT0Rq0gHjnl3td.ZZBDLZAYggz.u
    [direccion_id] => 0
    [id_rol] => 1
    [created_at] => 2025-04-07 13:37:30
    [updated_at] => 2025-10-13 19:57:07
    [invitado_por] => 
    [estado] => activo
    [token_activacion] => 
)

DEBUG - 2025-10-29 22:01:53 --> Ruta actual: /Tesina/public/admin
INFO - 2025-10-29 22:01:53 --> Session: Class initialized using 'CodeIgniter\Session\Handlers\FileHandler' driver.
DEBUG - 2025-10-29 22:01:53 --> Datos en sesión: Array
(
    [__ci_last_regenerate] => 1761785913
    [_ci_previous_url] => http://192.168.0.138/Tesina/public/usuario/perfil
    [id_usuario] => 1
    [nombre] => brunito
    [apellido] => barber
    [email] => brunocameille@alumnos.itr3.edu.ar
    [rol] => admin
    [logged_in] => 1
)

INFO - 2025-10-29 22:01:55 --> Session: Class initialized using 'CodeIgniter\Session\Handlers\FileHandler' driver.
INFO - 2025-10-29 22:01:55 --> Límite obtenido (general): 366.0000 kWh, IP: 192.168.0.232
INFO - 2025-10-29 22:01:56 --> Session: Class initialized using 'CodeIgniter\Session\Handlers\FileHandler' driver.
INFO - 2025-10-29 22:01:56 --> [PREALERTA] No aplica: consumo por debajo del 90% o ya en límite/superado. consumo=8.587667 umbral90=329.4 limite=366.0000
DEBUG - 2025-10-29 22:01:58 --> Ruta actual: /Tesina/public/admin/dispositivos
INFO - 2025-10-29 22:01:58 --> Session: Class initialized using 'CodeIgniter\Session\Handlers\FileHandler' driver.
DEBUG - 2025-10-29 22:01:58 --> Datos en sesión: Array
(
    [__ci_last_regenerate] => 1761785913
    [_ci_previous_url] => http://192.168.0.138/Tesina/public/admin
    [id_usuario] => 1
    [nombre] => brunito
    [apellido] => barber
    [email] => brunocameille@alumnos.itr3.edu.ar
    [rol] => admin
    [logged_in] => 1
)

DEBUG - 2025-10-29 22:01:58 --> Buscando usuario ID: 1
DEBUG - 2025-10-29 22:01:58 --> Resultado de la búsqueda: Array
(
    [id_usuario] => 1
    [nombre] => brunito
    [apellido] => barber
    [email] => brunocameille@alumnos.itr3.edu.ar
    [contrasena] => $2y$10$DfVf5j75GUow.8KQIROrQ.HgppT0Rq0gHjnl3td.ZZBDLZAYggz.u
    [direccion_id] => 0
    [id_rol] => 1
    [created_at] => 2025-04-07 13:37:30
    [updated_at] => 2025-10-13 19:57:07
    [invitado_por] => 
    [estado] => activo
    [token_activacion] => 
)

INFO - 2025-10-29 22:02:01 --> Session: Class initialized using 'CodeIgniter\Session\Handlers\FileHandler' driver.
INFO - 2025-10-29 22:02:02 --> Límite obtenido (general): 366.0000 kWh, IP: 192.168.0.232
DEBUG - 2025-10-29 22:02:02 --> Ruta actual: /Tesina/public/usuario/perfil
INFO - 2025-10-29 22:02:02 --> Session: Class initialized using 'CodeIgniter\Session\Handlers\FileHandler' driver.
DEBUG - 2025-10-29 22:02:02 --> Datos en sesión: Array
(
    [__ci_last_regenerate] => 1761785913
    [_ci_previous_url] => http://192.168.0.138/Tesina/public/admin/dispositivos
    [id_usuario] => 1
    [nombre] => brunito
    [apellido] => barber
    [email] => brunocameille@alumnos.itr3.edu.ar
    [rol] => admin
    [logged_in] => 1
)

DEBUG - 2025-10-29 22:02:02 --> Buscando usuario ID: 1
DEBUG - 2025-10-29 22:02:02 --> Resultado de la búsqueda: Array
(
    [id_usuario] => 1
    [nombre] => brunito
    [apellido] => barber
    [email] => brunocameille@alumnos.itr3.edu.ar
    [contrasena] => $2y$10$DfVf5j75GUow.8KQIROrQ.HgppT0Rq0gHjnl3td.ZZBDLZAYggz.u
    [direccion_id] => 0
    [id_rol] => 1
    [created_at] => 2025-04-07 13:37:30
    [updated_at] => 2025-10-13 19:57:07
    [invitado_por] => 
    [estado] => activo
    [token_activacion] => 
)

INFO - 2025-10-29 22:02:03 --> Session: Class initialized using 'CodeIgniter\Session\Handlers\FileHandler' driver.
INFO - 2025-10-29 22:02:03 --> [PREALERTA] No aplica: consumo por debajo del 90% o ya en límite/superado. consumo=8.589372 umbral90=329.4 limite=366.0000
INFO - 2025-10-29 22:02:05 --> Session: Class initialized using 'CodeIgniter\Session\Handlers\FileHandler' driver.
INFO - 2025-10-29 22:02:05 --> Session: Class initialized using 'CodeIgniter\Session\Handlers\FileHandler' driver.
INFO - 2025-10-29 22:02:09 --> Session: Class initialized using 'CodeIgniter\Session\Handlers\FileHandler' driver.
INFO - 2025-10-29 22:02:09 --> Límite obtenido (general): 366.0000 kWh, IP: 192.168.0.232
INFO - 2025-10-29 22:02:10 --> Session: Class initialized using 'CodeIgniter\Session\Handlers\FileHandler' driver.
INFO - 2025-10-29 22:02:10 --> [PREALERTA] No aplica: consumo por debajo del 90% o ya en límite/superado. consumo=8.591072 umbral90=329.4 limite=366.0000
INFO - 2025-10-29 22:02:13 --> Session: Class initialized using 'CodeIgniter\Session\Handlers\FileHandler' driver.
DEBUG - 2025-10-29 22:02:13 --> Intento de inicio de sesión para email: lucrecia@gmail.com
DEBUG - 2025-10-29 22:02:13 --> Longitud de la contraseña ingresada: 12
DEBUG - 2025-10-29 22:02:13 --> Usuario encontrado: {"id":"98","email":"lucrecia@gmail.com","estado":"activo","rol":"1"}
DEBUG - 2025-10-29 22:02:13 --> Resultado de verificación de contraseña: false
DEBUG - 2025-10-29 22:02:13 --> Hash almacenado en la base de datos: $2y$10$JwOvy9gHqauj7N/oI5ATiuuP7GvTv2Mdj.yB20JngpwPcoOIuxG4q
DEBUG - 2025-10-29 22:02:13 --> Contraseña incorrecta para usuario: lucrecia@gmail.com
INFO - 2025-10-29 22:02:13 --> Session: Class initialized using 'CodeIgniter\Session\Handlers\FileHandler' driver.
INFO - 2025-10-29 22:02:16 --> Session: Class initialized using 'CodeIgniter\Session\Handlers\FileHandler' driver.
INFO - 2025-10-29 22:02:16 --> Límite obtenido (general): 366.0000 kWh, IP: 192.168.0.232
INFO - 2025-10-29 22:02:17 --> Session: Class initialized using 'CodeIgniter\Session\Handlers\FileHandler' driver.
INFO - 2025-10-29 22:02:17 --> [PREALERTA] No aplica: consumo por debajo del 90% o ya en límite/superado. consumo=8.592805 umbral90=329.4 limite=366.0000
INFO - 2025-10-29 22:02:23 --> Session: Class initialized using 'CodeIgniter\Session\Handlers\FileHandler' driver.
INFO - 2025-10-29 22:02:23 --> Límite obtenido (general): 366.0000 kWh, IP: 192.168.0.232
INFO - 2025-10-29 22:02:24 --> Session: Class initialized using 'CodeIgniter\Session\Handlers\FileHandler' driver.
INFO - 2025-10-29 22:02:24 --> [PREALERTA] No aplica: consumo por debajo del 90% o ya en límite/superado. consumo=8.594477 umbral90=329.4 limite=366.0000
INFO - 2025-10-29 22:02:26 --> Session: Class initialized using 'CodeIgniter\Session\Handlers\FileHandler' driver.
DEBUG - 2025-10-29 22:02:26 --> Intento de inicio de sesión para email: lauri@gmail.com
DEBUG - 2025-10-29 22:02:26 --> Longitud de la contraseña ingresada: 11
DEBUG - 2025-10-29 22:02:26 --> Usuario encontrado: {"id":"96","email":"lauri@gmail.com","estado":"activo","rol":"1"}
DEBUG - 2025-10-29 22:02:26 --> Resultado de verificación de contraseña: true
DEBUG - 2025-10-29 22:02:26 --> Hash almacenado en la base de datos: $2y$10$HKtZMLchCobjhnUG1.yuxe1qwYYf5XR7y/vbbfsUerDhW5.f4Efe6
DEBUG - 2025-10-29 22:02:26 --> Inicio de sesión exitoso para usuario: lauri@gmail.com
DEBUG - 2025-10-29 22:02:26 --> Datos de sesión guardados: {"id_usuario":"96","nombre":"laurita","apellido":"brondino","email":"lauri@gmail.com","rol":"admin","logged_in":true}
DEBUG - 2025-10-29 22:02:27 --> Ruta actual: /Tesina/public/admin
INFO - 2025-10-29 22:02:27 --> Session: Class initialized using 'CodeIgniter\Session\Handlers\FileHandler' driver.
DEBUG - 2025-10-29 22:02:27 --> Datos en sesión: Array
(
    [__ci_last_regenerate] => 1761786125
    [_ci_previous_url] => http://192.168.0.138/Tesina/public/autenticacion/login
    [id_usuario] => 96
    [nombre] => laurita
    [apellido] => brondino
    [email] => lauri@gmail.com
    [rol] => admin
    [logged_in] => 1
)

DEBUG - 2025-10-29 22:02:29 --> Ruta actual: /Tesina/public/admin/dispositivos
INFO - 2025-10-29 22:02:29 --> Session: Class initialized using 'CodeIgniter\Session\Handlers\FileHandler' driver.
DEBUG - 2025-10-29 22:02:29 --> Datos en sesión: Array
(
    [__ci_last_regenerate] => 1761786125
    [_ci_previous_url] => http://192.168.0.138/Tesina/public/admin
    [id_usuario] => 96
    [nombre] => laurita
    [apellido] => brondino
    [email] => lauri@gmail.com
    [rol] => admin
    [logged_in] => 1
)

DEBUG - 2025-10-29 22:02:29 --> Buscando usuario ID: 96
DEBUG - 2025-10-29 22:02:29 --> Resultado de la búsqueda: Array
(
    [id_usuario] => 96
    [nombre] => laurita
    [apellido] => brondino
    [email] => lauri@gmail.com
    [contrasena] => $2y$10$HKtZMLchCobjhnUG1.yuxe1qwYYf5XR7y/vbbfsUerDhW5.f4Efe6
    [direccion_id] => 0
    [id_rol] => 1
    [created_at] => 2025-10-28 22:40:22
    [updated_at] => 2025-10-28 23:11:23
    [invitado_por] => 
    [estado] => activo
    [token_activacion] => 
)

INFO - 2025-10-29 22:02:30 --> Session: Class initialized using 'CodeIgniter\Session\Handlers\FileHandler' driver.
INFO - 2025-10-29 22:02:30 --> Límite obtenido (general): 366.0000 kWh, IP: 192.168.0.232
DEBUG - 2025-10-29 22:02:31 --> Ruta actual: /Tesina/public/admin
INFO - 2025-10-29 22:02:31 --> Session: Class initialized using 'CodeIgniter\Session\Handlers\FileHandler' driver.
DEBUG - 2025-10-29 22:02:31 --> Datos en sesión: Array
(
    [__ci_last_regenerate] => 1761786125
    [_ci_previous_url] => http://192.168.0.138/Tesina/public/admin/dispositivos
    [id_usuario] => 96
    [nombre] => laurita
    [apellido] => brondino
    [email] => lauri@gmail.com
    [rol] => admin
    [logged_in] => 1
)

INFO - 2025-10-29 22:02:31 --> Session: Class initialized using 'CodeIgniter\Session\Handlers\FileHandler' driver.
INFO - 2025-10-29 22:02:31 --> [PREALERTA] No aplica: consumo por debajo del 90% o ya en límite/superado. consumo=8.596208 umbral90=329.4 limite=366.0000
INFO - 2025-10-29 22:02:37 --> Session: Class initialized using 'CodeIgniter\Session\Handlers\FileHandler' driver.
INFO - 2025-10-29 22:02:37 --> Límite obtenido (general): 366.0000 kWh, IP: 192.168.0.232
INFO - 2025-10-29 22:02:38 --> Session: Class initialized using 'CodeIgniter\Session\Handlers\FileHandler' driver.
INFO - 2025-10-29 22:02:38 --> [PREALERTA] No aplica: consumo por debajo del 90% o ya en límite/superado. consumo=8.597963 umbral90=329.4 limite=366.0000
INFO - 2025-10-29 22:02:44 --> Session: Class initialized using 'CodeIgniter\Session\Handlers\FileHandler' driver.
INFO - 2025-10-29 22:02:44 --> Límite obtenido (general): 366.0000 kWh, IP: 192.168.0.232
INFO - 2025-10-29 22:02:46 --> Session: Class initialized using 'CodeIgniter\Session\Handlers\FileHandler' driver.
INFO - 2025-10-29 22:02:46 --> [PREALERTA] No aplica: consumo por debajo del 90% o ya en límite/superado. consumo=8.59965 umbral90=329.4 limite=366.0000
INFO - 2025-10-29 22:02:52 --> Session: Class initialized using 'CodeIgniter\Session\Handlers\FileHandler' driver.
INFO - 2025-10-29 22:02:52 --> Límite obtenido (general): 366.0000 kWh, IP: 192.168.0.232
INFO - 2025-10-29 22:02:53 --> Session: Class initialized using 'CodeIgniter\Session\Handlers\FileHandler' driver.
INFO - 2025-10-29 22:02:53 --> [PREALERTA] No aplica: consumo por debajo del 90% o ya en límite/superado. consumo=8.601348 umbral90=329.4 limite=366.0000
INFO - 2025-10-29 22:02:59 --> Session: Class initialized using 'CodeIgniter\Session\Handlers\FileHandler' driver.
INFO - 2025-10-29 22:02:59 --> Límite obtenido (general): 366.0000 kWh, IP: 192.168.0.232
INFO - 2025-10-29 22:03:00 --> Session: Class initialized using 'CodeIgniter\Session\Handlers\FileHandler' driver.
INFO - 2025-10-29 22:03:00 --> [PREALERTA] No aplica: consumo por debajo del 90% o ya en límite/superado. consumo=8.603069 umbral90=329.4 limite=366.0000
INFO - 2025-10-29 22:03:06 --> Session: Class initialized using 'CodeIgniter\Session\Handlers\FileHandler' driver.
INFO - 2025-10-29 22:03:06 --> Límite obtenido (general): 366.0000 kWh, IP: 192.168.0.232
INFO - 2025-10-29 22:03:07 --> Session: Class initialized using 'CodeIgniter\Session\Handlers\FileHandler' driver.
INFO - 2025-10-29 22:03:07 --> [PREALERTA] No aplica: consumo por debajo del 90% o ya en límite/superado. consumo=8.604795 umbral90=329.4 limite=366.0000
INFO - 2025-10-29 22:03:13 --> Session: Class initialized using 'CodeIgniter\Session\Handlers\FileHandler' driver.
INFO - 2025-10-29 22:03:13 --> Límite obtenido (general): 366.0000 kWh, IP: 192.168.0.232
INFO - 2025-10-29 22:03:14 --> Session: Class initialized using 'CodeIgniter\Session\Handlers\FileHandler' driver.
INFO - 2025-10-29 22:03:14 --> [PREALERTA] No aplica: consumo por debajo del 90% o ya en límite/superado. consumo=8.606526 umbral90=329.4 limite=366.0000
INFO - 2025-10-29 22:03:21 --> Session: Class initialized using 'CodeIgniter\Session\Handlers\FileHandler' driver.
INFO - 2025-10-29 22:03:21 --> Límite obtenido (general): 366.0000 kWh, IP: 192.168.0.232
INFO - 2025-10-29 22:03:22 --> Session: Class initialized using 'CodeIgniter\Session\Handlers\FileHandler' driver.
INFO - 2025-10-29 22:03:23 --> Session: Class initialized using 'CodeIgniter\Session\Handlers\FileHandler' driver.
INFO - 2025-10-29 22:03:24 --> Session: Class initialized using 'CodeIgniter\Session\Handlers\FileHandler' driver.
INFO - 2025-10-29 22:03:24 --> [PREALERTA] No aplica: consumo por debajo del 90% o ya en límite/superado. consumo=8.608248 umbral90=329.4 limite=366.0000
INFO - 2025-10-29 22:03:24 --> Session: Class initialized using 'CodeIgniter\Session\Handlers\FileHandler' driver.
INFO - 2025-10-29 22:03:30 --> Session: Class initialized using 'CodeIgniter\Session\Handlers\FileHandler' driver.
INFO - 2025-10-29 22:03:30 --> Límite obtenido (general): 366.0000 kWh, IP: 192.168.0.232
INFO - 2025-10-29 22:03:31 --> Session: Class initialized using 'CodeIgniter\Session\Handlers\FileHandler' driver.
INFO - 2025-10-29 22:03:31 --> [PREALERTA] No aplica: consumo por debajo del 90% o ya en límite/superado. consumo=8.609962 umbral90=329.4 limite=366.0000
INFO - 2025-10-29 22:03:38 --> Session: Class initialized using 'CodeIgniter\Session\Handlers\FileHandler' driver.
INFO - 2025-10-29 22:03:38 --> Límite obtenido (general): 366.0000 kWh, IP: 192.168.0.232
INFO - 2025-10-29 22:03:39 --> Session: Class initialized using 'CodeIgniter\Session\Handlers\FileHandler' driver.
INFO - 2025-10-29 22:03:39 --> [PREALERTA] No aplica: consumo por debajo del 90% o ya en límite/superado. consumo=8.611676 umbral90=329.4 limite=366.0000
